RaceAnchor,Venue,Date,MeetingTime,Race No,Time,Placing,Horse,Race Name,Distance,Prizemoney,Barrier,Trainer,Driver,Margin,SP,Spend,P&L,State,SP_old,StewardsComments,Comments,LeadTime,1st Quarter,2nd Quarter,3rd Quarter,4th Quarter,Photo Link,Video Link,RaceAnchorFull,RunnerAnchor,Gait,Start,BellPosition,Half Distance,Width,Half Time,Ind Half,HorseDelta,LiveCapturedAtUTC,MarginClean,Race Last Half
SP290926,Shepparton,29/09/2026,Night,3,6:25pm,8,Tobys Shout,Willowood Farm Pace,2190,6000,Fr1,Craig Turnbull,Abbey Turnbull,21.967,8.5,11.76,-11.76,VIC,8.5,"gate speed, led, leader at bell, Gave ground over concluding stages, Gave ground over concluding stages",GS L 1 GG,42.3,29.9,30.8,27.9,29.4,,,SP290926_R3,SP290926_R3|TOBYS SHOUT,PACERS,Mobile,LEAD,0.0,PEGS,,58.91780939883012,1.6178093988301256,2026-09-29T08:45:20.906501+00:00,21.967,57.3
SP290926,Shepparton,29/09/2026,Night,3,6:25pm,5,Lorimermajor,Willowood Farm Pace,2190,6000,Fr2,Terry French,Tayla French,17.689,41,2.44,-2.44,VIC,41,"vet exam lifetime starts, behind leader at bell, inconvenienced, held up early, used sprint lane",VXLS 3 INC HUE USL,42.3,29.9,30.8,27.9,29.4,,,SP290926_R3,SP290926_R3|LORIMERMAJOR,PACERS,Mobile,B/LEAD,4.0,PEGS,,58.29754384715462,0.9975438471546241,2026-09-29T08:45:20.906501+00:00,17.689,57.3
SP290926,Shepparton,29/09/2026,Night,3,6:25pm,7,Our Mystery Bet,Willowood Farm Pace,2190,6000,Fr3,Juanita Breen,Juanita Breen,21.229,17,5.88,-5.88,VIC,17,"gate speed, outside leader throughout, outside leader at bell, inconvenienced, inconvenienced",GS OLT 2 INC,42.3,29.9,30.8,27.9,29.4,,,SP290926_R3,SP290926_R3|OUR MYSTERY BET,PACERS,Mobile,DEATH,2.0,DEATH,,58.71119700911023,1.4111970091102322,2026-09-29T08:45:20.906501+00:00,21.229,57.3
SP290926,Shepparton,29/09/2026,Night,3,6:25pm,4,She Haunts Em,Willowood Farm Pace,2190,6000,Fr4,Mark Lee,Stacey Towers,16.938,19,5.26,-5.26,VIC,19,"1 out 1 back at bell, checked",4 C,42.3,29.9,30.8,27.9,29.4,,,SP290926_R3,SP290926_R3|SHE HAUNTS EM,PACERS,Mobile,1X1,6.0,R/LINE,,58.094294237968626,0.7942942379686286,2026-09-29T08:45:20.906501+00:00,16.938,57.3
SP290926,Shepparton,29/09/2026,Night,3,6:25pm,6,Uncle Trev,Willowood Farm Pace,2190,6000,Fr5,Wayne Potter,Tasmyn Potter,20.425,3.8,26.32,-26.32,VIC,3.8,"restrained after start, Contacted own sulky with hindlegs, pulled hard, 4 back on the pegs at bell",RAS COS PH 7,42.3,29.9,30.8,27.9,29.4,,,SP290926_R3,SP290926_R3|UNCLE TREV,PACERS,Mobile,4PEGS,12.0,PEGS,,57.909863247323365,0.6098632473233678,2026-09-29T08:45:20.906501+00:00,20.425,57.3
SP290926,Shepparton,29/09/2026,Night,3,6:25pm,1,My Mate Ace,Willowood Farm Pace,2190,6000,Fr6,Rebecca Bartley,Liam Older,,5.5,18.18,81.82,VIC,5.5,"broke in score up, out of position at start, out of draw mobile starts, restrained after start, 1 out 5 back at bell, 3 wide late with trail, inconvenienced, swabbed",BSU OPS ODM RAS 12 3WLT INC SWAB,42.3,29.9,30.8,27.9,29.4,,,SP290926_R3,SP290926_R3|MY MATE ACE,PACERS,Mobile,1X5,22.0,R/LINE,,55.76642335766423,-1.5335766423357668,2026-09-29T08:45:20.906501+00:00,0.0,57.3
SP290926,Shepparton,29/09/2026,Night,3,6:25pm,2,Krissy,Willowood Farm Pace,2190,6000,Sr1,Mick Carbone,Jack Laugher,0.362,6.5,15.38,-15.38,VIC,6.5,"1 out 3 back at bell, 3 wide latter, 3 wide latter",8 3WL,42.3,29.9,30.8,27.9,29.4,,,SP290926_R3,SP290926_R3|KRISSY,PACERS,Mobile,1X3,14.0,R/LINE,,56.33955149587408,-0.9604485041259139,2026-09-29T08:45:20.906501+00:00,0.362,57.3
SP290926,Shepparton,29/09/2026,Night,3,6:25pm,9,Madam Reactor,Willowood Farm Pace,2190,6000,Sr2,Frank Barac,Josh Duggan,22.973,31,3.23,-3.23,VIC,31,"3 back on pegs at bell, held up early, used sprint lane, used sprint lane",5 HUE USL,42.3,29.9,30.8,27.9,29.4,,,SP290926_R3,SP290926_R3|MADAM REACTOR,PACERS,Mobile,3PEGS,8.0,PEGS,,58.39289604051835,1.0928960405183545,2026-09-29T08:45:20.906501+00:00,22.973,57.3
SP290926,Shepparton,29/09/2026,Night,3,6:25pm,10,Over The Line,Willowood Farm Pace,2190,6000,Sr3,Jeff Cakebread,Ewa Justice,23.12,12,8.33,-8.33,VIC,12,"1 out 2 back at bell, checked, held up early, held up early",6 C HUE,42.3,29.9,30.8,27.9,29.4,,,SP290926_R3,SP290926_R3|OVER THE LINE,PACERS,Mobile,1X2,10.0,R/LINE,,58.25538836925579,0.9553883692557932,2026-09-29T08:45:20.906501+00:00,23.12,57.3
SP290926,Shepparton,29/09/2026,Night,3,6:25pm,3,Aussie Jay Mac NZ,Willowood Farm Pace,2190,6000,Sr4,Adam Rudd,Leigh Sutton,6.679,3.4,29.41,-29.41,VIC,3.4,"pulled hard, 1 out 4 back at bell, 3 wide late with trail, broke, stood down 2 trials, stood down 14 days",PH 10 3WLT B SD2T SD14D,42.3,29.9,30.8,27.9,29.4,,,SP290926_R3,SP290926_R3|AUSSIE JAY MAC,PACERS,Mobile,1X4,18.0,R/LINE,,56.50044803474826,-0.7995519652517373,2026-09-29T08:45:20.906501+00:00,6.679,57.3
SP290926,Shepparton,29/09/2026,Night,4,7:00pm,7,Bet Bet Hotshot,Vhrc Trot,2190,5000,Fr1,Donald Cross,Abby Sanderson,12.901,34,2.94,-2.94,VIC,34,"gate speed, led, surrendered lead early, pulled hard, behind leader at bell",GS L SLE PH 3,43.2,32.2,32.4,30.3,29.0,,,SP290926_R4,SP290926_R4|BET BET HOTSHOT,TROTTERS,Mobile,B/LEAD,4.0,PEGS,,59.967210172178184,0.6672101721781871,2026-09-29T09:15:20.089609+00:00,12.901,59.3
SP290926,Shepparton,29/09/2026,Night,4,7:00pm,10,Starlight Red,Vhrc Trot,2190,5000,Fr2,Brian Bourke,Laura Wilson,27.667,81,1.23,-1.23,VIC,81,"vet exam lifetime starts, gate speed, 1 out 1 back at bell",VXLS GS 4,43.2,32.2,32.4,30.3,29.0,,,SP290926_R4,SP290926_R4|STARLIGHT RED,TROTTERS,Mobile,1X1,6.0,R/LINE,,60.950775567783964,1.6507755677839668,2026-09-29T09:15:20.089609+00:00,27.667,59.3
SP290926,Shepparton,29/09/2026,Night,4,7:00pm,4,Moonshine Louie,Vhrc Trot,2190,5000,Fr3,Michael Mannix,Josh Duggan,7.376,61,1.64,-1.64,VIC,61,"3 wide middle, worked forward, outside leader at bell",3WM WF 2,43.2,32.2,32.4,30.3,29.0,,,SP290926_R4,SP290926_R4|MOONSHINE LOUIE,TROTTERS,Mobile,DEATH,2.0,DEATH,,59.70119201030928,0.40119201030928053,2026-09-29T09:15:20.089609+00:00,7.376,59.3
SP290926,Shepparton,29/09/2026,Night,4,7:00pm,9,Van Doren,Vhrc Trot,2190,5000,Fr4,Donna Castles,Donna Castles,13.961,19,5.26,-5.26,VIC,19,"restrained after start, 1 out 3 back at bell",RAS 8,43.2,32.2,32.4,30.3,29.0,,,SP290926_R4,SP290926_R4|VAN DOREN,TROTTERS,Mobile,1X3,14.0,R/LINE,,59.29710926592329,-0.0028907340767077017,2026-09-29T09:15:20.089609+00:00,13.961,59.3
SP290926,Shepparton,29/09/2026,Night,4,7:00pm,1,Aldebaran Denbay,Vhrc Trot,2190,5000,Fr5,Brooke McPherson,Nathan Jack,,1.5,66.67,33.33,VIC,1.5,"3 wide early, worked forward, led, leader at bell",3WE WF L 1,43.2,32.2,32.4,30.3,29.0,,,SP290926_R4,SP290926_R4|ALDEBARAN DENBAY,TROTTERS,Mobile,LEAD,0.0,PEGS,,59.3,0.0,2026-09-29T09:15:20.089609+00:00,0.0,59.3
SP290926,Shepparton,29/09/2026,Night,4,7:00pm,2,The Chook,Vhrc Trot,2190,5000,Fr6,Tayla Fellows,Liam Older,2.065,9,11.11,-11.11,VIC,9,"restrained after start, 1 out 4 back at bell",RAS 10,43.2,32.2,32.4,30.3,29.0,,,SP290926_R4,SP290926_R4|THE CHOOK,TROTTERS,Mobile,1X4,18.0,R/LINE,,58.141886302217706,-1.1581136977822908,2026-09-29T09:15:20.089609+00:00,2.065,59.3
SP290926,Shepparton,29/09/2026,Night,4,7:00pm,5,Jessicas Story,Vhrc Trot,2190,5000,Sr1,Donald Cross,Chris Alford,11.694,10,10.0,-10.0,VIC,10,"vet exam lifetime starts, 3 back on pegs at bell",VXLS 5,43.2,32.2,32.4,30.3,29.0,,,SP290926_R4,SP290926_R4|JESSICAS STORY,TROTTERS,Mobile,3PEGS,8.0,PEGS,,59.57508796869545,0.27508796869545193,2026-09-29T09:15:20.089609+00:00,11.694,59.3
SP290926,Shepparton,29/09/2026,Night,4,7:00pm,3,Cadence Lane,Vhrc Trot,2190,5000,Sr2,Nick Youngson,James Herbertson,6.384,8.5,11.76,-11.76,VIC,8.5,"1 out 2 back at bell, vets examination after race, vets examination after race",6 VXAR,43.2,32.2,32.4,30.3,29.0,,,SP290926_R4,SP290926_R4|CADENCE LANE,TROTTERS,Mobile,1X2,10.0,R/LINE,,59.033170071277816,-0.26682992872218136,2026-09-29T09:15:20.089609+00:00,6.384,59.3
SP290926,Shepparton,29/09/2026,Night,4,7:00pm,6,Always Skye High,Vhrc Trot,2190,5000,Sr3,Steve Owen,Steve Owen,12.351,101,0.99,-0.99,VIC,101,4 back on the pegs at bell,7,43.2,32.2,32.4,30.3,29.0,,,SP290926_R4,SP290926_R4|ALWAYS SKYE HIGH,TROTTERS,Mobile,4PEGS,12.0,PEGS,,59.32602929535334,0.02602929535333942,2026-09-29T09:15:20.089609+00:00,12.351,59.3
SP290926,Shepparton,29/09/2026,Night,4,7:00pm,8,Hold That Magic,Vhrc Trot,2190,5000,Sr4,Matthew Gath,Matthew Gath,13.585,7.5,13.33,-13.33,VIC,7.5,"hung out score-up, out of position at start, continue ODM, hung out, 5 back on the pegs at bell",HOSU OPS CODM HO 9,43.2,32.2,32.4,30.3,29.0,,,SP290926_R4,SP290926_R4|HOLD THAT MAGIC,TROTTERS,Mobile,5PEGS,16.0,PEGS,,59.1215268906987,-0.17847310930129368,2026-09-29T09:15:20.089609+00:00,13.585,59.3
YU290926,Young,29/09/2026,Night,2,6:15pm,8,Lovely Lily,Cherry Cup Friday 13th November Ladyship Pace,1720,6936,Fr1,Jake Betts,Graham Betts,32.6,126,0.79,-0.79,NSW,126,"bell lap, behind leader",BL 3,6.9,28.7,30.9,29.0,30.2,,,YU290926_R2,YU290926_R2|LOVELY LILY,PACERS,Mobile,B/LEAD,4.0,PEGS,,61.39486647653617,2.19486647653617,2026-09-29T08:30:21.341447+00:00,32.6,59.2
YU290926,Young,29/09/2026,Night,2,6:15pm,10,Modern Sheen,Cherry Cup Friday 13th November Ladyship Pace,1720,6936,Fr2,Karen Field,Mikayla Towers,33.7,81,1.23,-1.23,NSW,81,"bell lap, 1 out 2 back",BL 6,6.9,28.7,30.9,29.0,30.2,,,YU290926_R2,YU290926_R2|MODERN SHEEN,PACERS,Mobile,1X2,10.0,R/LINE,,61.007342522220796,1.807342522220793,2026-09-29T08:30:21.341447+00:00,33.7,59.2
YU290926,Young,29/09/2026,Night,2,6:15pm,9,Star Connection,Cherry Cup Friday 13th November Ladyship Pace,1720,6936,Fr3,Nathan Hoy,Nathan Hoy,32.8,151,0.66,-0.66,NSW,151,"restrained after start, bell lap, 5 back on the pegs",RAS BL 9,6.9,28.7,30.9,29.0,30.2,,,YU290926_R2,YU290926_R2|STAR CONNECTION,PACERS,Mobile,5PEGS,16.0,PEGS,,60.469867211440246,1.2698672114402427,2026-09-29T08:30:21.341447+00:00,32.8,59.2
YU290926,Young,29/09/2026,Night,2,6:15pm,2,Ellens Delight,Cherry Cup Friday 13th November Ladyship Pace,1720,6936,Fr4,Ellen Jones,Peter McRae,2.2,2.9,34.48,-34.48,NSW,2.9,"broke in score up, warning issued, gate speed, led, bell lap, leader",BSU WI GS L BL 1,6.9,28.7,30.9,29.0,30.2,,,YU290926_R2,YU290926_R2|ELLENS DELIGHT,PACERS,Mobile,LEAD,0.0,PEGS,,59.36324893457008,0.1632489345700776,2026-09-29T08:30:21.341447+00:00,2.2,59.2
YU290926,Young,29/09/2026,Night,2,6:15pm,6,Oursurfinsafari,Cherry Cup Friday 13th November Ladyship Pace,1720,6936,Fr5,Michael Jnr Day,Jack Stockton,20.5,14,7.14,-7.14,NSW,14,"gate speed, bell lap, 1 out 1 back",GS BL 4,6.9,28.7,30.9,29.0,30.2,,,YU290926_R2,YU290926_R2|OURSURFINSAFARI,PACERS,Mobile,1X1,6.0,R/LINE,,60.29280712921706,1.0928071292170571,2026-09-29T08:30:21.341447+00:00,20.5,59.2
YU290926,Young,29/09/2026,Night,2,6:15pm,5,Angelic Attitude,Cherry Cup Friday 13th November Ladyship Pace,1720,6936,Fr6,Jackson Painting,Eli Lepper,19.2,4,25.0,-25.0,NSW,4,"gate speed, caught wide early, worked forward, bell lap, outside leader",GS CWE WF BL 2,6.9,28.7,30.9,29.0,30.2,,,YU290926_R2,YU290926_R2|ANGELIC ATTITUDE,PACERS,Mobile,DEATH,2.0,DEATH,,60.50076647930507,1.300766479305068,2026-09-29T08:30:21.341447+00:00,19.2,59.2
YU290926,Young,29/09/2026,Night,2,6:15pm,4,Lollipop,Cherry Cup Friday 13th November Ladyship Pace,1720,6936,Sr1,Nathan Turnbull,Jett Turnbull,12.4,5,20.0,-20.0,NSW,5,"bell lap, 3 back on pegs",BL 5,6.9,28.7,30.9,29.0,30.2,,,YU290926_R2,YU290926_R2|LOLLIPOP,PACERS,Mobile,3PEGS,8.0,PEGS,,59.527400703871294,0.32740070387129094,2026-09-29T08:30:21.341447+00:00,12.4,59.2
YU290926,Young,29/09/2026,Night,2,6:15pm,1,Tulhurst Pebbles,Cherry Cup Friday 13th November Ladyship Pace,1720,6936,Sr2,Nathan Hurst,Nathan Hurst,,6.5,15.38,84.62,NSW,6.5,"bell lap, 1 out 3 back, swabbed",BL 8 SWAB,6.9,28.7,30.9,29.0,30.2,,,YU290926_R2,YU290926_R2|TULHURST PEBBLES,PACERS,Mobile,1X3,14.0,R/LINE,,58.18181818181819,-1.0181818181818159,2026-09-29T08:30:21.341447+00:00,0.0,59.2
YU290926,Young,29/09/2026,Night,2,6:15pm,3,Sinful Kiss,Cherry Cup Friday 13th November Ladyship Pace,1720,6936,Sr3,Mat Rue,Paula Sapio,11.6,21,4.76,-4.76,NSW,21,"bell lap, 1 out 4 back",BL 10,6.9,28.7,30.9,29.0,30.2,,,YU290926_R2,YU290926_R2|SINFUL KISS,PACERS,Mobile,1X4,18.0,R/LINE,,58.730158730158735,-0.46984126984126817,2026-09-29T08:30:21.341447+00:00,11.6,59.2
YU290926,Young,29/09/2026,Night,2,6:15pm,7,Eyedidntloseit,Cherry Cup Friday 13th November Ladyship Pace,1720,6936,Sr4,Steven Lee,George Lee,22.2,6.5,15.38,-15.38,NSW,6.5,"bell lap, 4 back on the pegs",BL 7,6.9,28.7,30.9,29.0,30.2,,,YU290926_R2,YU290926_R2|EYEDIDNTLOSEIT,PACERS,Mobile,4PEGS,12.0,PEGS,,59.964547986832116,0.7645479868321132,2026-09-29T08:30:21.341447+00:00,22.2,59.2
GP290926,Gloucester Park,29/09/2026,Twilight,1,7:20pm,2,Bonpoppy,Taste of WA  Kids Eat Free in Beau Rivage MS Pace,1730,9360,Fr1,Peter Marsh,Abbey Vidovich,5.941,8.5,11.76,-11.76,WA,8.5,behind leader at bell,3,7.8,29.9,30.6,29.8,29.3,,,GP290926_R1,GP290926_R1|BONPOPPY,PACERS,Mobile,B/LEAD,4.0,PEGS,,59.243740124477014,0.1437401244770129,2026-09-29T09:35:20.973937+00:00,5.941,59.1
GP290926,Gloucester Park,29/09/2026,Twilight,1,7:20pm,3,Easton Quality NZ,Taste of WA  Kids Eat Free in Beau Rivage MS Pace,1730,9360,Fr2,Ashleigh Markham,Ashleigh Markham,10.098,14,7.14,-7.14,WA,14,3 back pegs at bell,5,7.8,29.9,30.6,29.8,29.3,,,GP290926_R1,GP290926_R1|EASTON QUALITY,PACERS,Mobile,3PEGS,8.0,PEGS,,59.25539727936513,0.15539727936512548,2026-09-29T09:35:20.973937+00:00,10.098,59.1
GP290926,Gloucester Park,29/09/2026,Twilight,1,7:20pm,9,Cara Diana,Taste of WA  Kids Eat Free in Beau Rivage MS Pace,1730,9360,Fr3,Phil Costello,Toby Lynn,17.984,11,9.09,-9.09,WA,11,1 out 2 back at bell,6,7.8,29.9,30.6,29.8,29.3,,,GP290926_R1,GP290926_R1|CARA DIANA,PACERS,Mobile,1X2,10.0,R/LINE,,59.69576372194501,0.595763721945012,2026-09-29T09:35:20.973937+00:00,17.984,59.1
GP290926,Gloucester Park,29/09/2026,Twilight,1,7:20pm,11,American Typhoon,Taste of WA  Kids Eat Free in Beau Rivage MS Pace,1730,9360,Fr4,Peter Tilbrook,Trent Wheeler,21.578,5,20.0,-20.0,WA,5,1 out 1 back at bell,4,7.8,29.9,30.6,29.8,29.3,,,GP290926_R1,GP290926_R1|AMERICAN TYPHOON,PACERS,Mobile,1X1,6.0,R/LINE,,60.27367921858387,1.173679218583871,2026-09-29T09:35:20.973937+00:00,21.578,59.1
GP290926,Gloucester Park,29/09/2026,Twilight,1,7:20pm,10,En Pariant Sur,Taste of WA  Kids Eat Free in Beau Rivage MS Pace,1730,9360,Fr5,Matthew Scott,Kyle Harper,20.009,16,6.25,-6.25,WA,16,1 out 4 back at bell,10,7.8,29.9,30.6,29.8,29.3,,,GP290926_R1,GP290926_R1|EN PARIANT SUR,PACERS,Mobile,1X4,18.0,R/LINE,,59.24878852017128,0.14878852017127997,2026-09-29T09:35:20.973937+00:00,20.009,59.1
GP290926,Gloucester Park,29/09/2026,Twilight,1,7:20pm,4,Monterio,Taste of WA  Kids Eat Free in Beau Rivage MS Pace,1730,9360,Fr6,Phil Costello,Chris Voak,13.706,7,14.29,-14.29,WA,7,5 back on pegs at bell,9,7.8,29.9,30.6,29.8,29.3,,,GP290926_R1,GP290926_R1|MONTERIO,PACERS,Mobile,5PEGS,16.0,PEGS,,58.93101531358829,-0.1689846864117115,2026-09-29T09:35:20.973937+00:00,13.706,59.1
GP290926,Gloucester Park,29/09/2026,Twilight,1,7:20pm,12,Cracka Tinny,Taste of WA  Kids Eat Free in Beau Rivage MS Pace,1730,9360,Fr7,Mark Roberts,Mikayla Jones,26.178,126,0.79,-0.79,WA,126,6 back on pegs at bell,11,7.8,29.9,30.6,29.8,29.3,,,GP290926_R1,GP290926_R1|CRACKA TINNY,PACERS,Mobile,6PEGS,20.0,PEGS,,59.55995172721341,0.45995172721340793,2026-09-29T09:35:20.973937+00:00,26.178,59.1
GP290926,Gloucester Park,29/09/2026,Twilight,1,7:20pm,1,Be Home Soon,Taste of WA  Kids Eat Free in Beau Rivage MS Pace,1730,9360,Fr8,Kaden Elliott,Emily Suvaljko,,17,5.88,94.12,WA,17,leader at bell,1,7.8,29.9,30.6,29.8,29.3,,,GP290926_R1,GP290926_R1|BE HOME SOON,PACERS,Mobile,LEAD,0.0,PEGS,,59.099999999999994,-7.105427357601002e-15,2026-09-29T09:35:20.973937+00:00,0.0,59.1
GP290926,Gloucester Park,29/09/2026,Twilight,1,7:20pm,5,Bealawyer,Taste of WA  Kids Eat Free in Beau Rivage MS Pace,1730,9360,Fr9,David Simmonds,Kylah Madden,13.719,12,8.33,-8.33,WA,12,1 out 5 back at bell,12,7.8,29.9,30.6,29.8,29.3,,,GP290926_R1,GP290926_R1|BEALAWYER,PACERS,Mobile,1X5,22.0,R/LINE,,58.49450871664682,-0.6054912833531816,2026-09-29T09:35:20.973937+00:00,13.719,59.1
GP290926,Gloucester Park,29/09/2026,Twilight,1,7:20pm,6,Ourfirstimpression,Taste of WA  Kids Eat Free in Beau Rivage MS Pace,1730,9360,Sr1,Craig Hynam,Callan Suvaljko,13.719,19,5.26,-5.26,WA,19,4 back pegs at bell,7,7.8,29.9,30.6,29.8,29.3,,,GP290926_R1,GP290926_R1|OURFIRSTIMPRESSION,PACERS,Mobile,4PEGS,12.0,PEGS,,59.22726458477654,0.12726458477654035,2026-09-29T09:35:20.973937+00:00,13.719,59.1
GP290926,Gloucester Park,29/09/2026,Twilight,1,7:20pm,8,Classnsmart,Taste of WA  Kids Eat Free in Beau Rivage MS Pace,1730,9360,Sr2,Sarah Suvaljko,Aiden De Campo,15.181,5.5,18.18,-18.18,WA,5.5,1 out 3 back at bell,8,7.8,29.9,30.6,29.8,29.3,,,GP290926_R1,GP290926_R1|CLASSNSMART,PACERS,Mobile,1X3,14.0,R/LINE,,59.18737536287946,0.08737536287945602,2026-09-29T09:35:20.973937+00:00,15.181,59.1
GP290926,Gloucester Park,29/09/2026,Twilight,1,7:20pm,7,Meteoroid,Taste of WA  Kids Eat Free in Beau Rivage MS Pace,1730,9360,Sr3,Peter Tilbrook,Shannon Suvaljko,14.47,6.5,15.38,-15.38,WA,6.5,outside leader at bell,2,7.8,29.9,30.6,29.8,29.3,,,GP290926_R1,GP290926_R1|METEOROID,PACERS,Mobile,DEATH,2.0,DEATH,,60.03580815968916,0.9358081596891594,2026-09-29T09:35:20.973937+00:00,14.47,59.1
SP290926,Shepparton,29/09/2026,Night,5,7:30pm,3,Ozzie Bull,Chris Smith & Associates 2yo Pace,1690,6000,Fr1,Julie Douglas,Josh Duggan,27.573,101,0.99,-0.99,VIC,101,"broke in score up, raced roughly after start, last chance in draw, hung in, contact marker pegs, 3 back on pegs at bell, hung out, raced greenly, warning issued",BSU RRAS LCD HI CMP 5 HO RG WI,5.7,29.6,30.5,28.1,27.3,,,SP290926_R5,SP290926_R5|OZZIE BULL,PACERS,Mobile,3PEGS,8.0,PEGS,,56.78942425108306,1.3894242510830566,2026-09-29T09:50:20.176313+00:00,27.573,55.400000000000006
SP290926,Shepparton,29/09/2026,Night,5,7:30pm,2,Daysofwinen Roses,Chris Smith & Associates 2yo Pace,1690,6000,Fr2,John Yeomans,Chris Alford,18.024,151,0.66,-0.66,VIC,151,"gate speed, behind leader at bell",GS 3,5.7,29.6,30.5,28.1,27.3,,,SP290926_R5,SP290926_R5|DAYSOFWINEN ROSES,PACERS,Mobile,B/LEAD,4.0,PEGS,,56.38849023379849,0.9884902337984869,2026-09-29T09:50:20.176313+00:00,18.024,55.400000000000006
SP290926,Shepparton,29/09/2026,Night,5,7:30pm,7,Our Main Man,Chris Smith & Associates 2yo Pace,1690,6000,Fr3,John McLean,David Moran,39.254,21,4.76,-4.76,VIC,21,"pre race swab, hung out score-up, out of position candy pole, warning issued, 3 wide early, worked forward, outside leader at bell",PRS HOSU OPSCP WI 3WE WF 2,5.7,29.6,30.5,28.1,27.3,,,SP290926_R5,SP290926_R5|OUR MAIN MAN,PACERS,Mobile,DEATH,2.0,DEATH,,58.10584388512034,2.7058438851203377,2026-09-29T09:50:20.176313+00:00,39.254,55.400000000000006
SP290926,Shepparton,29/09/2026,Night,5,7:30pm,5,Im A Rockstar,Chris Smith & Associates 2yo Pace,1690,6000,Fr4,Laura Wilson,Leigh Sutton,29.289,151,0.66,-0.66,VIC,151,"restrained after start, 4 back on the pegs at bell, used sprint lane, used sprint lane",RAS 7 USL,5.7,29.6,30.5,28.1,27.3,,,SP290926_R5,SP290926_R5|IM A ROCKSTAR,PACERS,Mobile,4PEGS,12.0,PEGS,,56.62370913402265,1.2237091340226414,2026-09-29T09:50:20.176313+00:00,29.289,55.400000000000006
SP290926,Shepparton,29/09/2026,Night,5,7:30pm,1,Indulgeme,Chris Smith & Associates 2yo Pace,1690,6000,Fr5,Lisa Pitt,Mark Pitt,,2.4,41.67,58.33,VIC,2.4,"gate speed, led, leader at bell, driver cautioned tightening, driver cautioned tightening",GS L 1 D/CT,5.7,29.6,30.5,28.1,27.3,,,SP290926_R5,SP290926_R5|INDULGEME,PACERS,Mobile,LEAD,0.0,PEGS,,55.400000000000006,0.0,2026-09-29T09:50:20.176313+00:00,0.0,55.400000000000006
SP290926,Shepparton,29/09/2026,Night,5,7:30pm,8,Cazadero,Chris Smith & Associates 2yo Pace,1690,6000,Fr6,Laura Wilson,Damian Wilson,39.307,23,4.35,-4.35,VIC,23,"restrained after start, 1 out 3 back at bell",RAS 8,5.7,29.6,30.5,28.1,27.3,,,SP290926_R5,SP290926_R5|CAZADERO,PACERS,Mobile,1X3,14.0,R/LINE,,57.20975922074939,1.8097592207493847,2026-09-29T09:50:20.176313+00:00,39.307,55.400000000000006
SP290926,Shepparton,29/09/2026,Night,5,7:30pm,10,Advance Atego,Chris Smith & Associates 2yo Pace,1690,6000,Sr1,Steven Branson,James Herbertson,95.539,81,1.23,-1.23,VIC,81,"out of position at start, no action taken, 5 back on the pegs at bell, tired latter stages, last chance to race competitively",OPS NAT 9 TIRE LCRC,5.7,29.6,30.5,28.1,27.3,,,SP290926_R5,SP290926_R5|ADVANCE ATEGO,PACERS,Mobile,5PEGS,16.0,PEGS,,61.516168120134196,6.116168120134191,2026-09-29T09:50:20.176313+00:00,95.539,55.400000000000006
SP290926,Shepparton,29/09/2026,Night,5,7:30pm,4,Lace And Leather,Chris Smith & Associates 2yo Pace,1690,6000,Sr2,David Harris,Liam Older,28.377,7,14.29,-14.29,VIC,7,"tightened, 1 out 1 back at bell",T 4,5.7,29.6,30.5,28.1,27.3,,,SP290926_R5,SP290926_R5|LACE AND LEATHER,PACERS,Mobile,1X1,6.0,R/LINE,,56.99419898845585,1.5941989884558438,2026-09-29T09:50:20.176313+00:00,28.377,55.400000000000006
SP290926,Shepparton,29/09/2026,Night,5,7:30pm,6,Poster Command,Chris Smith & Associates 2yo Pace,1690,6000,Sr3,Josh Turnbull,Ella Turnbull,33.031,2.1,47.62,-47.62,VIC,2.1,"hung out score-up, broke after start, 1 out 4 back at bell, out of draw mobile starts",HOSU BAS 10 ODM,5.7,29.6,30.5,28.1,27.3,,,SP290926_R5,SP290926_R5|POSTER COMMAND,PACERS,Mobile,1X4,18.0,R/LINE,,56.460828389401364,1.0608283894013582,2026-09-29T09:50:20.176313+00:00,33.031,55.400000000000006
SP290926,Shepparton,29/09/2026,Night,5,7:30pm,9,Onelook,Chris Smith & Associates 2yo Pace,1690,6000,Sr4,Lisa Pitt,Nathan Jack,41.359,12,8.33,-8.33,VIC,12,1 out 2 back at bell,6,5.7,29.6,30.5,28.1,27.3,,,SP290926_R5,SP290926_R5|ONELOOK,PACERS,Mobile,1X2,10.0,R/LINE,,57.660208081536126,2.2602080815361205,2026-09-29T09:50:20.176313+00:00,41.359,55.400000000000006
GP290926,Gloucester Park,29/09/2026,Twilight,2,7:50pm,9,American Story,Tabtouch WA Oaks This Friday 3yo MS Pace,2130,9360,Fr1,Donald Harper,Donald Harper,45.409,126,0.79,-0.79,WA,126,behind leader at bell,3,38.3,30.8,30.9,29.1,28.8,,,GP290926_R2,GP290926_R2|AMERICAN STORY,PACERS,Mobile,B/LEAD,4.0,PEGS,,61.06057150691216,3.160571506912156,2026-09-29T10:00:19.714483+00:00,45.409,57.900000000000006
GP290926,Gloucester Park,29/09/2026,Twilight,2,7:50pm,10,Shes A Sweetmover,Tabtouch WA Oaks This Friday 3yo MS Pace,2130,9360,Fr2,Robin Bell,Abbey Vidovich,72.821,101,0.99,-0.99,WA,101,1 out 2 back at bell,6,38.3,30.8,30.9,29.1,28.8,,,GP290926_R2,GP290926_R2|SHES A SWEETMOVER,PACERS,Mobile,1X2,10.0,R/LINE,,62.834128481684914,4.934128481684908,2026-09-29T10:00:19.714483+00:00,72.821,57.900000000000006
GP290926,Gloucester Park,29/09/2026,Twilight,2,7:50pm,1,Highview Rozi,Tabtouch WA Oaks This Friday 3yo MS Pace,2130,9360,Fr3,Simone Strachan,Aiden De Campo,,2.9,34.48,65.52,WA,2.9,leader at bell,1,38.3,30.8,30.9,29.1,28.8,,,GP290926_R2,GP290926_R2|HIGHVIEW ROZI,PACERS,Mobile,LEAD,0.0,PEGS,,57.900000000000006,0.0,2026-09-29T10:00:19.714483+00:00,0.0,57.900000000000006
GP290926,Gloucester Park,29/09/2026,Twilight,2,7:50pm,8,Maelstrome,Tabtouch WA Oaks This Friday 3yo MS Pace,2130,9360,Fr4,Brad Lynn,Toby Lynn,14.296,151,0.66,-0.66,WA,151,4 back pegs at bell,7,38.3,30.8,30.9,29.1,28.8,,,GP290926_R2,GP290926_R2|MAELSTROME,PACERS,Mobile,4PEGS,12.0,PEGS,,58.06665128920001,0.16665128920000427,2026-09-29T10:00:19.714483+00:00,14.296,57.900000000000006
GP290926,Gloucester Park,29/09/2026,Twilight,2,7:50pm,6,Lady Crunch Time,Tabtouch WA Oaks This Friday 3yo MS Pace,2130,9360,Fr5,Kaden Elliott,Emily Suvaljko,9.213,11,9.09,-9.09,WA,11,1 out 1 back at bell,4,38.3,30.8,30.9,29.1,28.8,,,GP290926_R2,GP290926_R2|LADY CRUNCH TIME,PACERS,Mobile,1X1,6.0,R/LINE,,58.13347858336042,0.23347858336041583,2026-09-29T10:00:19.714483+00:00,9.213,57.900000000000006
GP290926,Gloucester Park,29/09/2026,Twilight,2,7:50pm,5,Ranger Red,Tabtouch WA Oaks This Friday 3yo MS Pace,2130,9360,Fr6,Brad Lynn,Chris Voak,8.194,15,6.67,-6.67,WA,15,outside leader at bell,2,38.3,30.8,30.9,29.1,28.8,,,GP290926_R2,GP290926_R2|RANGER RED,PACERS,Mobile,DEATH,2.0,DEATH,,58.35178872419709,0.4517887241970868,2026-09-29T10:00:19.714483+00:00,8.194,57.900000000000006
GP290926,Gloucester Park,29/09/2026,Twilight,2,7:50pm,4,Alvarez,Tabtouch WA Oaks This Friday 3yo MS Pace,2130,9360,Fr7,Sonia Zucchiatti,Deni Roberts,4.399,19,5.26,-5.26,WA,19,1 out 3 back at bell,8,38.3,30.8,30.9,29.1,28.8,,,GP290926_R2,GP290926_R2|ALVAREZ,PACERS,Mobile,1X3,14.0,R/LINE,,57.21336806649202,-0.6866319335079822,2026-09-29T10:00:19.714483+00:00,4.399,57.900000000000006
GP290926,Gloucester Park,29/09/2026,Twilight,2,7:50pm,3,Defend The Right,Tabtouch WA Oaks This Friday 3yo MS Pace,2130,9360,Fr8,Peter Anderson,Trent Wheeler,3.098,3.2,31.25,-31.25,WA,3.2,1 out 4 back at bell,10,38.3,30.8,30.9,29.1,28.8,,,GP290926_R2,GP290926_R2|DEFEND THE RIGHT,PACERS,Mobile,1X4,18.0,R/LINE,,56.84119071986571,-1.058809280134298,2026-09-29T10:00:19.714483+00:00,3.098,57.900000000000006
GP290926,Gloucester Park,29/09/2026,Twilight,2,7:50pm,2,Roman Guard,Tabtouch WA Oaks This Friday 3yo MS Pace,2130,9360,Fr9,Simone Strachan,Dylan Egerton-Green,0.027,3.3,30.3,-30.3,WA,3.3,3 wide without cover at bell,W1,38.3,30.8,30.9,29.1,28.8,,,GP290926_R2,GP290926_R2|ROMAN GUARD,PACERS,Mobile,3WIDE,3.0,R/LINE,,57.68562579314624,-0.21437420685376907,2026-09-29T10:00:19.714483+00:00,0.027,57.900000000000006
GP290926,Gloucester Park,29/09/2026,Twilight,2,7:50pm,7,Mundi Miss,Tabtouch WA Oaks This Friday 3yo MS Pace,2130,9360,Sr1,Graeme Hammond,Kyle Harper,10.246,17,5.88,-5.88,WA,17,3 back pegs at bell,5,38.3,30.8,30.9,29.1,28.8,,,GP290926_R2,GP290926_R2|MUNDI MISS,PACERS,Mobile,3PEGS,8.0,PEGS,,58.06301190592589,0.16301190592588455,2026-09-29T10:00:19.714483+00:00,10.246,57.900000000000006
YU290926,Young,29/09/2026,Night,3,6:41pm,1,Roses Are Best,Young Services Club Pace,1720,6936,Fr1,Steven Lee,James Locke,,3.5,28.57,71.43,NSW,3.5,"bell lap, behind leader, swabbed",BL 3 SWAB,6.6,30.0,31.4,29.6,30.5,,,YU290926_R3,YU290926_R3|ROSES ARE BEST,PACERS,Mobile,B/LEAD,4.0,PEGS,,59.800995024875625,-0.29900497512437596,2026-09-29T09:00:20.828758+00:00,0.0,60.1
YU290926,Young,29/09/2026,Night,3,6:41pm,4,Complicated,Young Services Club Pace,1720,6936,Fr2,Len Clement,Jett Turnbull,7.9,4.6,21.74,-21.74,NSW,4.6,"pre race blood test, gate speed, led, bell lap, leader",PRBT GS L BL 1,6.6,30.0,31.4,29.6,30.5,,,YU290926_R3,YU290926_R3|COMPLICATED,PACERS,Mobile,LEAD,0.0,PEGS,,60.69940664057568,0.5994066405756797,2026-09-29T09:00:20.828758+00:00,7.9,60.1
YU290926,Young,29/09/2026,Night,3,6:41pm,6,Nottadoubt,Young Services Club Pace,1720,6936,Fr3,Kevin Johnstone,Oliver Arentz,9.0,12,8.33,-8.33,NSW,12,"bell lap, 1 out 2 back",BL 6,6.6,30.0,31.4,29.6,30.5,,,YU290926_R3,YU290926_R3|NOTTADOUBT,PACERS,Mobile,1X2,10.0,R/LINE,,60.024968789013734,-0.07503121098626764,2026-09-29T09:00:20.828758+00:00,9.0,60.1
YU290926,Young,29/09/2026,Night,3,6:41pm,3,Maisielouisa,Young Services Club Pace,1720,6936,Fr4,Wendy Turnbull,Jason Turnbull,5.5,11,9.09,-9.09,NSW,11,"restrained after start, bell lap, 4 back on the pegs, driver fined $200, unacceptable whip",RAS BL 7 D/F$200 UW,6.6,30.0,31.4,29.6,30.5,,,YU290926_R3,YU290926_R3|MAISIELOUISA,PACERS,Mobile,4PEGS,12.0,PEGS,,59.615623062616244,-0.4843769373837574,2026-09-29T09:00:20.828758+00:00,5.5,60.1
YU290926,Young,29/09/2026,Night,3,6:41pm,8,Glamour Fox,Young Services Club Pace,1720,6936,Fr5,Paul Kahlefeldt,Blake Micallef,14.9,8,12.5,-12.5,NSW,8,"pre race blood test, worked forward, bell lap, 1 out 1 back, hung in",PRBT WF BL 4 HI,6.6,30.0,31.4,29.6,30.5,,,YU290926_R3,YU290926_R3|GLAMOUR FOX,PACERS,Mobile,1X1,6.0,R/LINE,,60.77613449627102,0.6761344962710183,2026-09-29T09:00:20.828758+00:00,14.9,60.1
YU290926,Young,29/09/2026,Night,3,6:41pm,10,Hudson River,Young Services Club Pace,1720,6936,Fr6,Nathan Hurst,Nathan Hurst,30.6,8.5,11.76,-11.76,NSW,8.5,"restrained after start, broke after start, warning issued, bell lap, tailed off",RAS BAS WI BL 17,6.6,30.0,31.4,29.6,30.5,,,YU290926_R3,YU290926_R3|HUDSON RIVER,PACERS,Mobile,TO,99.0,TO,,,,2026-09-29T09:00:20.828758+00:00,30.6,60.1
YU290926,Young,29/09/2026,Night,3,6:41pm,2,Lookout NZ,Young Services Club Pace,1720,6936,Sr1,David McKenzie,David McKenzie,2.3,26,3.85,-3.85,NSW,26,"bell lap, 3 back on pegs",BL 5,6.6,30.0,31.4,29.6,30.5,,,YU290926_R3,YU290926_R3|LOOKOUT,PACERS,Mobile,3PEGS,8.0,PEGS,,59.67481692937818,-0.42518307062182004,2026-09-29T09:00:20.828758+00:00,2.3,60.1
YU290926,Young,29/09/2026,Night,3,6:41pm,5,Shoobees Sunset,Young Services Club Pace,1720,6936,Sr2,Amanda Dean,Mikayla Towers,8.6,10,10.0,-10.0,NSW,10,"bell lap, 1 out 3 back",BL 8,6.6,30.0,31.4,29.6,30.5,,,YU290926_R3,YU290926_R3|SHOOBEES SUNSET,PACERS,Mobile,1X3,14.0,R/LINE,,59.697044946610376,-0.40295505338962556,2026-09-29T09:00:20.828758+00:00,8.6,60.1
YU290926,Young,29/09/2026,Night,3,6:41pm,9,Wally Blaster,Young Services Club Pace,1720,6936,Sr3,Rodney Lemon,Rodney Lemon,15.8,26,3.85,-3.85,NSW,26,"bell lap, 1 out 4 back , hung in",BL 10 HI,6.6,30.0,31.4,29.6,30.5,,,YU290926_R3,YU290926_R3|WALLY BLASTER,PACERS,Mobile,1X4,18.0,R/LINE,,59.935178259785594,-0.164821740214407,2026-09-29T09:00:20.828758+00:00,15.8,60.1
YU290926,Young,29/09/2026,Night,3,6:41pm,7,Peaksart,Young Services Club Pace,1720,6936,Sr4,Paul Kahlefeldt,Jackson Painting,12.6,7.5,13.33,-13.33,NSW,7.5,"three wide middle, worked forward, bell lap, outside leader",3WM WF BL 2,6.6,30.0,31.4,29.6,30.5,,,YU290926_R3,YU290926_R3|PEAKSART,PACERS,Mobile,DEATH,2.0,DEATH,,60.90701798834558,0.8070179883455779,2026-09-29T09:00:20.828758+00:00,12.6,60.1
YU290926,Young,29/09/2026,Night,4,7:10pm,1,Captain Tids,Australian Hotel Pace,1720,9792,Fr1,Mat Rue,Jett Turnbull,,2.3,43.48,56.52,NSW,2.3,"pre race blood test, gate speed, bell lap, leader, swabbed",PRBT GS BL 1 SWAB,6.3,29.6,32.7,30.7,28.7,,,YU290926_R4,YU290926_R4|CAPTAIN TIDS,PACERS,Mobile,LEAD,0.0,PEGS,,59.4,0.0,2026-09-29T09:50:20.176313+00:00,0.0,59.4
YU290926,Young,29/09/2026,Night,4,7:10pm,2,Eyes Off Tiger,Australian Hotel Pace,1720,9792,Fr2,Steven Lee,James Locke,2.5,7.5,13.33,-13.33,NSW,7.5,"contacted marker pegs, bell lap, behind leader",CMP BL 3,6.3,29.6,32.7,30.7,28.7,,,YU290926_R4,YU290926_R4|EYES OFF TIGER,PACERS,Mobile,B/LEAD,4.0,PEGS,,59.28883343730506,-0.1111665626949403,2026-09-29T09:50:20.176313+00:00,2.5,59.4
YU290926,Young,29/09/2026,Night,4,7:10pm,3,Lochinvar Coogee,Australian Hotel Pace,1720,9792,Fr3,Joe DeMamiel,Jack Stockton,3.6,2.8,35.71,-35.71,NSW,2.8,"gate speed, bell lap, 1 out 1 back",GS BL 4,6.3,29.6,32.7,30.7,28.7,,,YU290926_R4,YU290926_R4|LOCHINVAR COOGEE,PACERS,Mobile,1X1,6.0,R/LINE,,59.222333000997004,-0.17766699900299443,2026-09-29T09:50:20.176313+00:00,3.6,59.4
YU290926,Young,29/09/2026,Night,4,7:10pm,10,Shady Tree,Australian Hotel Pace,1720,9792,Fr4,David Micallef,Blake Micallef,21.3,7,14.29,-14.29,NSW,7,"bell lap, 1 out 2 back",BL 6,6.3,29.6,32.7,30.7,28.7,,,YU290926_R4,YU290926_R4|SHADY TREE,PACERS,Mobile,1X2,10.0,R/LINE,,60.25104602510459,0.8510460251045942,2026-09-29T09:50:20.176313+00:00,21.3,59.4
YU290926,Young,29/09/2026,Night,4,7:10pm,8,Darkndusty,Australian Hotel Pace,1720,9792,Fr5,Luke Primmer,Luke Primmer,16.7,101,0.99,-0.99,NSW,101,"caught wide early, restrained to last, bell lap, 5 back on the pegs",CWE RTL BL 9,6.3,29.6,32.7,30.7,28.7,,,YU290926_R4,YU290926_R4|DARKNDUSTY,PACERS,Mobile,5PEGS,16.0,PEGS,,59.45202051795321,0.05202051795320983,2026-09-29T09:50:20.176313+00:00,16.7,59.4
YU290926,Young,29/09/2026,Night,4,7:10pm,9,Chasin You,Australian Hotel Pace,1720,9792,Fr6,Graham Betts,Graham Betts,20.2,101,0.99,-0.99,NSW,101,"3 wide early stages, worked forward, bell lap, outside leader",3WE WF BL 2,6.3,29.6,32.7,30.7,28.7,,,YU290926_R4,YU290926_R4|CHASIN YOU,PACERS,Mobile,DEATH,2.0,DEATH,,60.782808902532615,1.3828089025326165,2026-09-29T09:50:20.176313+00:00,20.2,59.4
YU290926,Young,29/09/2026,Night,4,7:10pm,4,Jakryan,Australian Hotel Pace,1720,9792,Sr1,Michael Jnr Day,Michael Jnr Day,14.1,31,3.23,-3.23,NSW,31,"hung in, contacted marker pegs, bell lap, 3 back on pegs",HI CMP BL 5,6.3,29.6,32.7,30.7,28.7,,,YU290926_R4,YU290926_R4|JAKRYAN,PACERS,Mobile,3PEGS,8.0,PEGS,,59.85640508880211,0.4564050888021143,2026-09-29T09:50:20.176313+00:00,14.1,59.4
YU290926,Young,29/09/2026,Night,4,7:10pm,6,Judah,Australian Hotel Pace,1720,9792,Sr2,Nathan Turnbull,Owen Shea,16.6,51,1.96,-1.96,NSW,51,"bell lap, 1 out 3 back",BL 8,6.3,29.6,32.7,30.7,28.7,,,YU290926_R4,YU290926_R4|JUDAH,PACERS,Mobile,1X3,14.0,R/LINE,,59.59367945823928,0.19367945823928068,2026-09-29T09:50:20.176313+00:00,16.6,59.4
YU290926,Young,29/09/2026,Night,4,7:10pm,7,Onedarknight NZ,Australian Hotel Pace,1720,9792,Sr3,Nathan Turnbull,Nathan Turnbull,16.6,31,3.23,-3.23,NSW,31,"bell lap, 4 back on the pegs",BL 7,6.3,29.6,32.7,30.7,28.7,,,YU290926_R4,YU290926_R4|ONEDARKNIGHT,PACERS,Mobile,4PEGS,12.0,PEGS,,59.743525270304254,0.34352527030425506,2026-09-29T09:50:20.176313+00:00,16.6,59.4
YU290926,Young,29/09/2026,Night,4,7:10pm,5,Warrawees Shout,Australian Hotel Pace,1720,9792,Sr4,Steven Lee,George Lee,15.8,11,9.09,-9.09,NSW,11,"back in mobile draw, bell lap, 1 out 4 back",BMD BL 10,6.3,29.6,32.7,30.7,28.7,,,YU290926_R4,YU290926_R4|WARRAWEES SHOUT,PACERS,Mobile,1X4,18.0,R/LINE,,59.23709798055348,-0.16290201944651983,2026-09-29T09:50:20.176313+00:00,15.8,59.4
SP290926,Shepparton,29/09/2026,Night,6,8:00pm,4,Bettor Doo NZ,Hygain Pace,1690,5000,Fr1,Brent Curran,Chris Alford,17.917,17,5.88,-5.88,VIC,17,3 back on pegs at bell,5,5.1,27.9,29.9,28.4,29.2,,,SP290926_R6,SP290926_R6|BETTOR DOO,PACERS,Mobile,3PEGS,8.0,PEGS,,58.322986319158865,0.7229863191588706,2026-09-29T10:10:20.875988+00:00,17.917,57.599999999999994
SP290926,Shepparton,29/09/2026,Night,6,8:00pm,1,Corbie Laidir,Hygain Pace,1690,5000,Fr2,Lisa Pitt,Mark Pitt,,1.06,94.34,5.66,VIC,1.06,leader at bell,1,5.1,27.9,29.9,28.4,29.2,,,SP290926_R6,SP290926_R6|CORBIE LAIDIR,PACERS,Mobile,LEAD,0.0,PEGS,,57.599999999999994,0.0,2026-09-29T10:10:20.875988+00:00,0.0,57.599999999999994
SP290926,Shepparton,29/09/2026,Night,6,8:00pm,7,Clives Girl,Hygain Pace,1690,5000,Fr3,Charlene Gusman,David Moran,22.825,23,4.35,-4.35,VIC,23,1 out 3 back at bell,8,5.1,27.9,29.9,28.4,29.2,,,SP290926_R6,SP290926_R6|CLIVES GIRL,PACERS,Mobile,1X3,14.0,R/LINE,,58.242487439567725,0.6424874395677307,2026-09-29T10:10:20.875988+00:00,22.825,57.599999999999994
SP290926,Shepparton,29/09/2026,Night,6,8:00pm,3,Know The Score,Hygain Pace,1690,5000,Fr4,Glenn Bull,Glenn Bull,16.71,26,3.85,-3.85,VIC,26,behind leader at bell,3,5.1,27.9,29.9,28.4,29.2,,,SP290926_R6,SP290926_R6|KNOW THE SCORE,PACERS,Mobile,B/LEAD,4.0,PEGS,,58.5298936859353,0.9298936859353049,2026-09-29T10:10:20.875988+00:00,16.71,57.599999999999994
SP290926,Shepparton,29/09/2026,Night,6,8:00pm,6,Thats Me Again,Hygain Pace,1690,5000,Fr5,Stephen Boyington,Leigh Sutton,20.371,151,0.66,-0.66,VIC,151,1 out 2 back at bell,6,5.1,27.9,29.9,28.4,29.2,,,SP290926_R6,SP290926_R6|THATS ME AGAIN,PACERS,Mobile,1X2,10.0,R/LINE,,58.35651932743098,0.7565193274309863,2026-09-29T10:10:20.875988+00:00,20.371,57.599999999999994
SP290926,Shepparton,29/09/2026,Night,6,8:00pm,5,Krakey,Hygain Pace,1690,5000,Fr6,David Farrar,Damian Wilson,20.277,16,6.25,-6.25,VIC,16,outside leader at bell,2,5.1,27.9,29.9,28.4,29.2,,,SP290926_R6,SP290926_R6|KRAKEY,PACERS,Mobile,DEATH,2.0,DEATH,,58.94671130310864,1.3467113031086484,2026-09-29T10:10:20.875988+00:00,20.277,57.599999999999994
SP290926,Shepparton,29/09/2026,Night,6,8:00pm,9,Allheartnoheight,Hygain Pace,1690,5000,Sr1,Brett Cole,James Herbertson,41.024,31,3.23,-3.23,VIC,31,4 back on the pegs at bell,7,5.1,27.9,29.9,28.4,29.2,,,SP290926_R6,SP290926_R6|ALLHEARTNOHEIGHT,PACERS,Mobile,4PEGS,12.0,PEGS,,59.7683974598431,2.1683974598431064,2026-09-29T10:10:20.875988+00:00,41.024,57.599999999999994
SP290926,Shepparton,29/09/2026,Night,6,8:00pm,2,Wheres Wood Wood,Hygain Pace,1690,5000,Sr2,Wayne Lear,Tasmyn Potter,15.007,19,5.26,-5.26,VIC,19,1 out 1 back at bell,4,5.1,27.9,29.9,28.4,29.2,,,SP290926_R6,SP290926_R6|WHERES WOOD WOOD,PACERS,Mobile,1X1,6.0,R/LINE,,58.255888484474575,0.6558884844745805,2026-09-29T10:10:20.875988+00:00,15.007,57.599999999999994
SP290926,Shepparton,29/09/2026,Night,6,8:00pm,8,Dot Ball,Hygain Pace,1690,5000,Sr3,Ross Graham,Liam Older,35.338,41,2.44,-2.44,VIC,41,5 back on the pegs at bell,9,5.1,27.9,29.9,28.4,29.2,,,SP290926_R6,SP290926_R6|DOT BALL,PACERS,Mobile,5PEGS,16.0,PEGS,,59.02682595028321,1.4268259502832166,2026-09-29T10:10:20.875988+00:00,35.338,57.599999999999994
YU290926,Young,29/09/2026,Night,5,7:40pm,9,Maddie,Hilltops Equine Centre 3yo Pace,1720,11832,Fr1,Michael Jnr Day,Michael Jnr Day,250.8,101,0.99,-0.99,NSW,101,"galloped out, warning issued, bell lap, tailed off",GO WI BL 17,6.4,29.0,31.5,29.8,29.5,,,YU290926_R5,YU290926_R5|MADDIE,PACERS,Mobile,TO,99.0,TO,,,,2026-09-29T09:50:20.176313+00:00,250.8,59.3
YU290926,Young,29/09/2026,Night,5,7:40pm,3,Beths Fury,Hilltops Equine Centre 3yo Pace,1720,11832,Fr2,Wayne White,Jason Turnbull,4.5,9.5,10.53,-10.53,NSW,9.5,"gate speed, led, bell lap, leader",GS L BL 1,6.4,29.0,31.5,29.8,29.5,,,YU290926_R5,YU290926_R5|BETHS FURY,PACERS,Mobile,LEAD,0.0,PEGS,,59.63544940289126,0.335449402891264,2026-09-29T09:50:20.176313+00:00,4.5,59.3
YU290926,Young,29/09/2026,Night,5,7:40pm,7,Big Frost,Hilltops Equine Centre 3yo Pace,1720,11832,Fr3,Matthew McCaffery,Matthew McCaffery,33.6,4.8,20.83,-20.83,NSW,4.8,"pre race blood test, bell lap, 1 out 1 back",PRBT BL 4,6.4,29.0,31.5,29.8,29.5,,,YU290926_R5,YU290926_R5|BIG FROST,PACERS,Mobile,1X1,6.0,R/LINE,,61.41895390989125,2.1189539098912533,2026-09-29T09:50:20.176313+00:00,33.6,59.3
YU290926,Young,29/09/2026,Night,5,7:40pm,8,Mister Dependable,Hilltops Equine Centre 3yo Pace,1720,11832,Fr4,Cindy Bourke,Jody Bryant,52.8,2.4,41.67,-41.67,NSW,2.4,"bell lap, outside leader, veered out, stood down 1 trial",BL 2 VO SD1T,6.4,29.0,31.5,29.8,29.5,,,YU290926_R5,YU290926_R5|MISTER DEPENDABLE,PACERS,Mobile,DEATH,2.0,DEATH,,63.32087560064068,4.020875600640686,2026-09-29T09:50:20.176313+00:00,52.8,59.3
YU290926,Young,29/09/2026,Night,5,7:40pm,4,Good Talk,Hilltops Equine Centre 3yo Pace,1720,11832,Fr5,Ellen Jones,Peter McRae,19.6,8.5,11.76,-11.76,NSW,8.5,"bell lap, 1 out 2 back",BL 6,6.4,29.0,31.5,29.8,29.5,,,YU290926_R5,YU290926_R5|GOOD TALK,PACERS,Mobile,1X2,10.0,R/LINE,,60.02024291497976,0.7202429149797638,2026-09-29T09:50:20.176313+00:00,19.6,59.3
YU290926,Young,29/09/2026,Night,5,7:40pm,6,Triple Threat,Hilltops Equine Centre 3yo Pace,1720,11832,Sr1,Trevor Allamby,Trevor Allamby,24.1,71,1.41,-1.41,NSW,71,"checked after start, bell lap, 4 back on the pegs",CAS BL 7,6.4,29.0,31.5,29.8,29.5,,,YU290926_R5,YU290926_R5|TRIPLE THREAT,PACERS,Mobile,4PEGS,12.0,PEGS,,60.210686635359814,0.9106866353598164,2026-09-29T09:50:20.176313+00:00,24.1,59.3
YU290926,Young,29/09/2026,Night,5,7:40pm,1,Tulhurst Barracuda,Hilltops Equine Centre 3yo Pace,1720,11832,Sr2,Nathan Hurst,Nathan Hurst,,7.5,13.33,86.67,NSW,7.5,"inconvenienced after start, bell lap, behind leader, swabbed",INCAS BL 3 SWAB,6.4,29.0,31.5,29.8,29.5,,,YU290926_R5,YU290926_R5|TULHURST BARRACUDA,PACERS,Mobile,B/LEAD,4.0,PEGS,,59.00497512437811,-0.29502487562188406,2026-09-29T09:50:20.176313+00:00,0.0,59.3
YU290926,Young,29/09/2026,Night,5,7:40pm,2,Send It Sam,Hilltops Equine Centre 3yo Pace,1720,11832,Sr3,Mat Rue,Jett Turnbull,0.8,4.33,23.09,-23.09,NSW,4.33,"bell lap, 3 back on pegs, inconvenienced",BL 5 INC,6.4,29.0,31.5,29.8,29.5,,,YU290926_R5,YU290926_R5|SEND IT SAM,PACERS,Mobile,3PEGS,8.0,PEGS,,58.771060455896915,-0.528939544103082,2026-09-29T09:50:20.176313+00:00,0.8,59.3
YU290926,Young,29/09/2026,Night,5,7:40pm,5,Flugskeid,Hilltops Equine Centre 3yo Pace,1720,11832,Sr4,Jake Betts,Graham Betts,23.3,101,0.99,-0.99,NSW,101,"broke in score up, out of position at start, continue outside mobile draw, raced roughly, bell lap, 1 out 3 back",BSU OPS CODM RR BL 8,6.4,29.0,31.5,29.8,29.5,,,YU290926_R5,YU290926_R5|FLUGSKEID,PACERS,Mobile,1X3,14.0,R/LINE,,59.997470595674706,0.6974705956747087,2026-09-29T09:50:20.176313+00:00,23.3,59.3
GP290926,Gloucester Park,29/09/2026,Twilight,3,8:20pm,1,Crown General,Tabtouch Punters Club Friday 13th November 3yo MS Pace,2130,9360,Fr1,Brad Lynn,Toby Lynn,,2.25,44.44,55.56,WA,2.25,"gate speed, led, leader at bell",GS L 1,39.3,31.7,29.7,28.1,28.3,,,GP290926_R3,GP290926_R3|CROWN GENERAL,PACERS,Mobile,LEAD,0.0,PEGS,,56.400000000000006,0.0,2026-09-29T11:03:39.387125+00:00,0.0,56.400000000000006
GP290926,Gloucester Park,29/09/2026,Twilight,3,8:20pm,2,Broome Beach,Tabtouch Punters Club Friday 13th November 3yo MS Pace,2130,9360,Fr2,Garry Butler,Garry Butler,0.1,3.3,30.3,-30.3,WA,3.3,"gate speed, led one wide, obtained trail early, 1 out 1 back at bell",GS L1W OTE 4,39.3,31.7,29.7,28.1,28.3,,,GP290926_R3,GP290926_R3|BROOME BEACH,PACERS,Mobile,1X1,6.0,R/LINE,,55.98709517309841,-0.41290482690159536,2026-09-29T11:03:39.387125+00:00,0.1,56.400000000000006
GP290926,Gloucester Park,29/09/2026,Twilight,3,8:20pm,10,Fistfull,Tabtouch Punters Club Friday 13th November 3yo MS Pace,2130,9360,Fr3,Russell Eddy,Ryan Warwick,12.7,126,0.79,-0.79,WA,126,3 back pegs at bell,5,39.3,31.7,29.7,28.1,28.3,,,GP290926_R3,GP290926_R3|FISTFULL,PACERS,Mobile,3PEGS,8.0,PEGS,,56.733308185590346,0.33330818559034014,2026-09-29T11:03:39.387125+00:00,12.7,56.400000000000006
GP290926,Gloucester Park,29/09/2026,Twilight,3,8:20pm,6,Fear The Storm,Tabtouch Punters Club Friday 13th November 3yo MS Pace,2130,9360,Fr4,Gary Hall Jnr,Gary Hall Jnr,5.3,6,16.67,-16.67,WA,6,"3 wide early, led one wide, outside leader at bell",3WE L1W 2,39.3,31.7,29.7,28.1,28.3,,,GP290926_R3,GP290926_R3|FEAR THE STORM,PACERS,Mobile,DEATH,2.0,DEATH,,56.63361365633237,0.2336136563323663,2026-09-29T11:03:39.387125+00:00,5.3,56.400000000000006
GP290926,Gloucester Park,29/09/2026,Twilight,3,8:20pm,7,Beau Toulouse,Tabtouch Punters Club Friday 13th November 3yo MS Pace,2130,9360,Fr5,Dylan Egerton-Green,Dylan Egerton-Green,5.7,19,5.26,-5.26,WA,19,1 out 2 back at bell,6,39.3,31.7,29.7,28.1,28.3,,,GP290926_R3,GP290926_R3|BEAU TOULOUSE,PACERS,Mobile,1X2,10.0,R/LINE,,56.09847071988065,-0.30152928011935387,2026-09-29T11:03:39.387125+00:00,5.7,56.400000000000006
GP290926,Gloucester Park,29/09/2026,Twilight,3,8:20pm,4,Crunchem,Tabtouch Punters Club Friday 13th November 3yo MS Pace,2130,9360,Fr6,Aiden De Campo,Aiden De Campo,4.3,16,6.25,-6.25,WA,16,1 out 3 back at bell,8,39.3,31.7,29.7,28.1,28.3,,,GP290926_R3,GP290926_R3|CRUNCHEM,PACERS,Mobile,1X3,14.0,R/LINE,,55.72434234901815,-0.6756576509818544,2026-09-29T11:03:39.387125+00:00,4.3,56.400000000000006
GP290926,Gloucester Park,29/09/2026,Twilight,3,8:20pm,5,Typhoon Treasure,Tabtouch Punters Club Friday 13th November 3yo MS Pace,2130,9360,Fr7,Aiden De Campo,Kylah Madden,4.9,16,6.25,-6.25,WA,16,"restrained after start, 4 back pegs at bell, held up for clear run",RAS 7 HU,39.3,31.7,29.7,28.1,28.3,,,GP290926_R3,GP290926_R3|TYPHOON TREASURE,PACERS,Mobile,4PEGS,12.0,PEGS,,55.90385330194524,-0.4961466980547655,2026-09-29T11:03:39.387125+00:00,4.9,56.400000000000006
GP290926,Gloucester Park,29/09/2026,Twilight,3,8:20pm,8,Ma Petite Dame,Tabtouch Punters Club Friday 13th November 3yo MS Pace,2130,9360,Fr8,Lisa Walton,Sara Grout,10.3,41,2.44,-2.44,WA,41,"restrained after start, 1 out 4 back at bell, held up for clear run",RAS 10 HU,39.3,31.7,29.7,28.1,28.3,,,GP290926_R3,GP290926_R3|MA PETITE DAME,PACERS,Mobile,1X4,18.0,R/LINE,,55.86232512071314,-0.5376748792868682,2026-09-29T11:03:39.387125+00:00,10.3,56.400000000000006
GP290926,Gloucester Park,29/09/2026,Twilight,3,8:20pm,9,Gentlemans Promise,Tabtouch Punters Club Friday 13th November 3yo MS Pace,2130,9360,Fr9,Kevin Keys,Briana Edman,12.3,13,7.69,-7.69,WA,13,"restrained after start, 5 back on pegs at bell",RAS 9,39.3,31.7,29.7,28.1,28.3,,,GP290926_R3,GP290926_R3|GENTLEMANS PROMISE,PACERS,Mobile,5PEGS,16.0,PEGS,,56.14035087719299,-0.25964912280701213,2026-09-29T11:03:39.387125+00:00,12.3,56.400000000000006
GP290926,Gloucester Park,29/09/2026,Twilight,3,8:20pm,3,Strong The Striker,Tabtouch Punters Club Friday 13th November 3yo MS Pace,2130,9360,Sr1,Ryan Bell,Liam Elliott,4.2,26,3.85,-3.85,WA,26,"over-raced, behind leader at bell",OVR 3,39.3,31.7,29.7,28.1,28.3,,,GP290926_R3,GP290926_R3|STRONG THE STRIKER,PACERS,Mobile,B/LEAD,4.0,PEGS,,56.41410352588147,0.014103525881466794,2026-09-29T11:03:39.387125+00:00,4.2,56.400000000000006
GP290926,Gloucester Park,29/09/2026,Twilight,4,8:50pm,11,Lady Of Leith,Kids Eat Free in Beau Rivage  Taste of WA MS Pace,2130,9360,Fr1,June Henderson,Sara Grout,91.998,91,1.1,-1.1,WA,91,behind leader at bell,3,37.8,31.3,30.6,28.6,28.8,,,GP290926_R4,GP290926_R4|LADY OF LEITH,PACERS,Mobile,B/LEAD,4.0,PEGS,,64.49420085898636,7.094200858986355,2026-09-29T11:03:39.387125+00:00,91.998,57.400000000000006
GP290926,Gloucester Park,29/09/2026,Twilight,4,8:50pm,1,I Like My Sweets NZ,Kids Eat Free in Beau Rivage  Taste of WA MS Pace,2130,9360,Fr2,Robbie Williams,Robbie Williams,,1.9,52.63,47.37,WA,1.9,leader at bell,1,37.8,31.3,30.6,28.6,28.8,,,GP290926_R4,GP290926_R4|I LIKE MY SWEETS,PACERS,Mobile,LEAD,0.0,PEGS,,57.400000000000006,0.0,2026-09-29T11:03:39.387125+00:00,0.0,57.400000000000006
GP290926,Gloucester Park,29/09/2026,Twilight,4,8:50pm,10,Luck From Above,Kids Eat Free in Beau Rivage  Taste of WA MS Pace,2130,9360,Fr3,Kaden Elliott,Kyle Harper,49.982,12,8.33,-8.33,WA,12,1 out 1 back at bell,4,37.8,31.3,30.6,28.6,28.8,,,GP290926_R4,GP290926_R4|LUCK FROM ABOVE,PACERS,Mobile,1X1,6.0,R/LINE,,60.739294567060576,3.33929456706057,2026-09-29T11:03:39.387125+00:00,49.982,57.400000000000006
GP290926,Gloucester Park,29/09/2026,Twilight,4,8:50pm,3,Dare To Lie,Kids Eat Free in Beau Rivage  Taste of WA MS Pace,2130,9360,Fr4,David Simmonds,Donald Harper,16.549,16,6.25,-6.25,WA,16,1 out 3 back at bell,8,37.8,31.3,30.6,28.6,28.8,,,GP290926_R4,GP290926_R4|DARE TO LIE,PACERS,Mobile,1X3,14.0,R/LINE,,57.58347534832862,0.18347534832861356,2026-09-29T11:03:39.387125+00:00,16.549,57.400000000000006
GP290926,Gloucester Park,29/09/2026,Twilight,4,8:50pm,4,Lets Rattlnroll,Kids Eat Free in Beau Rivage  Taste of WA MS Pace,2130,9360,Fr5,John Guagliardo,Jocelyn Young,19.11,3.8,26.32,-26.32,WA,3.8,1 out 4 back at bell,10,37.8,31.3,30.6,28.6,28.8,,,GP290926_R4,GP290926_R4|LETS RATTLNROLL,PACERS,Mobile,1X4,18.0,R/LINE,,57.47975315750604,0.07975315750603329,2026-09-29T11:03:39.387125+00:00,19.11,57.400000000000006
GP290926,Gloucester Park,29/09/2026,Twilight,4,8:50pm,6,Fillmypocket,Kids Eat Free in Beau Rivage  Taste of WA MS Pace,2130,9360,Fr6,Craig Hynam,Callan Suvaljko,35.431,61,1.64,-1.64,WA,61,5 back on pegs at bell,9,37.8,31.3,30.6,28.6,28.8,,,GP290926_R4,GP290926_R4|FILLMYPOCKET,PACERS,Mobile,5PEGS,16.0,PEGS,,58.82887995808187,1.4288799580818647,2026-09-29T11:03:39.387125+00:00,35.431,57.400000000000006
GP290926,Gloucester Park,29/09/2026,Twilight,4,8:50pm,7,Plastered,Kids Eat Free in Beau Rivage  Taste of WA MS Pace,2130,9360,Fr7,Michael Munro,Michael Munro,37.161,15,6.67,-6.67,WA,15,6 back on pegs at bell,11,37.8,31.3,30.6,28.6,28.8,,,GP290926_R4,GP290926_R4|PLASTERED,PACERS,Mobile,6PEGS,20.0,PEGS,,58.65829372323046,1.2582937232304516,2026-09-29T11:03:39.387125+00:00,37.161,57.400000000000006
GP290926,Gloucester Park,29/09/2026,Twilight,4,8:50pm,5,Canelo,Kids Eat Free in Beau Rivage  Taste of WA MS Pace,2130,9360,Fr8,Peter Tilbrook,Emily Suvaljko,22.772,9,11.11,-11.11,WA,9,1 out 5 back at bell,12,37.8,31.3,30.6,28.6,28.8,,,GP290926_R4,GP290926_R4|CANELO,PACERS,Mobile,1X5,22.0,R/LINE,,57.45544450394632,0.05544450394631184,2026-09-29T11:03:39.387125+00:00,22.772,57.400000000000006
GP290926,Gloucester Park,29/09/2026,Twilight,4,8:50pm,8,Charli Brown,Kids Eat Free in Beau Rivage  Taste of WA MS Pace,2130,9360,Fr9,Wayne Justins,Ryan Warwick,38.61,16,6.25,-6.25,WA,16,outside leader at bell,2,37.8,31.3,30.6,28.6,28.8,,,GP290926_R4,GP290926_R4|CHARLI BROWN,PACERS,Mobile,DEATH,2.0,DEATH,,60.15273975294411,2.752739752944102,2026-09-29T11:03:39.387125+00:00,38.61,57.400000000000006
GP290926,Gloucester Park,29/09/2026,Twilight,4,8:50pm,12,Internal Affairs,Kids Eat Free in Beau Rivage  Taste of WA MS Pace,2130,9360,Sr1,Logan Egerton-Green,Dylan Egerton-Green,115.655,81,1.23,-1.23,WA,81,3 back pegs at bell,5,37.8,31.3,30.6,28.6,28.8,,,GP290926_R4,GP290926_R4|INTERNAL AFFAIRS,PACERS,Mobile,3PEGS,8.0,PEGS,,,,2026-09-29T11:03:39.387125+00:00,115.655,57.400000000000006
GP290926,Gloucester Park,29/09/2026,Twilight,4,8:50pm,2,Bettor Wash Up,Kids Eat Free in Beau Rivage  Taste of WA MS Pace,2130,9360,Sr2,Michael George,Stuart McDonald,11.413,23,4.35,-4.35,WA,23,1 out 2 back at bell,6,37.8,31.3,30.6,28.6,28.8,,,GP290926_R4,GP290926_R4|BETTOR WASH UP,PACERS,Mobile,1X2,10.0,R/LINE,,57.501562134119396,0.10156213411939063,2026-09-29T11:03:39.387125+00:00,11.413,57.400000000000006
GP290926,Gloucester Park,29/09/2026,Twilight,4,8:50pm,9,Idealincider,Kids Eat Free in Beau Rivage  Taste of WA MS Pace,2130,9360,Sr3,Ashleigh Markham,Ashleigh Markham,40.098,151,0.66,-0.66,WA,151,4 back pegs at bell,7,37.8,31.3,30.6,28.6,28.8,,,GP290926_R4,GP290926_R4|IDEALINCIDER,PACERS,Mobile,4PEGS,12.0,PEGS,,59.48941705035096,2.089417050350953,2026-09-29T11:03:39.387125+00:00,40.098,57.400000000000006
SP290926,Shepparton,29/09/2026,Night,7,8:30pm,8,Lilnova,Munro & Associates Conveyancing Pace,1690,5000,Fr1,Matthew Higgins,Chris Alford,22.946,126,0.79,-0.79,VIC,126,3 back on pegs at bell,5,5.3,28.4,30.7,29.3,30.1,,,SP290926_R7,SP290926_R7|LILNOVA,PACERS,Mobile,3PEGS,8.0,PEGS,,60.53086794029456,1.1308679402945572,2026-09-29T11:03:39.387125+00:00,22.946,59.400000000000006
SP290926,Shepparton,29/09/2026,Night,7,8:30pm,6,I See Iris,Munro & Associates Conveyancing Pace,1690,5000,Fr2,Mathew Beecroft,Sean O'Sullivan,9.776,10,10.0,-10.0,VIC,10,"vets examination before race, gate speed, behind leader at bell, vets examination after race, vets examination after race",VXBR GS 3 VXAR,5.3,28.4,30.7,29.3,30.1,,,SP290926_R7,SP290926_R7|I SEE IRIS,PACERS,Mobile,B/LEAD,4.0,PEGS,,59.831986945748305,0.43198694574829943,2026-09-29T11:03:39.387125+00:00,9.776,59.400000000000006
SP290926,Shepparton,29/09/2026,Night,7,8:30pm,3,Arraps,Munro & Associates Conveyancing Pace,1690,5000,Fr3,Donna Castles,Donna Castles,2.414,2.8,35.71,-35.71,VIC,2.8,"pre race swab, gate speed, tightened, outside leader at bell",PRS GS T 2,5.3,28.4,30.7,29.3,30.1,,,SP290926_R7,SP290926_R7|ARRAPS,PACERS,Mobile,DEATH,2.0,DEATH,,59.43075541592775,0.030755415927743,2026-09-29T11:03:39.387125+00:00,2.414,59.400000000000006
SP290926,Shepparton,29/09/2026,Night,7,8:30pm,5,The Ladybird NZ,Munro & Associates Conveyancing Pace,1690,5000,Fr4,John Tormey,Ellen Tormey,7.135,7,14.29,-14.29,VIC,7,"restrained after start, 1 out 4 back at bell, held up early, quer driving tactics, quer driving tactics",RAS 10 HUE QDT,5.3,28.4,30.7,29.3,30.1,,,SP290926_R7,SP290926_R7|THE LADYBIRD,PACERS,Mobile,1X4,18.0,R/LINE,,58.60408329376654,-0.7959167062334629,2026-09-29T11:03:39.387125+00:00,7.135,59.400000000000006
SP290926,Shepparton,29/09/2026,Night,7,8:30pm,4,Shezabluechip,Munro & Associates Conveyancing Pace,1690,5000,Fr5,Glenn Bull,Shannon O'Sullivan,2.816,8.5,11.76,-11.76,VIC,8.5,1 out 1 back at bell,4,5.3,28.4,30.7,29.3,30.1,,,SP290926_R7,SP290926_R7|SHEZABLUECHIP,PACERS,Mobile,1X1,6.0,R/LINE,,59.16452518974482,-0.2354748102551838,2026-09-29T11:03:39.387125+00:00,2.816,59.400000000000006
SP290926,Shepparton,29/09/2026,Night,7,8:30pm,7,Fake Cullection,Munro & Associates Conveyancing Pace,1690,5000,Fr6,Glenn Bull,Glenn Bull,12.66,41,2.44,-2.44,VIC,41,"gate speed, shifted in, driver cautioned tightening, led, leader at bell",GS SHI D/CT L 1,5.3,28.4,30.7,29.3,30.1,,,SP290926_R7,SP290926_R7|FAKE CULLECTION,PACERS,Mobile,LEAD,0.0,PEGS,,60.35511977036605,0.9551197703660463,2026-09-29T11:03:39.387125+00:00,12.66,59.400000000000006
SP290926,Shepparton,29/09/2026,Night,7,8:30pm,1,Yella,Munro & Associates Conveyancing Pace,1690,5000,Fr7,Julie Douglas,Tasmyn Potter,,4.2,23.81,76.19,VIC,4.2,"restrained after start, 1 out 3 back at bell",RAS 8,5.3,28.4,30.7,29.3,30.1,,,SP290926_R7,SP290926_R7|YELLA,PACERS,Mobile,1X3,14.0,R/LINE,,58.37837837837838,-1.0216216216216267,2026-09-29T11:03:39.387125+00:00,0.0,59.400000000000006
SP290926,Shepparton,29/09/2026,Night,7,8:30pm,2,Beryls Boots,Munro & Associates Conveyancing Pace,1690,5000,Sr1,David Sweatman,Damian Wilson,0.121,3.9,25.64,-25.64,VIC,3.9,1 out 2 back at bell,6,5.3,28.4,30.7,29.3,30.1,,,SP290926_R7,SP290926_R7|BERYLS BOOTS,PACERS,Mobile,1X2,10.0,R/LINE,,58.67543176202865,-0.7245682379713543,2026-09-29T11:03:39.387125+00:00,0.121,59.400000000000006
SP290926,Shepparton,29/09/2026,Night,8,9:00pm,6,Arties Courage,Neatline 3yo Pace,1690,6000,Fr1,Courtney Laker,Leigh Sutton,30.925,9,11.11,-11.11,VIC,9,3 back on pegs at bell,5,5.5,28.1,32.2,28.4,27.5,,,SP290926_R8,SP290926_R8|ARTIES COURAGE,PACERS,Mobile,3PEGS,8.0,PEGS,,57.54914261815139,1.6491426181513944,2026-09-29T11:10:21.440635+00:00,30.925,55.9
SP290926,Shepparton,29/09/2026,Night,8,9:00pm,5,Just My Luck,Neatline 3yo Pace,1690,6000,Fr2,Steven Duffy,Nathan Jack,26.124,126,0.79,-0.79,VIC,126,4 back on the pegs at bell,7,5.5,28.1,32.2,28.4,27.5,,,SP290926_R8,SP290926_R8|JUST MY LUCK,PACERS,Mobile,4PEGS,12.0,PEGS,,56.904651624429306,1.0046516244293073,2026-09-29T11:10:21.440635+00:00,26.124,55.9
SP290926,Shepparton,29/09/2026,Night,8,9:00pm,4,Like No Other,Neatline 3yo Pace,1690,6000,Fr3,Mark Watson,Ellen Tormey,20.881,41,2.44,-2.44,VIC,41,1 out 1 back at bell,4,5.5,28.1,32.2,28.4,27.5,,,SP290926_R8,SP290926_R8|LIKE NO OTHER,PACERS,Mobile,1X1,6.0,R/LINE,,56.959518238636434,1.0595182386364357,2026-09-29T11:10:21.440635+00:00,20.881,55.9
SP290926,Shepparton,29/09/2026,Night,8,9:00pm,3,La Smooch,Neatline 3yo Pace,1690,6000,Fr4,Wayne Potter,Tasmyn Potter,6.84,12,8.33,-8.33,VIC,12,behind leader at bell,3,5.5,28.1,32.2,28.4,27.5,,,SP290926_R8,SP290926_R8|LA SMOOCH,PACERS,Mobile,B/LEAD,4.0,PEGS,,56.09915198956295,0.19915198956294944,2026-09-29T11:10:21.440635+00:00,6.84,55.9
SP290926,Shepparton,29/09/2026,Night,8,9:00pm,1,Rom Baro,Neatline 3yo Pace,1690,6000,Fr5,Charlene Gusman,Liam Older,,1.8,55.56,44.44,VIC,1.8,leader at bell,1,5.5,28.1,32.2,28.4,27.5,,,SP290926_R8,SP290926_R8|ROM BARO,PACERS,Mobile,LEAD,0.0,PEGS,,55.89999999999999,-7.105427357601002e-15,2026-09-29T11:10:21.440635+00:00,0.0,55.9
SP290926,Shepparton,29/09/2026,Night,8,9:00pm,2,Delizioso,Neatline 3yo Pace,1690,6000,Fr6,Craig Turnbull,Abbey Turnbull,0.376,2.25,44.44,-44.44,VIC,2.25,outside leader at bell,2,5.5,28.1,32.2,28.4,27.5,,,SP290926_R8,SP290926_R8|DELIZIOSO,PACERS,Mobile,DEATH,2.0,DEATH,,55.78675289162999,-0.11324710837001106,2026-09-29T11:10:21.440635+00:00,0.376,55.9
SP290926,Shepparton,29/09/2026,Night,8,9:00pm,7,Nova Storm,Neatline 3yo Pace,1690,6000,Fr7,Nick Youngson,Scott Torney,131.198,151,0.66,-0.66,VIC,151,5 back on the pegs at bell,9,5.5,28.1,32.2,28.4,27.5,,,SP290926_R8,SP290926_R8|NOVA STORM,PACERS,Mobile,5PEGS,16.0,PEGS,,,,2026-09-29T11:10:21.440635+00:00,131.198,55.9
GP290926,Gloucester Park,29/09/2026,Twilight,5,9:20pm,1,Money Well Spent NZ,Free Children's Activities 2nd & 9th October MS Pace,2130,9360,Fr1,Craig Hynam,Shannon Suvaljko,,7.5,13.33,86.67,WA,7.5,leader at bell,1,36.7,31.6,30.5,30.3,30.2,,,GP290926_R5,GP290926_R5|MONEY WELL SPENT,PACERS,Mobile,LEAD,0.0,PEGS,,60.5,0.0,2026-09-29T11:30:21.106880+00:00,0.0,60.5
GP290926,Gloucester Park,29/09/2026,Twilight,5,9:20pm,11,World Of Rock,Free Children's Activities 2nd & 9th October MS Pace,2130,9360,Fr2,Hayden Reeves,Stuart McDonald,29.222,9,11.11,-11.11,WA,9,3 back pegs at bell,5,36.7,31.6,30.5,30.3,30.2,,,GP290926_R5,GP290926_R5|WORLD OF ROCK,PACERS,Mobile,3PEGS,8.0,PEGS,,62.148648266900196,1.6486482669001958,2026-09-29T11:30:21.106880+00:00,29.222,60.5
GP290926,Gloucester Park,29/09/2026,Twilight,5,9:20pm,7,Wesmedad,Free Children's Activities 2nd & 9th October MS Pace,2130,9360,Fr3,Hayden Reeves,Trent Wheeler,18.681,51,1.96,-1.96,WA,51,1 out 3 back at bell,8,36.7,31.6,30.5,30.3,30.2,,,GP290926_R5,GP290926_R5|WESMEDAD,PACERS,Mobile,1X3,14.0,R/LINE,,60.85608416245557,0.3560841624555735,2026-09-29T11:30:21.106880+00:00,18.681,60.5
GP290926,Gloucester Park,29/09/2026,Twilight,5,9:20pm,8,Yankeedelight NZ,Free Children's Activities 2nd & 9th October MS Pace,2130,9360,Fr4,Brock Johnson,Brock Johnson,20.425,91,1.1,-1.1,WA,91,1 out 1 back at bell,4,36.7,31.6,30.5,30.3,30.2,,,GP290926_R5,GP290926_R5|YANKEEDELIGHT,PACERS,Mobile,1X1,6.0,R/LINE,,61.61092193616141,1.1109219361614109,2026-09-29T11:30:21.106880+00:00,20.425,60.5
GP290926,Gloucester Park,29/09/2026,Twilight,5,9:20pm,5,Elleofareactor,Free Children's Activities 2nd & 9th October MS Pace,2130,9360,Fr5,Peter Tilbrook,Emily Suvaljko,10.755,31,3.23,-3.23,WA,31,4 back pegs at bell,7,36.7,31.6,30.5,30.3,30.2,,,GP290926_R5,GP290926_R5|ELLEOFAREACTOR,PACERS,Mobile,4PEGS,12.0,PEGS,,60.40599317312433,-0.09400682687567041,2026-09-29T11:30:21.106880+00:00,10.755,60.5
GP290926,Gloucester Park,29/09/2026,Twilight,5,9:20pm,3,Fuego Cruzado,Free Children's Activities 2nd & 9th October MS Pace,2130,9360,Fr6,Matthew Scott,Kylah Madden,2.629,26,3.85,-3.85,WA,26,5 back on pegs at bell,9,36.7,31.6,30.5,30.3,30.2,,,GP290926_R5,GP290926_R5|FUEGO CRUZADO,PACERS,Mobile,5PEGS,16.0,PEGS,,59.50544093654679,-0.9945590634532095,2026-09-29T11:30:21.106880+00:00,2.629,60.5
GP290926,Gloucester Park,29/09/2026,Twilight,5,9:20pm,6,Rockability,Free Children's Activities 2nd & 9th October MS Pace,2130,9360,Fr7,Luke Edwards,Gary Hall Jnr,10.943,2.05,48.78,-48.78,WA,2.05,outside leader at bell,2,36.7,31.6,30.5,30.3,30.2,,,GP290926_R5,GP290926_R5|ROCKABILITY,PACERS,Mobile,DEATH,2.0,DEATH,,61.183960195030195,0.6839601950301955,2026-09-29T11:30:21.106880+00:00,10.943,60.5
GP290926,Gloucester Park,29/09/2026,Twilight,5,9:20pm,2,Cloud Nine NZ,Free Children's Activities 2nd & 9th October MS Pace,2130,9360,Fr8,Donald Harper,Donald Harper,1.287,13,7.69,-7.69,WA,13,3 wide and 1 back at bell,W2,36.7,31.6,30.5,30.3,30.2,,,GP290926_R5,GP290926_R5|CLOUD NINE,PACERS,Mobile,3X1,7.0,R/LINE,,60.0710178438228,-0.4289821561771987,2026-09-29T11:30:21.106880+00:00,1.287,60.5
GP290926,Gloucester Park,29/09/2026,Twilight,5,9:20pm,9,Rambo Rabbit,Free Children's Activities 2nd & 9th October MS Pace,2130,9360,Fr9,Sarah Suvaljko,Aiden De Campo,20.907,13,7.69,-7.69,WA,13,3 wide without cover at bell,W1,36.7,31.6,30.5,30.3,30.2,,,GP290926_R5,GP290926_R5|RAMBO RABBIT,PACERS,Mobile,3WIDE,3.0,R/LINE,,61.88522336857637,1.3852233685763693,2026-09-29T11:30:21.106880+00:00,20.907,60.5
GP290926,Gloucester Park,29/09/2026,Twilight,5,9:20pm,4,Philthejug,Free Children's Activities 2nd & 9th October MS Pace,2130,9360,Sr1,Daniel Costello,Chris Voak,2.709,12,8.33,-8.33,WA,12,behind leader at bell,3,36.7,31.6,30.5,30.3,30.2,,,GP290926_R5,GP290926_R5|PHILTHEJUG,PACERS,Mobile,B/LEAD,4.0,PEGS,,60.40252542459606,-0.09747457540394322,2026-09-29T11:30:21.106880+00:00,2.709,60.5
GP290926,Gloucester Park,29/09/2026,Twilight,5,9:20pm,10,Strike Master NZ,Free Children's Activities 2nd & 9th October MS Pace,2130,9360,Sr2,Ryan Cummins,Abbey Vidovich,24.837,7.5,13.33,-13.33,WA,7.5,1 out 2 back at bell,6,36.7,31.6,30.5,30.3,30.2,,,GP290926_R5,GP290926_R5|STRIKE MASTER,PACERS,Mobile,1X2,10.0,R/LINE,,61.64325114657721,1.1432511465772066,2026-09-29T11:30:21.106880+00:00,24.837,60.5
SP290926,Shepparton,29/09/2026,Night,9,9:30pm,1,Mi Bow,Gv Plaster Products Maiden Trot,1690,6000,Fr1,Ross Graham,James Herbertson,,2.5,40.0,60.0,VIC,2.5,leader at bell,1,6.1,31.3,32.3,30.4,29.5,,,SP290926_R9,SP290926_R9|MI BOW,TROTTERS,Mobile,LEAD,0.0,PEGS,,59.9,0.0,2026-09-29T11:40:21.035361+00:00,0.0,59.9
SP290926,Shepparton,29/09/2026,Night,9,9:30pm,3,Gym Queen,Gv Plaster Products Maiden Trot,1690,6000,Fr2,Kari Males,Josh Duggan,11.895,3.5,28.57,-28.57,VIC,3.5,behind leader at bell,3,6.1,31.3,32.3,30.4,29.5,,,SP290926_R9,SP290926_R9|GYM QUEEN,TROTTERS,Mobile,B/LEAD,4.0,PEGS,,60.49703006545849,0.5970300654584904,2026-09-29T11:40:21.035361+00:00,11.895,59.9
SP290926,Shepparton,29/09/2026,Night,9,9:30pm,2,Over Here,Gv Plaster Products Maiden Trot,1690,6000,Fr3,Donna Castles,Donna Castles,3.5,2.9,34.48,-34.48,VIC,2.9,3 back on pegs at bell,5,6.1,31.3,32.3,30.4,29.5,,,SP290926_R9,SP290926_R9|OVER HERE,TROTTERS,Mobile,3PEGS,8.0,PEGS,,59.564947172156614,-0.3350528278433842,2026-09-29T11:40:21.035361+00:00,3.5,59.9
SP290926,Shepparton,29/09/2026,Night,9,9:30pm,4,Dressedupinthecity,Gv Plaster Products Maiden Trot,1690,6000,Fr4,Nick Youngson,Scott Torney,14.779,14,7.14,-7.14,VIC,14,5 back on the pegs at bell,9,6.1,31.3,32.3,30.4,29.5,,,SP290926_R9,SP290926_R9|DRESSEDUPINTHECITY,TROTTERS,Mobile,5PEGS,16.0,PEGS,,59.80871694576153,-0.09128305423846683,2026-09-29T11:40:21.035361+00:00,14.779,59.9
SP290926,Shepparton,29/09/2026,Night,9,9:30pm,5,Skye Diva,Gv Plaster Products Maiden Trot,1690,6000,Fr5,Ross Graham,Liam Older,55.722,13,7.69,-7.69,VIC,13,4 back on the pegs at bell,7,6.1,31.3,32.3,30.4,29.5,,,SP290926_R9,SP290926_R9|SKYE DIVA,TROTTERS,Mobile,4PEGS,12.0,PEGS,,63.362943256315795,3.4629432563157962,2026-09-29T11:40:21.035361+00:00,55.722,59.9
SP290926,Shepparton,29/09/2026,Night,9,9:30pm,6,Solo Sapphire,Gv Plaster Products Maiden Trot,1690,6000,Fr6,Nick Youngson,Nick Youngson,202.732,41,2.44,-2.44,VIC,41,tailed off at bell,17,6.1,31.3,32.3,30.4,29.5,,,SP290926_R9,SP290926_R9|SOLO SAPPHIRE,TROTTERS,Mobile,TO,99.0,TO,,,,2026-09-29T11:40:21.035361+00:00,202.732,59.9
YU290926,Young,29/09/2026,Night,6,8:10pm,2,Ideal Lilly,Young Cellars 3yo Fillies Pace,1720,11832,Fr1,Norm Jerrick,Peter McRae,5.7,4.2,23.81,-23.81,NSW,4.2,"bell lap, behind leader",BL 3,6.4,30.1,32.6,29.3,29.0,,,YU290926_R6,YU290926_R6|IDEAL LILLY,PACERS,Mobile,B/LEAD,4.0,PEGS,,58.42415132155831,0.12415132155831543,2026-09-29T10:20:20.936114+00:00,5.7,58.3
YU290926,Young,29/09/2026,Night,6,8:10pm,1,Alwaysbdreaming,Young Cellars 3yo Fillies Pace,1720,11832,Fr2,Bruce Harpley,Bruce Harpley,,1.35,74.07,25.93,NSW,1.35,"gate speed, led, bell lap, leader, swabbed",GS L BL 1 SWAB,6.4,30.1,32.6,29.3,29.0,,,YU290926_R6,YU290926_R6|ALWAYSBDREAMING,PACERS,Mobile,LEAD,0.0,PEGS,,58.3,0.0,2026-09-29T10:20:20.936114+00:00,0.0,58.3
YU290926,Young,29/09/2026,Night,6,8:10pm,6,Brooklyns Gem,Young Cellars 3yo Fillies Pace,1720,11832,Fr3,Steven Lee,George Lee,21.8,16,6.25,-6.25,NSW,16,"pre race blood test, restrained after start, bell lap, 1 out 2 back",PRBT RAS BL 6,6.4,30.1,32.6,29.3,29.0,,,YU290926_R6,YU290926_R6|BROOKLYNS GEM,PACERS,Mobile,1X2,10.0,R/LINE,,59.17279878203501,0.8727987820350123,2026-09-29T10:20:20.936114+00:00,21.8,58.3
YU290926,Young,29/09/2026,Night,6,8:10pm,5,Vinies Jolt,Young Cellars 3yo Fillies Pace,1720,11832,Fr4,Wendy Turnbull,Jason Turnbull,21.5,41,2.44,-2.44,NSW,41,"gate speed, bell lap, outside leader",GS BL 2,6.4,30.1,32.6,29.3,29.0,,,YU290926_R6,YU290926_R6|VINIES JOLT,PACERS,Mobile,DEATH,2.0,DEATH,,59.7565663036515,1.4565663036515062,2026-09-29T10:20:20.936114+00:00,21.5,58.3
YU290926,Young,29/09/2026,Night,6,8:10pm,7,Redemption Miss,Young Cellars 3yo Fillies Pace,1720,11832,Fr5,Bernie Hewitt,Jason Hewitt,23.3,18,5.56,-5.56,NSW,18,"broke, warning issued, bell lap, 1 out 3 back, held up early",B WI BL 8 HUE,6.4,30.1,32.6,29.3,29.0,,,YU290926_R6,YU290926_R6|REDEMPTION MISS,PACERS,Mobile,1X3,14.0,R/LINE,,58.98570886556216,0.6857088655621624,2026-09-29T10:20:20.936114+00:00,23.3,58.3
YU290926,Young,29/09/2026,Night,6,8:10pm,8,Tulhurst Mouse,Young Cellars 3yo Fillies Pace,1720,11832,Fr6,Nathan Hurst,Nathan Hurst,28.3,81,1.23,-1.23,NSW,81,"restrained after start, bell lap, 6 back on the pegs",RAS BL 11,6.4,30.1,32.6,29.3,29.0,,,YU290926_R6,YU290926_R6|TULHURST MOUSE,PACERS,Mobile,6PEGS,20.0,PEGS,,58.91120373878994,0.6112037387899463,2026-09-29T10:20:20.936114+00:00,28.3,58.3
YU290926,Young,29/09/2026,Night,6,8:10pm,3,Miss Tapdance,Young Cellars 3yo Fillies Pace,1720,11832,Sr1,Robert Ryan,Mick Sullivan,16.7,126,0.79,-0.79,NSW,126,"bell lap, 3 back on pegs",BL 5,6.4,30.1,32.6,29.3,29.0,,,YU290926_R6,YU290926_R6|MISS TAPDANCE,PACERS,Mobile,3PEGS,8.0,PEGS,,58.94098319221535,0.6409831922153515,2026-09-29T10:20:20.936114+00:00,16.7,58.3
YU290926,Young,29/09/2026,Night,6,8:10pm,10,Youdell,Young Cellars 3yo Fillies Pace,1720,11832,Sr2,Olivia Frisby,Olivia Frisby,33.8,51,1.96,-1.96,NSW,51,"inconvenienced, bell lap, 1 out 1 back",INC BL 4,6.4,30.1,32.6,29.3,29.0,,,YU290926_R6,YU290926_R6|YOUDELL,PACERS,Mobile,1X1,6.0,R/LINE,,60.398860398860386,2.0988603988603884,2026-09-29T10:20:20.936114+00:00,33.8,58.3
YU290926,Young,29/09/2026,Night,6,8:10pm,9,Navarlies Dream,Young Cellars 3yo Fillies Pace,1720,11832,Sr3,Justin Reynolds,Mat Rue,29.3,34,2.94,-2.94,NSW,34,"inconvenienced, bell lap, 5 back on the pegs",INC BL 9,6.4,30.1,32.6,29.3,29.0,,,YU290926_R6,YU290926_R6|NAVARLIES DREAM,PACERS,Mobile,5PEGS,16.0,PEGS,,59.28562349053006,0.9856234905300596,2026-09-29T10:20:20.936114+00:00,29.3,58.3
YU290926,Young,29/09/2026,Night,6,8:10pm,4,Im Starving,Young Cellars 3yo Fillies Pace,1720,11832,Sr4,Justin Reynolds,Jett Turnbull,20.4,17,5.88,-5.88,NSW,17,"bell lap, 4 back on the pegs, held up",BL 7 HU,6.4,30.1,32.6,29.3,29.0,,,YU290926_R6,YU290926_R6|IM STARVING,PACERS,Mobile,4PEGS,12.0,PEGS,,58.91864578069732,0.6186457806973209,2026-09-29T10:20:20.936114+00:00,20.4,58.3
YU290926,Young,29/09/2026,Night,7,8:40pm,4,Valentine Girl,Riverina Stockfeeds 2yo Fillies Pace,1720,11832,Fr1,Nathan Hurst,Mat Rue,6.8,12,8.33,-8.33,NSW,12,"gate speed, led, contacted marker pegs, Surrendered lead early, bell lap, behind leader, hung out under pressure",GS L CMP SLE BL 3 HOUP,6.8,28.9,31.2,30.5,28.5,,,YU290926_R7,YU290926_R7|VALENTINE GIRL,PACERS,Mobile,B/LEAD,4.0,PEGS,,59.20722528850978,0.2072252885097825,2026-09-29T11:03:39.387125+00:00,6.8,59.0
YU290926,Young,29/09/2026,Night,7,8:40pm,9,Naes Got Class,Riverina Stockfeeds 2yo Fillies Pace,1720,11832,Fr2,Graham Betts,Graham Betts,67.1,151,0.66,-0.66,NSW,151,"hung out after start, warning issued, contacted sulky, checked and broke, bell lap, 1 out 3 back, vet's examination after race, condition reported, stood down vet certificate",HOAS WI CTS CB BL 8 VXAR CR SDVC,6.8,28.9,31.2,30.5,28.5,,,YU290926_R7,YU290926_R7|NAES GOT CLASS,PACERS,Mobile,1X3,14.0,R/LINE,,63.19453742134154,4.194537421341543,2026-09-29T11:03:39.387125+00:00,67.1,59.0
YU290926,Young,29/09/2026,Night,7,8:40pm,7,Noogaleek Offkilta,Riverina Stockfeeds 2yo Fillies Pace,1720,11832,Fr3,Matthew McCaffery,Matthew McCaffery,37.5,17,5.88,-5.88,NSW,17,"checked, bell lap, 1 out 1 back, checked and raced roughly, inconvenienced",C BL 4 CRR INC,6.8,28.9,31.2,30.5,28.5,,,YU290926_R7,YU290926_R7|NOOGALEEK OFFKILTA,PACERS,Mobile,1X1,6.0,R/LINE,,61.41834743005855,2.418347430058553,2026-09-29T11:03:39.387125+00:00,37.5,59.0
YU290926,Young,29/09/2026,Night,7,8:40pm,8,Rock The Jet,Riverina Stockfeeds 2yo Fillies Pace,1720,11832,Fr4,Jackson Painting,Jackson Painting,58.2,2.1,47.62,-47.62,NSW,2.1,"broke in score up, caused false start, raced roughly after start, warning issued, hung in, sulky contacted, inconvenienced, bell lap, outside leader, gave ground",BSU CFS RRAS WI HI SCT INC BL 2 GG,6.8,28.9,31.2,30.5,28.5,,,YU290926_R7,YU290926_R7|ROCK THE JET,PACERS,Mobile,DEATH,2.0,DEATH,,63.4579187953751,4.4579187953751,2026-09-29T11:03:39.387125+00:00,58.2,59.0
YU290926,Young,29/09/2026,Night,7,8:40pm,10,Tulhurst Postergal,Riverina Stockfeeds 2yo Fillies Pace,1720,11832,Fr5,Nathan Hurst,Nathan Hurst,123.6,26,3.85,-3.85,NSW,26,"restrained after start, checked and broke, bell lap, 6 back on the pegs, broke, stood down 1 trial",RAS CB BL 11 B SD1T,6.8,28.9,31.2,30.5,28.5,,,YU290926_R7,YU290926_R7|TULHURST POSTERGAL,PACERS,Mobile,6PEGS,20.0,PEGS,,,,2026-09-29T11:03:39.387125+00:00,123.6,59.0
YU290926,Young,29/09/2026,Night,7,8:40pm,6,Surprise Arrival,Riverina Stockfeeds 2yo Fillies Pace,1720,11832,Fr6,Graham Betts,Phoebe Betts,35.8,41,2.44,-2.44,NSW,41,"checked, bell lap, 1 out 2 back",C BL 6,6.8,28.9,31.2,30.5,28.5,,,YU290926_R7,YU290926_R7|SURPRISE ARRIVAL,PACERS,Mobile,1X2,10.0,R/LINE,,60.96615861534487,1.9661586153448667,2026-09-29T11:03:39.387125+00:00,35.8,59.0
YU290926,Young,29/09/2026,Night,7,8:40pm,1,Your Shuffle,Riverina Stockfeeds 2yo Fillies Pace,1720,11832,Sr1,Jason Hewitt,Jason Hewitt,,3.9,25.64,74.36,NSW,3.9,"pre race blood test, worked forward, led, bell lap, leader, swabbed",PRBT WF L BL 1 SWAB,6.8,28.9,31.2,30.5,28.5,,,YU290926_R7,YU290926_R7|YOUR SHUFFLE,PACERS,Mobile,LEAD,0.0,PEGS,,59.0,0.0,2026-09-29T11:03:39.387125+00:00,0.0,59.0
YU290926,Young,29/09/2026,Night,7,8:40pm,5,Mammals Gem,Riverina Stockfeeds 2yo Fillies Pace,1720,11832,Sr2,Joe DeMamiel,Michael Jnr Day,24.3,41,2.44,-2.44,NSW,41,"bell lap, 5 back on the pegs",BL 9,6.8,28.9,31.2,30.5,28.5,,,YU290926_R7,YU290926_R7|MAMMALS GEM,PACERS,Mobile,5PEGS,16.0,PEGS,,59.61854237716307,0.6185423771630667,2026-09-29T11:03:39.387125+00:00,24.3,59.0
YU290926,Young,29/09/2026,Night,7,8:40pm,3,Our Charli Girl,Riverina Stockfeeds 2yo Fillies Pace,1720,11832,Sr3,Stan Townsend,Nathan Townsend,6.8,19,5.26,-5.26,NSW,19,"bell lap, 3 back on pegs, shifted out, driver suspended 14 days, caused interference",BL 5 SHO D/S14D CI,6.8,28.9,31.2,30.5,28.5,,,YU290926_R7,YU290926_R7|OUR CHARLI GIRL,PACERS,Mobile,3PEGS,8.0,PEGS,,58.911632551173234,-0.08836744882676584,2026-09-29T11:03:39.387125+00:00,6.8,59.0
YU290926,Young,29/09/2026,Night,7,8:40pm,2,Eleanor Street,Riverina Stockfeeds 2yo Fillies Pace,1720,11832,Sr4,Nathan Turnbull,Jett Turnbull,6.7,5,20.0,-20.0,NSW,5,"bell lap, 4 back on the pegs, inconvenienced",BL 7 INC,6.8,28.9,31.2,30.5,28.5,,,YU290926_R7,YU290926_R7|ELEANOR STREET,PACERS,Mobile,4PEGS,12.0,PEGS,,58.61169750403577,-0.3883024959642327,2026-09-29T11:03:39.387125+00:00,6.7,59.0
GP290926,Gloucester Park,29/09/2026,Twilight,6,9:50pm,2,Torrevean Amy,"Bouncy Castle and Animal Farm 2nd, 9th October MS Pace",2130,9360,Fr1,Sam Torre,Deni Roberts,2.119,6,16.67,-16.67,WA,6,behind leader at bell,3,37.7,31.1,30.5,28.5,29.1,,,GP290926_R6,GP290926_R6|TORREVEAN AMY,PACERS,Mobile,B/LEAD,4.0,PEGS,,57.4648856875272,-0.13511431247280115,2026-09-29T12:00:21.075714+00:00,2.119,57.6
GP290926,Gloucester Park,29/09/2026,Twilight,6,9:50pm,7,Graceful Shark,"Bouncy Castle and Animal Farm 2nd, 9th October MS Pace",2130,9360,Fr2,Julie O'Neill,Emily Suvaljko,18.105,17,5.88,-5.88,WA,17,outside leader at bell,2,37.7,31.1,30.5,28.5,29.1,,,GP290926_R6,GP290926_R6|GRACEFUL SHARK,PACERS,Mobile,DEATH,2.0,DEATH,,58.783382978587696,1.1833829785876944,2026-09-29T12:00:21.075714+00:00,18.105,57.6
GP290926,Gloucester Park,29/09/2026,Twilight,6,9:50pm,3,The First Cut,"Bouncy Castle and Animal Farm 2nd, 9th October MS Pace",2130,9360,Fr3,Robbie Williams,Robbie Williams,7.121,4.33,23.09,-23.09,WA,4.33,1 out 1 back at bell,4,37.7,31.1,30.5,28.5,29.1,,,GP290926_R6,GP290926_R6|THE FIRST CUT,PACERS,Mobile,1X1,6.0,R/LINE,,57.68082525639052,0.08082525639051852,2026-09-29T12:00:21.075714+00:00,7.121,57.6
GP290926,Gloucester Park,29/09/2026,Twilight,6,9:50pm,1,Cherry On The Cake,"Bouncy Castle and Animal Farm 2nd, 9th October MS Pace",2130,9360,Fr4,Eric Chabros,Eric Chabros,,2.8,35.71,64.29,WA,2.8,leader at bell,1,37.7,31.1,30.5,28.5,29.1,,,GP290926_R6,GP290926_R6|CHERRY ON THE CAKE,PACERS,Mobile,LEAD,0.0,PEGS,,57.60000000000001,7.105427357601002e-15,2026-09-29T12:00:21.075714+00:00,0.0,57.6
GP290926,Gloucester Park,29/09/2026,Twilight,6,9:50pm,9,Dougs Legacy,"Bouncy Castle and Animal Farm 2nd, 9th October MS Pace",2130,9360,Fr5,David Simmonds,Gary Hall Jnr,29.584,4.33,23.09,-23.09,WA,4.33,1 out 2 back at bell,6,37.7,31.1,30.5,28.5,29.1,,,GP290926_R6,GP290926_R6|DOUGS LEGACY,PACERS,Mobile,1X2,10.0,R/LINE,,59.04543217976054,1.4454321797605374,2026-09-29T12:00:21.075714+00:00,29.584,57.6
GP290926,Gloucester Park,29/09/2026,Twilight,6,9:50pm,6,Reddy To Fly,"Bouncy Castle and Animal Farm 2nd, 9th October MS Pace",2130,9360,Fr6,Hayden Reeves,Trent Wheeler,16.79,26,3.85,-3.85,WA,26,4 back pegs at bell,7,37.7,31.1,30.5,28.5,29.1,,,GP290926_R6,GP290926_R6|REDDY TO FLY,PACERS,Mobile,4PEGS,12.0,PEGS,,57.94695740747727,0.34695740747726944,2026-09-29T12:00:21.075714+00:00,16.79,57.6
GP290926,Gloucester Park,29/09/2026,Twilight,6,9:50pm,5,Lukes Mistake,"Bouncy Castle and Animal Farm 2nd, 9th October MS Pace",2130,9360,Fr7,Matthew Scott,Aiden De Campo,10.635,23,4.35,-4.35,WA,23,5 back on pegs at bell,9,37.7,31.1,30.5,28.5,29.1,,,GP290926_R6,GP290926_R6|LUKES MISTAKE,PACERS,Mobile,5PEGS,16.0,PEGS,,57.216293233502824,-0.38370676649717694,2026-09-29T12:00:21.075714+00:00,10.635,57.6
GP290926,Gloucester Park,29/09/2026,Twilight,6,9:50pm,4,Mach Freeway,"Bouncy Castle and Animal Farm 2nd, 9th October MS Pace",2130,9360,Fr8,Hayden Reeves,Stuart McDonald,7.711,21,4.76,-4.76,WA,21,1 out 3 back at bell,8,37.7,31.1,30.5,28.5,29.1,,,GP290926_R6,GP290926_R6|MACH FREEWAY,PACERS,Mobile,1X3,14.0,R/LINE,,57.15072387196154,-0.44927612803846273,2026-09-29T12:00:21.075714+00:00,7.711,57.6
GP290926,Gloucester Park,29/09/2026,Twilight,6,9:50pm,8,Gota Good Warhol,"Bouncy Castle and Animal Farm 2nd, 9th October MS Pace",2130,9360,Fr9,Hayden Reeves,Abbey Vidovich,23.214,31,3.23,-3.23,WA,31,6 back on pegs at bell,11,37.7,31.1,30.5,28.5,29.1,,,GP290926_R6,GP290926_R6|GOTA GOOD WARHOL,PACERS,Mobile,6PEGS,20.0,PEGS,,57.83234143170186,0.23234143170186172,2026-09-29T12:00:21.075714+00:00,23.214,57.6
GP290926,Gloucester Park,29/09/2026,Twilight,6,9:50pm,10,More Than Honoured,"Bouncy Castle and Animal Farm 2nd, 9th October MS Pace",2130,9360,Sr1,Matthew Scott,Shannon Suvaljko,30.228,16,6.25,-6.25,WA,16,3 back pegs at bell,5,37.7,31.1,30.5,28.5,29.1,,,GP290926_R6,GP290926_R6|MORE THAN HONOURED,PACERS,Mobile,3PEGS,8.0,PEGS,,59.246154400004116,1.6461544000041144,2026-09-29T12:00:21.075714+00:00,30.228,57.6
YU290926,Young,29/09/2026,Night,8,9:10pm,1,Mach Rouge,Donges Iga 2yo Colts & Geldings Pace,1720,11832,Fr1,David Kennedy,Jackson Painting,,3.1,32.26,67.74,NSW,3.1,"gate speed, led, bell lap, leader, swabbed",GS L BL 1 SWAB,6.6,30.2,31.2,29.0,30.1,,,YU290926_R8,YU290926_R8|MACH ROUGE,PACERS,Mobile,LEAD,0.0,PEGS,,59.099999999999994,-7.105427357601002e-15,2026-09-29T11:20:21.166365+00:00,0.0,59.1
YU290926,Young,29/09/2026,Night,8,9:10pm,5,Nuggetgotareason,Donges Iga 2yo Colts & Geldings Pace,1720,11832,Fr2,Leanne Staunton,Paula Sapio,30.2,4.6,21.74,-21.74,NSW,4.6,"hung in, sulky contacted, warning issued, bell lap, 4 back on the pegs",HI SCT WI BL 7,6.6,30.2,31.2,29.0,30.1,,,YU290926_R8,YU290926_R8|NUGGETGOTAREASON,PACERS,Mobile,4PEGS,12.0,PEGS,,60.4758250191865,1.3758250191865002,2026-09-29T11:20:21.166365+00:00,30.2,59.1
YU290926,Young,29/09/2026,Night,8,9:10pm,8,The Big Rig,Donges Iga 2yo Colts & Geldings Pace,1720,11832,Fr3,Todd Day,Todd Day,53.2,4.6,21.74,-21.74,NSW,4.6,"broke after start, out of draw in mobile starts, bell lap, 1 out 3 back",BAS ODM BL 8,6.6,30.2,31.2,29.0,30.1,,,YU290926_R8,YU290926_R8|THE BIG RIG,PACERS,Mobile,1X3,14.0,R/LINE,,62.14511041009464,3.0451104100946367,2026-09-29T11:20:21.166365+00:00,53.2,59.1
YU290926,Young,29/09/2026,Night,8,9:10pm,2,Big Nelson,Donges Iga 2yo Colts & Geldings Pace,1720,11832,Fr4,Nicholas Hargraves,Blake Micallef,5.7,7,14.29,-14.29,NSW,7,"pre race blood test, gate speed, bell lap, behind leader",PRBT GS BL 3,6.6,30.2,31.2,29.0,30.1,,,YU290926_R8,YU290926_R8|BIG NELSON,PACERS,Mobile,B/LEAD,4.0,PEGS,,59.22585494175122,0.12585494175122136,2026-09-29T11:20:21.166365+00:00,5.7,59.1
YU290926,Young,29/09/2026,Night,8,9:10pm,9,King Of Wamboyne,Donges Iga 2yo Colts & Geldings Pace,1720,11832,Fr5,Ross Arentz,Oliver Arentz,53.4,23,4.35,-4.35,NSW,23,"checked, bell lap, 1 out 1 back, tired",C BL 4 TIRED,6.6,30.2,31.2,29.0,30.1,,,YU290926_R8,YU290926_R8|KING OF WAMBOYNE,PACERS,Mobile,1X1,6.0,R/LINE,,62.82221631676853,3.722216316768531,2026-09-29T11:20:21.166365+00:00,53.4,59.1
YU290926,Young,29/09/2026,Night,8,9:10pm,7,Alabama Dusty,Donges Iga 2yo Colts & Geldings Pace,1720,11832,Fr6,Rodney Lemon,Rodney Lemon,46.6,151,0.66,-0.66,NSW,151,"checked, restrained after start, bell lap, 5 back on the pegs",C RAS BL 9,6.6,30.2,31.2,29.0,30.1,,,YU290926_R8,YU290926_R8|ALABAMA DUSTY,PACERS,Mobile,5PEGS,16.0,PEGS,,61.450480894203274,2.3504808942032724,2026-09-29T11:20:21.166365+00:00,46.6,59.1
YU290926,Young,29/09/2026,Night,8,9:10pm,6,Ezzra,Donges Iga 2yo Colts & Geldings Pace,1720,11832,Sr1,Jane Walker,Raymond Walker,42.5,151,0.66,-0.66,NSW,151,"tightened, contacted sulky, checked and broke, bell lap, 6 back on the pegs",T CTS CB BL 11,6.6,30.2,31.2,29.0,30.1,,,YU290926_R8,YU290926_R8|EZZRA,PACERS,Mobile,6PEGS,20.0,PEGS,,60.81028938906753,1.7102893890675261,2026-09-29T11:20:21.166365+00:00,42.5,59.1
YU290926,Young,29/09/2026,Night,8,9:10pm,10,Mammals Dudley,Donges Iga 2yo Colts & Geldings Pace,1720,11832,Sr2,Joe DeMamiel,Michael Jnr Day,57.7,126,0.79,-0.79,NSW,126,"out of position at start, last chance in draw, bell lap, 1 out 2 back",OPS LCD BL 6,6.6,30.2,31.2,29.0,30.1,,,YU290926_R8,YU290926_R8|MAMMALS DUDLEY,PACERS,Mobile,1X2,10.0,R/LINE,,62.84726837697727,3.7472683769772672,2026-09-29T11:20:21.166365+00:00,57.7,59.1
YU290926,Young,29/09/2026,Night,8,9:10pm,4,Typhoon Lenny,Donges Iga 2yo Colts & Geldings Pace,1720,11832,Sr3,Jason Turner,Roger Strong,25.9,151,0.66,-0.66,NSW,151,"out of position at start, last chance in draw, last chance in draw",OPS LCD LCD,6.6,30.2,31.2,29.0,30.1,,,YU290926_R8,YU290926_R8|TYPHOON LENNY,PACERS,Mobile,0,,NAN,,,,2026-09-29T11:20:21.166365+00:00,25.9,59.1
YU290926,Young,29/09/2026,Night,8,9:10pm,3,Hard Merchandise,Donges Iga 2yo Colts & Geldings Pace,1720,11832,Sr4,Darryl Davis,Jett Turnbull,15.5,3.7,27.03,-27.03,NSW,3.7,"pre race blood test, checked after start, bell lap, outside leader",PRBT CAS BL 2,6.6,30.2,31.2,29.0,30.1,,,YU290926_R8,YU290926_R8|HARD MERCHANDISE,PACERS,Mobile,DEATH,2.0,DEATH,,60.11443102352193,1.0144310235219294,2026-09-29T11:20:21.166365+00:00,15.5,59.1
YU290926,Young,29/09/2026,Night,9,9:40pm,8,Limousine Locket,TAB Venue Mode Pace,1720,6936,Fr1,Jason Hewitt,Jason Hewitt,298.4,61,1.64,-1.64,NSW,61,"Aged Horse Vet Examination, gate speed, led, broke twice, stood down 1 trial, bell lap, tailed off",VXAH GS L BX2 SD1T BL 17,6.7,30.8,31.5,30.2,28.6,,,YU290926_R9,YU290926_R9|LIMOUSINE LOCKET,PACERS,Mobile,TO,99.0,TO,,,,2026-09-29T12:05:21.329973+00:00,298.4,58.8
YU290926,Young,29/09/2026,Night,9,9:40pm,3,Not My Job,TAB Venue Mode Pace,1720,6936,Fr2,Luke Primmer,Luke Primmer,2.7,51,1.96,-1.96,NSW,51,"bell lap, 3 back on pegs, checked",BL 5 C,6.7,30.8,31.5,30.2,28.6,,,YU290926_R9,YU290926_R9|NOT MY JOB,PACERS,Mobile,3PEGS,8.0,PEGS,,58.4130137836831,-0.3869862163168989,2026-09-29T12:05:21.329973+00:00,2.7,58.8
YU290926,Young,29/09/2026,Night,9,9:40pm,1,Rock What You Are,TAB Venue Mode Pace,1720,6936,Fr3,Billy Neely,George Lee,,13,7.69,92.31,NSW,13,"pre race blood test, gate speed, led, bell lap, leader, swabbed",PRBT GS L BL 1 SWAB,6.7,30.8,31.5,30.2,28.6,,,YU290926_R9,YU290926_R9|ROCK WHAT YOU ARE,PACERS,Mobile,LEAD,0.0,PEGS,,58.8,0.0,2026-09-29T12:05:21.329973+00:00,0.0,58.8
YU290926,Young,29/09/2026,Night,9,9:40pm,7,A Class Apart,TAB Venue Mode Pace,1720,6936,Fr4,Steven Lee,James Locke,41.2,31,3.23,-3.23,NSW,31,"overraced, bell lap, behind leader, checked and broke",OV BL 3 CB,6.7,30.8,31.5,30.2,28.6,,,YU290926_R9,YU290926_R9|A CLASS APART,PACERS,Mobile,B/LEAD,4.0,PEGS,,61.667540639748296,2.8675406397482988,2026-09-29T12:05:21.329973+00:00,41.2,58.8
YU290926,Young,29/09/2026,Night,9,9:40pm,6,Tinnysmedad,TAB Venue Mode Pace,1720,6936,Sr1,Ray White,Ray White,30.1,31,3.23,-3.23,NSW,31,"bell lap, 4 back on the pegs, checked",BL 7 C,6.7,30.8,31.5,30.2,28.6,,,YU290926_R9,YU290926_R9|TINNYSMEDAD,PACERS,Mobile,4PEGS,12.0,PEGS,,60.16114592658908,1.3611459265890815,2026-09-29T12:05:21.329973+00:00,30.1,58.8
YU290926,Young,29/09/2026,Night,9,9:40pm,4,Alighieri,TAB Venue Mode Pace,1720,6936,Sr2,Jane Walker,Raymond Walker,5.9,7,14.29,-14.29,NSW,7,"worked forward, bell lap, outside leader",WF BL 2,6.7,30.8,31.5,30.2,28.6,,,YU290926_R9,YU290926_R9|ALIGHIERI,PACERS,Mobile,DEATH,2.0,DEATH,,59.08805426453962,0.2880542645396247,2026-09-29T12:05:21.329973+00:00,5.9,58.8
YU290926,Young,29/09/2026,Night,9,9:40pm,1,Andersite,TAB Venue Mode Pace,1720,6936,Sr3,Bruce Harpley,Bruce Harpley,,1.15,86.96,13.04,NSW,1.15,"bell lap, 1 out 1 back, swabbed",BL 4 SWAB,6.7,30.8,31.5,30.2,28.6,,,YU290926_R9,YU290926_R9|ANDERSITE,PACERS,Mobile,1X1,6.0,R/LINE,,58.36228287841191,-0.4377171215880864,2026-09-29T12:05:21.329973+00:00,0.0,58.8
YU290926,Young,29/09/2026,Night,9,9:40pm,5,Think It Bling,TAB Venue Mode Pace,1720,6936,Sr4,John Vautin,John Vautin,20.4,26,3.85,-3.85,NSW,26,back in mobile draw,BMD,6.7,30.8,31.5,30.2,28.6,,,YU290926_R9,YU290926_R9|THINK IT BLING,PACERS,Mobile,0,,NAN,,,,2026-09-29T12:05:21.329973+00:00,20.4,58.8
SP290926,Shepparton,29/09/2026,Night,10,10:00pm,3,Stellar Queen,Wager Wednesday Pace,1690,5000,Fr1,Bill White,Lauren White,1.261,7,14.29,-14.29,VIC,7,behind leader at bell,3,5.6,29.4,31.9,30.3,29.6,,,SP290926_R10,SP290926_R10|STELLAR QUEEN,PACERS,Mobile,B/LEAD,4.0,PEGS,,59.69561713084827,-0.2043828691517362,2026-09-29T12:10:21.012421+00:00,1.261,59.900000000000006
SP290926,Shepparton,29/09/2026,Night,10,10:00pm,1,Joeys Hangover,Wager Wednesday Pace,1690,5000,Fr2,Terry French,Tayla French,,3.9,25.64,74.36,VIC,3.9,1 out 1 back at bell,4,5.6,29.4,31.9,30.3,29.6,,,SP290926_R10,SP290926_R10|JOEYS HANGOVER,PACERS,Mobile,1X1,6.0,R/LINE,,59.45409429280397,-0.44590570719603306,2026-09-29T12:10:21.012421+00:00,0.0,59.900000000000006
SP290926,Shepparton,29/09/2026,Night,10,10:00pm,5,Four Starzzz Ruby,Wager Wednesday Pace,1690,5000,Fr3,Mathew Beecroft,Sean O'Sullivan,11.211,15,6.67,-6.67,VIC,15,outside leader at bell,2,5.6,29.4,31.9,30.3,29.6,,,SP290926_R10,SP290926_R10|FOUR STARZZZ RUBY,PACERS,Mobile,DEATH,2.0,DEATH,,60.597706847212095,0.6977068472120891,2026-09-29T12:10:21.012421+00:00,11.211,59.900000000000006
SP290926,Shepparton,29/09/2026,Night,10,10:00pm,4,Goodtime Mae,Wager Wednesday Pace,1690,5000,Fr4,Brett Cole,James Herbertson,2.468,1.75,57.14,-57.14,VIC,1.75,leader at bell,1,5.6,29.4,31.9,30.3,29.6,,,SP290926_R10,SP290926_R10|GOODTIME MAE,PACERS,Mobile,LEAD,0.0,PEGS,,60.08536334592217,0.18536334592216264,2026-09-29T12:10:21.012421+00:00,2.468,59.900000000000006
SP290926,Shepparton,29/09/2026,Night,10,10:00pm,2,Ive An Idea,Wager Wednesday Pace,1690,5000,Fr5,Mark Watson,Ellen Tormey,0.067,7,14.29,-14.29,VIC,7,3 back on pegs at bell,5,5.6,29.4,31.9,30.3,29.6,,,SP290926_R10,SP290926_R10|IVE AN IDEA,PACERS,Mobile,3PEGS,8.0,PEGS,,59.311848878558,-0.588151121442003,2026-09-29T12:10:21.012421+00:00,0.067,59.900000000000006
GP290926,Gloucester Park,29/09/2026,Twilight,7,10:19pm,2,Altair Star,Book Your Christmas Function in Beau Rivage MS Pace,1730,9360,Fr1,Hayden Reeves,Chris Voak,2.293,2.1,47.62,-47.62,WA,2.1,3 back pegs at bell,5,8.0,30.0,30.2,29.8,30.3,,,GP290926_R7,GP290926_R7|ALTAIR STAR,PACERS,Mobile,3PEGS,8.0,PEGS,,59.67429847326634,-0.42570152673366124,2026-09-29T12:30:21.075320+00:00,2.293,60.1
GP290926,Gloucester Park,29/09/2026,Twilight,7,10:19pm,11,Alta Gabbana,Book Your Christmas Function in Beau Rivage MS Pace,1730,9360,Fr2,Hayden Reeves,Stuart McDonald,33.38,126,0.79,-0.79,WA,126,1 out 2 back at bell,6,8.0,30.0,30.2,29.8,30.3,,,GP290926_R7,GP290926_R7|ALTA GABBANA,PACERS,Mobile,1X2,10.0,R/LINE,,61.909299271200844,1.8092992712008424,2026-09-29T12:30:21.075320+00:00,33.38,60.1
GP290926,Gloucester Park,29/09/2026,Twilight,7,10:19pm,7,Axle Rocks,Book Your Christmas Function in Beau Rivage MS Pace,1730,9360,Fr3,June Henderson,Sara Grout,9.468,41,2.44,-2.44,WA,41,behind leader at bell,3,8.0,30.0,30.2,29.8,30.3,,,GP290926_R7,GP290926_R7|AXLE ROCKS,PACERS,Mobile,B/LEAD,4.0,PEGS,,60.5136105279586,0.4136105279585962,2026-09-29T12:30:21.075320+00:00,9.468,60.1
GP290926,Gloucester Park,29/09/2026,Twilight,7,10:19pm,3,Atlantas,Book Your Christmas Function in Beau Rivage MS Pace,1730,9360,Fr4,Steven Jelf,Ryan Warwick,3.527,16,6.25,-6.25,WA,16,leader at bell,1,8.0,30.0,30.2,29.8,30.3,,,GP290926_R7,GP290926_R7|ATLANTAS,PACERS,Mobile,LEAD,0.0,PEGS,,60.36613921626973,0.26613921626972825,2026-09-29T12:30:21.075320+00:00,3.527,60.1
GP290926,Gloucester Park,29/09/2026,Twilight,7,10:19pm,5,Viciously Unkind,Book Your Christmas Function in Beau Rivage MS Pace,1730,9360,Fr5,Brad Lynn,Toby Lynn,6.317,11,9.09,-9.09,WA,11,1 out 4 back at bell,10,8.0,30.0,30.2,29.8,30.3,,,GP290926_R7,GP290926_R7|VICIOUSLY UNKIND,PACERS,Mobile,1X4,18.0,R/LINE,,59.23494763349731,-0.8650523665026881,2026-09-29T12:30:21.075320+00:00,6.317,60.1
GP290926,Gloucester Park,29/09/2026,Twilight,7,10:19pm,4,Spinner Of Yarns,Book Your Christmas Function in Beau Rivage MS Pace,1730,9360,Fr6,David Simmonds,Gary Hall Jnr,3.835,8,12.5,-12.5,WA,8,1 out 1 back at bell,4,8.0,30.0,30.2,29.8,30.3,,,GP290926_R7,GP290926_R7|SPINNER OF YARNS,PACERS,Mobile,1X1,6.0,R/LINE,,59.937793346755356,-0.16220665324464534,2026-09-29T12:30:21.075320+00:00,3.835,60.1
GP290926,Gloucester Park,29/09/2026,Twilight,7,10:19pm,6,Tempt The Stars,Book Your Christmas Function in Beau Rivage MS Pace,1730,9360,Fr7,Brad Lynn,Dylan Egerton-Green,7.47,10,10.0,-10.0,WA,10,5 back on pegs at bell,9,8.0,30.0,30.2,29.8,30.3,,,GP290926_R7,GP290926_R7|TEMPT THE STARS,PACERS,Mobile,5PEGS,16.0,PEGS,,59.46594436817434,-0.6340556318256603,2026-09-29T12:30:21.075320+00:00,7.47,60.1
GP290926,Gloucester Park,29/09/2026,Twilight,7,10:19pm,10,Allwoods Chevron,Book Your Christmas Function in Beau Rivage MS Pace,1730,9360,Fr8,Mark Roberts,Mark Roberts,16.549,151,0.66,-0.66,WA,151,6 back on pegs at bell,11,8.0,30.0,30.2,29.8,30.3,,,GP290926_R7,GP290926_R7|ALLWOODS CHEVRON,PACERS,Mobile,6PEGS,20.0,PEGS,,59.84185718855288,-0.25814281144712226,2026-09-29T12:30:21.075320+00:00,16.549,60.1
GP290926,Gloucester Park,29/09/2026,Twilight,7,10:19pm,8,Lucy Victoria,Book Your Christmas Function in Beau Rivage MS Pace,1730,9360,Sr1,Heather Herbert,Megan Worthington,13.773,4.8,20.83,-20.83,WA,4.8,4 back pegs at bell,7,8.0,30.0,30.2,29.8,30.3,,,GP290926_R7,GP290926_R7|LUCY VICTORIA,PACERS,Mobile,4PEGS,12.0,PEGS,,60.233492477703706,0.13349247770370454,2026-09-29T12:30:21.075320+00:00,13.773,60.1
GP290926,Gloucester Park,29/09/2026,Twilight,7,10:19pm,1,Blind Edition,Book Your Christmas Function in Beau Rivage MS Pace,1730,9360,Sr2,Hayden Reeves,Trent Wheeler,,15,6.67,93.33,WA,15,1 out 3 back at bell,8,8.0,30.0,30.2,29.8,30.3,,,GP290926_R7,GP290926_R7|BLIND EDITION,PACERS,Mobile,1X3,14.0,R/LINE,,59.06633906633907,-1.0336609336609328,2026-09-29T12:30:21.075320+00:00,0.0,60.1
GP290926,Gloucester Park,29/09/2026,Twilight,7,10:19pm,9,Straylya,Book Your Christmas Function in Beau Rivage MS Pace,1730,9360,Sr3,June Henderson,Jocelyn Young,13.84,13,7.69,-7.69,WA,13,outside leader at bell,2,8.0,30.0,30.2,29.8,30.3,,,GP290926_R7,GP290926_R7|STRAYLYA,PACERS,Mobile,DEATH,2.0,DEATH,,61.002842062525374,0.902842062525373,2026-09-29T12:30:21.075320+00:00,13.84,60.1
GP290926,Gloucester Park,29/09/2026,Twilight,8,10:52pm,2,Jimmys Rainbow,Barbagallo Italian Fireworks Night  6th Nov MS Pace,2130,9360,Fr1,Aiden De Campo,Aiden De Campo,2.2,3.2,31.25,-31.25,WA,3.2,"gate speed, led, surrendered lead early, behind leader at bell",GS L SLE 3,38.1,32.8,30.8,28.6,28.8,,,GP290926_R8,GP290926_R8|JIMMYS RAINBOW,PACERS,Mobile,B/LEAD,4.0,PEGS,,57.27113993514593,-0.12886006485407364,2026-09-29T19:59:43.423381+00:00,2.2,57.400000000000006
GP290926,Gloucester Park,29/09/2026,Twilight,8,10:52pm,4,Allamerican Eagle,Barbagallo Italian Fireworks Night  6th Nov MS Pace,2130,9360,Fr2,Peter Anderson,Trent Wheeler,10.3,51,1.96,-1.96,WA,51,3 back pegs at bell,5,38.1,32.8,30.8,28.6,28.8,,,GP290926_R8,GP290926_R8|ALLAMERICAN EAGLE,PACERS,Mobile,3PEGS,8.0,PEGS,,57.56550081484267,0.165500814842666,2026-09-29T19:59:43.423381+00:00,10.3,57.400000000000006
GP290926,Gloucester Park,29/09/2026,Twilight,8,10:52pm,7,Acknowledgement,Barbagallo Italian Fireworks Night  6th Nov MS Pace,2130,9360,Fr3,Peter Anderson,Shannon Suvaljko,18.6,15,6.67,-6.67,WA,15,"3 wide early, checked, led one wide, outside leader at bell",3WE C L1W 2,38.1,32.8,30.8,28.6,28.8,,,GP290926_R8,GP290926_R8|ACKNOWLEDGEMENT,PACERS,Mobile,DEATH,2.0,DEATH,,58.61628797549145,1.216287975491447,2026-09-29T19:59:43.423381+00:00,18.6,57.400000000000006
GP290926,Gloucester Park,29/09/2026,Twilight,8,10:52pm,3,Elquestro,Barbagallo Italian Fireworks Night  6th Nov MS Pace,2130,9360,Fr4,Peter Anderson,Lindsay Harper,6.7,18,5.56,-5.56,WA,18,"led one wide, broke , Stood Down 6 days and 1 trial, 1 out 1 back at bell",L1W B SD61 4,38.1,32.8,30.8,28.6,28.8,,,GP290926_R8,GP290926_R8|ELQUESTRO,PACERS,Mobile,1X1,6.0,R/LINE,,57.45026898536219,0.05026898536218738,2026-09-29T19:59:43.423381+00:00,6.7,57.400000000000006
GP290926,Gloucester Park,29/09/2026,Twilight,8,10:52pm,6,The Bell Huey,Barbagallo Italian Fireworks Night  6th Nov MS Pace,2130,9360,Fr5,Sonia Zucchiatti,Deni Roberts,14.3,31,3.23,-3.23,WA,31,1 out 2 back at bell,6,38.1,32.8,30.8,28.6,28.8,,,GP290926_R8,GP290926_R8|THE BELL HUEY,PACERS,Mobile,1X2,10.0,R/LINE,,57.710192283523945,0.31019228352393924,2026-09-29T19:59:43.423381+00:00,14.3,57.400000000000006
GP290926,Gloucester Park,29/09/2026,Twilight,8,10:52pm,1,George Myboy,Barbagallo Italian Fireworks Night  6th Nov MS Pace,2130,9360,Fr6,Shane Tognolini,Kyle Harper,,2.5,40.0,60.0,WA,2.5,"gate speed, 3 wide early, led, leader at bell",GS 3WE L 1,38.1,32.8,30.8,28.6,28.8,,,GP290926_R8,GP290926_R8|GEORGE MYBOY,PACERS,Mobile,LEAD,0.0,PEGS,,57.400000000000006,0.0,2026-09-29T19:59:43.423381+00:00,0.0,57.400000000000006
GP290926,Gloucester Park,29/09/2026,Twilight,8,10:52pm,9,In Self Defence,Barbagallo Italian Fireworks Night  6th Nov MS Pace,2130,9360,Fr7,Peter Anderson,Darcy Kulcsar,186.5,251,0.4,-0.4,WA,251,"4 back pegs at bell, broke , Stood Down 6 days and 1 trial",7 B SD61,38.1,32.8,30.8,28.6,28.8,,,GP290926_R8,GP290926_R8|IN SELF DEFENCE,PACERS,Mobile,4PEGS,12.0,PEGS,,,,2026-09-29T19:59:43.423381+00:00,186.5,57.400000000000006
GP290926,Gloucester Park,29/09/2026,Twilight,8,10:52pm,5,Themarasshadow,Barbagallo Italian Fireworks Night  6th Nov MS Pace,2130,9360,Fr8,Aiden De Campo,Kylah Madden,13.9,5,20.0,-20.0,WA,5,"restrained after start, 1 out 3 back at bell",RAS 8,38.1,32.8,30.8,28.6,28.8,,,GP290926_R8,GP290926_R8|THEMARASSHADOW,PACERS,Mobile,1X3,14.0,R/LINE,,57.392825896762915,-0.00717410323709089,2026-09-29T19:59:43.423381+00:00,13.9,57.400000000000006
GP290926,Gloucester Park,29/09/2026,Twilight,8,10:52pm,8,Our Mate Jeff,Barbagallo Italian Fireworks Night  6th Nov MS Pace,2130,9360,Fr9,Robbie Williams,Robbie Williams,29.2,7.5,13.33,-13.33,WA,7.5,"restrained after start, obtained trail early and middle, 3 wide late, 3 wide without cover at bell",RAS OTEM 3WL W1,38.1,32.8,30.8,28.6,28.8,,,GP290926_R8,GP290926_R8|OUR MATE JEFF,PACERS,Mobile,3WIDE,3.0,R/LINE,,59.34349961230293,1.9434996123029222,2026-09-29T19:59:43.423381+00:00,29.2,57.400000000000006
GP290926,Gloucester Park,29/09/2026,Twilight,9,11:18pm,1,Hotfoot It NZ,Taste of WA  Book in Now MS Pace,2130,9360,Fr1,Brad Lynn,Toby Lynn,,2.2,45.45,54.55,WA,2.2,"gate speed, led, leader at bell",GS L 1,39.7,31.5,30.6,28.9,28.4,,,GP290926_R9,GP290926_R9|HOTFOOT IT,PACERS,Mobile,LEAD,0.0,PEGS,,57.3,0.0,2026-09-29T19:59:43.423381+00:00,0.0,57.3
GP290926,Gloucester Park,29/09/2026,Twilight,9,11:18pm,3,True Grit NZ,Taste of WA  Book in Now MS Pace,2130,9360,Fr2,Peter Anderson,Darcy Kulcsar,4.9,4.33,23.09,-23.09,WA,4.33,"contacted marker pegs, behind leader at bell",CMP 3,39.7,31.5,30.6,28.9,28.4,,,GP290926_R9,GP290926_R9|TRUE GRIT,PACERS,Mobile,B/LEAD,4.0,PEGS,,57.36453510198973,0.06453510198973333,2026-09-29T19:59:43.423381+00:00,4.9,57.3
GP290926,Gloucester Park,29/09/2026,Twilight,9,11:18pm,5,Mydadtheterror NZ,Taste of WA  Book in Now MS Pace,2130,9360,Fr3,Matthew Scott,Aiden De Campo,11.5,18,5.56,-5.56,WA,18,3 back pegs at bell,5,39.7,31.5,30.6,28.9,28.4,,,GP290926_R9,GP290926_R9|MYDADTHETERROR,PACERS,Mobile,3PEGS,8.0,PEGS,,57.5517890772128,0.2517890772128055,2026-09-29T19:59:43.423381+00:00,11.5,57.3
GP290926,Gloucester Park,29/09/2026,Twilight,9,11:18pm,6,Halfmoonbay,Taste of WA  Book in Now MS Pace,2130,9360,Fr4,Russell Eddy,Ryan Warwick,12.5,13,7.69,-7.69,WA,13,1 out 2 back at bell,6,39.7,31.5,30.6,28.9,28.4,,,GP290926_R9,GP290926_R9|HALFMOONBAY,PACERS,Mobile,1X2,10.0,R/LINE,,57.47962382445141,0.17962382445141145,2026-09-29T19:59:43.423381+00:00,12.5,57.3
GP290926,Gloucester Park,29/09/2026,Twilight,9,11:18pm,7,Trittrittbangbang,Taste of WA  Book in Now MS Pace,2130,9360,Fr5,Matthew Scott,Shannon Suvaljko,18.2,101,0.99,-0.99,WA,101,"restrained after start, over-raced, 4 back pegs at bell",RAS OVR 7,39.7,31.5,30.6,28.9,28.4,,,GP290926_R9,GP290926_R9|TRITTRITTBANGBANG,PACERS,Mobile,4PEGS,12.0,PEGS,,57.747543461829174,0.44754346182917715,2026-09-29T19:59:43.423381+00:00,18.2,57.3
GP290926,Gloucester Park,29/09/2026,Twilight,9,11:18pm,2,Into The Future,Taste of WA  Book in Now MS Pace,2130,9360,Fr6,Peter Anderson,Trent Wheeler,1.1,3,33.33,-33.33,WA,3,1 out 1 back at bell,4,39.7,31.5,30.6,28.9,28.4,,,GP290926_R9,GP290926_R9|INTO THE FUTURE,PACERS,Mobile,1X1,6.0,R/LINE,,56.9511740588893,-0.34882594111069665,2026-09-29T19:59:43.423381+00:00,1.1,57.3
GP290926,Gloucester Park,29/09/2026,Twilight,9,11:18pm,4,Triroyale Brigade NZ,Taste of WA  Book in Now MS Pace,2130,9360,Fr7,Lara Brennan,Liam Elliott,6.8,51,1.96,-1.96,WA,51,"led one wide, outside leader at bell",L1W 2,39.7,31.5,30.6,28.9,28.4,,,GP290926_R9,GP290926_R9|TRIROYALE BRIGADE,PACERS,Mobile,DEATH,2.0,DEATH,,57.64587525150905,0.3458752515090495,2026-09-29T19:59:43.423381+00:00,6.8,57.3
GP290926,Gloucester Park,29/09/2026,Twilight,9,11:18pm,8,Unlucky,Taste of WA  Book in Now MS Pace,2130,9360,Fr8,Lindsay Harper,Lindsay Harper,23.4,34,2.94,-2.94,WA,34,"restrained after start, 1 out 3 back at bell",RAS 8,39.7,31.5,30.6,28.9,28.4,,,GP290926_R9,GP290926_R9|UNLUCKY,PACERS,Mobile,1X3,14.0,R/LINE,,57.98128004047558,0.6812800404755848,2026-09-29T19:59:43.423381+00:00,23.4,57.3
GP290926,Gloucester Park,29/09/2026,Twilight,9,11:18pm,9,Snakey Bay,Taste of WA  Book in Now MS Pace,2130,9360,Fr9,Hayden Reeves,Stuart McDonald,26.2,151,0.66,-0.66,WA,151,"restrained after start, 5 back on pegs at bell",RAS 9,39.7,31.5,30.6,28.9,28.4,,,GP290926_R9,GP290926_R9|SNAKEY BAY,PACERS,Mobile,5PEGS,16.0,PEGS,,58.04001012914662,0.7400101291466257,2026-09-29T19:59:43.423381+00:00,26.2,57.3
ML300926,Mildura,30/09/2026,Day,1,2:28pm,6,Cemetery Bay,C.A. Fitness Pace,2190,8000,Fr1,Allan MacDonald,Luke Sutherland,13.049,34,2.94,-2.94,VIC,34,3 back on pegs at bell,5,42.8,32.1,30.2,27.8,28.7,,,ML300926_R1,ML300926_R1|CEMETERY BAY,PACERS,Mobile,3PEGS,8.0,PEGS,,56.8588504197114,0.35885041971140197,2026-09-30T04:40:22.651457+00:00,13.049,56.5
ML300926,Mildura,30/09/2026,Day,1,2:28pm,5,Le Spartacus,C.A. Fitness Pace,2190,8000,Fr2,Boris Devcic,Wayne Hill,11.399,34,2.94,-2.94,VIC,34,outside leader at bell,2,42.8,32.1,30.2,27.8,28.7,,,ML300926_R1,ML300926_R1|LE SPARTACUS,PACERS,Mobile,DEATH,2.0,DEATH,,57.171695962944646,0.6716959629446464,2026-09-30T04:40:22.651457+00:00,11.399,56.5
ML300926,Mildura,30/09/2026,Day,1,2:28pm,4,Maxy Wants To Play,C.A. Fitness Pace,2190,8000,Fr3,Aaron Dunn,Connor Clarke,9.374,3.8,26.32,-26.32,VIC,3.8,behind leader at bell,3,42.8,32.1,30.2,27.8,28.7,,,ML300926_R1,ML300926_R1|MAXY WANTS TO PLAY,PACERS,Mobile,B/LEAD,4.0,PEGS,,56.88210554399177,0.38210554399177,2026-09-30T04:40:22.651457+00:00,9.374,56.5
ML300926,Mildura,30/09/2026,Day,1,2:28pm,1,My Ultimate Jimmy NZ,C.A. Fitness Pace,2190,8000,Fr4,Andrew Vozlic,Ellen Tormey,,2.9,34.48,65.52,VIC,2.9,leader at bell,1,42.8,32.1,30.2,27.8,28.7,,,ML300926_R1,ML300926_R1|MY ULTIMATE JIMMY,PACERS,Mobile,LEAD,0.0,PEGS,,56.49999999999999,-7.105427357601002e-15,2026-09-30T04:40:22.651457+00:00,0.0,56.5
ML300926,Mildura,30/09/2026,Day,1,2:28pm,2,Prioritise,C.A. Fitness Pace,2190,8000,Fr5,Naomi Kerr,Jack Laugher,3.017,4.6,21.74,-21.74,VIC,4.6,1 out 1 back at bell,4,42.8,32.1,30.2,27.8,28.7,,,ML300926_R1,ML300926_R1|PRIORITISE,PACERS,Mobile,1X1,6.0,R/LINE,,56.290108258829896,-0.20989174117010378,2026-09-30T04:40:22.651457+00:00,3.017,56.5
ML300926,Mildura,30/09/2026,Day,1,2:28pm,3,Hot Deal,C.A. Fitness Pace,2190,8000,Fr6,Aaron Dunn,Aaron Dunn,3.594,3.2,31.25,-31.25,VIC,3.2,1 out 2 back at bell,6,42.8,32.1,30.2,27.8,28.7,,,ML300926_R1,ML300926_R1|HOT DEAL,PACERS,Mobile,1X2,10.0,R/LINE,,56.05117025418957,-0.44882974581042845,2026-09-30T04:40:22.651457+00:00,3.594,56.5
ML300926,Mildura,30/09/2026,Day,2,3:03pm,4,Always On Safari,Park Douglas Printing Pace,1790,6000,Fr1,Naomi Kerr,Jack Laugher,7.845,2.4,41.67,-41.67,VIC,2.4,behind leader at bell,3,12.1,31.3,32.7,29.8,27.8,,,ML300926_R2,ML300926_R2|ALWAYS ON SAFARI,PACERS,Mobile,B/LEAD,4.0,PEGS,,57.8781769881493,0.2781769881492977,2026-09-30T05:15:22.662950+00:00,7.845,57.6
ML300926,Mildura,30/09/2026,Day,2,3:03pm,3,Shirley Not,Park Douglas Printing Pace,1790,6000,Fr2,Danny Weinert,Danny Weinert,4.6,12,8.33,-8.33,VIC,12,1 out 1 back at bell,4,12.1,31.3,32.7,29.8,27.8,,,ML300926_R2,ML300926_R2|SHIRLEY NOT,PACERS,Mobile,1X1,6.0,R/LINE,,57.49937609183928,-0.10062390816072053,2026-09-30T05:15:22.662950+00:00,4.6,57.6
ML300926,Mildura,30/09/2026,Day,2,3:03pm,2,Calf Pen NZ,Park Douglas Printing Pace,1790,6000,Fr3,Andrew Vozlic,Ellen Tormey,3.728,6.5,15.38,-15.38,VIC,6.5,outside leader at bell,2,12.1,31.3,32.7,29.8,27.8,,,ML300926_R2,ML300926_R2|CALF PEN,PACERS,Mobile,DEATH,2.0,DEATH,,57.724685320291826,0.12468532029182455,2026-09-30T05:15:22.662950+00:00,3.728,57.6
ML300926,Mildura,30/09/2026,Day,2,3:03pm,7,Keayang Shadowbox,Park Douglas Printing Pace,1790,6000,Fr4,Scott Garraway,Connor Clarke,12.781,17,5.88,-5.88,VIC,17,4 back on the pegs at bell,7,12.1,31.3,32.7,29.8,27.8,,,ML300926_R2,ML300926_R2|KEAYANG SHADOWBOX,PACERS,Mobile,4PEGS,12.0,PEGS,,57.65628695013507,0.05628695013506757,2026-09-30T05:15:22.662950+00:00,12.781,57.6
ML300926,Mildura,30/09/2026,Day,2,3:03pm,1,Shes Poppy,Park Douglas Printing Pace,1790,6000,Fr5,Sandra O'Connor,Wayne Hill,,2.8,35.71,64.29,VIC,2.8,leader at bell,1,12.1,31.3,32.7,29.8,27.8,,,ML300926_R2,ML300926_R2|SHES POPPY,PACERS,Mobile,LEAD,0.0,PEGS,,57.60000000000001,7.105427357601002e-15,2026-09-30T05:15:22.662950+00:00,0.0,57.6
ML300926,Mildura,30/09/2026,Day,2,3:03pm,8,Starvin Marvin NZ,Park Douglas Printing Pace,1790,6000,Fr6,Noel Cameron,Luke Dunne,13.719,9,11.11,-11.11,VIC,9,1 out 3 back at bell,8,12.1,31.3,32.7,29.8,27.8,,,ML300926_R2,ML300926_R2|STARVIN MARVIN,PACERS,Mobile,1X3,14.0,R/LINE,,57.57977510399472,-0.020224896005281323,2026-09-30T05:15:22.662950+00:00,13.719,57.6
ML300926,Mildura,30/09/2026,Day,2,3:03pm,5,Avoca Blues,Park Douglas Printing Pace,1790,6000,Sr1,Scott Garraway,Luke Sutherland,10.715,19,5.26,-5.26,VIC,19,3 back on pegs at bell,5,12.1,31.3,32.7,29.8,27.8,,,ML300926_R2,ML300926_R2|AVOCA BLUES,PACERS,Mobile,3PEGS,8.0,PEGS,,57.796145669365416,0.19614566936541422,2026-09-30T05:15:22.662950+00:00,10.715,57.6
ML300926,Mildura,30/09/2026,Day,2,3:03pm,6,Louieville,Park Douglas Printing Pace,1790,6000,Sr2,Sandra O'Connor,Kylie Hughes,12.727,51,1.96,-1.96,VIC,51,1 out 2 back at bell,6,12.1,31.3,32.7,29.8,27.8,,,ML300926_R2,ML300926_R2|LOUIEVILLE,PACERS,Mobile,1X2,10.0,R/LINE,,57.79701557684758,0.1970155768475763,2026-09-30T05:15:22.662950+00:00,12.727,57.6
KI300926,Kilmore,30/09/2026,Night,1,5:59pm,9,Blue Cannon,Okrfm Pace,1690,5000,Fr1,Trevor Monk,Josh Duggan,44.47,5.5,18.18,-18.18,VIC,5.5,1 out 3 back at bell,8,5.6,28.9,30.5,30.0,29.3,,,KI300926_R1,KI300926_R1|BLUE CANNON,PACERS,Mobile,1X3,14.0,R/LINE,,61.64801892063987,2.3480189206398734,2026-09-30T08:10:20.179575+00:00,44.47,59.3
KI300926,Kilmore,30/09/2026,Night,1,5:59pm,10,Fasttalkinpatti,Okrfm Pace,1690,5000,Fr2,Tim Mortlock,Leigh Sutton,47.179,101,0.99,-0.99,VIC,101,5 back on the pegs at bell,9,5.6,28.9,30.5,30.0,29.3,,,KI300926_R1,KI300926_R1|FASTTALKINPATTI,PACERS,Mobile,5PEGS,16.0,PEGS,,61.70487018434719,2.404870184347196,2026-09-30T08:10:20.179575+00:00,47.179,59.3
KI300926,Kilmore,30/09/2026,Night,1,5:59pm,1,Ozzie Diamond,Okrfm Pace,1690,5000,Fr3,Julie Douglas,Tasmyn Potter,,1.8,55.56,44.44,VIC,1.8,behind leader at bell,3,5.6,28.9,30.5,30.0,29.3,,,KI300926_R1,KI300926_R1|OZZIE DIAMOND,PACERS,Mobile,B/LEAD,4.0,PEGS,,59.00497512437811,-0.29502487562188406,2026-09-30T08:10:20.179575+00:00,0.0,59.3
KI300926,Kilmore,30/09/2026,Night,1,5:59pm,2,Miki Mark,Okrfm Pace,1690,5000,Fr4,Thomas Parnell,Aussie Mifsud,0.469,8.5,11.76,-11.76,VIC,8.5,outside leader at bell,2,5.6,28.9,30.5,30.0,29.3,,,KI300926_R1,KI300926_R1|MIKI MARK,PACERS,Mobile,DEATH,2.0,DEATH,,59.18673139279703,-0.1132686072029685,2026-09-30T08:10:20.179575+00:00,0.469,59.3
KI300926,Kilmore,30/09/2026,Night,1,5:59pm,4,Treacheroustimes,Okrfm Pace,1690,5000,Fr5,Glenn Bull,Glenn Bull,7.202,10,10.0,-10.0,VIC,10,leader at bell,1,5.6,28.9,30.5,30.0,29.3,,,KI300926_R1,KI300926_R1|TREACHEROUSTIMES,PACERS,Mobile,LEAD,0.0,PEGS,,59.83869787764349,0.538697877643493,2026-09-30T08:10:20.179575+00:00,7.202,59.3
KI300926,Kilmore,30/09/2026,Night,1,5:59pm,3,Favouritehighlight,Okrfm Pace,1690,5000,Fr6,Glenn Bull,Lauren White,1.1,41,2.44,-2.44,VIC,41,1 out 1 back at bell,4,5.6,28.9,30.5,30.0,29.3,,,KI300926_R1,KI300926_R1|FAVOURITEHIGHLIGHT,PACERS,Mobile,1X1,6.0,R/LINE,,58.9389986333706,-0.3610013666293952,2026-09-30T08:10:20.179575+00:00,1.1,59.3
KI300926,Kilmore,30/09/2026,Night,1,5:59pm,6,Onecrowdedhour,Okrfm Pace,1690,5000,Fr7,Raymond Sutton,Liam Older,12.351,26,3.85,-3.85,VIC,26,1 out 2 back at bell,6,5.6,28.9,30.5,30.0,29.3,,,KI300926_R1,KI300926_R1|ONECROWDEDHOUR,PACERS,Mobile,1X2,10.0,R/LINE,,59.47478151417478,0.17478151417478216,2026-09-30T08:10:20.179575+00:00,12.351,59.3
KI300926,Kilmore,30/09/2026,Night,1,5:59pm,5,Iamawingate,Okrfm Pace,1690,5000,Sr1,Adam Stephens,James Herbertson,11.252,4.8,20.83,-20.83,VIC,4.8,3 back on pegs at bell,5,5.6,28.9,30.5,30.0,29.3,,,KI300926_R1,KI300926_R1|IAMAWINGATE,PACERS,Mobile,3PEGS,8.0,PEGS,,59.542038386039245,0.24203838603924765,2026-09-30T08:10:20.179575+00:00,11.252,59.3
KI300926,Kilmore,30/09/2026,Night,1,5:59pm,8,Topzavski,Okrfm Pace,1690,5000,Sr2,Maryanne Laffan,Steven Matson,41.574,151,0.66,-0.66,VIC,151,6 back on the pegs at bell,11,5.6,28.9,30.5,30.0,29.3,,,KI300926_R1,KI300926_R1|TOPZAVSKI,PACERS,Mobile,6PEGS,20.0,PEGS,,60.94349366542227,1.6434936654222696,2026-09-30T08:10:20.179575+00:00,41.574,59.3
KI300926,Kilmore,30/09/2026,Night,1,5:59pm,7,Zu Hoffen,Okrfm Pace,1690,5000,Sr3,Bruce Donaldson,Jason Hackett,12.66,51,1.96,-1.96,VIC,51,4 back on the pegs at bell,7,5.6,28.9,30.5,30.0,29.3,,,KI300926_R1,KI300926_R1|ZU HOFFEN,PACERS,Mobile,4PEGS,12.0,PEGS,,59.34896289438787,0.04896289438786994,2026-09-30T08:10:20.179575+00:00,12.66,59.3
RE300926,Redcliffe,30/09/2026,Night,1,6:16pm,2,Rock Hammer,Garrards Here on Track Pace,2040,6260,Fr1,Graham Dwyer,Holly Chalmers,8.502,3.3,30.3,-30.3,QLD,3.3,leader at bell,1,30.4,30.0,29.7,28.9,29.3,,,RE300926_R1,RE300926_R1|ROCK HAMMER,PACERS,Mobile,LEAD,0.0,PEGS,,58.825164435033315,0.6251644350333123,2026-09-30T08:25:20.266997+00:00,8.502,58.2
RE300926,Redcliffe,30/09/2026,Night,1,6:16pm,1,Stormtide,Garrards Here on Track Pace,2040,6260,Fr2,Greg Franklin,Will Rothwell,,3.5,28.57,71.43,QLD,3.5,1 out 2 back at bell,6,30.4,30.0,29.7,28.9,29.3,,,RE300926_R1,RE300926_R1|STORMTIDE,PACERS,Mobile,1X2,10.0,R/LINE,,57.48148148148149,-0.7185185185185148,2026-09-30T08:25:20.266997+00:00,0.0,58.2
RE300926,Redcliffe,30/09/2026,Night,1,6:16pm,7,Mardibringsaparty,Garrards Here on Track Pace,2040,6260,Fr3,Ryan Veivers,Nathan Dawson,26.594,11,9.09,-9.09,QLD,11,1 out 1 back at bell,4,30.4,30.0,29.7,28.9,29.3,,,RE300926_R1,RE300926_R1|MARDIBRINGSAPARTY,PACERS,Mobile,1X1,6.0,R/LINE,,59.73780032486279,1.5378003248627863,2026-09-30T08:25:20.266997+00:00,26.594,58.2
RE300926,Redcliffe,30/09/2026,Night,1,6:16pm,4,Mister Freeman,Garrards Here on Track Pace,2040,6260,Fr4,Graham Dwyer,Graham Dwyer,17.005,26,3.85,-3.85,QLD,26,4th fence at bell,7,30.4,30.0,29.7,28.9,29.3,,,RE300926_R1,RE300926_R1|MISTER FREEMAN,PACERS,Mobile,4PEGS,12.0,PEGS,,58.56640607802564,0.3664060780256406,2026-09-30T08:25:20.266997+00:00,17.005,58.2
RE300926,Redcliffe,30/09/2026,Night,1,6:16pm,9,Buddy Perfect,Garrards Here on Track Pace,2040,6260,Fr5,Graham Dwyer,Mitch Cox,29.973,5,20.0,-20.0,QLD,5,death seat at bell,2,30.4,30.0,29.7,28.9,29.3,,,RE300926_R1,RE300926_R1|BUDDY PERFECT,PACERS,Mobile,DEATH,2.0,DEATH,,60.3087715844135,2.108771584413496,2026-09-30T08:25:20.266997+00:00,29.973,58.2
RE300926,Redcliffe,30/09/2026,Night,1,6:16pm,8,Son Of Doc NZ,Garrards Here on Track Pace,2040,6260,Fr6,John Ballin,John Ballin,27.076,126,0.79,-0.79,QLD,126,5th fence at bell,9,30.4,30.0,29.7,28.9,29.3,,,RE300926_R1,RE300926_R1|SON OF DOC,PACERS,Mobile,5PEGS,16.0,PEGS,,59.01709163366814,0.8170916336681344,2026-09-30T08:25:20.266997+00:00,27.076,58.2
RE300926,Redcliffe,30/09/2026,Night,1,6:16pm,6,My Ultimate Carter,Garrards Here on Track Pace,2040,6260,Sr1,Jonah Hutchinson,Paige Bevan,26.54,14,7.14,-7.14,QLD,14,behind leader at bell,3,30.4,30.0,29.7,28.9,29.3,,,RE300926_R1,RE300926_R1|MY ULTIMATE CARTER,PACERS,Mobile,B/LEAD,4.0,PEGS,,59.88732539294625,1.6873253929462493,2026-09-30T08:25:20.266997+00:00,26.54,58.2
RE300926,Redcliffe,30/09/2026,Night,1,6:16pm,5,Ratatattat,Garrards Here on Track Pace,2040,6260,Sr2,Chris Frisby,Matt Elkins,20.291,6,16.67,-16.67,QLD,6,3rd fence at bell,5,30.4,30.0,29.7,28.9,29.3,,,RE300926_R1,RE300926_R1|RATATATTAT,PACERS,Mobile,3PEGS,8.0,PEGS,,59.108122415765216,0.908122415765213,2026-09-30T08:25:20.266997+00:00,20.291,58.2
RE300926,Redcliffe,30/09/2026,Night,1,6:16pm,3,A Perfect Dance,Garrards Here on Track Pace,2040,6260,Sr3,Jack Butler,Nathan Rothwell,9.562,9.5,10.53,-10.53,QLD,9.5,1 out 3 back at bell,8,30.4,30.0,29.7,28.9,29.3,,,RE300926_R1,RE300926_R1|A PERFECT DANCE,PACERS,Mobile,1X3,14.0,R/LINE,,57.87891670955375,-0.3210832904462535,2026-09-30T08:25:20.266997+00:00,9.562,58.2
