Date,Venue,State,Race No,RaceAnchorFull,TAB_URL,Winner No,Winner,Second No,Second,Third No,Third,W1,P1,P2,P3,Q,E,T,F4,DD,RD,Treble,Quad,CapturedAtUTC
9/08/2026,Marburg,QLD,1,UG090826_R1,https://www.tab.com.au/racing/2026-08-09/MARBURG/MBG/H/1?jurisdiction=VIC,4,GOODTIME FLETCH,5,TUSCANS COURAGE,3,KIPCHOGE,1.6,1.6,13.3,,26.9,19.1,40.5,507.1,,,,,2026-08-09T08:39:41.369619+00:00
9/08/2026,Hobart,TAS,1,EH090826_R1,https://www.tab.com.au/racing/2026-08-09/HOBART/HOB/H/1?jurisdiction=VIC,5,MY FATAL CHARM,4,IDEN ELIZA JANE,2,LITTLE CAPPUCCINA,3,1.1,2.6,2.9,9.5,14.3,95.7,262,,,,,2026-08-09T08:40:11.505197+00:00
9/08/2026,Marburg,QLD,2,UG090826_R2,https://www.tab.com.au/racing/2026-08-09/MARBURG/MBG/H/2?jurisdiction=VIC,3,MOVE HEAVENNEARTH,1,ITS A SPONGE DARL,4,VICTREE BUSTA,13.5,2.6,1.1,1.6,10.3,32.3,111.8,521.4,,8,,,2026-08-09T08:40:56.965231+00:00
9/08/2026,Hobart,TAS,2,EH090826_R2,https://www.tab.com.au/racing/2026-08-09/HOBART/HOB/H/2?jurisdiction=VIC,5,STOLEN ONE,7,VINJETTA,3,ESTELLA HERGE,2.9,1.04,14.9,,27.1,34.7,105,658.1,,10.8,,,2026-08-09T08:41:49.073852+00:00
9/08/2026,Marburg,QLD,3,UG090826_R3,https://www.tab.com.au/racing/2026-08-09/MARBURG/MBG/H/3?jurisdiction=VIC,9,CHARLIE CHUCKLES,3,STONES,6,THE BLACK FOX,14.2,3.6,1.04,1.3,18.6,86.7,227,629.1,,0,,,2026-08-09T08:42:19.857666+00:00
9/08/2026,Hobart,TAS,3,EH090826_R3,https://www.tab.com.au/racing/2026-08-09/HOBART/HOB/H/3?jurisdiction=VIC,2,CALZO SNIPER,6,LOTSEVEN,5,CLAYTON,2.3,2,4.1,,5.3,9.7,13.6,42.4,,2.7,,,2026-08-09T08:43:00.827183+00:00
9/08/2026,Marburg,QLD,4,UG090826_R4,https://www.tab.com.au/racing/2026-08-09/MARBURG/MBG/H/4?jurisdiction=VIC,7,WICKED MACK,1,ROSEANNE RUBY,5,PLANET DOWNS,61.7,8.9,1.3,1.5,57.2,107.4,1590.7,2581,,0,,309,2026-08-09T08:43:52.814315+00:00
9/08/2026,Hobart,TAS,4,EH090826_R4,https://www.tab.com.au/racing/2026-08-09/HOBART/HOB/H/4?jurisdiction=VIC,2,GO THE RED,10,VANQUISH STRIDE,8,WATERMELON SUGAR,4.5,1.5,7.8,2.2,105.2,248.2,1110.2,6344.1,,11.1,,124.1,2026-08-09T08:44:24.210755+00:00
9/08/2026,Marburg,QLD,5,UG090826_R5,https://www.tab.com.au/racing/2026-08-09/MARBURG/MBG/H/5?jurisdiction=VIC,2,ART JESTER,7,UBETONRED,1,ROSIES BOY,2.3,1.04,2.3,2.3,7.3,14.7,48.5,394.9,,0,,,2026-08-09T08:45:06.153653+00:00
9/08/2026,Marburg,QLD,6,UG090826_R6,https://www.tab.com.au/racing/2026-08-09/MARBURG/MBG/H/6?jurisdiction=VIC,1,THE CASUAL GOOSE,3,MAJOR SLIP UP,6,GRACENAVA,2.6,1.5,7,1.9,48.2,31.4,352.5,1142.8,,16.6,,,2026-08-09T08:46:00.605479+00:00
9/08/2026,Hobart,TAS,5,EH090826_R5,https://www.tab.com.au/racing/2026-08-09/HOBART/HOB/H/5?jurisdiction=VIC,9,CAN FEEL THE FURY,11,EYE SEE AMOUR,10,ANDAMAN BAY,4.8,1.9,4.8,9.2,43.5,72.4,717.1,9387,,38.7,,,2026-08-09T08:46:31.369518+00:00
9/08/2026,Marburg,QLD,7,UG090826_R7,https://www.tab.com.au/racing/2026-08-09/MARBURG/MBG/H/7?jurisdiction=VIC,1,ROCKIN SWEET,2,MACH ASSASSIN,9,IM BOO,6.9,1.9,1.2,3.4,4.4,18.2,215,629.7,14.7,34.3,,,2026-08-09T08:47:13.104105+00:00
9/08/2026,Hobart,TAS,6,EH090826_R6,https://www.tab.com.au/racing/2026-08-09/HOBART/HOB/H/6?jurisdiction=VIC,1,SCHWARZ,8,GOODTIME OSCAR,3,EVERYTHING BUT THE,1.1,1,1.6,3.8,4.6,2.9,20.5,62.3,,9.7,,,2026-08-09T08:48:03.194319+00:00
9/08/2026,Marburg,QLD,8,UG090826_R8,https://www.tab.com.au/racing/2026-08-09/MARBURG/MBG/H/8?jurisdiction=VIC,1,LULU LUCIFER,6,DUAL CAM,5,LETHAL LOUIE,2.1,1.3,1.2,14.1,2.9,6.9,173.9,770.8,,9,0,122.6,2026-08-09T08:48:34.515549+00:00
9/08/2026,Hobart,TAS,7,EH090826_R7,https://www.tab.com.au/racing/2026-08-09/HOBART/HOB/H/7?jurisdiction=VIC,2,SNOWIEWILLREV,4,ROCKNALLOVERTHEWOR,1,I GOTTA GO,2.6,1.6,1.9,1.3,8.9,14.3,49.1,151,19.4,3.2,42,260.7,2026-08-09T08:49:15.223496+00:00
8/08/2026,Albion Park,QLD,1,AP080826_R1,https://www.tab.com.au/racing/2026-08-08/ALBION-PARK/B/H/1,4,SMARTER THAN YOU,7,BRAVENTREACHEROUS,5,MIKI B,18.8,4.4,2.7,1.9,73,200.7,714.3,4273.8,,,,,2026-08-09T08:54:32.561406+00:00
8/08/2026,Albion Park,QLD,2,AP080826_R2,https://www.tab.com.au/racing/2026-08-08/ALBION-PARK/B/H/2,4,RACE FOR RICHES,9,MISTER MANAGER,3,IMPERIAL NIGHT,2.4,1.4,1.9,1.7,6.1,9.8,37.8,183.6,,60.6,,,2026-08-09T08:55:19.483031+00:00
8/08/2026,Albion Park,QLD,3,AP080826_R3,https://www.tab.com.au/racing/2026-08-08/ALBION-PARK/B/H/3,2,HEZA PUNK ROCKER,5,FERNCO NEL,4,CATSEYE BEACH,1.1,1,1.8,9.1,3,3.6,42.7,484,,3.3,,,2026-08-09T08:56:05.813537+00:00
8/08/2026,Albion Park,QLD,4,AP080826_R4,https://www.tab.com.au/racing/2026-08-08/ALBION-PARK/B/H/4,7,GOLDEN FIRE,3,BELLA DANZA,1,LUVARESCHS,4,2,1.04,1.5,2.2,27.3,49.5,280.5,,5.5,,0,2026-08-09T08:56:52.243216+00:00
8/08/2026,Albion Park,QLD,5,AP080826_R5,https://www.tab.com.au/racing/2026-08-08/ALBION-PARK/B/H/5,5,RUBY RULES,2,REDS ABLAZE,4,LULLABY,1.2,1.04,1.4,2.2,2.1,2.3,8.6,22.7,,21.6,,,2026-08-09T08:57:41.016244+00:00
8/08/2026,Albion Park,QLD,6,AP080826_R6,https://www.tab.com.au/racing/2026-08-08/ALBION-PARK/B/H/6,1,IDEAL BRONSKI,4,RUGGARDS GEE TEE,3,ALWAYSBJOY,2.2,1.2,1.7,1.3,15.3,18.3,51.7,252.7,,3,,,2026-08-09T08:58:28.231354+00:00
8/08/2026,Albion Park,QLD,7,AP080826_R7,https://www.tab.com.au/racing/2026-08-08/ALBION-PARK/B/H/7,5,RAKASANDY,2,AIR EXPRESS,1,COSMIC FLYER,2.2,1.6,2.2,,7,11,38.6,64.1,3,7.1,,,2026-08-09T08:59:14.331593+00:00
8/08/2026,Albion Park,QLD,8,AP080826_R8,https://www.tab.com.au/racing/2026-08-08/ALBION-PARK/B/H/8,10,QUEEN LILIBET,5,DOLLY ROCKET,2,BETTORS MOON,8.5,2.5,2.5,1.8,28.3,30.9,167.1,1033.6,,9.9,0,86.4,2026-08-09T09:00:00.931198+00:00
8/08/2026,Globe Derby Park,SA,1,GD080826_R1,https://www.tab.com.au/racing/2026-08-08/GLOBE-DERBY/A/H/1,10,MISS OUT,9,LINXX,1,OUR CHEEKY DEVIL,5.7,2,3.2,1.9,50.6,105.4,388.3,1881,,,,,2026-08-09T09:00:46.548193+00:00
8/08/2026,Globe Derby Park,SA,2,GD080826_R2,https://www.tab.com.au/racing/2026-08-08/GLOBE-DERBY/A/H/2,3,UPRIGHT,10,CHILDERS ROAD,4,HUGH GO,2.6,1.6,3.3,4.1,15.4,21,200.4,1550.7,,11.8,,,2026-08-09T09:01:33.408582+00:00
8/08/2026,Globe Derby Park,SA,3,GD080826_R3,https://www.tab.com.au/racing/2026-08-08/GLOBE-DERBY/A/H/3,1,KITTYKAT CUTIE,8,LORD VERDE,3,ROCKNROLL YANKEE,1.3,1.04,6.9,2.8,22.7,14.3,196.4,1146,,4.5,,,2026-08-09T09:02:20.666498+00:00
8/08/2026,Globe Derby Park,SA,4,GD080826_R4,https://www.tab.com.au/racing/2026-08-08/GLOBE-DERBY/A/H/4,4,OUR SPITFIRE,9,DAISY BOUCHEA,,,22.4,4.6,1.8,,17.6,40.2,386.3,1021.9,,33.6,,0,2026-08-09T09:03:07.858204+00:00
8/08/2026,Globe Derby Park,SA,5,GD080826_R5,https://www.tab.com.au/racing/2026-08-08/GLOBE-DERBY/A/H/5,2,HEZ SO ROYAL,3,ALWAYSBEALADY,6,HEEZ A VIBE,1.6,1.2,2.1,2.1,5.7,4.3,38.7,191.8,,0,,,2026-08-09T09:03:55.074572+00:00
8/08/2026,Globe Derby Park,SA,6,GD080826_R6,https://www.tab.com.au/racing/2026-08-08/GLOBE-DERBY/A/H/6,5,DOUBLE JOEY,7,JILLIBY BLISS,3,EAGLESTONE,10.4,2.5,1.8,1.8,16.5,21.3,164.7,664.2,,49.2,,,2026-08-09T09:04:42.269545+00:00
8/08/2026,Melton,VIC,1,MX080826_R1,https://www.tab.com.au/racing/2026-08-08/MELTON/M/H/1,3,HOORAH PHILTRA,4,SOME AMERICAN,6,STORMS COLLIDE,7,2.1,1.3,1.3,5.2,20.7,69.5,621.1,,,,,2026-08-09T09:05:27.940590+00:00
8/08/2026,Melton,VIC,2,MX080826_R2,https://www.tab.com.au/racing/2026-08-08/MELTON/M/H/2,9,SEASIDE BOY,11,MIDNIGHT MOTH,2,SWEET IRISH LOCH,2.3,1.04,1.2,2,1.6,2.9,13.6,50.7,,19.6,,,2026-08-09T09:06:16.163509+00:00
8/08/2026,Melton,VIC,3,MX080826_R3,https://www.tab.com.au/racing/2026-08-08/MELTON/M/H/3,10,ALRIGHTY,6,FOUROUTOFFIVE,8,MUSKEE,1.4,1.2,2,1.8,6.7,6.1,30.6,120.9,,5.2,,,2026-08-09T09:07:02.850337+00:00
8/08/2026,Melton,VIC,4,MX080826_R4,https://www.tab.com.au/racing/2026-08-08/MELTON/M/H/4,7,WITH IN REASON,9,SHARP INTEREST,4,HIGHLANDHARTBREAKA,54.6,6.4,6.4,5.6,1255.2,964.8,4018.5,0,,83.3,,0,2026-08-09T09:07:49.341470+00:00
8/08/2026,Melton,VIC,5,MX080826_R5,https://www.tab.com.au/racing/2026-08-08/MELTON/M/H/5,8,ALDEBARAN ABEL,6,RINGER WELLS,2,ROCKY VALLEY,2.7,1.6,2.3,3.1,20.9,39.1,243.6,913.3,,0,,,2026-08-09T09:08:36.062505+00:00
8/08/2026,Melton,VIC,6,MX080826_R6,https://www.tab.com.au/racing/2026-08-08/MELTON/M/H/6,6,UNCLAD,7,HOWDY MATE,9,TIMMY WHIZ,3,1.3,1.04,2.6,1.9,5.5,17.1,38.9,,26.3,,,2026-08-09T09:09:22.535081+00:00
8/08/2026,Melton,VIC,7,MX080826_R7,https://www.tab.com.au/racing/2026-08-08/MELTON/M/H/7,4,ALWAYS BE BLAKEY,7,MOST EXCITING,2,TWISTING BY,5.3,1.7,1.2,5.2,5.7,14.5,197.6,122.9,35.9,18.9,,,2026-08-09T09:10:08.865995+00:00
8/08/2026,Melton,VIC,8,MX080826_R8,https://www.tab.com.au/racing/2026-08-08/MELTON/M/H/8,4,THE STEEL DRAGON,1,PERUN,6,ATA RANGI,17,4.7,2,,67.2,44,803.9,1468.8,,16.6,0,3783.8,2026-08-09T09:10:56.048442+00:00
8/08/2026,Narrogin,WA,1,NG080826_R1,https://www.tab.com.au/racing/2026-08-08/NARROGIN/W/H/1,5,SUN PUBLISHER,8,ULTIMATE ZIPPER,6,REDDY TO FLY,1.9,1.3,3.4,2.2,18.1,25.2,164.8,587,,,,,2026-08-09T09:11:44.606427+00:00
8/08/2026,Narrogin,WA,2,NG080826_R2,https://www.tab.com.au/racing/2026-08-08/NARROGIN/W/H/2,10,SHES A MARE,5,RECOVER LOVER,9,TAXI IT IS,8.4,2.1,1.6,1.9,20.6,59.9,303,326.7,,0,,,2026-08-09T09:12:32.688316+00:00
8/08/2026,Narrogin,WA,3,NG080826_R3,https://www.tab.com.au/racing/2026-08-08/NARROGIN/W/H/3,5,BALTIC ACE,9,IM ROCKIN ROD,8,AMERICAN MONARCH,4.4,2,2.5,1.8,19.6,51.3,119.3,477.1,,52.4,,,2026-08-09T09:13:20.335185+00:00
8/08/2026,Narrogin,WA,4,NG080826_R4,https://www.tab.com.au/racing/2026-08-08/NARROGIN/W/H/4,1,THE WAND WAVER,7,DEL BOCAVISTA BAY,2,MAJOR FREEWAY,4,1.7,1.4,1.9,4.2,10.9,44.6,361.1,,42.3,,0,2026-08-09T09:14:08.024122+00:00
8/08/2026,Narrogin,WA,5,NG080826_R5,https://www.tab.com.au/racing/2026-08-08/NARROGIN/W/H/5,10,SWEETER THE BETTOR,3,SOME LINE,2,MATERNAL DREAMS,13,3.4,3.7,1.04,118.1,226,775.2,514.4,,0,,,2026-08-09T09:14:54.444238+00:00
8/08/2026,Narrogin,WA,6,NG080826_R6,https://www.tab.com.au/racing/2026-08-08/NARROGIN/W/H/6,5,WORLD OF ROCK,7,RAMBO RABBIT,9,IDEAL WHITBY,6.8,3,1.7,2.6,24.5,41.6,194.5,722,,0,,,2026-08-09T09:15:43.573210+00:00
8/08/2026,Narrogin,WA,7,NG080826_R7,https://www.tab.com.au/racing/2026-08-08/NARROGIN/W/H/7,10,LAKE PICHOLA,3,PAPPINBARRA LADY,7,ULTIMATE REIGN,1.1,1.04,2.8,5.5,5.1,5.4,41.9,471.5,31.1,20.1,0,189.1,2026-08-09T09:16:29.882246+00:00
8/08/2026,Menangle,NSW,1,PC080826_R1,https://www.tab.com.au/racing/2026-08-08/MENANGLE/S/H/1,4,JORGE STREET,7,SMOKEN ACE,8,ALTA WILLIAM,3.4,1.7,1.4,2.2,4.5,8.2,63.2,382.3,,,,,2026-08-09T09:17:16.246988+00:00
8/08/2026,Menangle,NSW,2,PC080826_R2,https://www.tab.com.au/racing/2026-08-08/MENANGLE/S/H/2,8,SOHO CHARMER,4,GO WITHOUT,5,IM ROCKIN IT,1.3,1.04,2.1,2.7,3.7,4.7,28.4,171.7,,8.2,,,2026-08-09T09:18:02.282973+00:00
8/08/2026,Menangle,NSW,3,PC080826_R3,https://www.tab.com.au/racing/2026-08-08/MENANGLE/S/H/3,1,DESSIE GEE,7,QUIET STORM,9,ISLA ROCHELLE,1.6,1.1,3.4,3.3,10.9,14.4,66.5,289.7,,3.4,,,2026-08-09T09:18:48.529720+00:00
8/08/2026,Menangle,NSW,4,PC080826_R4,https://www.tab.com.au/racing/2026-08-08/MENANGLE/S/H/4,5,BUZZ BOMB,11,COOL NIGHT,10,VINCENZO,8.4,2.4,2.5,1.2,39.6,114.7,237.2,3519,,14.5,,264.1,2026-08-09T09:19:36.152709+00:00
8/08/2026,Menangle,NSW,5,PC080826_R5,https://www.tab.com.au/racing/2026-08-08/MENANGLE/S/H/5,9,GLITTER AINT GOLD,4,LOUIE LOU I,11,BETTER ECLIPSE,5.7,2.3,4.1,5.7,82.4,87.5,2134.6,10260.6,,121.6,,,2026-08-09T09:20:26.136113+00:00
8/08/2026,Menangle,NSW,6,PC080826_R6,https://www.tab.com.au/racing/2026-08-08/MENANGLE/S/H/6,10,JILLIBY ILLUMINATE,6,WHERE BACK,9,WEONA MISS MIKI,8.5,2.7,7.8,1.6,246.6,317.3,1657.2,0,,101.9,,,2026-08-09T09:21:13.139318+00:00
8/08/2026,Menangle,NSW,7,PC080826_R7,https://www.tab.com.au/racing/2026-08-08/MENANGLE/S/H/7,9,PESCO POLLO,12,SPEEDY LOVER,7,CORMORAN STRIKE,7.4,3.3,3.6,1.7,53.7,149.3,860.2,5716.2,40.4,17.2,,,2026-08-09T09:21:59.581721+00:00
8/08/2026,Menangle,NSW,8,PC080826_R8,https://www.tab.com.au/racing/2026-08-08/MENANGLE/S/H/8,7,ALERT BAY,4,COWBOY CULTURE,8,EYE CAN EAR AMOUR,1.6,1.1,6.1,4.5,24.9,32.7,281,1481.4,,27.4,38.4,1524,2026-08-09T09:22:46.152316+00:00
8/08/2026,Menangle,NSW,9,PC080826_R9,https://www.tab.com.au/racing/2026-08-08/MENANGLE/S/H/9,3,RAGING WHITEBAIT,6,PETES CRUNCH TIME,7,PROMISING,2.9,1.6,2.5,2.2,14.7,26.8,158.7,601.9,,7.9,,,2026-08-09T09:23:39.034691+00:00
7/08/2026,Dubbo,NSW,1,DU070826_R1,https://www.tab.com.au/racing/2026-08-07/DUBBO/S/H/1,2,PHAR LUME,1,BRING YOUR BEST,10,LOUISE LUCK,12.6,2.3,3.1,2.7,73.9,129.2,1129.9,1025.1,,,,,2026-08-09T09:25:16.990851+00:00
7/08/2026,Dubbo,NSW,2,DU070826_R2,https://www.tab.com.au/racing/2026-08-07/DUBBO/S/H/2,5,VINTAGE EDITION,10,HEAVENLY REASON,1,CLARA ROCKS,15.1,4,4.9,1.7,118.9,201.3,959.1,1829.9,,177.9,,,2026-08-09T09:26:01.848925+00:00
7/08/2026,Dubbo,NSW,3,DU070826_R3,https://www.tab.com.au/racing/2026-08-07/DUBBO/S/H/3,8,SOHO PIASTRI,6,RADIANT AMBER,5,PET KITTY,1.9,1.2,4.2,1.7,15.2,17.9,78.7,380.9,,26.3,,,2026-08-09T09:26:47.712844+00:00
7/08/2026,Dubbo,NSW,4,DU070826_R4,https://www.tab.com.au/racing/2026-08-07/DUBBO/S/H/4,8,LITTLE DEMON,6,THE CID,3,ULTIMATE CRUZA,18.1,5.8,10,,51.4,141.6,619.1,2247,,59.7,,0,2026-08-09T09:27:34.631532+00:00
7/08/2026,Dubbo,NSW,5,DU070826_R5,https://www.tab.com.au/racing/2026-08-07/DUBBO/S/H/5,1,HALF HOLIDAY,5,MANHATTEN CHICK,10,ROCKIN BULL,6.6,3.2,1.9,1.04,23.1,24.5,228.7,2702.7,,355.5,,,2026-08-09T09:28:27.601004+00:00
7/08/2026,Dubbo,NSW,6,DU070826_R6,https://www.tab.com.au/racing/2026-08-07/DUBBO/S/H/6,6,HEEZ REASONABLE,8,GOODTIME MIKI,3,RESERVE BANK,19.1,3.9,4.6,1.2,75,144.1,894.4,0,,281,,,2026-08-09T09:29:19.756219+00:00
7/08/2026,Dubbo,NSW,7,DU070826_R7,https://www.tab.com.au/racing/2026-08-07/DUBBO/S/H/7,3,LOUIGI,1,CHLOBRO,7,ROCKSIE ROCK,5.1,2.2,1.7,2.6,9.8,15.9,87.2,524.3,61,148.7,,,2026-08-09T09:30:10.683704+00:00
7/08/2026,Dubbo,NSW,8,DU070826_R8,https://www.tab.com.au/racing/2026-08-07/DUBBO/S/H/8,8,ELLEZIE,3,SLICK AND SUAVE,5,CEEJAY HAICH,4.9,1.8,1.9,1.04,15.3,8.6,70.9,423.1,,21,103,0,2026-08-09T09:30:58.317346+00:00
7/08/2026,Dubbo,NSW,9,DU070826_R9,https://www.tab.com.au/racing/2026-08-07/DUBBO/E/H/9,3,CLASSYNFABULOUS,5,CHARLOTTES DIAMOND,10,BOHEMIAN FLY BY,2.5,1.5,1.3,19.4,3.9,5.4,223.3,2386.2,,148.6,,,2026-08-09T09:34:59.556190+00:00
7/08/2026,Riverina Paceway,NSW,1,EY070826_R1,https://www.tab.com.au/racing/2026-08-07/RIVERINA-PACEWAY/S/H/1,2,PHAR LUME,1,BRING YOUR BEST,10,LOUISE LUCK,12.6,2.3,3.1,2.7,73.9,129.2,1129.9,1025.1,,,,,2026-08-09T09:35:45.180278+00:00
7/08/2026,Riverina Paceway,NSW,2,EY070826_R2,https://www.tab.com.au/racing/2026-08-07/RIVERINA-PACEWAY/S/H/2,5,VINTAGE EDITION,10,HEAVENLY REASON,1,CLARA ROCKS,15.1,4,4.9,1.7,118.9,201.3,959.1,1829.9,,177.9,,,2026-08-09T09:36:31.776422+00:00
7/08/2026,Riverina Paceway,NSW,3,EY070826_R3,https://www.tab.com.au/racing/2026-08-07/RIVERINA-PACEWAY/S/H/3,8,SOHO PIASTRI,6,RADIANT AMBER,5,PET KITTY,1.9,1.2,4.2,1.7,15.2,17.9,78.7,380.9,,26.3,,,2026-08-09T09:37:17.299594+00:00
7/08/2026,Riverina Paceway,NSW,4,EY070826_R4,https://www.tab.com.au/racing/2026-08-07/RIVERINA-PACEWAY/S/H/4,8,LITTLE DEMON,6,THE CID,3,ULTIMATE CRUZA,18.1,5.8,10,,51.4,141.6,619.1,2247,,59.7,,0,2026-08-09T09:38:03.411071+00:00
7/08/2026,Riverina Paceway,NSW,5,EY070826_R5,https://www.tab.com.au/racing/2026-08-07/RIVERINA-PACEWAY/S/H/5,1,HALF HOLIDAY,5,MANHATTEN CHICK,10,ROCKIN BULL,6.6,3.2,1.9,1.04,23.1,24.5,228.7,2702.7,,355.5,,,2026-08-09T09:38:48.959168+00:00
7/08/2026,Riverina Paceway,NSW,6,EY070826_R6,https://www.tab.com.au/racing/2026-08-07/RIVERINA-PACEWAY/S/H/6,6,HEEZ REASONABLE,8,GOODTIME MIKI,3,RESERVE BANK,19.1,3.9,4.6,1.2,75,144.1,894.4,0,,281,,,2026-08-09T09:39:34.618788+00:00
7/08/2026,Riverina Paceway,NSW,7,EY070826_R7,https://www.tab.com.au/racing/2026-08-07/RIVERINA-PACEWAY/S/H/7,3,LOUIGI,1,CHLOBRO,7,ROCKSIE ROCK,5.1,2.2,1.7,2.6,9.8,15.9,87.2,524.3,61,148.7,,,2026-08-09T09:40:20.942803+00:00
7/08/2026,Riverina Paceway,NSW,8,EY070826_R8,https://www.tab.com.au/racing/2026-08-07/RIVERINA-PACEWAY/S/H/8,8,ELLEZIE,3,SLICK AND SUAVE,5,CEEJAY HAICH,4.9,1.8,1.9,1.04,15.3,8.6,70.9,423.1,,21,103,0,2026-08-09T09:41:05.755032+00:00
7/08/2026,Gloucester Park,WA,1,GP070826_R1,https://www.tab.com.au/racing/2026-08-07/GLOUCESTER-PARK/W/H/1,7,CAPTAIN STIRLING,6,ART IDEAL,3,ATLAS THE TITAN,1.5,1.04,3.6,2.5,13.4,14.8,109.4,258.8,,,,,2026-08-09T09:41:52.530375+00:00
7/08/2026,Gloucester Park,WA,2,GP070826_R2,https://www.tab.com.au/racing/2026-08-07/GLOUCESTER-PARK/W/H/2,9,SOHO MOONRAKER,2,SWEET COCO,8,CHACO EAGLE,9.7,2.5,1.5,5.3,12.1,36.1,306.6,1634.4,,24.7,,,2026-08-09T09:42:36.123936+00:00
7/08/2026,Gloucester Park,WA,3,GP070826_R3,https://www.tab.com.au/racing/2026-08-07/GLOUCESTER-PARK/W/H/3,1,SOHO SHAKEDOWN,5,LUCCA,12,MASTER PUBLISHER,2.2,1.8,2,6.5,7.8,6.4,190,1064.7,,29,,,2026-08-09T09:43:21.941201+00:00
7/08/2026,Gloucester Park,WA,4,GP070826_R4,https://www.tab.com.au/racing/2026-08-07/GLOUCESTER-PARK/W/H/4,4,ALTA TRIBUTE,2,SWEET PINS,12,HOTLY PURSUED,9.5,2.8,2,6.4,34.3,95.2,940,0,,22.3,,196,2026-08-09T09:44:07.581799+00:00
7/08/2026,Gloucester Park,WA,5,GP070826_R5,https://www.tab.com.au/racing/2026-08-07/GLOUCESTER-PARK/W/H/5,12,NEVELE ARMA,10,IM CATASTROPHIC,1,ALL OUT OF ACES,9.8,2.8,2.7,1.7,29.8,65.6,217.5,1136.1,,32,,,2026-08-09T09:44:52.902468+00:00
7/08/2026,Gloucester Park,WA,6,GP070826_R6,https://www.tab.com.au/racing/2026-08-07/GLOUCESTER-PARK/W/H/6,1,HEZ THE BOSS,4,IDEAL WHISPER,9,IGNITE THE FURNACE,1.3,1,1.1,9.7,1.5,1.8,11.8,38.3,,22.2,,,2026-08-09T09:45:39.041600+00:00
7/08/2026,Gloucester Park,WA,7,GP070826_R7,https://www.tab.com.au/racing/2026-08-07/GLOUCESTER-PARK/W/H/7,13,LUVBITE,10,STORMY VISTA,1,DAWSON,2.9,1.5,1.9,2,8.3,13.4,47.4,132.4,30.9,3.1,,,2026-08-09T09:46:26.408128+00:00
7/08/2026,Gloucester Park,WA,8,GP070826_R8,https://www.tab.com.au/racing/2026-08-07/GLOUCESTER-PARK/W/H/8,4,MAJOR MIKI WHITBY,11,LOU LAMOUR,1,IDEAL INTEREST,1.4,1.04,2,2.5,4.3,5.4,21,84.5,,2.1,31.8,101.8,2026-08-09T09:47:12.860164+00:00
7/08/2026,Gloucester Park,WA,9,GP070826_R9,https://www.tab.com.au/racing/2026-08-07/GLOUCESTER-PARK/W/H/9,7,SCOOTER B,12,RAKLOU,6,COLD HARD CASH,1.1,1,3.5,3.8,3.2,4.9,28.6,118,,1.7,,,2026-08-09T09:47:57.836541+00:00
7/08/2026,Gloucester Park,WA,10,GP070826_R10,https://www.tab.com.au/racing/2026-08-07/GLOUCESTER-PARK/W/H/10,11,LILLIE QUEEN,6,PRIDDAH,3,VELVET SHADOW,7.5,3.5,4.3,8,92.2,37,2200.7,0,,7,,,2026-08-09T09:48:43.476149+00:00
7/08/2026,Launceston,TAS,1,LN070826_R1,https://www.tab.com.au/racing/2026-08-07/LAUNCESTON/T/H/1,5,FEELINKINDALUCKY,1,COLORADO GIRL,4,BARBETTE,37.2,7.2,1.1,2,23.4,126,747.8,1614.2,,,,,2026-08-09T09:49:28.419837+00:00
7/08/2026,Launceston,TAS,2,LN070826_R2,https://www.tab.com.au/racing/2026-08-07/LAUNCESTON/T/H/2,6,SHEMEANSBUSINESS,13,KENYA,3,GOT THE GLOW,3.6,1.4,13.3,6.5,92.5,92.8,1925.2,5127.4,,0,,,2026-08-09T09:50:13.348729+00:00
7/08/2026,Launceston,TAS,3,LN070826_R3,https://www.tab.com.au/racing/2026-08-07/LAUNCESTON/T/H/3,11,BAIL DENIED,12,MOVESLIKEALADY,13,LAID BACK,5.3,2.2,2.3,2.8,18.1,39.8,68.6,1506,,10.5,,,2026-08-09T09:50:59.106652+00:00
7/08/2026,Launceston,TAS,4,LN070826_R4,https://www.tab.com.au/racing/2026-08-07/LAUNCESTON/T/H/4,11,ZIHUATANEJO,6,A DRAGON FOR JOE,1,OMYBACNKNEES JUDGE,1.8,1.2,2.1,6.3,6.7,9.3,82.9,598,,19.3,,0,2026-08-09T09:51:44.652449+00:00
7/08/2026,Launceston,TAS,5,LN070826_R5,https://www.tab.com.au/racing/2026-08-07/LAUNCESTON/T/H/5,2,PHLOW JO,1,CHARLI PIPPEN,5,ALL ABOUT SADIE,3.7,1.3,1.6,3.1,10.8,16.7,102.2,433.5,,16.4,,,2026-08-09T09:52:31.133547+00:00
7/08/2026,Launceston,TAS,6,LN070826_R6,https://www.tab.com.au/racing/2026-08-07/LAUNCESTON/T/H/6,8,WATCH YOUR BACK,2,ART HUNTSMAN,1,CAN FEEL THE FURY,9.7,4.5,3.2,2.7,75.6,77.9,554.2,0,,13.4,,,2026-08-09T09:53:17.059227+00:00
7/08/2026,Launceston,TAS,7,LN070826_R7,https://www.tab.com.au/racing/2026-08-07/LAUNCESTON/T/H/7,7,WILL HE PIKE,6,MY WAY,2,TULLAH GIRL,7.8,2.7,3.6,2.2,14.1,87.7,378.1,823.1,30.1,35.2,,,2026-08-09T09:54:02.700832+00:00
7/08/2026,Launceston,TAS,8,LN070826_R8,https://www.tab.com.au/racing/2026-08-07/LAUNCESTON/T/H/8,5,NO NUKES SKIPPER,6,ROSE NOIRE,3,GOBSMACKED,12,2.2,3.5,,28.6,116.4,137.8,239.7,,61.1,0,0,2026-08-09T09:54:49.141345+00:00
7/08/2026,Mildura,VIC,1,ML070826_R1,https://www.tab.com.au/racing/2026-08-07/MILDURA/P/H/1,1,STARVIN MARVIN,7,RED HOT MIKI,5,WHITEHAVEN BEACH,2.7,1.9,4.8,,16.4,22.8,84.8,647.3,,,,,2026-08-09T09:55:33.200529+00:00
7/08/2026,Mildura,VIC,2,ML070826_R2,https://www.tab.com.au/racing/2026-08-07/MILDURA/P/H/2,4,DON CRUNCH,8,JUST INCREDIBLE,2,BAZZAS LEGACY,1.5,1.04,1.04,2,2.2,3.8,10,20.8,,7.5,,,2026-08-09T09:56:17.917489+00:00
7/08/2026,Mildura,VIC,3,ML070826_R3,https://www.tab.com.au/racing/2026-08-07/MILDURA/P/H/3,6,DON LOU,3,HOT DEAL,7,FORTY LOVE,9.7,5,1.6,,23.3,62.8,155.3,1057.4,,33.2,,,2026-08-09T09:57:03.368844+00:00
7/08/2026,Mildura,VIC,4,ML070826_R4,https://www.tab.com.au/racing/2026-08-07/MILDURA/P/H/4,8,HESASTAR,3,BEAUDIENESGOLD,7,KEAYANG CRIPPA,2.2,1.04,5.9,1.6,29.7,29.5,178.9,603,,80.9,,0,2026-08-09T09:57:47.807826+00:00
7/08/2026,Mildura,VIC,5,ML070826_R5,https://www.tab.com.au/racing/2026-08-07/MILDURA/P/H/5,2,UNITED,9,LEWIELEWIS,8,GOOD BOOTS BINDI,2.6,1.04,2.4,1.6,10.4,12.8,49,468.2,,15.4,,,2026-08-09T09:58:33.085533+00:00
7/08/2026,Mildura,VIC,6,ML070826_R6,https://www.tab.com.au/racing/2026-08-07/MILDURA/P/H/6,2,ALL DONE TARA,3,YOUVE BEEN SERVED,6,CRUEL MISTRESS,2.4,1.04,1.1,6.6,1.6,3.1,55.4,371.6,,12.8,,,2026-08-09T09:59:18.089894+00:00
7/08/2026,Mildura,VIC,7,ML070826_R7,https://www.tab.com.au/racing/2026-08-07/MILDURA/P/H/7,1,THE DEVIL ROLLS ON,7,ALIENFROMARMSTRONG,4,SUNSHINE WARRIOR,3.3,1.6,1.9,4.3,5.7,11.5,192,778.5,15.4,19.9,,,2026-08-09T10:00:03.229365+00:00
7/08/2026,Mildura,VIC,8,ML070826_R8,https://www.tab.com.au/racing/2026-08-07/MILDURA/P/H/8,4,WATCH THE ATTITUDE,6,SHES POPPY,3,CAULONIA TERROR,1.9,1.04,12.6,2.4,59.5,211.4,1916.1,1803.1,,10.4,12.8,0,2026-08-09T10:00:47.717655+00:00
7/08/2026,Melton,VIC,1,MX070826_R1,https://www.tab.com.au/racing/2026-08-07/MELTON/M/H/1,5,OX KNOX,8,BUSLIN BRODY,9,FLYIN TIME,1.3,1.1,1.3,8.8,10.7,16.6,158.4,2674.1,,,,,2026-08-09T10:01:33.289348+00:00
7/08/2026,Melton,VIC,2,MX070826_R2,https://www.tab.com.au/racing/2026-08-07/MELTON/M/H/2,1,SPIRITED LASS,8,ACOOL INVESTMENT,5,DELS DESTINY,2.4,1.1,1.9,4.6,8.6,11.3,73.4,385.9,,4.2,,,2026-08-09T10:02:19.463106+00:00
7/08/2026,Melton,VIC,3,MX070826_R3,https://www.tab.com.au/racing/2026-08-07/MELTON/M/H/3,3,FAMOUS CRIMES,8,WEONA OUR RIGHTS,10,LIBERTY STAR DUST,2.8,1.2,3.1,3.6,28.2,38.5,278.3,1517.5,,9.2,,,2026-08-09T10:03:03.906726+00:00
7/08/2026,Melton,VIC,4,MX070826_R4,https://www.tab.com.au/racing/2026-08-07/MELTON/M/H/4,7,JOE LOU,8,WHATS THE TEA,2,ROSE ALL DAY,2,1.6,2,,5.3,6.8,44.7,250.5,,5,,43.7,2026-08-09T10:03:48.906138+00:00
7/08/2026,Melton,VIC,5,MX070826_R5,https://www.tab.com.au/racing/2026-08-07/MELTON/M/H/5,6,WORDS,5,ZENARIO,1,OLLIES THE BOSS,8.3,4,1.3,,9,24.1,112.5,615.2,,36.4,,,2026-08-09T10:04:33.336580+00:00
7/08/2026,Melton,VIC,6,MX070826_R6,https://www.tab.com.au/racing/2026-08-07/MELTON/M/H/6,7,LAMBRO MACH,3,BULLETPROOF KID,6,DRESSED IN GOLD,1.9,1.4,2.2,,5,6.2,13.9,27.3,,18.7,,,2026-08-09T10:05:20.433604+00:00
7/08/2026,Melton,VIC,7,MX070826_R7,https://www.tab.com.au/racing/2026-08-07/MELTON/M/H/7,4,ROSBERG,7,WOTTAWIZARD,2,SKIPPYS DELIGHT,3.1,1.1,1.2,,1.9,4.7,11.6,30.4,38.2,4,,,2026-08-09T10:06:05.082062+00:00
7/08/2026,Melton,VIC,8,MX070826_R8,https://www.tab.com.au/racing/2026-08-07/MELTON/M/H/8,3,LORD LOGAN,5,MI BOW,2,QUEEN TRUSCOTT,3.1,2,2.8,,5.9,7.1,26.9,156.7,,8.3,0,231.8,2026-08-09T10:06:49.942805+00:00
7/08/2026,Newcastle,NSW,1,NR070826_R1,https://www.tab.com.au/racing/2026-08-07/NEWCASTLE/S/H/1,2,PHAR LUME,1,BRING YOUR BEST,10,LOUISE LUCK,12.6,2.3,3.1,2.7,73.9,129.2,1129.9,1025.1,,,,,2026-08-09T10:07:34.891593+00:00
7/08/2026,Newcastle,NSW,2,NR070826_R2,https://www.tab.com.au/racing/2026-08-07/NEWCASTLE/S/H/2,5,VINTAGE EDITION,10,HEAVENLY REASON,1,CLARA ROCKS,15.1,4,4.9,1.7,118.9,201.3,959.1,1829.9,,177.9,,,2026-08-09T10:08:19.493418+00:00
7/08/2026,Newcastle,NSW,3,NR070826_R3,https://www.tab.com.au/racing/2026-08-07/NEWCASTLE/S/H/3,8,SOHO PIASTRI,6,RADIANT AMBER,5,PET KITTY,1.9,1.2,4.2,1.7,15.2,17.9,78.7,380.9,,26.3,,,2026-08-09T10:09:04.457760+00:00
7/08/2026,Newcastle,NSW,4,NR070826_R4,https://www.tab.com.au/racing/2026-08-07/NEWCASTLE/S/H/4,8,LITTLE DEMON,6,THE CID,3,ULTIMATE CRUZA,18.1,5.8,10,,51.4,141.6,619.1,2247,,59.7,,0,2026-08-09T10:09:49.386447+00:00
7/08/2026,Newcastle,NSW,5,NR070826_R5,https://www.tab.com.au/racing/2026-08-07/NEWCASTLE/S/H/5,1,HALF HOLIDAY,5,MANHATTEN CHICK,10,ROCKIN BULL,6.6,3.2,1.9,1.04,23.1,24.5,228.7,2702.7,,355.5,,,2026-08-09T10:10:34.680031+00:00
7/08/2026,Newcastle,NSW,6,NR070826_R6,https://www.tab.com.au/racing/2026-08-07/NEWCASTLE/S/H/6,6,HEEZ REASONABLE,8,GOODTIME MIKI,3,RESERVE BANK,19.1,3.9,4.6,1.2,75,144.1,894.4,0,,281,,,2026-08-09T10:11:19.867538+00:00
7/08/2026,Newcastle,NSW,7,NR070826_R7,https://www.tab.com.au/racing/2026-08-07/NEWCASTLE/S/H/7,3,LOUIGI,1,CHLOBRO,7,ROCKSIE ROCK,5.1,2.2,1.7,2.6,9.8,15.9,87.2,524.3,61,148.7,,,2026-08-09T10:12:04.981021+00:00
7/08/2026,Newcastle,NSW,8,NR070826_R8,https://www.tab.com.au/racing/2026-08-07/NEWCASTLE/S/H/8,8,ELLEZIE,3,SLICK AND SUAVE,5,CEEJAY HAICH,4.9,1.8,1.9,1.04,15.3,8.6,70.9,423.1,,21,103,0,2026-08-09T10:12:44.604935+00:00
7/08/2026,Redcliffe,QLD,1,RE070826_R1,https://www.tab.com.au/racing/2026-08-07/REDCLIFFE/B/H/1,5,LITTLE HOOFANANNY,8,VINNIE NITRO,1,ASHLEE NITRO,9.1,2.3,2.5,1.3,40.4,108.3,293.5,1228.5,,,,,2026-08-09T10:13:29.583163+00:00
7/08/2026,Redcliffe,QLD,2,RE070826_R2,https://www.tab.com.au/racing/2026-08-07/REDCLIFFE/B/H/2,9,MY ULTIMATE ZANDER,2,CAPTAIN JAZZ,8,ETERNAL BLISS,17.6,1.8,1.1,3.5,14.2,53.9,413.7,2561.9,,55,,,2026-08-09T10:14:14.427437+00:00
7/08/2026,Redcliffe,QLD,3,RE070826_R3,https://www.tab.com.au/racing/2026-08-07/REDCLIFFE/B/H/3,3,OCTOBER RACKETEER,6,BURNS BAY,9,BETTYS GOLD CLASS,4,1.8,5.3,2.8,12.8,56.7,273.9,1640.1,,62.9,,,2026-08-09T10:14:59.356391+00:00
7/08/2026,Redcliffe,QLD,4,RE070826_R4,https://www.tab.com.au/racing/2026-08-07/REDCLIFFE/B/H/4,6,HELL IM SMOOTH,7,MISTER REACTOR,5,O B LEGAL,1.6,1.2,3.9,,5.1,8.6,36.4,143.4,,9.7,,0,2026-08-09T10:15:43.349498+00:00
7/08/2026,Redcliffe,QLD,5,RE070826_R5,https://www.tab.com.au/racing/2026-08-07/REDCLIFFE/B/H/5,7,WELL SAID NUGGET,8,DOUGS TRIBE,4,SNIP OF BEAUTY,5.2,3.1,4,,27.3,52.2,800.3,732.4,,22,,,2026-08-09T10:16:27.312444+00:00
7/08/2026,Redcliffe,QLD,6,RE070826_R6,https://www.tab.com.au/racing/2026-08-07/REDCLIFFE/B/H/6,3,DOWNTOWN MANHATTAN,5,SAINT LOUIS BEAT,8,SHADYS DELIGHT,5.6,2.3,1.4,3.9,9,23.8,194.1,985.7,,53.3,,,2026-08-09T10:17:13.133766+00:00
7/08/2026,Redcliffe,QLD,7,RE070826_R7,https://www.tab.com.au/racing/2026-08-07/REDCLIFFE/B/H/7,3,LOSTANDFOUND,8,SAME OLD DEVIL,1,PLAYING FOR KEEPS,2.2,1.3,1.5,6.1,2.5,4.3,41.1,444.5,15.4,23,,,2026-08-09T10:17:57.895284+00:00
7/08/2026,Redcliffe,QLD,8,RE070826_R8,https://www.tab.com.au/racing/2026-08-07/REDCLIFFE/B/H/8,9,TAURUS BROMAC,8,THE REAL VANESSA,1,BETTOR DREAM SWEET,3.6,1.5,1.1,2.3,8.2,16.6,131.4,230.9,,6.2,0,246.8,2026-08-09T10:18:42.436358+00:00
7/08/2026,Redcliffe,QLD,9,RE070826_R9,https://www.tab.com.au/racing/2026-08-07/REDCLIFFE/B/H/9,4,HEAD RUSH,7,MISTER CEE CEE,6,SOCIAL OUTING,4.4,1.9,8.3,,180.9,152.6,1012.4,2041.9,,22.4,,,2026-08-09T10:19:26.839063+00:00
6/08/2026,Albion Park,QLD,1,AP060826_R1,https://www.tab.com.au/racing/2026-08-06/ALBION-PARK/B/H/1,7,BARRACUDA,3,MULLUM SHOWGIRL,2,GO MINNIE,1.1,1,5.5,,3.9,5,16.7,56.5,,,,,2026-08-09T10:20:37.845616+00:00
6/08/2026,Albion Park,QLD,2,AP060826_R2,https://www.tab.com.au/racing/2026-08-06/ALBION-PARK/B/H/2,10,IM FRANKEE,3,MANE ATTRACTION,9,FRAZZLED,2.3,1.1,1.7,2,5.7,8.7,33.3,206.8,,2.9,,,2026-08-09T10:21:24.508864+00:00
6/08/2026,Albion Park,QLD,3,AP060826_R3,https://www.tab.com.au/racing/2026-08-06/ALBION-PARK/B/H/3,6,DINGANE,4,LOCHINVAR SON,3,BUSTER DAN,2.9,1.2,2.8,1.7,14.5,15.2,89.3,140.6,,5.2,,,2026-08-09T10:22:09.372288+00:00
6/08/2026,Albion Park,QLD,4,AP060826_R4,https://www.tab.com.au/racing/2026-08-06/ALBION-PARK/B/H/4,6,DARCYS FIREBALL,9,SQUAMISH,10,INSTANT DELIGHT,3.5,1.5,1.7,2.3,4.3,13.9,68.7,249.7,,13.3,,0,2026-08-09T10:22:53.681718+00:00
6/08/2026,Albion Park,QLD,5,AP060826_R5,https://www.tab.com.au/racing/2026-08-06/ALBION-PARK/B/H/5,10,PROSPECTUS,3,ITS BACK PAGE NEWS,11,RACANA,5.5,2.1,1.8,1.9,11.1,36,123.8,592,,0,,,2026-08-09T10:23:37.820011+00:00
6/08/2026,Albion Park,QLD,6,AP060826_R6,https://www.tab.com.au/racing/2026-08-06/ALBION-PARK/B/H/6,2,MULLUM DOC,5,MISS BAY KING COLE,6,PRETTY LITTLE LIAR,19.3,4.1,2.4,1.9,59.3,205.2,736.2,1640.3,,47.8,,,2026-08-09T10:24:23.346705+00:00
6/08/2026,Albion Park,QLD,7,AP060826_R7,https://www.tab.com.au/racing/2026-08-06/ALBION-PARK/B/H/7,6,VINCHESKA,10,AMYLEE,3,GETAGRIP,4.3,1.9,1.04,10.3,4.7,10.2,191.2,1699.3,20.9,0,,,2026-08-09T10:25:07.539613+00:00
6/08/2026,Albion Park,QLD,8,AP060826_R8,https://www.tab.com.au/racing/2026-08-06/ALBION-PARK/B/H/8,8,ALL EYES ON BLING,6,EDWARD JAY,10,OUR SWEET JESS,7.8,2.4,9.7,2.4,456.8,253.7,2318,1221.9,,20.5,34.4,103.2,2026-08-09T10:25:50.934326+00:00
6/08/2026,Albion Park,QLD,9,AP060826_R9,https://www.tab.com.au/racing/2026-08-06/ALBION-PARK/B/H/9,6,NUMBER ONE RANGER,1,MIGHTY IDEAL,8,MAYBE JANIS,1.4,1.04,3.2,2.1,26.9,30.2,73.7,328,,21.3,,,2026-08-09T10:26:35.497903+00:00
6/08/2026,Kilmore,VIC,1,KI060826_R1,https://www.tab.com.au/racing/2026-08-06/KILMORE/M/H/1,6,DOT BALL,8,STANDANDELIVER,10,MAMMALS BLAZE,3.7,1.8,2.7,4.6,18.5,31.1,319.8,788.6,,,,,2026-08-09T10:28:25.603526+00:00
6/08/2026,Kilmore,VIC,2,KI060826_R2,https://www.tab.com.au/racing/2026-08-06/KILMORE/M/H/2,6,ARCHAA,10,TALISKER SKIPPER,3,MISS PIGGY WIGGY,2.1,1.2,1.2,2.8,4.5,5.8,47.6,224.7,,9.9,,,2026-08-09T10:29:10.132793+00:00
6/08/2026,Kilmore,VIC,3,KI060826_R3,https://www.tab.com.au/racing/2026-08-06/KILMORE/M/H/3,6,PASS THE SALT,5,SEBS GAL,10,JUST ME AND YOU,2.3,1.1,7.7,3,58,65.5,471.4,1424,,9.7,,,2026-08-09T10:29:57.027585+00:00
6/08/2026,Kilmore,VIC,4,KI060826_R4,https://www.tab.com.au/racing/2026-08-06/KILMORE/M/H/4,4,LOVE WHO,9,BROOKLYNGOTCOURAGE,6,MONEY TALKS,4.2,1.2,2.3,1.2,13.6,19.3,73.3,404.3,,12.8,,79.2,2026-08-09T10:30:42.233859+00:00
6/08/2026,Kilmore,VIC,5,KI060826_R5,https://www.tab.com.au/racing/2026-08-06/KILMORE/M/H/5,10,THE SPARKLER,9,TARZINA,5,MISTY ALWAYS,5.8,1.7,1.6,1.9,8,18.3,84.7,638.9,,24,,,2026-08-09T10:31:27.954618+00:00
6/08/2026,Kilmore,VIC,6,KI060826_R6,https://www.tab.com.au/racing/2026-08-06/KILMORE/M/H/6,4,HURRIKANE DUSTY,1,NINEDOLLA TOASTIE,9,GIVE FRED A CLAP,4.5,1.6,5.3,2.2,62.8,72.6,607.5,1211.2,,25.3,,,2026-08-09T10:32:13.661955+00:00
6/08/2026,Kilmore,VIC,7,KI060826_R7,https://www.tab.com.au/racing/2026-08-06/KILMORE/M/H/7,1,SEBASTIANS WAITING,6,DISTANT SUN,7,KARBINE,2.1,1.7,1.8,,2.8,7.2,12.4,84.3,13.2,7.4,0,518.1,2026-08-09T10:33:02.451982+00:00
6/08/2026,Penrith,NSW,1,PE060826_R1,https://www.tab.com.au/racing/2026-08-06/PENRITH/S/H/1,5,WINGMAN LOU,1,SENTOSAR,3,ROCK WITH THE BEST,17,2.8,1.1,1.4,15.7,57.6,154.8,261.3,,,,,2026-08-09T10:33:47.042122+00:00
6/08/2026,Penrith,NSW,2,PE060826_R2,https://www.tab.com.au/racing/2026-08-06/PENRITH/S/H/2,7,FIRE FOX,3,MAJOR ART,4,BOLD MEDLEY JUJON,12.9,2.5,1.4,1.4,15.8,48.7,232.6,729.5,,133.5,,,2026-08-09T10:34:26.732988+00:00
6/08/2026,Penrith,NSW,3,PE060826_R3,https://www.tab.com.au/racing/2026-08-06/PENRITH/S/H/3,3,NOTHINGBUTWAVES,1,KATES VIRTUE,5,GIMME A REASON,3.4,1.5,1.8,5.1,9.9,9.1,193.3,1546.2,,55,,,2026-08-09T10:35:16.544503+00:00
6/08/2026,Penrith,NSW,4,PE060826_R4,https://www.tab.com.au/racing/2026-08-06/PENRITH/S/H/4,3,DOUGS PLATTER,5,BLACK ONYX,,,13.5,3.6,10.5,,110.6,67.5,565.3,0,,56.6,,0,2026-08-09T10:36:09.753571+00:00
6/08/2026,Penrith,NSW,5,PE060826_R5,https://www.tab.com.au/racing/2026-08-06/PENRITH/S/H/5,2,SOHO CRUZA,8,STEELY ZAC,4,LOCHINVAR COOGEE,2.5,1.04,1.7,1.8,4.2,8.3,25.4,102.7,,34.3,,,2026-08-09T10:36:57.458182+00:00
6/08/2026,Penrith,NSW,6,PE060826_R6,https://www.tab.com.au/racing/2026-08-06/PENRITH/S/H/6,10,JACQUELYN JOY,4,RUEBE STARBUCK,8,GREY CADILLAC,8,3,1.6,4.5,21.8,69.5,582.8,1384.4,,40.7,,,2026-08-09T10:37:44.225472+00:00
6/08/2026,Penrith,NSW,7,PE060826_R7,https://www.tab.com.au/racing/2026-08-06/PENRITH/S/H/7,3,GOODTIME BRAVO,1,LOOKIN GOOD MARGIE,2,HESHARLEY,3.7,1.8,1.2,1.3,10.8,18.8,27.2,228.2,11,54.2,,,2026-08-09T10:38:31.934605+00:00
6/08/2026,Penrith,NSW,8,PE060826_R8,https://www.tab.com.au/racing/2026-08-06/PENRITH/S/H/8,3,ADDOCAR,10,BELLAMYS BLAST,1,JILLIBY TOMCAT,1.3,1.04,1.9,2.3,3.8,5.9,22.6,169.4,,3.9,39.7,922.4,2026-08-09T10:39:17.942097+00:00
6/08/2026,Penrith,NSW,9,PE060826_R9,https://www.tab.com.au/racing/2026-08-06/PENRITH/S/H/9,6,SEASIDE DRIVE,4,CRUNCH IT,3,ROCKNROLL BLING,2.1,1.2,1.1,4.8,3.1,5.3,45.8,114.8,,3.2,,,2026-08-09T10:40:02.011518+00:00
6/08/2026,Tamworth,NSW,1,TA060826_R1,https://www.tab.com.au/racing/2026-08-06/TAMWORTH/C/H/1,3,BLACKMIRRA,2,HEAVENLY TURBO,7,SPOOKY ART,4.3,1.7,2.2,3.3,16.7,22.6,133.8,739.2,,,,,2026-08-09T10:42:01.042524+00:00
6/08/2026,Tamworth,NSW,2,TA060826_R2,https://www.tab.com.au/racing/2026-08-06/TAMWORTH/C/H/2,1,LACHIES IDEAL,9,ZACHAROONI,4,TASMANS DELIGHT,1.5,1.1,3.1,2.9,11.6,14.4,97.5,353.1,,7.7,,,2026-08-09T10:42:47.640695+00:00
6/08/2026,Tamworth,NSW,3,TA060826_R3,https://www.tab.com.au/racing/2026-08-06/TAMWORTH/C/H/3,5,IM BELIEBER,9,RAINBOW TITAN,1,LETSGETROWDY,4.8,2.3,3.2,1.9,25.3,33.3,191.2,504.1,,11,,,2026-08-09T10:43:34.816112+00:00
6/08/2026,Tamworth,NSW,4,TA060826_R4,https://www.tab.com.au/racing/2026-08-06/TAMWORTH/C/H/4,3,BARRYS ROSE,4,KATASTROPHEE,8,TABRA,3.2,1.3,1.6,3.6,4.5,11.7,111.7,576,,20.4,,128,2026-08-09T10:44:19.470749+00:00
6/08/2026,Tamworth,NSW,5,TA060826_R5,https://www.tab.com.au/racing/2026-08-06/TAMWORTH/C/H/5,5,LEAVE IT TO LUCY,3,JACKS FYRE,10,AMILLION PROMISES,2.1,1.04,1.04,12.6,1.7,5,67.2,606.4,,8.8,,,2026-08-09T10:45:07.309654+00:00
6/08/2026,Tamworth,NSW,6,TA060826_R6,https://www.tab.com.au/racing/2026-08-06/TAMWORTH/C/H/6,7,COTE DAZUR,3,TIGERMAC,10,PARATROUPER,4.4,1.4,2.4,4.3,23.9,27.5,370.6,1280.4,,9.8,,,2026-08-09T10:45:53.005553+00:00
6/08/2026,Tamworth,NSW,7,TA060826_R7,https://www.tab.com.au/racing/2026-08-06/TAMWORTH/C/H/7,6,JAYJAYBENNY,10,METALLICA MAN,1,SUNDAY MORNINGS,1.4,1.3,1.2,3.7,4,5.6,51.5,222.5,5.9,7.1,28,96.8,2026-08-09T10:46:39.637140+00:00
5/08/2026,Ballarat,VIC,1,BA050826_R1,https://www.tab.com.au/racing/2026-08-05/BALLARAT/M/H/1,3,KNOW THE SCORE,1,DANCEBYTHESEASIDE,9,ARE WEASLEY,4.4,1.1,2,1.8,8.2,17.2,67.9,202.3,,,,,2026-08-09T10:53:06.352011+00:00
5/08/2026,Ballarat,VIC,2,BA050826_R2,https://www.tab.com.au/racing/2026-08-05/BALLARAT/M/H/2,3,IMALLATTITUDE,5,FOREGONE CONCLUSIO,9,CALEDONIAN RANGER,6.7,3.2,1.3,1.9,8.6,19.9,139.6,963.5,,42.3,,,2026-08-09T10:54:15.581201+00:00
5/08/2026,Ballarat,VIC,3,BA050826_R3,https://www.tab.com.au/racing/2026-08-05/BALLARAT/M/H/3,8,SCAR,5,IM EDDIE,9,HALLEBESOFINE,11.1,2.7,2.2,1.1,77.4,149.1,350.9,947,,91.3,,,2026-08-09T10:55:01.101855+00:00
5/08/2026,Ballarat,VIC,4,BA050826_R4,https://www.tab.com.au/racing/2026-08-05/BALLARAT/M/H/4,8,LIVERMERE,5,ALLTHEWAYTOROYALTY,4,DI ANGELO,3.7,1.5,2.6,1.7,14.3,27.5,133.7,920.9,,38.5,,199.2,2026-08-09T10:55:47.752451+00:00
5/08/2026,Ballarat,VIC,5,BA050826_R5,https://www.tab.com.au/racing/2026-08-05/BALLARAT/M/H/5,4,ROYAL ROCKSTAR,9,SEASIDE LADY,2,LIV ON LOVE,1.4,1.2,2.9,1.4,6.6,7.5,28.2,131.1,,2.6,,,2026-08-09T10:56:32.989639+00:00
5/08/2026,Ballarat,VIC,6,BA050826_R6,https://www.tab.com.au/racing/2026-08-05/BALLARAT/M/H/6,5,SILENT REVERIE,7,I AM SKYE CHIOLA,6,CHAMPAGNES,6,3.1,2.9,,16.1,26.4,74.4,200.4,,8.9,,,2026-08-09T10:57:19.033161+00:00
5/08/2026,Ballarat,VIC,7,BA050826_R7,https://www.tab.com.au/racing/2026-08-05/BALLARAT/M/H/7,1,CALLINAN,8,SOLO SAPPHIRE,9,MOISSANITE,3.1,1.1,2.1,2.3,5.9,13,37.8,79.9,4.9,25.5,20.3,93.8,2026-08-09T10:58:05.754891+00:00
5/08/2026,Bathurst,NSW,1,BH050826_R1,https://www.tab.com.au/racing/2026-08-05/BATHURST/S/H/1,5,A TRUE LOVE,9,JUSTA DRAGON,1,NOSAER,21.3,3,1.2,1.04,55.2,115,316.5,1022.2,,,,,2026-08-09T10:59:16.150047+00:00
5/08/2026,Bathurst,NSW,2,BH050826_R2,https://www.tab.com.au/racing/2026-08-05/BATHURST/S/H/2,5,PAS DE CHEVAL,2,RIKIBREAL,8,GRAYSON RED,11.8,3,2.6,4.4,44.5,95.5,885.8,747.1,,223.2,,,2026-08-09T10:59:59.422504+00:00
5/08/2026,Bathurst,NSW,3,BH050826_R3,https://www.tab.com.au/racing/2026-08-05/BATHURST/S/H/3,9,ALFNALMA,8,MCLEAN,10,BAXTER RED,4.8,1.1,9,1.8,93.9,80.3,260.4,2664.6,,69,,,2026-08-09T11:00:49.221001+00:00
5/08/2026,Bathurst,NSW,4,BH050826_R4,https://www.tab.com.au/racing/2026-08-05/BATHURST/S/H/4,6,MAJOR BYE,1,SMOOTH CHAKRA,4,STARLIGHT SASS,8.2,2.6,5.1,1.4,65.9,156.6,498.3,1004.1,,35.6,,0,2026-08-09T11:01:35.175152+00:00
5/08/2026,Bathurst,NSW,5,BH050826_R5,https://www.tab.com.au/racing/2026-08-05/BATHURST/S/H/5,7,COHEN THE RED,11,INTERESTINME,9,MAJOR AUSTIN,1.1,1.04,2.1,1.6,5.3,2.8,13.8,80.5,,13.3,,,2026-08-09T11:02:20.890949+00:00
5/08/2026,Bathurst,NSW,6,BH050826_R6,https://www.tab.com.au/racing/2026-08-05/BATHURST/S/H/6,11,AWICKED WOMAN,1,CHEVAL TIGER,10,KRUSTY KRUNCH,7,2.2,2.2,1.04,23.2,33.2,186.4,1232.4,,4,,,2026-08-09T11:03:06.719336+00:00
5/08/2026,Bathurst,NSW,7,BH050826_R7,https://www.tab.com.au/racing/2026-08-05/BATHURST/S/H/7,1,WATTOSULTIMATEFIRE,4,YOUR SHUFFLE,9,LUCKY JESS,2,1.3,1.6,8.9,5.6,7.7,126.5,1296.1,2.3,15.7,,,2026-08-09T11:03:54.106783+00:00
5/08/2026,Bathurst,NSW,8,BH050826_R8,https://www.tab.com.au/racing/2026-08-05/BATHURST/S/H/8,2,SHAUN SHANNON,4,FAKISTRA,1,ROWLEY MINT,14.6,3.2,1.04,9,5.8,29,478.3,1860.6,,18,0,192.5,2026-08-09T11:04:40.678127+00:00
5/08/2026,Bathurst,NSW,9,BH050826_R9,https://www.tab.com.au/racing/2026-08-05/BATHURST/S/H/9,5,ABSOLUTE WEAPON,9,FESTINALENTE,8,BABLING BABLING,17.3,4.6,2.6,5.3,100.5,301,2920.4,7840.6,,200.2,,,2026-08-09T11:05:26.605554+00:00
5/08/2026,Bathurst,NSW,10,BH050826_R10,https://www.tab.com.au/racing/2026-08-05/BATHURST/S/H/10,7,JUDAH,2,DREAM TO CURE,4,OCEAN KING,2.6,1.4,5.6,2,36.7,42.4,226.4,1572.5,,78.9,,,2026-08-09T11:06:11.592797+00:00
5/08/2026,Redcliffe,QLD,1,RE050826_R1,https://www.tab.com.au/racing/2026-08-05/REDCLIFFE/B/H/1,9,MISTER SEASIDE,10,PUNTERS JEWEL,5,SHEER VITALITY,11.6,1.8,5.8,1.9,124.3,220.1,579.3,2018.6,,,,,2026-08-09T11:06:59.154563+00:00
5/08/2026,Redcliffe,QLD,2,RE050826_R2,https://www.tab.com.au/racing/2026-08-05/REDCLIFFE/B/H/2,3,HES SWEET,6,CALLING BUDDY,5,FLYING COLOURS,6,2.2,1.5,1.9,42.6,71.2,386.4,1408.8,,53.1,,,2026-08-09T11:07:49.580976+00:00
2/08/2026,Cranbourne,VIC,1,CR020826_R1,https://www.tab.com.au/racing/2026-08-02/CRANBOURNE/M/H/1,4,ALOT LIKE JEANNIE,2,CYCLONE JENNI,3,ALL THINGS SPICY,1.7,1.5,1.4,,2.5,5.7,23.1,42.5,,,,,2026-08-09T11:10:10.126563+00:00
2/08/2026,Cranbourne,VIC,2,CR020826_R2,https://www.tab.com.au/racing/2026-08-02/CRANBOURNE/M/H/2,7,SPRINGFIELD AFFAIR,2,BULLETPROOF KID,6,KATIE LORRAINE,15.7,5.3,4.4,,69,59,321,1909.9,,24.6,,,2026-08-09T11:10:55.497678+00:00
2/08/2026,Cranbourne,VIC,3,CR020826_R3,https://www.tab.com.au/racing/2026-08-02/CRANBOURNE/M/H/3,8,RARITY ROCK,7,SEBASTIANS WAITING,4,THATS MY CARDIGAN,8.7,2.2,1.5,2.2,12.5,36,178.7,856.4,,144.2,,,2026-08-09T11:11:39.592123+00:00
2/08/2026,Cranbourne,VIC,4,CR020826_R4,https://www.tab.com.au/racing/2026-08-02/CRANBOURNE/M/H/4,5,POSTERIZED,4,IMA CHARMA,8,MIKISPUR,5.2,2.2,1.5,1.6,15.4,24.3,83.2,322.3,,48,,74.4,2026-08-09T11:13:15.920433+00:00
2/08/2026,Cranbourne,VIC,5,CR020826_R5,https://www.tab.com.au/racing/2026-08-02/CRANBOURNE/M/H/5,4,ILLAWONG PHOENIX,6,PRECIOUS BELLE,3,ROCKLEIGHS LEGACY,7.7,1.9,1.5,1.7,10.6,18.2,97.9,699.9,,27.5,,,2026-08-09T11:14:02.511928+00:00
2/08/2026,Cranbourne,VIC,6,CR020826_R6,https://www.tab.com.au/racing/2026-08-02/CRANBOURNE/M/H/6,2,WESTERIA,3,CHARLIE SEBASTIAN,4,LETS HIT IT,4.8,1.8,2.2,22.7,18,44.3,862.5,2474.3,,31.6,,,2026-08-09T11:14:48.390789+00:00
2/08/2026,Cranbourne,VIC,7,CR020826_R7,https://www.tab.com.au/racing/2026-08-02/CRANBOURNE/M/H/7,6,DOT BALL,10,QUICK CRUNCH,2,REASON TO LAUGH,7,1.9,1.2,4.6,5.1,14.2,141.5,983.1,48.8,82.2,,,2026-08-09T11:15:34.863369+00:00
2/08/2026,Cranbourne,VIC,8,CR020826_R8,https://www.tab.com.au/racing/2026-08-02/CRANBOURNE/M/H/8,10,PICKLE IT,3,ATOMIC GLORY,8,CHASING THE WIND,5.9,2.3,1.6,4.3,14.6,36.3,275.6,1018.3,,22.1,0,203.2,2026-08-09T11:16:15.838426+00:00
3/08/2026,Globe Derby Park,SA,1,GD030826_R1,https://www.tab.com.au/racing/2026-08-03/GLOBE-DERBY/A/H/1,6,MAJESTIC SUNDAY,3,HURRICANE JANE,2,AGILA QUEEN,4.6,2.6,1.9,,8.1,11.5,45.4,90.7,,,,,2026-08-09T11:17:01.827184+00:00
3/08/2026,Globe Derby Park,SA,2,GD030826_R2,https://www.tab.com.au/racing/2026-08-03/GLOBE-DERBY/A/H/2,4,IDEOLOGY,3,JILLIBY BLISS,1,EAGLESTONE,1.9,1.3,1.9,,2.9,3.8,13.2,76.1,,8.7,,,2026-08-09T11:17:47.322958+00:00
3/08/2026,Globe Derby Park,SA,3,GD030826_R3,https://www.tab.com.au/racing/2026-08-03/GLOBE-DERBY/A/H/3,2,PERSIUS,5,OUR PRINCESS DI,6,BLUE DRAGON,7.2,3.7,2.3,,24.8,45.2,154.5,831,,15.7,,,2026-08-09T11:18:32.967849+00:00
3/08/2026,Globe Derby Park,SA,4,GD030826_R4,https://www.tab.com.au/racing/2026-08-03/GLOBE-DERBY/A/H/4,6,EMRITES,8,STAR OF WILLOUGHBY,1,MALACHITE ROCK,4,1.1,2.2,1.3,13.6,22.1,95.9,171.9,,21.1,,0,2026-08-09T11:19:12.827615+00:00
3/08/2026,Globe Derby Park,SA,5,GD030826_R5,https://www.tab.com.au/racing/2026-08-03/GLOBE-DERBY/A/H/5,5,LAYLAS PRINCESS,8,STAR MAN,3,ROLLING REMONA,1.9,1.3,2.3,,3.7,5,8.9,15.2,,11.2,,,2026-08-09T11:19:59.678467+00:00
3/08/2026,Globe Derby Park,SA,6,GD030826_R6,https://www.tab.com.au/racing/2026-08-03/GLOBE-DERBY/A/H/6,6,CECIL PEAK,5,LIGHTNING BLING,2,PRETTY MISCHIEVOUS,7,2.2,1.4,2.1,5.5,17.9,102.5,1608.7,,17,,,2026-08-09T11:20:45.515714+00:00
3/08/2026,Globe Derby Park,SA,7,GD030826_R7,https://www.tab.com.au/racing/2026-08-03/GLOBE-DERBY/A/H/7,9,LUNA ROCKS,6,TIGER ROARS,8,THE CAPTAINESS,84.7,13.6,1.5,1.9,137.3,494.9,3257.1,0,18.6,0,,,2026-08-09T11:21:41.886214+00:00
3/08/2026,Globe Derby Park,SA,8,GD030826_R8,https://www.tab.com.au/racing/2026-08-03/GLOBE-DERBY/A/H/8,4,TWIN CONNECTION,10,BRANSON,3,ACES SHADOW,3.2,1.5,1.7,1.9,8.2,13.6,53.8,649.3,,143.2,0,0,2026-08-09T11:22:29.051623+00:00
3/08/2026,Maryborough,VIC,1,MH030826_R1,https://www.tab.com.au/racing/2026-08-03/MARYBOROUGH/M/H/1,2,LAKE COMO,1,IMEASYCOMEEASYGO,3,SHORE BET,23,2.2,1.3,,12.7,66.4,162.1,291.9,,,,,2026-08-09T11:23:56.561406+00:00
3/08/2026,Maryborough,VIC,2,MH030826_R2,https://www.tab.com.au/racing/2026-08-03/MARYBOROUGH/M/H/2,6,KYVALLEY JOKER,3,LEZAMA,4,GREAT HORIZON,10.3,4,2.6,,22.2,61.6,251.5,474.4,,166.6,,,2026-08-09T11:24:43.970638+00:00
3/08/2026,Maryborough,VIC,3,MH030826_R3,https://www.tab.com.au/racing/2026-08-03/MARYBOROUGH/M/H/3,6,RASTAMON,7,WHATS THE TEA,4,SNICKERS EXPRESS,1.9,1.5,3.4,,8.6,17.1,38.9,98.8,,57.3,,,2026-08-09T11:25:30.484152+00:00
3/08/2026,Maryborough,VIC,4,MH030826_R4,https://www.tab.com.au/racing/2026-08-03/MARYBOROUGH/M/H/4,1,PIPALICIOUS,2,THE PASO DOBLE,8,VAPAR JOHN,2.3,1.4,1.4,,2.2,6.7,13.3,49.4,,13.6,,68.8,2026-08-09T11:26:16.850917+00:00
3/08/2026,Maryborough,VIC,5,MH030826_R5,https://www.tab.com.au/racing/2026-08-03/MARYBOROUGH/M/H/5,7,POPPY POPSTAR,5,BOUTIKA,4,METRO SWISH,5.2,1.6,1.1,1.6,3,7.2,24.8,152.7,,10.2,,,2026-08-09T11:27:04.732110+00:00
3/08/2026,Maryborough,VIC,6,MH030826_R6,https://www.tab.com.au/racing/2026-08-03/MARYBOROUGH/M/H/6,3,LETS GO LORNA,9,SECRET SERVICE AGE,8,FIVE CENT,12.6,2.3,1.04,6,2.5,24.9,125.7,458.8,,24.3,,,2026-08-09T11:27:51.037153+00:00
3/08/2026,Maryborough,VIC,7,MH030826_R7,https://www.tab.com.au/racing/2026-08-03/MARYBOROUGH/M/H/7,2,MONTANA PRIDE,6,ISTHISTHEREALLIFE,5,KATUNGA EXPRESS,17.5,1.4,3,2.2,64.7,244.3,1145.5,2710.1,55.5,0,,,2026-08-09T11:28:38.367226+00:00
3/08/2026,Maryborough,VIC,8,MH030826_R8,https://www.tab.com.au/racing/2026-08-03/MARYBOROUGH/M/H/8,11,JOHNS BOY,7,ANTONOV,3,FREMARKS PEGGY,7.3,2.3,2.3,1.9,33.5,57.5,253.6,3081.5,,225.3,0,194.9,2026-08-09T11:29:25.080584+00:00
3/08/2026,Maryborough,VIC,9,MH030826_R9,https://www.tab.com.au/racing/2026-08-03/MARYBOROUGH/M/H/9,9,MILOLA ROCK,3,WINGATE GUY,5,MY BELLA,6.1,2.1,1.6,4.4,24,42.8,683.8,1193.4,,39.1,,,2026-08-09T11:30:05.657277+00:00
3/08/2026,Pinjarra,WA,1,PA030826_R1,https://www.tab.com.au/racing/2026-08-03/PINJARRA/W/H/1,2,LAVRADORE,5,CHARLIES TACTICS,6,ULTIMATE TESS,2.1,1.2,1.04,1.3,2.8,4.9,9.2,23.3,,,,,2026-08-09T11:30:52.508791+00:00
3/08/2026,Pinjarra,WA,2,PA030826_R2,https://www.tab.com.au/racing/2026-08-03/PINJARRA/W/H/2,8,ELQUESTRO,1,EDGE ELEVEN,4,FUNNY AS,4.8,1.8,1.2,1.4,6.1,21.7,45.9,708,,16,,,2026-08-09T11:31:45.484192+00:00
3/08/2026,Pinjarra,WA,3,PA030826_R3,https://www.tab.com.au/racing/2026-08-03/PINJARRA/W/H/3,6,ANGEL MIKI,8,ALLAMERICAN EAGLE,3,IDEAL HEADLINE,2.8,1.3,4.2,1.3,39.5,51.8,151.6,460.6,,0,,,2026-08-09T11:32:32.794174+00:00
3/08/2026,Pinjarra,WA,4,PA030826_R4,https://www.tab.com.au/racing/2026-08-03/PINJARRA/W/H/4,6,HAVTIMEFORMIKI,5,GENTLEMANS PROMISE,4,SOME LINE,1.5,1.3,3.5,,7,6.9,63,109.1,,3.2,,0,2026-08-09T11:33:19.526380+00:00
3/08/2026,Pinjarra,WA,5,PA030826_R5,https://www.tab.com.au/racing/2026-08-03/PINJARRA/W/H/5,1,KISORA,2,CAPPY THE FIREY,8,ALTA GABBANA,1.2,1.04,2.4,2.5,5.9,5.3,14,71.4,,2.1,,,2026-08-09T11:34:06.185597+00:00
3/08/2026,Pinjarra,WA,6,PA030826_R6,https://www.tab.com.au/racing/2026-08-03/PINJARRA/W/H/6,10,SOHO CONFIDENTIAL,6,IDONTWANABEAPIRATE,3,OAKLEY,3.8,1.8,3.6,2.1,28.7,43.8,241.9,857.4,,7.1,,,2026-08-09T11:34:52.326362+00:00
3/08/2026,Pinjarra,WA,7,PA030826_R7,https://www.tab.com.au/racing/2026-08-03/PINJARRA/W/H/7,9,HOT ROD,3,JOEY JAMES,12,MAGIC CAPTAIN,47.4,6.3,2.6,1.2,230,819.7,1732.3,1859.1,64,0,,,2026-08-09T11:35:38.755945+00:00
3/08/2026,Pinjarra,WA,8,PA030826_R8,https://www.tab.com.au/racing/2026-08-03/PINJARRA/W/H/8,10,PUSHBUTTON ROCK,7,DEL BOCAVISTA BAY,11,FLYIN DISCO,6.8,2,1.6,4.2,16.4,29.6,452.1,3157.2,,0,0,0,2026-08-09T11:36:20.702473+00:00
3/08/2026,Pinjarra,WA,9,PA030826_R9,https://www.tab.com.au/racing/2026-08-03/PINJARRA/W/H/9,11,BEAT THE BANK,8,JAXS IDEAL,10,BLAMEITONTHENIGHT,5.6,2,1.4,2.3,19.3,24.6,129.5,420,,61.9,,,2026-08-09T11:37:07.153784+00:00
3/08/2026,Pinjarra,WA,10,PA030826_R10,https://www.tab.com.au/racing/2026-08-03/PINJARRA/W/H/10,7,ILLAWONG MUSTANG,9,HUNT THE MAGIC,11,HI SUGA RUSH,3.8,1.9,3.5,1.6,32.8,37.5,157.1,935,,28.6,,,2026-08-09T11:37:53.047528+00:00
3/08/2026,Redcliffe,QLD,1,RE030826_R1,https://www.tab.com.au/racing/2026-08-03/REDCLIFFE/B/H/1,8,GREAT ACHIEVER,2,HES ALL TORQUE,5,TILLY JAYNE,6.6,1.9,3.7,1.3,175.3,274,705.8,0,,,,,2026-08-09T11:38:36.387743+00:00
3/08/2026,Redcliffe,QLD,2,RE030826_R2,https://www.tab.com.au/racing/2026-08-03/REDCLIFFE/B/H/2,3,LULU LUCIFER,8,LUKA DONCIC,7,ROLLING BONUS,13.7,4.1,1.3,1.6,14.8,54.6,166.3,3041.2,,55.1,,,2026-08-09T11:39:23.341876+00:00
3/08/2026,Redcliffe,QLD,3,RE030826_R3,https://www.tab.com.au/racing/2026-08-03/REDCLIFFE/B/H/3,2,CANDYKANE,4,ROLLYARRRZ,1,TAKE COURAGE,4.8,1.9,1.1,1.1,5.1,9.8,40.3,463.1,,78,,,2026-08-09T11:40:10.678108+00:00
5/08/2026,Redcliffe,QLD,3,RE050826_R3,https://www.tab.com.au/racing/2026-08-05/REDCLIFFE/B/H/3,1,THERESACHANCE,7,QUIK CHANGE,4,LOCHINVAR JEWELLS,6.6,1.9,1.6,1.4,6.8,12.4,75.4,961,,33,,,2026-08-09T11:40:57.850581+00:00
3/08/2026,Redcliffe,QLD,4,RE030826_R4,https://www.tab.com.au/racing/2026-08-03/REDCLIFFE/B/H/4,2,WEE BONNIE,3,WICKED MACK,8,SAYCHELLES,1.7,1.04,3.1,1.5,9.4,10.9,29.7,149.4,,10,,0,2026-08-09T11:41:46.575611+00:00
5/08/2026,Redcliffe,QLD,4,RE050826_R4,https://www.tab.com.au/racing/2026-08-05/REDCLIFFE/B/H/4,3,SHEZ A PUNTER,1,STAY DREAMY,9,ULTIMATE ARK,5.3,4,3.8,,19.3,59.7,159.2,938.7,,42.1,,0,2026-08-09T11:42:36.804485+00:00
3/08/2026,Redcliffe,QLD,5,RE030826_R5,https://www.tab.com.au/racing/2026-08-03/REDCLIFFE/B/H/5,8,NAUTIE GALVINATOR,4,LITTLELIONELJAMES,5,KUZMA,7.9,2.2,2.8,10,68.7,121.7,665.5,852.5,,18.5,,,2026-08-09T11:43:24.066080+00:00
5/08/2026,Redcliffe,QLD,5,RE050826_R5,https://www.tab.com.au/racing/2026-08-05/REDCLIFFE/B/H/5,1,SHEZ A WARRIOR,9,ROCKY LEIGH,5,SMIRKS LIKA BOSS,2.7,1.6,1.7,2.2,7.4,9.3,75.8,464.7,,7.6,,,2026-08-09T11:44:09.780007+00:00
3/08/2026,Redcliffe,QLD,6,RE030826_R6,https://www.tab.com.au/racing/2026-08-03/REDCLIFFE/B/H/6,8,ROSARITO,3,JIMMY JOYCE,6,IDEAL TIGER,8,1.8,1.2,3.1,12.6,31,176.2,619.1,,125.3,,,2026-08-09T11:44:56.337934+00:00
5/08/2026,Redcliffe,QLD,6,RE050826_R6,https://www.tab.com.au/racing/2026-08-05/REDCLIFFE/B/H/6,4,FRANCS FOR COMING,3,LUVN OSMAN,1,DIGBY DEVIL,3.2,1.6,3.7,1.7,22.8,37,80.3,268.5,,5.7,,,2026-08-09T11:45:42.635059+00:00
3/08/2026,Redcliffe,QLD,7,RE030826_R7,https://www.tab.com.au/racing/2026-08-03/REDCLIFFE/B/H/7,2,WINDY HILL WHISKEY,3,KINGSBURY,7,CHEEKY BABY,2.8,1.3,1.6,6.6,4.5,5.2,78.4,699.3,42.3,24.8,,,2026-08-09T11:46:29.679427+00:00
5/08/2026,Redcliffe,QLD,7,RE050826_R7,https://www.tab.com.au/racing/2026-08-05/REDCLIFFE/B/H/7,7,LA BOMBA,1,ROYAL WINKLE,3,LITTLE WHIPPET,7.5,1.9,1.3,1.04,6.7,27.5,53.3,532.9,21.7,21.6,,,2026-08-09T11:47:19.329249+00:00
3/08/2026,Redcliffe,QLD,8,RE030826_R8,https://www.tab.com.au/racing/2026-08-03/REDCLIFFE/B/H/8,1,LACEYS LASS,7,TONJAY,9,SERENUS,3.2,1.4,1.3,3.8,3.4,9,48.2,168.6,,19.8,0,0,2026-08-09T11:48:06.528420+00:00
5/08/2026,Redcliffe,QLD,8,RE050826_R8,https://www.tab.com.au/racing/2026-08-05/REDCLIFFE/B/H/8,9,LONGSHOT,4,LAST HAND,1,JUSTANOTHER TORQUE,3.1,1.4,1.9,3.6,6.5,12.3,89.2,1182.3,,31.8,9.6,265.1,2026-08-09T11:48:52.929476+00:00
3/08/2026,Redcliffe,QLD,9,RE030826_R9,https://www.tab.com.au/racing/2026-08-03/REDCLIFFE/B/H/9,5,MOREFUNTOCOME,8,SOCIAL OUTING,9,DIRTY MARTINI,3.6,1.7,3.2,2.9,20.6,35.5,377.3,450.2,,19.4,,,2026-08-09T11:49:38.709635+00:00
4/08/2026,Albion Park,QLD,1,AP040826_R1,https://www.tab.com.au/racing/2026-08-04/ALBION-PARK/B/H/1,4,KICKING HORSE,1,NONIS GOLD CLASS,5,ICONIC IMAGE,2.9,1.6,1.9,,6.7,11,23.4,97.5,,,,,2026-08-09T11:50:25.146612+00:00
4/08/2026,Albion Park,QLD,2,AP040826_R2,https://www.tab.com.au/racing/2026-08-04/ALBION-PARK/B/H/2,5,NATTY PAGGER,3,CROOKWELL EYES,7,IGNITE,9.1,2.4,1.4,1.7,17.5,38.5,192,1239.4,,15.9,,,2026-08-09T11:51:11.342212+00:00
4/08/2026,Albion Park,QLD,3,AP040826_R3,https://www.tab.com.au/racing/2026-08-04/ALBION-PARK/B/H/3,5,LOVE GUN,3,DARCYS FIREBALL,2,PIZZA PRINCE,1.6,1.3,2,,2.9,3.6,9.2,46.5,,16.1,,,2026-08-09T11:51:57.636399+00:00
4/08/2026,Albion Park,QLD,4,AP040826_R4,https://www.tab.com.au/racing/2026-08-04/ALBION-PARK/B/H/4,5,JAMES ALFRED,6,BETTOR BE BODHI,4,FIGHT FOR VICTORY,2.6,1.2,7.4,,19.2,19.8,101.4,331.6,,4.9,,117.2,2026-08-09T11:52:53.994867+00:00
4/08/2026,Albion Park,QLD,5,AP040826_R5,https://www.tab.com.au/racing/2026-08-04/ALBION-PARK/B/H/5,4,SASSABA,1,POCKET BOOK,10,GOODOLBOYSANDBEER,2.6,1.3,4.7,1.7,19.4,22.1,130,1279.4,,8.3,,,2026-08-09T11:53:42.349053+00:00
4/08/2026,Albion Park,QLD,6,AP040826_R6,https://www.tab.com.au/racing/2026-08-04/ALBION-PARK/B/H/6,5,ALTA SENSATION,9,NEXT TO ME,10,INTERPRETATION,3.6,1.6,2.7,3.1,16.6,26.9,143.1,1100.3,,7.7,,,2026-08-09T11:54:28.655596+00:00
4/08/2026,Albion Park,QLD,7,AP040826_R7,https://www.tab.com.au/racing/2026-08-04/ALBION-PARK/B/H/7,8,STRIPES,5,RATATATTAT,3,JOHN WAYNE,1.6,1.1,2.1,3,4.5,5.9,46,246.4,3.7,5.5,,,2026-08-09T11:55:14.741293+00:00
4/08/2026,Albion Park,QLD,8,AP040826_R8,https://www.tab.com.au/racing/2026-08-04/ALBION-PARK/B/H/8,9,MAGICOL IDEAL,1,NO FAMILY LIKEMINE,8,GALVARINO,10.5,2.3,2,4.2,23.8,55.7,419.4,1597.9,,16.3,0,48.1,2026-08-09T11:56:00.990312+00:00
4/08/2026,Albion Park,QLD,9,AP040826_R9,https://www.tab.com.au/racing/2026-08-04/ALBION-PARK/B/H/9,5,OH ITS ON,1,KISS THE CAPTAIN,7,COBBITY CADENCE,1.2,1.04,1.4,4.3,1.9,2.4,25.1,257.2,,18.8,,,2026-08-09T11:56:46.832587+00:00
4/08/2026,Gloucester Park,WA,1,GP040826_R1,https://www.tab.com.au/racing/2026-08-04/GLOUCESTER-PARK/W/H/1,1,FUEGO CRUZADO,5,DAMAGE DONE,10,A DUKE TO BE,5,2.3,4.7,3,34.8,66.3,388.3,0,,,,,2026-08-09T11:57:33.535428+00:00
4/08/2026,Gloucester Park,WA,2,GP040826_R2,https://www.tab.com.au/racing/2026-08-04/GLOUCESTER-PARK/W/H/2,6,OUR MAJOR JACK,12,ZLATO,2,AMERICAN MONARCH,5,1.9,1.3,3.2,8.4,23.8,107.7,1223.5,,54.4,,,2026-08-09T11:58:21.947116+00:00
4/08/2026,Gloucester Park,WA,3,GP040826_R3,https://www.tab.com.au/racing/2026-08-04/GLOUCESTER-PARK/W/H/3,7,BEYOND BLING,2,UNLUCKY,3,BEACH CAPTAIN,15.8,4.3,5.9,7.3,134.4,340.2,2431.8,0,,0,,,2026-08-09T11:59:08.362709+00:00
4/08/2026,Gloucester Park,WA,4,GP040826_R4,https://www.tab.com.au/racing/2026-08-04/GLOUCESTER-PARK/W/H/4,6,LOUIE LEBEAU,8,STARLIGHT DREAM,5,CORDERO,2.9,1.2,2,4.5,10.7,18.2,198.2,715.9,,0,,0,2026-08-09T11:59:54.529763+00:00
4/08/2026,Gloucester Park,WA,5,GP040826_R5,https://www.tab.com.au/racing/2026-08-04/GLOUCESTER-PARK/W/H/5,1,TSUNAMI WAVE,3,ARMAFLIGHT,2,THE LIONS DEN,2.4,1.4,1.3,1.9,2.5,8.2,22.7,289.3,,15.5,,,2026-08-09T12:00:36.272368+00:00
4/08/2026,Gloucester Park,WA,6,GP040826_R6,https://www.tab.com.au/racing/2026-08-04/GLOUCESTER-PARK/W/H/6,7,LORD VINCENTIUS,8,CROWN GENERAL,2,NELLYS WORLD,1.4,1.1,3.4,1.4,8.9,15.4,60,225.7,,7.2,,,2026-08-09T12:01:23.336953+00:00
4/08/2026,Gloucester Park,WA,7,GP040826_R7,https://www.tab.com.au/racing/2026-08-04/GLOUCESTER-PARK/W/H/7,7,EXPRESSING,3,JETPACK,6,SEASPIRIT,4.5,1.3,1.04,1.4,2.5,11.4,40.8,490.8,16.4,8.7,,,2026-08-09T12:02:11.593923+00:00
4/08/2026,Gloucester Park,WA,8,GP040826_R8,https://www.tab.com.au/racing/2026-08-04/GLOUCESTER-PARK/W/H/8,12,FIORD,8,HOOAH,5,METEOROID,12.9,2.5,1.5,5.4,18,70.4,889.7,813.6,,0,0,209.5,2026-08-09T12:02:58.459043+00:00
4/08/2026,Gloucester Park,WA,9,GP040826_R9,https://www.tab.com.au/racing/2026-08-04/GLOUCESTER-PARK/W/H/9,11,ESSENCE OF ROYALTY,12,REDDY TO FLY,,,4,1.5,1.8,,9.5,19.1,183.1,1756.5,,75.5,,,2026-08-09T12:03:45.550237+00:00
4/08/2026,Menangle,NSW,1,PC040826_R1,https://www.tab.com.au/racing/2026-08-04/MENANGLE/S/H/1,10,AFFAIRE DE COVER,8,FRANKYTHEFRENCHMAN,7,WYNBERG WATCH,10.8,3.2,2.4,2.8,19.8,61.7,373.3,498,,,,,2026-08-09T12:04:31.379894+00:00
4/08/2026,Menangle,NSW,2,PC040826_R2,https://www.tab.com.au/racing/2026-08-04/MENANGLE/S/H/2,8,VALTINO,7,LOTUS LOUISE,9,CHIEF RUNNINGCLOUD,43.7,2.8,2,5.6,66.4,298.4,2264.2,3990,,83.3,,,2026-08-09T12:05:18.181474+00:00
4/08/2026,Menangle,NSW,3,PC040826_R3,https://www.tab.com.au/racing/2026-08-04/MENANGLE/S/H/3,10,CORNELIUS,7,HESAA LISTER,6,MICKEY BE NIMBLE,5,1.9,1.3,1.3,9.4,17.3,56.6,431.5,,339.4,,,2026-08-09T12:06:22.142794+00:00
4/08/2026,Menangle,NSW,4,PC040826_R4,https://www.tab.com.au/racing/2026-08-04/MENANGLE/S/H/4,4,HIGHINDELIGHT,9,OPAS GIRL,7,WHERES MY REASON,1.7,1.1,3.6,1.2,14.5,19.1,46.5,346.2,,31.3,,0,2026-08-09T12:08:57.379190+00:00
4/08/2026,Menangle,NSW,5,PC040826_R5,https://www.tab.com.au/racing/2026-08-04/MENANGLE/S/H/5,3,TOORAM CEE CEE,10,YOU ARE MY WISH,6,SHORELINE DREAM,11.9,2.9,2,1.5,24.3,54.9,233.6,2153,,22.5,,,2026-08-09T12:09:44.217153+00:00
4/08/2026,Menangle,NSW,6,PC040826_R6,https://www.tab.com.au/racing/2026-08-04/MENANGLE/S/H/6,6,MADAZALWAYS,10,BIRDY GAL,9,RACING WRITER,5.9,2.2,1.3,1.7,7,19.9,91.9,442.6,,85.8,,,2026-08-09T12:10:28.968939+00:00
4/08/2026,Menangle,NSW,7,PC040826_R7,https://www.tab.com.au/racing/2026-08-04/MENANGLE/S/H/7,6,WILLS WAY,2,PARALLEL,8,EXPLOSIVE BRONSKI,3.8,2,2,1.9,12.1,25.8,115.5,505.9,66.6,36.8,,,2026-08-09T12:11:14.559310+00:00
4/08/2026,Menangle,NSW,8,PC040826_R8,https://www.tab.com.au/racing/2026-08-04/MENANGLE/S/H/8,8,BALTUSROL,10,ULTIMATE CRUZA,9,MAURLEN BOY,44.5,6.1,6,4.2,226,1321.7,4705.5,0,,198.7,83.2,0,2026-08-09T12:12:00.671722+00:00
4/08/2026,Menangle,NSW,9,PC040826_R9,https://www.tab.com.au/racing/2026-08-04/MENANGLE/S/H/9,5,I GOT CHILLS,8,OUTSIDE FIGHTER,9,LAYDEN,1.4,1.1,3.1,1.9,9.1,10,47.2,322.3,,130.6,,,2026-08-09T12:12:47.629388+00:00
4/08/2026,Shepparton,VIC,1,SP040826_R1,https://www.tab.com.au/racing/2026-08-04/SHEPPARTON/M/H/1,7,ELATED,10,POSTER PERFECT,3,SASSY GABBY,10.3,2.3,3.3,1.4,73.7,135.4,541.7,1349.4,,,,,2026-08-09T12:14:16.047288+00:00
4/08/2026,Shepparton,VIC,2,SP040826_R2,https://www.tab.com.au/racing/2026-08-04/SHEPPARTON/M/H/2,10,MAMMALS REASON,2,MAMMALS BLAZE,5,TREACHEROUSTIMES,2.7,1.4,5.2,1.1,28.3,33.3,115.3,850.7,,81.4,,,2026-08-09T12:15:02.031003+00:00
4/08/2026,Shepparton,VIC,3,SP040826_R3,https://www.tab.com.au/racing/2026-08-04/SHEPPARTON/M/H/3,9,STRAIGHT TO THETOP,10,JACKIES GIFT,5,VAN DOREN,4.4,1.1,1.5,2.6,8.4,23.9,65.4,159.5,,12.5,,,2026-08-09T12:15:48.401206+00:00
4/08/2026,Shepparton,VIC,4,SP040826_R4,https://www.tab.com.au/racing/2026-08-04/SHEPPARTON/M/H/4,1,KIA ORA BEAUTY,8,HELLOVATIME,6,HES CHARLIES ANGEL,2.4,1.3,2,1.8,6.4,7.9,37.6,231.9,,9.5,,121,2026-08-09T12:16:34.043829+00:00
4/08/2026,Shepparton,VIC,5,SP040826_R5,https://www.tab.com.au/racing/2026-08-04/SHEPPARTON/M/H/5,1,WHERE IT BEGAN,8,MAJOR FRIEND,7,AMADA VILLMA,1.6,1.1,2.4,2.3,6.1,7.1,41.9,158.6,,5.9,,,2026-08-09T12:17:20.397463+00:00
4/08/2026,Shepparton,VIC,6,SP040826_R6,https://www.tab.com.au/racing/2026-08-04/SHEPPARTON/M/H/6,7,ESTHERS BEST,8,SWEET LOUANNE,6,AMERICAN MICHI,10.7,2.3,2.5,4.4,25.2,89.8,400.3,996,,14.4,,,2026-08-09T12:18:06.672049+00:00
4/08/2026,Shepparton,VIC,7,SP040826_R7,https://www.tab.com.au/racing/2026-08-04/SHEPPARTON/M/H/7,7,WICKED CONFESSION,5,LILLY LOTUS,2,MOMENTUM SHIFT,1.5,1.3,1.2,,1.8,2.5,8.8,10.6,4.3,4.8,,,2026-08-09T12:18:52.778474+00:00
4/08/2026,Shepparton,VIC,8,SP040826_R8,https://www.tab.com.au/racing/2026-08-04/SHEPPARTON/M/H/8,3,HUNTER VALLEY RED,2,MY ROCKING HORSE,6,ONELOOK,1.2,1.1,15.8,,28.9,37.3,80,675.6,,4.3,0,51,2026-08-09T12:19:39.685696+00:00
4/08/2026,Young,NSW,1,YU040826_R1,https://www.tab.com.au/racing/2026-08-04/YOUNG/C/H/1,7,RAGING ON,6,DESIDERIO,8,LOLLIPOP,32.8,6,4.3,3.6,99.7,126.4,1691.6,0,,,,,2026-08-09T12:21:15.590340+00:00
4/08/2026,Young,NSW,2,YU040826_R2,https://www.tab.com.au/racing/2026-08-04/YOUNG/C/H/2,1,MY ULTIMATE BRUNO,4,IDEAL ANDY,8,MACHX THE STRANGER,6.5,1.6,2.3,2.3,25.3,43.3,179.6,586.7,,95.9,,,2026-08-09T12:22:03.107826+00:00
4/08/2026,Young,NSW,3,YU040826_R3,https://www.tab.com.au/racing/2026-08-04/YOUNG/C/H/3,4,ALABAMA LIONESS,1,LETTYS REASON,6,MIRADOR LASS,3.7,1.9,5.3,1.8,25.3,56.7,218.2,920.2,,26.4,,,2026-08-09T12:22:51.366159+00:00
4/08/2026,Young,NSW,4,YU040826_R4,https://www.tab.com.au/racing/2026-08-04/YOUNG/C/H/4,9,RUDIMENTARY,8,YAREADYFREDDY,4,HEAVENS BADGIRL,8.6,2,5.1,5.6,98.1,164.8,2683.3,1218.9,,43.4,,0,2026-08-09T12:23:37.763164+00:00
4/08/2026,Young,NSW,5,YU040826_R5,https://www.tab.com.au/racing/2026-08-04/YOUNG/C/H/5,9,STIPULATING,3,BARKWAY THOMAS,1,SPREAD THE FEAR,6.6,2,3.6,4.6,48,72.3,844.3,2922.7,,70.6,,,2026-08-09T12:24:24.682682+00:00
4/08/2026,Young,NSW,6,YU040826_R6,https://www.tab.com.au/racing/2026-08-04/YOUNG/C/H/6,9,SHES A SWINGA,2,MAC TILLY,1,NOOGALEEK OFFKILTA,6.2,1.7,1.04,1.6,4.1,12.9,34,297.5,,44.6,,,2026-08-09T12:25:15.737115+00:00
4/08/2026,Young,NSW,7,YU040826_R7,https://www.tab.com.au/racing/2026-08-04/YOUNG/C/H/7,1,TROUBLE IN ME,6,TULHURST BARRACUDA,10,NEED SOME TIME,1.6,1.04,12.2,2.4,48.6,112.8,440.7,994.2,7.4,10.8,,,2026-08-09T12:26:00.725244+00:00
4/08/2026,Young,NSW,8,YU040826_R8,https://www.tab.com.au/racing/2026-08-04/YOUNG/C/H/8,6,BERRYLICIOUS,3,PIRANI PRINCESS,5,LUCKY PUNT,6.6,1.8,1.8,1.3,21.8,43.3,165.4,915.5,,11.3,0,144.3,2026-08-09T12:26:44.359448+00:00
4/08/2026,Young,NSW,9,YU040826_R9,https://www.tab.com.au/racing/2026-08-04/YOUNG/C/H/9,8,WAITANDSEE,6,GIBBS,4,CUSTOMBUILT,3.1,1.7,2.9,1.3,10.4,48.3,58.7,610.4,,39.5,,,2026-08-09T12:27:29.886237+00:00
4/08/2026,Young,NSW,10,YU040826_R10,https://www.tab.com.au/racing/2026-08-04/YOUNG/C/H/10,3,LOOKOUT,9,IDEAL TAO,4,ROSES ARE BEST,30.2,3.8,2.2,1.5,146.5,117.9,1145.6,0,,154,,,2026-08-09T12:28:15.648371+00:00
5/08/2026,Redcliffe,QLD,9,RE050826_R9,https://www.tab.com.au/racing/2026-08-05/REDCLIFFE/B/H/9,3,WALK WITH ELEGANCE,7,DISEMBARK,1,SWEDESBORO,5.1,1.8,1.3,1.1,12.9,21.2,40.8,244.2,,11,,,2026-08-09T12:29:01.627584+00:00
10/08/2026,Hamilton,VIC,1,HM100826_R1,https://www.tab.com.au/racing/2026-08-10/HAMILTON/HAM/H/1?jurisdiction=VIC,4,ELLI JOH,7,MISSMALACHITE,3,THE IRISHMAN,3.2,1.7,2.6,,7.4,14.6,58.2,184.5,,,,,2026-08-10T10:37:04.873273+00:00
10/08/2026,Newcastle,NSW,1,NR100826_R1,https://www.tab.com.au/racing/2026-08-10/NEWCASTLE/NEW/H/1?jurisdiction=VIC,1,KVITKA STRIDE,4,BOUQUET STRIDE,5,BIRUBI BOOGIE,1.3,1.04,2.8,2.1,6.7,6,35.7,83.8,,,,,2026-08-10T10:37:32.114540+00:00
10/08/2026,Hamilton,VIC,2,HM100826_R2,https://www.tab.com.au/racing/2026-08-10/HAMILTON/HAM/H/2?jurisdiction=VIC,3,MIKI SHADOW,5,SHORE BET,1,BEACHBOY BRUCE,8.6,3.8,1.2,,5.9,24.6,61.6,416.1,,26.6,,,2026-08-10T10:38:23.969612+00:00
10/08/2026,Newcastle,NSW,2,NR100826_R2,https://www.tab.com.au/racing/2026-08-10/NEWCASTLE/NEW/H/2?jurisdiction=VIC,1,MY MCLAREN,2,BERMUDA,4,PERFECTED,2.5,1.6,1.4,,2.1,8.4,33.4,94.9,,3.8,,,2026-08-10T10:39:19.965946+00:00
10/08/2026,Hamilton,VIC,3,HM100826_R3,https://www.tab.com.au/racing/2026-08-10/HAMILTON/HAM/H/3?jurisdiction=VIC,2,DEVEREUX,6,MAGELLAN,5,TORQUE IN HEAVEN,11,4.7,1.6,,8.2,30.6,138,300.4,,21.6,,,2026-08-10T10:39:46.385894+00:00
10/08/2026,Pinjarra,WA,1,PA100826_R1,https://www.tab.com.au/racing/2026-08-10/PINJARRA/PJA/H/1?jurisdiction=VIC,5,MAJESTIC GA GA,8,MYSTERY FRED,9,LUVAFLAIR,1.5,1.04,1.5,5.4,2.5,3.7,23.1,279.7,,,,,2026-08-10T10:40:24.509703+00:00
10/08/2026,Globe Derby Park,SA,1,GD100826_R1,https://www.tab.com.au/racing/2026-08-10/GLOBE-DERBY/GLD/H/1?jurisdiction=VIC,1,DASHING COWBOY,3,PARISIAN BANDIT,5,LOVE TO DEAL,2.5,1.2,1.8,,2.1,5.7,12.6,33.7,,,,,2026-08-10T10:41:11.637407+00:00
10/08/2026,Newcastle,NSW,3,NR100826_R3,https://www.tab.com.au/racing/2026-08-10/NEWCASTLE/NEW/H/3?jurisdiction=VIC,7,DELANEY,4,BANDLEADER,8,CHANGES,2.8,1.5,2.9,4.6,15.9,31.5,326.2,1793.8,,11.3,,,2026-08-10T10:41:51.615839+00:00
10/08/2026,Hamilton,VIC,4,HM100826_R4,https://www.tab.com.au/racing/2026-08-10/HAMILTON/HAM/H/4?jurisdiction=VIC,6,KEAYANG HUNGRY,1,GRINNING BEACH BOY,7,FIVE CENT,10.5,5.3,1.4,,7.9,44.7,159.7,348.4,,58.6,,2509.8,2026-08-10T10:42:28.395460+00:00
10/08/2026,Pinjarra,WA,2,PA100826_R2,https://www.tab.com.au/racing/2026-08-10/PINJARRA/PJA/H/2?jurisdiction=VIC,1,EDGE ELEVEN,2,SAPARI,12,JETPACK,10.1,1.8,1,2.2,3,15.1,63.2,976.2,,11.7,,,2026-08-10T10:43:15.560872+00:00
10/08/2026,Globe Derby Park,SA,2,GD100826_R2,https://www.tab.com.au/racing/2026-08-10/GLOBE-DERBY/GLD/H/2?jurisdiction=VIC,1,KEILAH,3,SEA HUNTER,2,JUSTCALLMEANGUS,3.9,1.7,1.9,,12.1,22.5,24.6,71.1,,15.2,,,2026-08-10T10:43:42.076682+00:00
10/08/2026,Newcastle,NSW,4,NR100826_R4,https://www.tab.com.au/racing/2026-08-10/NEWCASTLE/NEW/H/4?jurisdiction=VIC,3,GET US A TINNY,1,DREAM TO DANCE,9,HALLOWEEN,2.8,1.8,2.3,2,7.4,5.6,67.2,127.7,,9.5,,35.2,2026-08-10T10:44:19.529075+00:00
10/08/2026,Pinjarra,WA,3,PA100826_R3,https://www.tab.com.au/racing/2026-08-10/PINJARRA/PJA/H/3?jurisdiction=VIC,2,ELPLAYER,10,ASTERI ADELPHOS,5,FRONTMAN,22.6,3.2,1.04,3.4,8.7,48.6,307.6,1314.4,,106.9,,,2026-08-10T10:45:06.318923+00:00
10/08/2026,Hamilton,VIC,5,HM100826_R5,https://www.tab.com.au/racing/2026-08-10/HAMILTON/HAM/H/5?jurisdiction=VIC,7,OPTIMAL,5,IMALLATTITUDE,3,HAVADASH JOH,17.9,2.9,1.7,1.9,9.8,28.9,184.1,1727.7,,192.3,,,2026-08-10T10:45:42.250527+00:00
10/08/2026,Globe Derby Park,SA,3,GD100826_R3,https://www.tab.com.au/racing/2026-08-10/GLOBE-DERBY/GLD/H/3?jurisdiction=VIC,3,OUR CHEEKY DEVIL,1,THE CRIMSON PRINCE,2,BLUE DRAGON,2.6,1.9,2.4,,7.6,10.2,22.5,84,,11.4,,,2026-08-10T10:46:19.843893+00:00
10/08/2026,Newcastle,NSW,5,NR100826_R5,https://www.tab.com.au/racing/2026-08-10/NEWCASTLE/NEW/H/5?jurisdiction=VIC,4,CEEJAY HAICH,9,SUNLIGHT STRIDE,3,SO CAN EYE,2.2,1.3,1.8,1.1,10.4,12.3,29.8,110,,22.6,,,2026-08-10T10:47:07.083757+00:00
10/08/2026,Pinjarra,WA,4,PA100826_R4,https://www.tab.com.au/racing/2026-08-10/PINJARRA/PJA/H/4?jurisdiction=VIC,1,THE LIONS DEN,10,ALL AT ONCE,5,THELITTLE BUSTER,3.4,1.5,5.2,1.5,49,57.8,374.5,3518.6,,181.7,,1363.2,2026-08-10T10:47:46.478621+00:00
10/08/2026,Hamilton,VIC,6,HM100826_R6,https://www.tab.com.au/racing/2026-08-10/HAMILTON/HAM/H/6?jurisdiction=VIC,10,OFF YOUR FACESKI,5,SNICKERS EXPRESS,8,SONARMI JOH,5.4,1.8,1.7,5.9,23.9,29.8,496.4,1437.4,,103.3,,,2026-08-10T10:48:23.209593+00:00
10/08/2026,Globe Derby Park,SA,4,GD100826_R4,https://www.tab.com.au/racing/2026-08-10/GLOBE-DERBY/GLD/H/4?jurisdiction=VIC,4,CECIL PEAK,3,MURRA LANE,2,JADES REASON,1.2,1.04,2.8,,2.1,3.4,8.4,29,,11,,86.7,2026-08-10T10:49:17.558054+00:00
10/08/2026,Newcastle,NSW,6,NR100826_R6,https://www.tab.com.au/racing/2026-08-10/NEWCASTLE/NEW/H/6?jurisdiction=VIC,10,CAPTAIN DORIAN,3,HEEZ REASONABLE,7,WILL I AM,9.6,2.2,1.4,2.6,9.5,33.6,150,622.6,,20.1,,,2026-08-10T10:49:44.165181+00:00
10/08/2026,Pinjarra,WA,5,PA100826_R5,https://www.tab.com.au/racing/2026-08-10/PINJARRA/PJA/H/5?jurisdiction=VIC,8,FISTFULL,1,ALVAREZ,2,DEFEND THE RIGHT,18.1,4.3,1.4,2.7,18.6,56.6,306.5,1592.1,,127.9,,,2026-08-10T10:50:21.569993+00:00
10/08/2026,Hamilton,VIC,7,HM100826_R7,https://www.tab.com.au/racing/2026-08-10/HAMILTON/HAM/H/7?jurisdiction=VIC,3,GOLD IN PARIS,6,HUXHAM CHUBB,4,MARGARITARI,3.4,2,1.3,2.7,11.5,16.7,119.7,592.2,124.3,27.9,,,2026-08-10T10:51:09.502011+00:00
10/08/2026,Globe Derby Park,SA,5,GD100826_R5,https://www.tab.com.au/racing/2026-08-10/GLOBE-DERBY/GLD/H/5?jurisdiction=VIC,2,BOHEMIAN BRAIDS,9,FLYIN TOMMY,1,THE KEW LEGEND,3.1,1.3,1.5,9.1,11,20,328.6,1384.1,,21.9,,,2026-08-10T10:51:41.883255+00:00
10/08/2026,Newcastle,NSW,7,NR100826_R7,https://www.tab.com.au/racing/2026-08-10/NEWCASTLE/NEW/H/7?jurisdiction=VIC,3,LETSGETROWDY,10,BODYLINE,8,ULTRA BLISS,37,4.4,2.5,2.8,48,252.4,1334.3,4980.2,48.7,198.5,,,2026-08-10T10:52:19.107589+00:00
10/08/2026,Pinjarra,WA,6,PA100826_R6,https://www.tab.com.au/racing/2026-08-10/PINJARRA/PJA/H/6?jurisdiction=VIC,4,BELIEVE IN BETTOR,9,CROWN GENERAL,2,CHUCKYS DELIGHT,1.6,1.3,1.3,3.3,3.1,4.2,15.2,156.7,,53.2,,,2026-08-10T10:53:12.717417+00:00
10/08/2026,Hamilton,VIC,8,HM100826_R8,https://www.tab.com.au/racing/2026-08-10/HAMILTON/HAM/H/8?jurisdiction=VIC,2,KEAYANG VIPER,9,KEAYANG SWEETHEART,8,SAVON DE ROCHE,4.3,2.1,1.5,1.9,8,19.2,82.8,162.2,,27,128.2,3925.8,2026-08-10T10:53:39.840667+00:00
10/08/2026,Globe Derby Park,SA,6,GD100826_R6,https://www.tab.com.au/racing/2026-08-10/GLOBE-DERBY/GLD/H/6?jurisdiction=VIC,9,HURRICANE JANE,2,PARLEZVOUS PATTY,3,LICKADEE SPLIT,3.4,1.6,2.7,2.3,19.1,31,155.5,695.4,,28.6,,,2026-08-10T10:54:16.619721+00:00
10/08/2026,Newcastle,NSW,8,NR100826_R8,https://www.tab.com.au/racing/2026-08-10/NEWCASTLE/NEW/H/8?jurisdiction=VIC,4,MAYWYNS MIGHTY MAC,6,TRIED AND TRUSTED,10,ROCKNROLL ROCKET,4.2,1.8,11.6,1.8,97.7,94.3,1088.8,28256.4,,0,0,2514.9,2026-08-10T10:55:05.863977+00:00
10/08/2026,Pinjarra,WA,7,PA100826_R7,https://www.tab.com.au/racing/2026-08-10/PINJARRA/PJA/H/7?jurisdiction=VIC,3,IDOLISED,2,OAKLEY,5,KISORA,7.3,2.6,1.4,2.3,14.5,23.4,83.3,609.3,167,9.6,,,2026-08-10T10:55:38.263839+00:00
10/08/2026,Globe Derby Park,SA,7,GD100826_R7,https://www.tab.com.au/racing/2026-08-10/GLOBE-DERBY/GLD/H/7?jurisdiction=VIC,5,KEAYANG MEMORY,4,OUR PRINCESS DI,7,MIDNIGHT CRIMES,11,3.3,1.9,1.4,19.2,89,221.1,1358.8,66.9,54.6,77.5,540.5,2026-08-10T10:56:29.950512+00:00
10/08/2026,Pinjarra,WA,8,PA100826_R8,https://www.tab.com.au/racing/2026-08-10/PINJARRA/PJA/H/8?jurisdiction=VIC,10,JAXS IDEAL,6,LUKES MISTAKE,5,AKABAH,2.8,1.4,6.7,6.6,60.1,76.5,1687.6,4781.2,,18.4,19.1,456.4,2026-08-10T10:57:17.203283+00:00
10/08/2026,Pinjarra,WA,9,PA100826_R9,https://www.tab.com.au/racing/2026-08-10/PINJARRA/PJA/H/9?jurisdiction=VIC,10,JOEY JAMES,12,OUR MAJOR JACK,6,CHIEF COPY,3.6,1.4,1.5,6,4.8,7.4,157.3,762.2,,9.5,,,2026-08-10T10:57:52.137405+00:00
10/08/2026,Pinjarra,WA,10,PA100826_R10,https://www.tab.com.au/racing/2026-08-10/PINJARRA/PJA/H/10?jurisdiction=VIC,5,BEACH CAPTAIN,4,IDEAL TOMADO,8,BURGHLEY SHARD,7,2.8,2.2,2.7,16.1,26.3,221,841.4,,56,,,2026-08-10T10:58:29.243151+00:00
1/08/2026,Albion Park,QLD,1,AP010826_R1,https://www.tab.com.au/racing/2026-08-01/ALBION-PARK/B/H/1,8,WILLIAMS,9,DRAGON,1,FLYING COLOURS,5.3,1.7,1.7,1.5,15.8,35.8,51.3,1467,,,,,2026-08-10T11:00:03.951862+00:00
1/08/2026,Albion Park,QLD,2,AP010826_R2,https://www.tab.com.au/racing/2026-08-01/ALBION-PARK/B/H/2,5,HEZA PUNK ROCKER,3,JUNGLE DRAGON,7,BLUTO,2,1.2,1.3,3.3,3.1,4.9,32.2,98.4,,,,,2026-08-10T11:04:10.805959+00:00
1/08/2026,Albion Park,QLD,3,AP010826_R3,https://www.tab.com.au/racing/2026-08-01/ALBION-PARK/B/H/3,9,RAKASANDY,8,MAJOR CRUNCH,1,GREASED LIGHTNIN,5.6,1.9,3.2,1.4,41.6,67.8,184.8,387.2,,10.4,,,2026-08-10T11:05:38.880332+00:00
1/08/2026,Albion Park,QLD,4,AP010826_R4,https://www.tab.com.au/racing/2026-08-01/ALBION-PARK/B/H/4,1,LILSTREPO,4,SWEET DIOR,7,BETTORS MOON,2.6,1.5,2.6,4.2,14.5,21.8,156.3,1025.1,,29.7,,145.1,2026-08-10T11:06:24.791218+00:00
1/08/2026,Albion Park,QLD,5,AP010826_R5,https://www.tab.com.au/racing/2026-08-01/ALBION-PARK/B/H/5,1,MIRACLE MOOSE,8,OUR SUNSET DELIGHT,9,DOUGS FLAME,3.7,1.5,1.5,3,4.4,11.6,73.2,378.4,,23.5,,,2026-08-10T11:07:09.939455+00:00
1/08/2026,Albion Park,QLD,6,AP010826_R6,https://www.tab.com.au/racing/2026-08-01/ALBION-PARK/B/H/6,7,GOLDEN FIRE,9,LUVARESCHS,8,STENO,2,1.3,2.4,1.04,12.7,14.4,35.8,268.3,,12.7,,,2026-08-10T11:07:54.002477+00:00
1/08/2026,Albion Park,QLD,7,AP010826_R7,https://www.tab.com.au/racing/2026-08-01/ALBION-PARK/B/H/7,5,CAPTAINS KNOCK,4,CHEERSTOLOU,3,HES NO ROMEO,5.8,3.3,1.8,,9.1,14.9,96.2,176.1,25.1,10.2,,,2026-08-10T11:08:38.747545+00:00
1/08/2026,Albion Park,QLD,8,AP010826_R8,https://www.tab.com.au/racing/2026-08-01/ALBION-PARK/B/H/8,5,DREAMALITTLEDREAM,2,SWEET AGENDA,1,LULLABY,1.6,1.04,3.4,,4,4.5,8,16.7,,7.5,34,74.3,2026-08-10T11:09:22.510949+00:00
1/08/2026,Albion Park,QLD,9,AP010826_R9,https://www.tab.com.au/racing/2026-08-01/ALBION-PARK/B/H/9,1,MAYWYN SON OF LOU,4,CATTLECALL,3,ROCKY HUNTER,1.7,1.5,4.7,,15.9,22.4,89.7,219.6,,3.9,,,2026-08-10T11:10:09.657230+00:00
1/08/2026,Albion Park,QLD,10,AP010826_R10,https://www.tab.com.au/racing/2026-08-01/ALBION-PARK/B/H/10,3,BENNYDASOOK,1,SURREAL MORAN,4,RUGGARDS GEE TEE,11.8,3.8,1.4,,9,20.6,59.1,117.3,,14.1,,,2026-08-10T11:10:54.971970+00:00
1/08/2026,Albion Park,QLD,11,AP010826_R11,https://www.tab.com.au/racing/2026-08-01/ALBION-PARK/B/H/11,1,SWEET LEAH JANE,2,CRUSEY,5,PRETTY WICKED,2.6,1.04,1.3,,1.6,4.9,23.2,16.8,,60.9,,,2026-08-10T11:11:39.834569+00:00
1/08/2026,Globe Derby Park,SA,1,GD010826_R1,https://www.tab.com.au/racing/2026-08-01/GLOBE-DERBY/A/H/1,10,VATICAN GREEN,7,LOCHINVAR LEADER,9,PER ARDUA AD ASTRA,32,3.1,1.04,10.5,12.1,85.8,2436.1,6034.4,,,,,2026-08-10T11:12:23.178470+00:00
1/08/2026,Globe Derby Park,SA,2,GD010826_R2,https://www.tab.com.au/racing/2026-08-01/GLOBE-DERBY/A/H/2,8,KITTYKAT CUTIE,1,LOCHINVAR RULER,10,LORD VERDE,2.2,1.1,1.6,13,5,6.9,231.1,760.1,,39.6,,,2026-08-10T11:13:07.008816+00:00
1/08/2026,Globe Derby Park,SA,3,GD010826_R3,https://www.tab.com.au/racing/2026-08-01/GLOBE-DERBY/A/H/3,4,BIG BLACK BETTY,1,CLARENDEN LEGACY,3,ROCKNROLL YANKEE,2,1.3,2.5,3.5,6.3,8.2,66.3,296.3,,5.4,,,2026-08-10T11:13:50.249875+00:00
1/08/2026,Globe Derby Park,SA,4,GD010826_R4,https://www.tab.com.au/racing/2026-08-01/GLOBE-DERBY/A/H/4,2,MIDNIGHT CRIMES,5,STYLISTIK,9,OUR ULTIMATE LOIS,25.2,3.8,1.04,2.3,14.8,65.9,235,2158.4,,,,,2026-08-10T11:14:35.443942+00:00
1/08/2026,Globe Derby Park,SA,5,GD010826_R5,https://www.tab.com.au/racing/2026-08-01/GLOBE-DERBY/A/H/5,5,SAMMY BARBARO,6,STAR OF PATRICK,4,NO REMORSE,3.6,1.3,2,2.9,5.9,13.6,53.4,157.7,,0,,,2026-08-10T11:16:24.057508+00:00
1/08/2026,Globe Derby Park,SA,6,GD010826_R6,https://www.tab.com.au/racing/2026-08-01/GLOBE-DERBY/A/H/6,4,OUR INDIFFERENCE,2,MY SILVER SPOON,5,LAST TANGO IN HEAV,3.1,1.6,3.4,,12.9,24,35.2,54.5,,17.7,,,2026-08-10T11:17:09.688589+00:00
1/08/2026,Globe Derby Park,SA,7,GD010826_R7,https://www.tab.com.au/racing/2026-08-01/GLOBE-DERBY/A/H/7,2,TONKAWAIKON,1,ALWAYSBEALADY,7,CLASSIC LINE,30,3.6,1.3,6,60.4,157.2,2903,3284.4,54.4,49,,,2026-08-10T11:17:55.190306+00:00
1/08/2026,Globe Derby Park,SA,8,GD010826_R8,https://www.tab.com.au/racing/2026-08-01/GLOBE-DERBY/A/H/8,8,QUEEN KIZEN,9,REOFFENDER,5,DAISY BOUCHEA,8.8,1.9,1.1,2,5.2,24.5,70.9,279,,119.1,20.8,1793.9,2026-08-10T11:21:35.701735+00:00
1/08/2026,Globe Derby Park,SA,9,GD010826_R9,https://www.tab.com.au/racing/2026-08-01/GLOBE-DERBY/A/H/9,2,UPRIGHT,1,KEILAH,5,PARISIAN BANDIT,2.1,1.2,1.2,2.7,5.4,6,25.7,111.1,,32.6,,,2026-08-10T11:22:20.296094+00:00
1/08/2026,Launceston,TAS,1,LN010826_R1,https://www.tab.com.au/racing/2026-08-01/LAUNCESTON/T/H/1,3,KAYBEE,2,LIFE ONA HIGHWAY,4,UNOBETTER,1.9,1.4,2.5,,7.6,19.2,19.6,56.4,,,,,2026-08-10T11:23:03.599900+00:00
1/08/2026,Launceston,TAS,2,LN010826_R2,https://www.tab.com.au/racing/2026-08-01/LAUNCESTON/T/H/2,3,TREACHEROUS DAN,12,CRAYONS TO PERFUME,2,CUZZY JUNIOR,1.5,1.04,1.7,1.9,3.7,6.1,16,114.3,,6.3,,,2026-08-10T11:23:46.966723+00:00
1/08/2026,Launceston,TAS,4,LN010826_R4,https://www.tab.com.au/racing/2026-08-01/LAUNCESTON/T/H/4,5,DONNY IN PARIS,3,LIKEABLE ROGUE,1,IDEN OLIVER,22.2,6,2.6,1.7,62.5,134.3,954.9,6212.8,,0,,407.3,2026-08-10T11:24:31.946342+00:00
1/08/2026,Launceston,TAS,5,LN010826_R5,https://www.tab.com.au/racing/2026-08-01/LAUNCESTON/T/H/5,3,SHES ALLABOUTLUV,2,SABINE,1,STEPPING STONES,1.7,1.1,1.9,1.9,4.3,3.3,18.8,392,,50.1,,,2026-08-10T11:25:17.032650+00:00
1/08/2026,Launceston,TAS,6,LN010826_R6,https://www.tab.com.au/racing/2026-08-01/LAUNCESTON/T/H/6,5,THE CHANCER,8,GO THE RED,1,MUZZAME MATE,17.4,4.8,1.5,1.1,44.1,80.9,415.4,4460.3,,48.7,,,2026-08-10T11:26:01.564016+00:00
1/08/2026,Launceston,TAS,7,LN010826_R7,https://www.tab.com.au/racing/2026-08-01/LAUNCESTON/T/H/7,8,OKANUI BEACH,7,CARMEN EMJAY,12,HUNGRY HIPPO,8.7,1.8,4.1,1.8,107.7,181.7,525.6,7984.4,4.8,69,,,2026-08-10T11:26:45.459211+00:00
1/08/2026,Launceston,TAS,8,LN010826_R8,https://www.tab.com.au/racing/2026-08-01/LAUNCESTON/T/H/8,3,AFFAMATO,6,LAID BACK,4,ROCKY ROCKS,5,1.3,9.8,1.04,177.1,247.4,336.2,2545.1,,20.1,0,1585.5,2026-08-10T11:27:31.544010+00:00
1/08/2026,Melton,VIC,1,MX010826_R1,https://www.tab.com.au/racing/2026-08-01/MELTON/M/H/1,8,I AM THE STORM,7,MY UNCLE STAN,2,DANCE AFFAIR,3.8,1.6,5.3,3.1,134.1,156.2,1134.6,7446.7,,,,,2026-08-10T11:28:17.577275+00:00
1/08/2026,Melton,VIC,2,MX010826_R2,https://www.tab.com.au/racing/2026-08-01/MELTON/M/H/2,6,ALRIGHTY,5,FOUROUTOFFIVE,7,VYTIS,1.4,1.04,2.4,1.6,11.1,13.2,36.4,304.9,,8.4,,,2026-08-10T11:29:01.436632+00:00
1/08/2026,Melton,VIC,3,MX010826_R3,https://www.tab.com.au/racing/2026-08-01/MELTON/M/H/3,5,ROCKNROLL WILLOW,10,SEASIDE BOY,4,THE NAKED ART,13.1,2.8,1.04,2,4.8,24.8,152.1,699.4,,17.2,,,2026-08-10T11:29:46.336528+00:00
1/08/2026,Melton,VIC,4,MX010826_R4,https://www.tab.com.au/racing/2026-08-01/MELTON/M/H/4,2,SKY FLAIR,1,MAJESTIC TOOTH,8,CARLA PIXIE,5.5,2.1,3.5,2,24.6,34.6,221.8,1191.9,,51.3,,616.1,2026-08-10T11:30:31.580718+00:00
1/08/2026,Melton,VIC,5,MX010826_R5,https://www.tab.com.au/racing/2026-08-01/MELTON/M/H/5,2,FAIRPLAY,8,HOORAH PHILTRA,5,SOHO DARKNSTORMY,1.4,1.04,1.1,4.6,1.8,2.8,24.5,105.9,,11.6,,,2026-08-10T11:31:15.256312+00:00
1/08/2026,Melton,VIC,6,MX010826_R6,https://www.tab.com.au/racing/2026-08-01/MELTON/M/H/6,1,THE ART OF SUCCESS,6,SIR JIMMY,7,HES FROM HEAVEN,2,1.5,2.5,,3.4,7.8,23.6,65.5,,2.5,,,2026-08-10T11:32:01.603182+00:00
1/08/2026,Melton,VIC,7,MX010826_R7,https://www.tab.com.au/racing/2026-08-01/MELTON/M/H/7,7,THE LAST TRIP,2,DON CRUNCH,9,TRICODE,1.04,1,2.7,13.7,3.3,5.3,74.1,614.5,2.4,2.9,,,2026-08-10T11:32:45.289880+00:00
1/08/2026,Melton,VIC,8,MX010826_R8,https://www.tab.com.au/racing/2026-08-01/MELTON/M/H/8,3,STAR VISION,6,MOUNT BARKER BOY,4,WILD CARD,1.1,1.04,1.4,7.5,2.1,2.2,27.3,129.4,,1.5,2.4,4.3,2026-08-10T11:33:29.105030+00:00
1/08/2026,Melton,VIC,9,MX010826_R9,https://www.tab.com.au/racing/2026-08-01/MELTON/M/H/9,6,PHOENIX REX,3,REGAL GALA,2,MISS MUSCLE,3.4,1.8,3,,10.7,14.2,61.4,233.4,,4,,,2026-08-10T11:34:13.344697+00:00
1/08/2026,Northam,WA,1,NM010826_R1,https://www.tab.com.au/racing/2026-08-01/NORTHAM/W/H/1,7,MY SALINA,1,ALTA GABBANA,3,CAMEL PLUS,3.2,1.4,3.3,1.3,30.5,36.3,192.1,1420.9,,,,,2026-08-10T11:34:57.596986+00:00
1/08/2026,Northam,WA,2,NM010826_R2,https://www.tab.com.au/racing/2026-08-01/NORTHAM/W/H/2,6,BET IM HOT,9,MA PETITE DAME,7,SHEZABECA,1.7,1.1,1.8,1.4,5.6,8.1,21.5,77.1,,11.2,,,2026-08-10T11:35:42.466950+00:00
1/08/2026,Northam,WA,3,NM010826_R3,https://www.tab.com.au/racing/2026-08-01/NORTHAM/W/H/3,7,TRICKY TEXAS,10,LINCOLN LOVER,8,RAVENOUS,6.6,1.5,1.1,5.7,5.3,9,113.9,887.6,,8.7,,,2026-08-10T11:36:26.215786+00:00
1/08/2026,Northam,WA,4,NM010826_R4,https://www.tab.com.au/racing/2026-08-01/NORTHAM/W/H/4,8,DIAMOND WORLD,9,LUCKY COPY,4,LILLIE QUEEN,10.4,2.3,1.3,2.2,8.6,31.2,122,441.1,,56.8,,237.2,2026-08-10T11:37:10.558535+00:00
1/08/2026,Northam,WA,5,NM010826_R5,https://www.tab.com.au/racing/2026-08-01/NORTHAM/W/H/5,9,RONA MAY,2,EYE BETTER,8,APOLOGIZE,3.9,1.6,3,2.2,28.8,35.4,202.7,582.6,,37.5,,,2026-08-10T11:37:55.980762+00:00
1/08/2026,Northam,WA,6,NM010826_R6,https://www.tab.com.au/racing/2026-08-01/NORTHAM/W/H/6,6,KINSAABI,7,DRIVE LINE,1,LUCK FROM ABOVE,11.1,2.2,1.4,2.4,22.9,32.5,245,3545.1,,47.8,,,2026-08-10T11:38:40.533421+00:00
1/08/2026,Northam,WA,7,NM010826_R7,https://www.tab.com.au/racing/2026-08-01/NORTHAM/W/H/7,4,THE DARK NIGHT,10,VELVET SHADOW,7,RAMBO RABBIT,5.3,2.3,1.5,2.3,10.2,18.3,67.7,205.2,35.7,135.5,,,2026-08-10T11:39:24.456849+00:00
1/08/2026,Northam,WA,8,NM010826_R8,https://www.tab.com.au/racing/2026-08-01/NORTHAM/W/H/8,1,BETTOR BE BUCKS,9,IDEAL WHITBY,5,THE MERCENARY,4.6,1.9,1.6,4.6,14.9,20.1,277.7,540,,46.9,0,1284,2026-08-10T11:40:07.941032+00:00
1/08/2026,Menangle,NSW,1,PC010826_R1,https://www.tab.com.au/racing/2026-08-01/MENANGLE/S/H/1,10,BETTER ECLIPSE,8,SMOOTH BUZZ,7,CASSIUS DECK,6,1.4,3.9,3.6,49.9,76.4,389,2599.7,,,,,2026-08-10T11:40:52.605862+00:00
1/08/2026,Menangle,NSW,2,PC010826_R2,https://www.tab.com.au/racing/2026-08-01/MENANGLE/S/H/2,6,CAPTAIN BART,5,TITIAN RAIDER,3,CARRAMAR OLAM,3.5,1.3,2.3,1.8,7.8,13.6,60.1,535.9,,31.7,,,2026-08-10T11:41:35.904140+00:00
1/08/2026,Menangle,NSW,3,PC010826_R3,https://www.tab.com.au/racing/2026-08-01/MENANGLE/S/H/3,5,ERUPT STRIDE,10,WAMBOYNEINAMERICA,1,DOUBLE FEAR,1.8,1.1,2.8,4.1,11.2,13.3,142.1,536.1,,7.8,,,2026-08-10T11:42:17.294479+00:00
1/08/2026,Menangle,NSW,4,PC010826_R4,https://www.tab.com.au/racing/2026-08-01/MENANGLE/S/H/4,9,WICKED WIZARD,6,BAXTER RED,8,GO WITHOUT,9.6,2.4,1.9,1.8,15.1,35,138.9,264.3,,30.4,,529.4,2026-08-10T11:42:58.043099+00:00
1/08/2026,Menangle,NSW,5,PC010826_R5,https://www.tab.com.au/racing/2026-08-01/MENANGLE/S/H/5,8,JEWEL HEAVEN,4,CAPTAIN TOM,1,DONNIE MAC,4.6,1.7,3.1,1.8,34.7,38.7,267.9,970.2,,60.4,,,2026-08-10T11:43:38.894033+00:00
1/08/2026,Menangle,NSW,6,PC010826_R6,https://www.tab.com.au/racing/2026-08-01/MENANGLE/S/H/6,5,GLITTER AINT GOLD,6,BETTERTHANCASH,1,LUX AETERNA,5.5,2.4,2.1,1.6,16.8,32,160.9,693.8,,50.8,,,2026-08-10T11:44:20.070990+00:00
1/08/2026,Menangle,NSW,7,PC010826_R7,https://www.tab.com.au/racing/2026-08-01/MENANGLE/S/H/7,2,CORMORAN STRIKE,7,SOUTHERN DIAMOND,3,ALMIGHTY FEAR,4.9,2.1,6.3,3.9,74.4,148.5,1908.9,4666.1,36.9,17.5,,,2026-08-10T11:45:02.186612+00:00
11/08/2026,Albion Park,QLD,1,AP110826_R1,https://www.tab.com.au/racing/2026-08-11/ALBION-PARK/ABK/H/1?jurisdiction=VIC,4,HUNT FOR GLORY,7,IM EL ARQUERO,1,CATTLECALL,1.3,1.04,1.5,1.8,3.9,5.8,15.7,90.5,,,,,2026-08-11T02:50:37.100677+00:00
11/08/2026,Albion Park,QLD,2,AP110826_R2,https://www.tab.com.au/racing/2026-08-11/ALBION-PARK/ABK/H/2?jurisdiction=VIC,2,MACKENZIE REG,3,LONG AWAITED,7,COBBITY CADENCE,1.6,1.04,1.5,4.8,3.5,3.6,33.6,220.5,,2.5,,,2026-08-11T09:18:01.888078+00:00
11/08/2026,Menangle,NSW,1,PC110826_R1,https://www.tab.com.au/racing/2026-08-11/MENANGLE/MEN/H/1?jurisdiction=VIC,3,WYNBERG WATCH,4,LAST CLANSMAN,8,AFFAIRE DE COVER,6.2,1.7,2.6,2.5,29.4,82.2,394.4,3596.5,,,,,2026-08-11T09:18:29.120299+00:00
11/08/2026,Albion Park,QLD,3,AP110826_R3,https://www.tab.com.au/racing/2026-08-11/ALBION-PARK/ABK/H/3?jurisdiction=VIC,5,REBECCA RHAYNE BOW,4,SHAKE,9,STRADDIE BABE,1.9,1.04,4.1,2.2,21.3,34.8,184.4,1130.4,,6,,,2026-08-11T09:19:06.167960+00:00
11/08/2026,Menangle,NSW,2,PC110826_R2,https://www.tab.com.au/racing/2026-08-11/MENANGLE/MEN/H/2?jurisdiction=VIC,2,SOHO BELLAGIO,5,LUCIENDO BIEN,1,WILDFIRE STRIDE,1.2,1.04,1.6,1.6,2.6,3.6,9.8,45.3,,10.5,,,2026-08-11T09:19:52.736919+00:00
11/08/2026,Albion Park,QLD,4,AP110826_R4,https://www.tab.com.au/racing/2026-08-11/ALBION-PARK/ABK/H/4?jurisdiction=VIC,7,RAFFIE JAY,3,SECOND TO NUN,5,ALADDIN SANE,3.8,1.8,2.9,6.8,17.9,23.3,416.9,2528.6,,3.4,,19.7,2026-08-11T09:20:19.676830+00:00
11/08/2026,Menangle,NSW,3,PC110826_R3,https://www.tab.com.au/racing/2026-08-11/MENANGLE/MEN/H/3?jurisdiction=VIC,5,RACING WRITER,8,BIRDY GAL,4,HESAA LISTER,3,1.2,2,1.6,5.5,7.5,49.1,302.3,,5.9,,,2026-08-11T09:20:56.919777+00:00
11/08/2026,Albion Park,QLD,5,AP110826_R5,https://www.tab.com.au/racing/2026-08-11/ALBION-PARK/ABK/H/5?jurisdiction=VIC,8,SWEET LEAH JANE,4,MULLUM SHOWGIRL,5,FIT AND READY,5,1.6,1.04,2.3,11,26.6,119,247.7,,29.1,,,2026-08-11T09:21:44.116661+00:00
11/08/2026,Menangle,NSW,4,PC110826_R4,https://www.tab.com.au/racing/2026-08-11/MENANGLE/MEN/H/4?jurisdiction=VIC,10,SOHO TRUMP,5,UPTOWN CHANCE,3,OPAS GIRL,1.8,1.2,3.1,,4.5,7,21.7,63,,9.1,,108.4,2026-08-11T09:22:10.888229+00:00
11/08/2026,Albion Park,QLD,6,AP110826_R6,https://www.tab.com.au/racing/2026-08-11/ALBION-PARK/ABK/H/6?jurisdiction=VIC,5,CHARMED CONQUEST,4,MULLUM SIZZLE,9,KISS THE CAPTAIN,20.8,3.9,3.2,2.5,76.1,214.5,1189.2,6947.7,,53.1,,,2026-08-11T09:22:47.557141+00:00
11/08/2026,Menangle,NSW,5,PC110826_R5,https://www.tab.com.au/racing/2026-08-11/MENANGLE/MEN/H/5?jurisdiction=VIC,2,MY ULTIMATE BUDDHA,3,HELENS BOY,4,PARALLEL,2.2,1.4,8.2,3.8,43.4,57.3,905.7,6168.6,,4.1,,,2026-08-11T09:23:34.462370+00:00
11/08/2026,Albion Park,QLD,7,AP110826_R7,https://www.tab.com.au/racing/2026-08-11/ALBION-PARK/ABK/H/7?jurisdiction=VIC,3,SHINE LIKE ME,1,CHERRY SURPRISE,2,WALK WITH ELEGANCE,1.04,1,3.8,2,9.2,9.9,34,160.9,9.8,52.8,,,2026-08-11T09:24:01.530440+00:00
11/08/2026,Menangle,NSW,6,PC110826_R6,https://www.tab.com.au/racing/2026-08-11/MENANGLE/MEN/H/6?jurisdiction=VIC,10,TOORAM CEE CEE,4,TITIWHA,2,LOVE A BELLE,3,1.7,2.8,,19.4,28.8,192.4,390.9,,15.2,,,2026-08-11T09:24:39.082566+00:00
11/08/2026,Albion Park,QLD,8,AP110826_R8,https://www.tab.com.au/racing/2026-08-11/ALBION-PARK/ABK/H/8?jurisdiction=VIC,9,BETTERTHANFEDERER,10,SCRUFFY,6,WILLIAMS,8.9,2.7,5.2,1.2,99.7,99.3,517.8,7932.8,,7.6,0,4270.8,2026-08-11T09:25:26.314126+00:00
11/08/2026,Shepparton,VIC,1,SP110826_R1,https://www.tab.com.au/racing/2026-08-11/SHEPPARTON/SHE/H/1?jurisdiction=VIC,2,MADAM REACTOR,3,FLOPPA,10,UNCLE TREV,5.6,1.6,2.2,5.8,16.1,25.1,708.9,2992.9,,,,,2026-08-11T09:25:53.217287+00:00
11/08/2026,Menangle,NSW,7,PC110826_R7,https://www.tab.com.au/racing/2026-08-11/MENANGLE/MEN/H/7?jurisdiction=VIC,7,CAPTAIN GROOVE,5,YOU ARE MY WISH,4,GO AWAY AGAIN,6.4,1.6,1.1,3.6,5.7,13.3,110.1,1423.9,21.6,37.9,,,2026-08-11T09:27:15.576553+00:00
11/08/2026,Albion Park,QLD,9,AP110826_R9,https://www.tab.com.au/racing/2026-08-11/ALBION-PARK/ABK/H/9?jurisdiction=VIC,10,MAGICOL IDEAL,7,POCKET BOOK,8,THE REAL ROCKETMAN,22.8,4.2,3.1,1.5,98.8,470.1,1974,9191.5,,79.6,,,2026-08-11T09:27:42.473460+00:00
11/08/2026,Shepparton,VIC,2,SP110826_R2,https://www.tab.com.au/racing/2026-08-11/SHEPPARTON/SHE/H/2?jurisdiction=VIC,5,FINAL BOW,10,HOLD ON FOREVER,8,ALCATRAZ GIRL,2.2,1.1,2.7,3.1,9.9,17.3,151.7,1687.5,,23.4,,,2026-08-11T09:28:19.143403+00:00
11/08/2026,Menangle,NSW,8,PC110826_R8,https://www.tab.com.au/racing/2026-08-11/MENANGLE/MEN/H/8?jurisdiction=VIC,3,VAN BASTEN,4,GUILTY PARTY,8,OHOKA COBRA,26.2,5.9,3,4,113.6,284.5,2178.5,9515.8,,121.1,0,1822.2,2026-08-11T09:29:05.979091+00:00
11/08/2026,Albion Park,QLD,10,AP110826_R10,https://www.tab.com.au/racing/2026-08-11/ALBION-PARK/ABK/H/10?jurisdiction=VIC,4,YIPPEE KIYAY,6,HARRY THE HAT,7,SAVAGE SEAS,3.6,1.5,3,2,20.6,32.6,106.3,251.9,,333.8,,,2026-08-11T09:29:32.924800+00:00
11/08/2026,Shepparton,VIC,3,SP110826_R3,https://www.tab.com.au/racing/2026-08-11/SHEPPARTON/SHE/H/3?jurisdiction=VIC,4,DECODE,6,DUSTY PHILTRA,8,THE GOLDEN HOOK,1.7,1.2,1.6,2.1,5.3,6.8,26.6,76,,4.8,,,2026-08-11T09:30:59.623795+00:00
11/08/2026,Port Pirie,SA,1,PP110826_R1,https://www.tab.com.au/racing/2026-08-11/PORT-PIRIE/PTP/H/1?jurisdiction=VIC,9,NITEONTHETOWN,1,OAKHAY,4,ROLLING REMONA,3.2,1.6,1.9,1.2,7.6,12.5,32.6,154.1,,,,,2026-08-11T09:32:45.075305+00:00
11/08/2026,Albion Park,QLD,11,AP110826_R11,https://www.tab.com.au/racing/2026-08-11/ALBION-PARK/ABK/H/11?jurisdiction=VIC,2,MAYWYN SON OF LOU,3,BET HES SWEET,1,JOVIAL JIM,1.4,1.04,1.4,1.5,1.8,2.6,5.2,31,,7.1,,,2026-08-11T09:33:11.753766+00:00
11/08/2026,Shepparton,VIC,4,SP110826_R4,https://www.tab.com.au/racing/2026-08-11/SHEPPARTON/SHE/H/4?jurisdiction=VIC,5,SCARLETT NIGHT,2,MY ROCKING HORSE,3,MAJOR FRIEND,2.5,1.1,1.04,1.9,1.9,5,12.6,121.9,,5.9,,122.8,2026-08-11T09:33:48.843342+00:00
11/08/2026,Port Pirie,SA,2,PP110826_R2,https://www.tab.com.au/racing/2026-08-11/PORT-PIRIE/PTP/H/2?jurisdiction=VIC,4,UPRIGHT,1,SPORTSFLIGHT,5,OUR ULTIMATE LOIS,2.3,1.4,1.4,1.1,5.2,9.4,21.4,129.7,,9.1,,,2026-08-11T09:35:57.356568+00:00
11/08/2026,Shepparton,VIC,5,SP110826_R5,https://www.tab.com.au/racing/2026-08-11/SHEPPARTON/SHE/H/5?jurisdiction=VIC,1,TREACHEROUSTIMES,8,OUR MYSTERY BET,5,MAMMALS REASON,10.4,2.7,1.5,1.9,12.7,44.1,122.2,563.1,,30.9,,,2026-08-11T09:36:33.945272+00:00
11/08/2026,Northam,WA,1,NM110826_R1,https://www.tab.com.au/racing/2026-08-11/NORTHAM/NTM/H/1?jurisdiction=VIC,9,GOGGINS,8,FUEGO CRUZADO,4,BUT JOE,6.8,1.8,6.9,1.6,98.7,168,601.4,6014,,,,,2026-08-11T09:39:34.894599+00:00
11/08/2026,Port Pirie,SA,3,PP110826_R3,https://www.tab.com.au/racing/2026-08-11/PORT-PIRIE/PTP/H/3?jurisdiction=VIC,2,LIGHTNING BLING,3,PRETTY MISCHIEVOUS,1,LOVE OF THE SEA,1.3,1.04,2.2,,2.4,3.6,14.4,101.8,,9,,,2026-08-11T09:40:02.398628+00:00
11/08/2026,Shepparton,VIC,6,SP110826_R6,https://www.tab.com.au/racing/2026-08-11/SHEPPARTON/SHE/H/6?jurisdiction=VIC,5,COVERED IN GOLD,2,SHE HAUNTS EM,4,GINGER ELLA,2.1,1.5,7.8,,9.5,22.1,79.4,471.4,,27.6,,,2026-08-11T09:42:25.576234+00:00
30/07/2026,Albion Park,QLD,1,AP300726_R1,https://www.tab.com.au/racing/2026-07-30/ALBION-PARK/B/H/1,6,HARPERS FERRY,3,MANE ATTRACTION,4,BOSTON BLIZZARD,6,2.6,2.8,,26.6,47.3,191.9,659.4,,,,,2026-08-11T09:43:25.814182+00:00
30/07/2026,Albion Park,QLD,2,AP300726_R2,https://www.tab.com.au/racing/2026-07-30/ALBION-PARK/B/H/2,8,DINGANE,1,MY NAMES BRUCE,6,PROPELLED PRINCESS,22.7,4.3,1.4,3.1,35.8,96.4,745.5,5684.6,,77.4,,,2026-08-11T09:44:49.047110+00:00
30/07/2026,Albion Park,QLD,3,AP300726_R3,https://www.tab.com.au/racing/2026-07-30/ALBION-PARK/B/H/3,8,SQUAMISH,7,MISTER BLINDSIDE,6,WHIRLWIND WILBUR,2.1,1.3,4.4,2.8,25.4,32.3,270.2,1348.1,,33.1,,,2026-08-11T09:45:35.512691+00:00
30/07/2026,Albion Park,QLD,4,AP300726_R4,https://www.tab.com.au/racing/2026-07-30/ALBION-PARK/B/H/4,7,SAINT MAHARG,6,NUMBER ONE RANGER,4,WILPEKA,3.9,1.4,1.3,2.1,4.3,9,38.5,110,,,,,2026-08-11T09:46:20.976090+00:00
30/07/2026,Albion Park,QLD,5,AP300726_R5,https://www.tab.com.au/racing/2026-07-30/ALBION-PARK/B/H/5,6,MACKENZIE REG,1,CHARMED CONQUEST,5,JOVIAL JIM,43.7,4.9,2.3,2.5,115.1,125.1,2049,7838,,122.2,,,2026-08-11T09:48:27.628557+00:00
30/07/2026,Albion Park,QLD,6,AP300726_R6,https://www.tab.com.au/racing/2026-07-30/ALBION-PARK/B/H/6,7,VINCHESKA,3,JOHEMIAN,10,NITRATOR,1.8,1.2,1.8,2.2,6.3,5.9,17,193.6,,55.9,,,2026-08-11T09:49:33.684622+00:00
30/07/2026,Albion Park,QLD,7,AP300726_R7,https://www.tab.com.au/racing/2026-07-30/ALBION-PARK/B/H/7,3,AMILLIONCHANCES,4,THE TIGER ARMY,9,LOCHINVAR JEWELLS,3.6,1.4,2.7,1.1,7.2,22.6,70.5,482.2,150.3,12.8,,,2026-08-11T09:50:17.113626+00:00
30/07/2026,Albion Park,QLD,8,AP300726_R8,https://www.tab.com.au/racing/2026-07-30/ALBION-PARK/B/H/8,7,FIFTY THREE STARS,2,OUR SWEET JESS,1,INTERPRETATION,5,2.2,3.5,1.5,32.7,100.9,265.2,926.2,,32.7,21.6,0,2026-08-11T09:52:57.225422+00:00
30/07/2026,Albion Park,QLD,9,AP300726_R9,https://www.tab.com.au/racing/2026-07-30/ALBION-PARK/B/H/9,3,WESTERN ARTERRA,8,HELL IM SMOOTH,1,SOMETHING FOR LEXY,3.8,1.7,2,2.7,10,21.2,100.5,249.7,,17.2,,,2026-08-11T09:53:42.895439+00:00
30/07/2026,Albion Park,QLD,10,AP300726_R10,https://www.tab.com.au/racing/2026-07-30/ALBION-PARK/B/H/10,3,BETTOR CHEER,6,ITS BACK PAGE NEWS,7,MULLUM DOC,12.5,2.4,4.5,8,76.4,191,2481.6,1667.5,,46.3,,,2026-08-11T09:54:28.445385+00:00
30/07/2026,Kilmore,VIC,1,KI300726_R1,https://www.tab.com.au/racing/2026-07-30/KILMORE/M/H/1,4,HILTONS SPIRIT,3,DELIGHTFUL MIKI,10,CATIES SON,8.4,1.3,1.04,3.7,3.2,18.3,130.6,625.1,,,,,2026-08-11T09:55:13.010362+00:00
30/07/2026,Kilmore,VIC,2,KI300726_R2,https://www.tab.com.au/racing/2026-07-30/KILMORE/M/H/2,10,DISTANT SUN,5,OX KNOX,1,JESSICAS STORY,11.9,2.7,1.4,2.4,10.3,16.6,168,712.9,,240.5,,,2026-08-11T09:55:58.401023+00:00
30/07/2026,Kilmore,VIC,3,KI300726_R3,https://www.tab.com.au/racing/2026-07-30/KILMORE/M/H/3,3,STANDANDELIVER,6,VERY TEMPTING,1,MIKI MARK,10,2.5,1.7,1.04,41.2,84.7,126.4,2302.1,,140.9,,,2026-08-11T10:00:48.948696+00:00
30/07/2026,Kilmore,VIC,4,KI300726_R4,https://www.tab.com.au/racing/2026-07-30/KILMORE/M/H/4,8,JOE LOU,5,MONEY TALKS,2,MASSIF CENTRAL,4.4,2.2,1.4,4.8,9.7,15.8,260.1,1880.8,,,,,2026-08-11T10:01:37.267029+00:00
30/07/2026,Kilmore,VIC,5,KI300726_R5,https://www.tab.com.au/racing/2026-07-30/KILMORE/M/H/5,5,BAY OF FIRES,7,FANTASY FLIGHT,1,GATSBY,2,1.04,1.1,2.2,1.8,3.2,14.9,50.1,,3.3,,,2026-08-11T10:03:33.314618+00:00
30/07/2026,Kilmore,VIC,6,KI300726_R6,https://www.tab.com.au/racing/2026-07-30/KILMORE/M/H/6,6,MAJOR MAX,5,LOVE WHO,2,BET BET HOTSHOT,24.6,7.3,2.4,,70.5,175.8,1659.8,9075,,,,,2026-08-11T10:04:49.607528+00:00
30/07/2026,Kilmore,VIC,7,KI300726_R7,https://www.tab.com.au/racing/2026-07-30/KILMORE/M/H/7,3,ALDEBARAN MISTIQUE,6,MI BOW,4,DANCE WITH ROXY,1.5,1.4,1.5,,3,3.6,10.7,36.5,6.7,79.8,60.9,997,2026-08-11T10:07:50.590373+00:00
30/07/2026,Penrith,NSW,1,PE300726_R1,https://www.tab.com.au/racing/2026-07-30/PENRITH/S/H/1,1,TIL HEAVENS ROCKN,5,WHEREISHE,6,ROCKIN BULL,7.3,2.3,4.7,1.6,59.2,104.5,561.9,3910.7,,,,,2026-08-11T10:08:35.075612+00:00
30/07/2026,Penrith,NSW,2,PE300726_R2,https://www.tab.com.au/racing/2026-07-30/PENRITH/S/H/2,9,SMOKESCREEN,7,FINAL PROMISE,2,WHITBYS DELIGHT,26.2,3.9,2.3,1.1,124.2,233.7,706.2,19605,,,,,2026-08-11T10:11:28.705516+00:00
30/07/2026,Penrith,NSW,3,PE300726_R3,https://www.tab.com.au/racing/2026-07-30/PENRITH/S/H/3,8,CAPTAIN RITCHIE,6,BARA RILEY,9,ADMIRABLE,5.7,2.2,4.6,3.7,57.3,90.5,512.9,5458.1,,262.8,,,2026-08-11T10:14:20.523067+00:00
30/07/2026,Penrith,NSW,4,PE300726_R4,https://www.tab.com.au/racing/2026-07-30/PENRITH/S/H/4,5,ALTA SIERRA,11,PROMISING,1,GROSSO NASO,3.5,1.4,3.1,1.8,41.3,50.6,251.8,751,,44.9,,0,2026-08-11T10:15:04.485932+00:00
30/07/2026,Penrith,NSW,5,PE300726_R5,https://www.tab.com.au/racing/2026-07-30/PENRITH/S/H/5,10,EYE CAN EAR AMOUR,9,DAVOLAS LEGACY,8,OKAY GRINGO,1.8,1.5,1.04,5.6,3.8,4.5,39,175.8,,8.6,,,2026-08-11T10:16:07.179369+00:00
30/07/2026,Penrith,NSW,6,PE300726_R6,https://www.tab.com.au/racing/2026-07-30/PENRITH/S/H/6,8,MICKEYS RUN,10,SENTOSAR,5,ONLY ONE REASON,4.6,1.4,1.1,17.2,3.4,8.7,254.9,1488.2,,7,,,2026-08-11T10:16:52.645400+00:00
30/07/2026,Penrith,NSW,7,PE300726_R7,https://www.tab.com.au/racing/2026-07-30/PENRITH/S/H/7,1,FESTINALENTE,7,CAPTAIN BLOOD,10,STELLINA,3.2,1.7,1.8,2.5,6.3,10.9,104,672.3,7.5,17.6,,,2026-08-11T10:17:58.620514+00:00
30/07/2026,Penrith,NSW,8,PE300726_R8,https://www.tab.com.au/racing/2026-07-30/PENRITH/S/H/8,2,JACQUELYN JOY,5,TACTICAL ILLUSION,3,GO TESS GO,3.2,1.7,1.7,5.7,9.2,18.1,260.5,532.7,,16.3,67.6,82.8,2026-08-11T10:19:38.681456+00:00
30/07/2026,Penrith,NSW,9,PE300726_R9,https://www.tab.com.au/racing/2026-07-30/PENRITH/S/H/9,6,JAY BEE LOU,3,MAVERICK,8,LOUS PROMISE,4.5,1.3,6.8,3.6,102.8,188.8,1512,3008.9,,25.1,,,2026-08-11T10:20:53.189199+00:00
30/07/2026,Tamworth,NSW,1,TA300726_R1,https://www.tab.com.au/racing/2026-07-30/TAMWORTH/C/H/1,6,LOOKAT MEE,4,TERROR FLYING,1,ZACHAROONI,13.5,3.1,1.9,1.2,34.5,83.7,211.8,903.8,,,,,2026-08-11T10:21:31.712513+00:00
30/07/2026,Tamworth,NSW,2,TA300726_R2,https://www.tab.com.au/racing/2026-07-30/TAMWORTH/C/H/2,9,IM BELIEBER,1,OTIS RISING,7,JIMMY STEEL,9.5,2.3,2.1,1.9,27.4,64.9,240.5,2544,,21.3,,,2026-08-11T10:22:26.531428+00:00
30/07/2026,Tamworth,NSW,3,TA300726_R3,https://www.tab.com.au/racing/2026-07-30/TAMWORTH/C/H/3,4,JEREMY LOU,2,MY ULTIMATE HUGO,3,COOGEE,6.3,2.2,2,2.2,9.9,26.2,78.4,454.6,,19.1,,,2026-08-11T10:23:34.787542+00:00
30/07/2026,Tamworth,NSW,4,TA300726_R4,https://www.tab.com.au/racing/2026-07-30/TAMWORTH/C/H/4,8,SAINT KARAMARA,4,KATASTROPHEE,7,EBBONY STORM,6.9,1.8,1.3,1.8,7,16.3,88.6,330.2,,20.5,,0,2026-08-11T10:24:18.965414+00:00
30/07/2026,Tamworth,NSW,5,TA300726_R5,https://www.tab.com.au/racing/2026-07-30/TAMWORTH/C/H/5,7,OZZIE PEARL,1,DOUGS RULES,3,NIGHT TO REMEMBER,5,1.5,1.2,2.9,3.3,12.1,50.8,178.5,,56.8,,,2026-08-11T10:25:13.664381+00:00
30/07/2026,Tamworth,NSW,6,TA300726_R6,https://www.tab.com.au/racing/2026-07-30/TAMWORTH/C/H/6,4,AVENGER,5,CORAL CAYS,8,MISTER CHEESE,19,2.7,5.8,1.5,112.2,230.6,523.2,2397.4,,40,,,2026-08-11T10:26:38.754280+00:00
30/07/2026,Tamworth,NSW,7,TA300726_R7,https://www.tab.com.au/racing/2026-07-30/TAMWORTH/C/H/7,5,JAYJAYBENNY,2,PARATROUPER,3,PURE DRAGON,1.3,1.1,3.2,5.1,8.9,4.4,66.5,504.9,8.6,30.5,37.1,0,2026-08-11T10:28:28.276938+00:00
31/07/2026,Riverina Paceway,NSW,1,EY310726_R1,https://www.tab.com.au/racing/2026-07-31/RIVERINA-PACEWAY/C/H/1,4,DANCINGONSTARLIGHT,1,MELATI BOY,3,IM HARVEY SPECTER,2.6,1.2,2.1,2.1,13.8,14.5,54.9,368.3,,,,,2026-08-11T10:33:43.406179+00:00
31/07/2026,Riverina Paceway,NSW,2,EY310726_R2,https://www.tab.com.au/racing/2026-07-31/RIVERINA-PACEWAY/C/H/2,5,SECRET LINE,4,YANKEE BABE,2,JUNGLE SHARK,3.6,2.6,3.8,,28,43,235.8,443.1,,29,,,2026-08-11T10:34:28.592025+00:00
31/07/2026,Riverina Paceway,NSW,3,EY310726_R3,https://www.tab.com.au/racing/2026-07-31/RIVERINA-PACEWAY/C/H/3,6,THE CLOCK WINDER,1,BETTERTHANTHEBOYZ,7,HES A TERROR,8.5,2.9,2.2,1.4,34.7,31.2,175.3,263.3,,0,,,2026-08-11T10:35:24.204731+00:00
31/07/2026,Riverina Paceway,NSW,4,EY310726_R4,https://www.tab.com.au/racing/2026-07-31/RIVERINA-PACEWAY/C/H/4,2,HEZAFLASHONE,6,ROCK THE NATION,3,CONSORT,3.3,1.8,3.2,1.5,33.2,40.7,192.5,495.9,,12,,100.2,2026-08-11T10:36:29.982081+00:00
31/07/2026,Riverina Paceway,NSW,5,EY310726_R5,https://www.tab.com.au/racing/2026-07-31/RIVERINA-PACEWAY/C/H/5,4,ELECTOR,5,IMON,9,UPTOWN CHANCE,1.8,1.2,1.1,1.6,5.9,12.7,22.2,56.4,,9.5,,,2026-08-11T10:37:14.842626+00:00
31/07/2026,Riverina Paceway,NSW,6,EY310726_R6,https://www.tab.com.au/racing/2026-07-31/RIVERINA-PACEWAY/C/H/6,8,JANIE BLU,7,SHARP INTEREST,6,NO ALIBI,9.9,2.6,2,1.9,17.1,63.5,223.3,1787.1,,7.8,,,2026-08-11T10:38:34.375048+00:00
31/07/2026,Riverina Paceway,NSW,7,EY310726_R7,https://www.tab.com.au/racing/2026-07-31/RIVERINA-PACEWAY/C/H/7,7,CHANGE TACT,9,DAY TWO,5,MESSERATI,4.1,1.9,1.3,1.6,10.8,8,73.4,148.8,6,19.1,,,2026-08-11T10:39:18.904968+00:00
31/07/2026,Riverina Paceway,NSW,8,EY310726_R8,https://www.tab.com.au/racing/2026-07-31/RIVERINA-PACEWAY/C/H/8,2,LOMBOK,3,NOVANTA RISING,1,JILLIBY RYDER,3.8,1.7,1.3,3.5,6,21.3,125.4,908.2,,28.4,0,223.8,2026-08-11T10:40:14.404711+00:00
31/07/2026,Gloucester Park,WA,1,GP310726_R1,https://www.tab.com.au/racing/2026-07-31/GLOUCESTER-PARK/W/H/1,8,IM STEALTHY,12,D MAC,6,HE IS TALKING,3.4,1.9,1,4,3.6,4.8,37.5,174.3,,,,,2026-08-11T10:41:19.868577+00:00
31/07/2026,Gloucester Park,WA,2,GP310726_R2,https://www.tab.com.au/racing/2026-07-31/GLOUCESTER-PARK/W/H/2,8,OPAL HUNTER,5,CHACO EAGLE,7,SAIFA,6.2,2.1,1.8,7,40.3,80.6,877.2,0,,55.1,,,2026-08-11T10:44:08.804670+00:00
31/07/2026,Gloucester Park,WA,3,GP310726_R3,https://www.tab.com.au/racing/2026-07-31/GLOUCESTER-PARK/W/H/3,7,OUR CRUNCH TIME,11,SOHO MOONRAKER,8,IM LIGHTNING BANNE,10.2,3.4,2.9,1.3,25.6,73.8,550,3633.1,,66.4,,,2026-08-11T10:45:03.851288+00:00
31/07/2026,Gloucester Park,WA,4,GP310726_R4,https://www.tab.com.au/racing/2026-07-31/GLOUCESTER-PARK/W/H/4,9,MAGNIFICENT STORM,6,BETTORS PRIDE,11,FRANCO ENCORE,1.5,1.2,1.3,11.9,3.5,4.3,86.6,1382.9,,35.5,,145,2026-08-11T10:46:06.699308+00:00
31/07/2026,Gloucester Park,WA,5,GP310726_R5,https://www.tab.com.au/racing/2026-07-31/GLOUCESTER-PARK/W/H/5,4,AMERICAN BLAZE,1,MAJOR DISCO,6,FROM TIGERLAND,1.7,1.1,1.04,5.2,2.4,3.8,20.2,141.1,,4,,,2026-08-11T10:46:51.019450+00:00
31/07/2026,Gloucester Park,WA,6,GP310726_R6,https://www.tab.com.au/racing/2026-07-31/GLOUCESTER-PARK/W/H/6,4,SCOOTER B,3,JAMIE KIM,12,ART IDEAL,1.04,1,24.5,7.7,54.7,58.1,837.5,2752.2,,2.6,,,2026-08-11T10:47:44.830339+00:00
31/07/2026,Gloucester Park,WA,7,GP310726_R7,https://www.tab.com.au/racing/2026-07-31/GLOUCESTER-PARK/W/H/7,3,STORMY VISTA,12,LUVBITE,10,PETES HONOUR,2.2,1.2,2,2.1,4.9,11.3,62.5,167.5,7.1,3.1,,,2026-08-11T10:49:32.099059+00:00
31/07/2026,Gloucester Park,WA,8,GP310726_R8,https://www.tab.com.au/racing/2026-07-31/GLOUCESTER-PARK/W/H/8,12,SPITFIRE,8,CAPTAINS CREEK,9,CAPTAIN SAID SO,2.7,1.5,1.3,1.5,4.7,8,19.7,358.9,,7.6,0,25.1,2026-08-11T10:50:15.923037+00:00
31/07/2026,Gloucester Park,WA,9,GP310726_R9,https://www.tab.com.au/racing/2026-07-31/GLOUCESTER-PARK/W/H/9,7,ZLATO,9,AZIONE,11,DEE JAYS BIG BOY,10.6,2.7,1.4,3.4,8,25,172,301.8,,24.7,,,2026-08-11T10:51:10.101960+00:00
31/07/2026,Gloucester Park,WA,10,GP310726_R10,https://www.tab.com.au/racing/2026-07-31/GLOUCESTER-PARK/W/H/10,3,GRUMPEE,8,MAJESTIC GA GA,6,MYSTERY FRED,3.8,1.8,2.8,,12.5,17.8,58.7,158,,21.2,,,2026-08-11T10:52:13.622655+00:00
31/07/2026,Mildura,VIC,1,ML310726_R1,https://www.tab.com.au/racing/2026-07-31/MILDURA/P/H/1,6,ROYAL APPOINTMENT,4,LETSGO BIG GIRL,5,POWERSOFPERSUASION,3.5,1.4,1.7,,3.4,3.4,19.4,45.4,,,,,2026-08-11T10:52:59.100747+00:00
31/07/2026,Mildura,VIC,2,ML310726_R2,https://www.tab.com.au/racing/2026-07-31/MILDURA/P/H/2,3,ZEALYN,2,NO GOOD REASON,5,ALL DONE TARA,4.2,1.04,2.4,1.04,14.3,31.4,77.3,235.4,,11.2,,,2026-08-11T10:53:53.652678+00:00
31/07/2026,Mildura,VIC,3,ML310726_R3,https://www.tab.com.au/racing/2026-07-31/MILDURA/P/H/3,7,RUBBLEONTHEDOUBLE,6,RONZEL RAFA,5,ROCKNROLL LENNY,5.6,1.7,2.4,2.1,21.5,47.1,186.5,403,,46.4,,,2026-08-11T10:55:20.188584+00:00
31/07/2026,Mildura,VIC,4,ML310726_R4,https://www.tab.com.au/racing/2026-07-31/MILDURA/P/H/4,3,ITZ BLACKJACK,1,ROJENBYE,6,STARVIN MARVIN,2.7,1.5,1.9,1.04,7.5,9.7,29.5,107.6,,0,,0,2026-08-11T10:56:06.219555+00:00
31/07/2026,Mildura,VIC,5,ML310726_R5,https://www.tab.com.au/racing/2026-07-31/MILDURA/P/H/5,1,BANDIT EYES,8,GOOD BOOTS BINDI,2,UNITED,1.8,1.5,2.7,,4,5.7,22,51.5,,49.3,,,2026-08-11T10:57:00.176593+00:00
31/07/2026,Mildura,VIC,6,ML310726_R6,https://www.tab.com.au/racing/2026-07-31/MILDURA/P/H/6,2,THE NINJA,1,SANTA CASA LEVI,3,CAPTIVATE ME,2.4,1.1,1.6,1.3,4.6,6.6,23.6,65.8,,6.9,,,2026-08-11T10:58:02.529562+00:00
31/07/2026,Mildura,VIC,7,ML310726_R7,https://www.tab.com.au/racing/2026-07-31/MILDURA/P/H/7,6,CHALKNCHEDDAR,10,HESASTAR,5,KEAYANG CRIPPA,13,2.9,1.1,1.7,28.8,68.6,184.8,281.6,30.6,39.4,,,2026-08-11T11:01:45.256630+00:00
31/07/2026,Mildura,VIC,8,ML310726_R8,https://www.tab.com.au/racing/2026-07-31/MILDURA/P/H/8,8,SNEAKY PHILTRA,10,DAYLIGHT,4,DIAMOND KRUSHER,2,1.1,2.4,2.1,5.3,10.6,116.4,963.4,,21.3,0,0,2026-08-11T11:03:34.532070+00:00
31/07/2026,Mildura,VIC,9,ML310726_R9,https://www.tab.com.au/racing/2026-07-31/MILDURA/P/H/9,4,YARRAMAN JOLT,6,WATCH THE ATTITUDE,1,BOYSTROUS,8.1,2.2,8.5,1,171.9,176.7,839.7,1898.7,,41.6,,,2026-08-11T11:04:19.981312+00:00
31/07/2026,Mildura,VIC,10,ML310726_R10,https://www.tab.com.au/racing/2026-07-31/MILDURA/P/H/10,11,KYORETSU,6,FLIGHT LOUTENANT,10,JUST INCREDIBLE,6.1,1.5,2,2,13.1,40.7,115.2,1140.4,,87.5,,,2026-08-11T11:05:14.848437+00:00
31/07/2026,Melton,VIC,1,MX310726_R1,https://www.tab.com.au/racing/2026-07-31/MELTON/M/H/1,10,TIMMY WHIZ,2,REVERAND BOB,1,SOLOTREKK,5,1.3,1.3,1.3,7.2,15,49,262.1,,,,,2026-08-11T11:06:19.325568+00:00
31/07/2026,Melton,VIC,2,MX310726_R2,https://www.tab.com.au/racing/2026-07-31/MELTON/M/H/2,11,TALISKER SKIPPER,5,ALTIUS,1,AVEIRO,3.7,2.1,2.4,2.2,15.8,30,151.5,574.8,,28.7,,,2026-08-11T11:07:03.938409+00:00
31/07/2026,Melton,VIC,3,MX310726_R3,https://www.tab.com.au/racing/2026-07-31/MELTON/M/H/3,9,SPIRITED LASS,5,LITTLE MISS MORGAN,3,SCAR,4,1.5,1.4,4.1,5.9,7.1,69.5,1346.1,,17,,,2026-08-11T11:07:57.798665+00:00
31/07/2026,Melton,VIC,4,MX310726_R4,https://www.tab.com.au/racing/2026-07-31/MELTON/M/H/4,5,AT THE DISTANCE,8,MET WITH A SHRUG,3,STEADY DREAM,2.3,1.3,2.7,2.6,15.1,25.2,136.4,363.8,,14.1,,83.3,2026-08-11T11:09:03.011222+00:00
31/07/2026,Melton,VIC,5,MX310726_R5,https://www.tab.com.au/racing/2026-07-31/MELTON/M/H/5,5,INSIDER TRADING,4,THE FINAL DANCE,8,HIGHLANDHARTBREAKA,4.2,3.3,1.2,,2.6,9.4,25.1,342.9,,14.7,,,2026-08-11T11:09:52.269645+00:00
31/07/2026,Melton,VIC,6,MX310726_R6,https://www.tab.com.au/racing/2026-07-31/MELTON/M/H/6,6,JANIEBQUICK,5,WEONA OUR RIGHTS,4,ROSBERG,2.9,2.2,9.2,,26.1,122.9,119,1220,,79.2,,,2026-08-11T11:10:35.902742+00:00
31/07/2026,Melton,VIC,7,MX310726_R7,https://www.tab.com.au/racing/2026-07-31/MELTON/M/H/7,3,THE SKY IS THE LIM,1,FLOATING MOUNTAIN,6,ROMANTIC NINA,4.6,1.8,8.8,,42,33.4,311.4,339.1,55.4,16,,,2026-08-11T11:11:29.899127+00:00
31/07/2026,Melton,VIC,8,MX310726_R8,https://www.tab.com.au/racing/2026-07-31/MELTON/M/H/8,5,HITTHEROADJACK,6,PESCI,3,FERRIGNO,3.6,2,1.8,,6.1,9.8,47.9,87.3,,8.4,7.2,1153.4,2026-08-11T11:12:34.172784+00:00
31/07/2026,Melton,VIC,9,MX310726_R9,https://www.tab.com.au/racing/2026-07-31/MELTON/M/H/9,2,VIVID DREAM,3,COOL STORY,5,BAYSTYLE,1.6,1.4,7.2,,18.9,17.1,65.4,246.2,,8.2,,,2026-08-11T11:13:18.710770+00:00
31/07/2026,Newcastle,NSW,1,NR310726_R1,https://www.tab.com.au/racing/2026-07-31/NEWCASTLE/S/H/1,4,TIME TO DANCE,1,MODERN MISCHIEF,2,TENNESSEE KID,3.1,1.3,2.5,4,12,18.7,102,554.3,,,,,2026-08-11T11:14:26.414657+00:00
31/07/2026,Newcastle,NSW,2,NR310726_R2,https://www.tab.com.au/racing/2026-07-31/NEWCASTLE/S/H/2,1,PET KITTY,9,BETWEEN DECKS,4,OHWHATIWOULDGIVE,4,1.8,1.9,3,6.6,21.7,99.2,332.8,,14.5,,,2026-08-11T11:15:31.991835+00:00
31/07/2026,Newcastle,NSW,3,NR310726_R3,https://www.tab.com.au/racing/2026-07-31/NEWCASTLE/S/H/3,2,CAULONIA COURAGE,5,MISTER QUIRK,9,FOUR FEATHERS,7.2,2.6,1.3,2.2,12.6,24.2,120.1,669.7,,24.8,,,2026-08-11T11:16:11.783865+00:00
31/07/2026,Newcastle,NSW,4,NR310726_R4,https://www.tab.com.au/racing/2026-07-31/NEWCASTLE/S/H/4,5,NICK OF TIME,7,HAPPY TOO YA,10,WHATABOYJACK,14.4,2.7,1.5,2.1,28.6,79.3,311.2,3136,,190,,184.8,2026-08-11T11:17:13.905488+00:00
31/07/2026,Newcastle,NSW,5,NR310726_R5,https://www.tab.com.au/racing/2026-07-31/NEWCASTLE/S/H/5,7,GORDONS GHOST,2,LOCHINVAR COOGEE,3,MULLUM SIZZLE,1.4,1.1,3,,3.6,5.4,18.7,50.6,,45.8,,,2026-08-11T11:18:00.593030+00:00
31/07/2026,Newcastle,NSW,6,NR310726_R6,https://www.tab.com.au/racing/2026-07-31/NEWCASTLE/S/H/6,4,STEALTH BOMBA,8,TAFL MOVE,2,SWEETLY SPOKEN,4.7,3.1,2.3,,14.3,28.3,158.9,714.8,,6.2,,,2026-08-11T11:18:57.045106+00:00
31/07/2026,Newcastle,NSW,7,NR310726_R7,https://www.tab.com.au/racing/2026-07-31/NEWCASTLE/S/H/7,3,LOUISE LUCK,6,MAYWYNS MIGHTY MAC,5,LOUIGI,1.7,1.5,2.2,1.04,8.5,14.5,59.6,177.6,3.8,11.9,,,2026-08-11T11:20:47.634917+00:00
31/07/2026,Newcastle,NSW,8,NR310726_R8,https://www.tab.com.au/racing/2026-07-31/NEWCASTLE/S/H/8,4,MY KGARI,5,SUNLIGHT STRIDE,8,ADELAIDE BEE CEE,3.5,1.7,1.7,2,7.6,12.9,76.8,281.9,,13.6,0,95.7,2026-08-11T11:21:41.506845+00:00
31/07/2026,Parkes,NSW,1,PK310726_R1,https://www.tab.com.au/racing/2026-07-31/PARKES/E/H/1,1,INDI AIR TONIGHT,4,A LIL BIT OF LOVE,7,LEXY LONGSTOCKINGS,4.6,1.6,1.5,1.9,12.4,21.7,77.8,387.6,,,,,2026-08-11T11:24:07.590369+00:00
31/07/2026,Parkes,NSW,2,PK310726_R2,https://www.tab.com.au/racing/2026-07-31/PARKES/E/H/2,2,IM ON NO SLEEP,1,VINNYSGAL,7,THE NEEDY QUEEN,1.1,1.04,2.2,2.8,4.3,3.6,15.1,126.7,,7.8,,,2026-08-11T11:24:53.866842+00:00
31/07/2026,Parkes,NSW,3,PK310726_R3,https://www.tab.com.au/racing/2026-07-31/PARKES/E/H/3,5,TOMMY TIME,1,AUGUST STAR,6,CALL ME BILLY,3.4,1.2,2.8,1.4,23.3,28.2,73.7,178.7,,3.5,,,2026-08-11T11:25:48.813844+00:00
31/07/2026,Parkes,NSW,4,PK310726_R4,https://www.tab.com.au/racing/2026-07-31/PARKES/E/H/4,7,MULLUM GUIDO,10,WOKKA ROCK,4,SMOOTH EURO,4.3,1.8,2.4,14.3,22,33.6,784.8,1162.1,,17.8,,0,2026-08-11T11:28:31.678495+00:00
31/07/2026,Parkes,NSW,5,PK310726_R5,https://www.tab.com.au/racing/2026-07-31/PARKES/E/H/5,4,FORESIGHT,3,HAZZA IS WATCHING,6,ITS DOWN TO DIGGER,3.3,1.7,2.7,3,10.3,20.2,170.2,1319.4,,19,,,2026-08-11T11:29:31.682095+00:00
31/07/2026,Parkes,NSW,6,PK310726_R6,https://www.tab.com.au/racing/2026-07-31/PARKES/E/H/6,7,TULHURST ELVIS,9,FEISTY TIGER,4,RIVERINA FLASH,5.4,1.5,1.8,3,27,31.1,221.6,1024.9,,16.9,,,2026-08-11T11:30:17.114147+00:00
31/07/2026,Parkes,NSW,7,PK310726_R7,https://www.tab.com.au/racing/2026-07-31/PARKES/E/H/7,4,SURFIN AT MIDNIGHT,7,IRK MCGLURK,1,TULHURST PEBBLES,7.3,3.3,1.5,1.8,30.9,51.1,144.9,1137.3,28.6,22.5,,,2026-08-11T11:31:12.382096+00:00
31/07/2026,Parkes,NSW,8,PK310726_R8,https://www.tab.com.au/racing/2026-07-31/PARKES/E/H/8,4,PEAKSART,2,CELEBRITY CRUISE,10,SCARLET BLING,10.1,3,3.6,4.8,64.1,111.7,397.9,3987.4,,0,0,65.8,2026-08-11T11:32:35.493306+00:00
31/07/2026,Parkes,NSW,9,PK310726_R9,https://www.tab.com.au/racing/2026-07-31/PARKES/E/H/9,7,IM HERE TO PARTY,8,ONEDARKNIGHT,2,BETTORBYTHESEA,22.3,2.6,2.4,1.4,28.8,208.8,632.7,3340.3,,0,,,2026-08-11T11:33:16.432335+00:00
31/07/2026,Parkes,NSW,10,PK310726_R10,https://www.tab.com.au/racing/2026-07-31/PARKES/E/H/10,2,MY CONFIDANT,1,TAKE ME TOO,7,LAMNA NASUS,3.1,1.6,1.3,3.8,4.1,7.6,35.8,145,,127.8,,,2026-08-11T11:34:11.957891+00:00
31/07/2026,Redcliffe,QLD,1,RE310726_R1,https://www.tab.com.au/racing/2026-07-31/REDCLIFFE/B/H/1,6,UCANCALLME AL,4,BORELLA,7,ART JESTER,9,2.8,1.8,1.2,20.6,41.9,216.2,897.2,,,,,2026-08-11T11:35:16.643739+00:00
31/07/2026,Redcliffe,QLD,2,RE310726_R2,https://www.tab.com.au/racing/2026-07-31/REDCLIFFE/B/H/2,4,MAJOR ORION,5,ALWAYS ADORNED,9,ROLL TO THE TOP,2,1.2,1.8,1.5,7.3,11.2,26.2,177.5,,29.5,,,2026-08-11T11:36:01.455849+00:00
31/07/2026,Redcliffe,QLD,3,RE310726_R3,https://www.tab.com.au/racing/2026-07-31/REDCLIFFE/B/H/3,8,MISS SYRAH,2,BLING THE NOISE,7,MERRY JEWEL,6.3,2.6,1.5,3.2,19.1,43.7,297,640,,35.2,,,2026-08-11T11:36:57.239793+00:00
31/07/2026,Redcliffe,QLD,4,RE310726_R4,https://www.tab.com.au/racing/2026-07-31/REDCLIFFE/B/H/4,8,LAST CALL,5,BEACH MAGIC,9,WELL SAID NUGGET,2.5,1.1,2.2,2.8,9.8,14.8,96.5,648.2,,30.8,,0,2026-08-11T11:38:05.396374+00:00
31/07/2026,Redcliffe,QLD,5,RE310726_R5,https://www.tab.com.au/racing/2026-07-31/REDCLIFFE/B/H/5,8,PROSPECTUS,6,THE HARRIS HAWK,3,PERFECT FEELING,7.8,1.9,4.3,1.4,43.8,161.7,578.6,2576.4,,0,,,2026-08-11T11:38:50.501287+00:00
31/07/2026,Redcliffe,QLD,6,RE310726_R6,https://www.tab.com.au/racing/2026-07-31/REDCLIFFE/B/H/6,2,DOC HARVEY,1,FILLY THIRTEEN,7,CONNIES SPIRIT,23.3,3.8,1.3,2,30.3,84.5,372.2,1551.9,,0,,,2026-08-11T11:39:47.380977+00:00
31/07/2026,Redcliffe,QLD,7,RE310726_R7,https://www.tab.com.au/racing/2026-07-31/REDCLIFFE/B/H/7,2,CAPTAIN JAZZ,7,OHOKAREDROBINJUJON,1,LACEYS LASS,1.3,1.04,2.3,3.9,4.5,6.3,23.2,96.2,16.7,66.4,,,2026-08-11T11:40:46.426335+00:00
31/07/2026,Redcliffe,QLD,8,RE310726_R8,https://www.tab.com.au/racing/2026-07-31/REDCLIFFE/B/H/8,6,BLACK GEMSTONE,8,PLAYING FOR KEEPS,5,TAURUS BROMAC,5.1,1.8,2.6,1.4,30.7,29.6,136.9,671.7,,6.3,0,449.7,2026-08-11T11:41:37.212345+00:00
31/07/2026,Redcliffe,QLD,9,RE310726_R9,https://www.tab.com.au/racing/2026-07-31/REDCLIFFE/B/H/9,7,TEQUILASUNRISE,1,SERGENTMAJOR JUJON,6,MCROCKIN,3.1,1.04,1.1,3.9,2.2,4.7,27,68,,18.5,,,2026-08-11T11:42:21.935726+00:00
1/08/2026,Menangle,NSW,8,PC010826_R8,https://www.tab.com.au/racing/2026-08-01/MENANGLE/S/H/8,4,NYMBAL,2,SOHO PARK AVENUE,1,CONCILIATE,1.2,1.04,1.7,,2.2,2.1,19.5,96.8,,10.8,76.4,264.3,2026-08-11T11:43:17.043282+00:00
1/08/2026,Menangle,NSW,9,PC010826_R9,https://www.tab.com.au/racing/2026-08-01/MENANGLE/S/H/9,5,IM ROCKIN IT,7,CASH AND BLING,3,RIVERA LOU,5.5,2.3,5.7,2.3,58.4,95.4,681.4,1319,,7.4,,,2026-08-11T11:44:16.275427+00:00
11/08/2026,Northam,WA,2,NM110826_R2,https://www.tab.com.au/racing/2026-08-11/NORTHAM/NTM/H/2?jurisdiction=VIC,6,STAR OF ORION,1,MAD PUNTA,7,SHES MY LITTLE GEM,3.3,1.9,2.1,2.3,7.1,12.3,97.7,660.5,,42.6,,,2026-08-11T11:46:31.256879+00:00
11/08/2026,Port Pirie,SA,4,PP110826_R4,https://www.tab.com.au/racing/2026-08-11/PORT-PIRIE/PTP/H/4?jurisdiction=VIC,1,TIGER ROARS,3,ELLA KATE,2,HELLO BEAUTIFUL,3.4,1.5,1.4,,3.3,9.8,36.8,94,,6,,67.7,2026-08-11T11:46:58.401439+00:00
11/08/2026,Shepparton,VIC,7,SP110826_R7,https://www.tab.com.au/racing/2026-08-11/SHEPPARTON/SHE/H/7?jurisdiction=VIC,6,QUEEN TRUSCOTT,4,SHEEZ ONE OF,2,THE TROUT COD,4.2,1.9,2.3,,7.1,20.2,37.7,109.1,46.7,11.2,124.1,329.2,2026-08-11T11:47:35.461267+00:00
11/08/2026,Northam,WA,3,NM110826_R3,https://www.tab.com.au/racing/2026-08-11/NORTHAM/NTM/H/3?jurisdiction=VIC,2,ON THE BACK FOOT,1,EYE BETTER,8,GEE SMITH,6.8,1.9,1.3,4.4,10,9.8,194.6,1208.5,,19.2,,,2026-08-11T11:48:49.672258+00:00
11/08/2026,Port Pirie,SA,5,PP110826_R5,https://www.tab.com.au/racing/2026-08-11/PORT-PIRIE/PTP/H/5?jurisdiction=VIC,5,WHATA OPTIMIST,6,OAKLANDER,2,LUNCHINHEAVEN,1.5,1.3,4.5,,4.8,7,17.7,34.6,,6.1,,,2026-08-11T11:49:27.028041+00:00
11/08/2026,Northam,WA,4,NM110826_R4,https://www.tab.com.au/racing/2026-08-11/NORTHAM/NTM/H/4?jurisdiction=VIC,1,SHES A TINY DANCER,5,ROCK ME OVER,3,LILLIE QUEEN,3.5,1.8,2.8,2.3,22.4,27.1,184.5,838.4,,33.2,,758.5,2026-08-11T11:50:41.732442+00:00
11/08/2026,Port Pirie,SA,6,PP110826_R6,https://www.tab.com.au/racing/2026-08-11/PORT-PIRIE/PTP/H/6?jurisdiction=VIC,4,GRUMPYPANTS GRACIE,2,SAL WESTER,6,MICKTHEBESTBUTCHER,1.7,1.4,3.8,,4.5,8.2,13.9,62,,3.6,,,2026-08-11T11:52:02.136529+00:00
11/08/2026,Northam,WA,5,NM110826_R5,https://www.tab.com.au/racing/2026-08-11/NORTHAM/NTM/H/5?jurisdiction=VIC,1,THE DARK NIGHT,2,BREWERY LANE,7,SPORTING GRACE,1.3,1.1,3.1,2.6,8.6,12.1,46.7,203.4,,8.3,,,2026-08-11T11:55:54.348744+00:00
11/08/2026,Port Pirie,SA,7,PP110826_R7,https://www.tab.com.au/racing/2026-08-11/PORT-PIRIE/PTP/H/7?jurisdiction=VIC,2,NO REMORSE,3,FEEL THE MOMENT,5,SETTLE THE BILL,3.2,1.1,1.3,,1.7,4.5,7.8,19.8,6.8,7.3,14.7,69.7,2026-08-11T11:56:19.851449+00:00
11/08/2026,Northam,WA,6,NM110826_R6,https://www.tab.com.au/racing/2026-08-11/NORTHAM/NTM/H/6?jurisdiction=VIC,9,ARISE LAZARUS,10,ALLWOODS CHEVRON,1,BETTOR BE BUCKS,10.7,1.5,4.8,1.8,29.5,35.7,436,3432.9,,8.9,,,2026-08-11T12:15:52.619014+00:00
11/08/2026,Northam,WA,7,NM110826_R7,https://www.tab.com.au/racing/2026-08-11/NORTHAM/NTM/H/7?jurisdiction=VIC,1,FIREBALL FRIDAY,7,CHEVRONS GOLD,8,CRACKA TINNY,10.8,3.1,3.2,2.7,36.9,49.4,386.1,932.5,18.2,71.1,,,2026-08-11T12:45:37.696861+00:00
12/08/2026,Bathurst,NSW,1,BH120826_R1,https://www.tab.com.au/racing/2026-08-12/BATHURST/BAT/H/1?jurisdiction=VIC,7,FORESIGHT,10,BEANCOUNTER,3,STARLIGHT SASS,12.5,2.4,4.5,2.1,150.3,110.3,905.5,4790.3,,,,,2026-08-12T07:22:31.768148+00:00
11/08/2026,Albury,NSW,1,AL110826_R1,https://www.tab.com.au/racing/2026-08-11/ALBURY/C/H/1,1,CRESCO THREEPEAT,4,AVA LEANNE,8,UNCLE CRAIGO,4.8,2.1,2.4,,12.6,22.3,74.6,216.6,,,,,2026-08-12T07:30:20.153059+00:00
11/08/2026,Albury,NSW,2,AL110826_R2,https://www.tab.com.au/racing/2026-08-11/ALBURY/C/H/2,3,ANGELIC ATTITUDE,4,NIFTY AMBITION,2,SHOOBEES SUNSET,1.6,1.1,2.4,2.5,9.9,12.6,80.2,333.6,,9.2,,,2026-08-12T07:31:05.112617+00:00
11/08/2026,Albury,NSW,3,AL110826_R3,https://www.tab.com.au/racing/2026-08-11/ALBURY/C/H/3,1,DIDNT I,7,THE DEMOCRAT,3,VALENTINI,2,1.2,1.7,1.7,4.1,2.9,17.2,52.7,,6.9,,,2026-08-12T07:31:50.854425+00:00
11/08/2026,Albury,NSW,4,AL110826_R4,https://www.tab.com.au/racing/2026-08-11/ALBURY/C/H/4,7,STINSON,1,ALWAYSATTHEBEACH,2,KRISTYSGIRL,16.9,3.4,1.4,1.5,13.7,48.8,251.6,363.8,,30.1,,0,2026-08-12T07:32:35.808946+00:00
11/08/2026,Albury,NSW,5,AL110826_R5,https://www.tab.com.au/racing/2026-08-11/ALBURY/C/H/5,6,WHERE IT BEGAN,9,ALIGHIERI,1,RUSTY MUDSHARK,1.4,1.2,2.1,4.8,5.2,6.1,41.1,114.7,,15.2,,,2026-08-12T07:33:22.235434+00:00
11/08/2026,Albury,NSW,6,AL110826_R6,https://www.tab.com.au/racing/2026-08-11/ALBURY/C/H/6,1,ROCK SPIRIT,10,ALWAYSBDREAMING,7,GOOD TALK,2.8,1.04,1.7,1.8,3.7,6.5,26.9,956.5,,5.1,,,2026-08-12T07:34:08.870653+00:00
11/08/2026,Albury,NSW,7,AL110826_R7,https://www.tab.com.au/racing/2026-08-11/ALBURY/C/H/7,6,LETSTACOBOUTIT,3,ARKLOW,1,MASTER OF ILLUSION,2.7,1.2,2.8,2.2,16.9,23.9,204.2,566.3,9.4,14.5,,,2026-08-12T07:34:53.907279+00:00
11/08/2026,Albury,NSW,8,AL110826_R8,https://www.tab.com.au/racing/2026-08-11/ALBURY/C/H/8,2,ROLL THE ACES,4,I AM THE TORNADO,7,OKTOLOVE,4.5,1.6,8.9,2.3,183.7,171.6,2121.7,2466.2,,21.2,3.2,81.8,2026-08-12T07:35:39.425041+00:00
11/08/2026,Northam,WA,8,NM110826_R8,https://www.tab.com.au/racing/2026-08-11/NORTHAM/W/H/8,10,HAVTIMEFORMIKI,4,TEXAS STORM,5,RAVENOUS,1.2,1.04,1.2,5.6,2.1,2.9,17.8,100.1,,11.8,0,326,2026-08-12T07:36:29.642038+00:00
12/08/2026,Melton,VIC,1,MX120826_R1,https://www.tab.com.au/racing/2026-08-12/MELTON/MLT/H/1?jurisdiction=VIC,9,BINALONG MATE,1,MAXBECA,10,MUSELET,3.4,1.8,1.4,5.1,5.4,13.8,127.7,1003.9,,,,,2026-08-12T07:40:50.683715+00:00
12/08/2026,Redcliffe,QLD,1,RE120826_R1,https://www.tab.com.au/racing/2026-08-12/REDCLIFFE/RED/H/1?jurisdiction=VIC,1,SHEZ A PUNTER,8,ULTIMATE ARK,7,THE TORQUE EFFECT,4.1,1.6,2.1,1.9,12.1,17.9,40.1,345.4,,,,,2026-08-12T07:55:57.272455+00:00
12/08/2026,Melton,VIC,2,MX120826_R2,https://www.tab.com.au/racing/2026-08-12/MELTON/MLT/H/2?jurisdiction=VIC,3,FOREGONE CONCLUSIO,7,MONSIEUR FLAMEL,9,PRECIOUS BELLE,2.4,1.2,2,1.6,8.8,13.2,60.2,255.6,,16.5,,,2026-08-12T08:27:03.868752+00:00
12/08/2026,Bathurst,NSW,3,BH120826_R3,https://www.tab.com.au/racing/2026-08-12/BATHURST/BAT/H/3?jurisdiction=VIC,4,GRAYSON RED,2,RIKIBREAL,10,SAINT VERAN,6.1,2.4,1.7,2.9,17.7,34,231.1,1441.7,,49.6,,,2026-08-12T08:27:32.709730+00:00
12/08/2026,Redcliffe,QLD,2,RE120826_R2,https://www.tab.com.au/racing/2026-08-12/REDCLIFFE/RED/H/2?jurisdiction=VIC,5,WESTERN BILL,6,ROCK NIEN,2,MY ULTIMATE VICTOR,12.5,2.8,2,1.9,55.5,191.3,901.9,4675.5,,70,,,2026-08-12T09:07:00.740961+00:00
12/08/2026,Melton,VIC,3,MX120826_R3,https://www.tab.com.au/racing/2026-08-12/MELTON/MLT/H/3?jurisdiction=VIC,4,ALLHEARTNOHEIGHT,8,ROCKNROLL RAMBO,6,THE FEENY FAVORITE,12.9,2.6,2.3,6,47.2,111.2,1058,3054.4,,35.6,,,2026-08-12T09:07:30.985033+00:00
12/08/2026,Bathurst,NSW,4,BH120826_R4,https://www.tab.com.au/racing/2026-08-12/BATHURST/BAT/H/4?jurisdiction=VIC,1,IDEAL TIMING,2,HUNTER SHANNON,6,BETTING RANGER,2,1.4,2.6,2.7,10.3,13.8,85.2,428.7,,17.5,,2163.6,2026-08-12T09:08:10.748931+00:00
12/08/2026,Redcliffe,QLD,3,RE120826_R3,https://www.tab.com.au/racing/2026-08-12/REDCLIFFE/RED/H/3?jurisdiction=VIC,9,ROCK HAMMER,7,THE TIGER ARMY,10,LITTLELIONELJAMES,12.2,2.7,1.3,2.3,33,90.1,487.3,1315.7,,0,,,2026-08-12T09:08:58.419006+00:00
12/08/2026,Melton,VIC,4,MX120826_R4,https://www.tab.com.au/racing/2026-08-12/MELTON/MLT/H/4?jurisdiction=VIC,7,SAMBEZIA,8,LEZAMA,9,MI BOW,1.6,1.2,3.2,1.1,12.7,15,43.3,241.7,,44.5,,414.7,2026-08-12T09:09:26.749368+00:00
28/07/2026,Albion Park,QLD,1,AP280726_R1,https://www.tab.com.au/racing/2026-07-28/ALBION-PARK/B/H/1,4,CATTLECALL,2,WANNABE ME,1,DIVITO,2.1,1.2,2.4,,3.5,6.9,27.5,105.6,,,,,2026-08-12T09:11:44.673548+00:00
28/07/2026,Albion Park,QLD,2,AP280726_R2,https://www.tab.com.au/racing/2026-07-28/ALBION-PARK/B/H/2,3,ALDEBARAN SUE,5,TARENTAISE,6,IGNITE,1.2,1.04,3.8,7.9,10,11.8,156.8,1284.7,,2.8,,,2026-08-12T09:12:29.510666+00:00
28/07/2026,Albion Park,QLD,3,AP280726_R3,https://www.tab.com.au/racing/2026-07-28/ALBION-PARK/B/H/3,5,DEGARMEA TEALE,2,FIGHT FOR VICTORY,3,FLORAS FOLLY,1.1,1,1.3,,1.2,1.5,5.6,20.2,,2.2,,,2026-08-12T09:13:17.945703+00:00
28/07/2026,Albion Park,QLD,4,AP280726_R4,https://www.tab.com.au/racing/2026-07-28/ALBION-PARK/B/H/4,2,BEACHBABE CROCKER,4,TIMMYTEO,5,JAMES ALFRED,3,2,1.8,,6.8,11.5,22.1,152.5,,2.5,,5.7,2026-08-12T09:14:17.693258+00:00
28/07/2026,Albion Park,QLD,5,AP280726_R5,https://www.tab.com.au/racing/2026-07-28/ALBION-PARK/B/H/5,8,PINKCHAMPAGNE,10,THE REAL ROCKETMAN,1,AZOR AHAI,3.2,1.1,1.2,1.5,5,10.3,32.1,246.6,,12,,,2026-08-12T09:15:20.284563+00:00
28/07/2026,Albion Park,QLD,6,AP280726_R6,https://www.tab.com.au/racing/2026-07-28/ALBION-PARK/B/H/6,4,UNCLE TONY,5,LULU MAE,6,BUDDY PERFECT,3.6,1.2,1.3,3.1,15.2,28,91.2,696.3,,15.9,,,2026-08-12T09:16:28.695065+00:00
28/07/2026,Albion Park,QLD,7,AP280726_R7,https://www.tab.com.au/racing/2026-07-28/ALBION-PARK/B/H/7,8,SPIRIT OF ANARCHY,9,EXCLUSIVE HUSTLER,5,AIR EXPRESS,2.9,1.4,6.2,5.2,33.7,55.9,397.7,2953,13.5,8,,,2026-08-12T09:17:17.972741+00:00
28/07/2026,Albion Park,QLD,8,AP280726_R8,https://www.tab.com.au/racing/2026-07-28/ALBION-PARK/B/H/8,10,BART BENTLEY,7,CHAMPAGNE WALSH,3,ROYAL PRINCESS,3,1.3,2.1,2.1,9.7,22.3,97.9,1128.7,,11.1,0,285.9,2026-08-12T09:18:06.508618+00:00
28/07/2026,Albion Park,QLD,9,AP280726_R9,https://www.tab.com.au/racing/2026-07-28/ALBION-PARK/B/H/9,7,DRAGON,6,BENNYDASOOK,8,RATATATTAT,3.3,1.8,1.6,,3.9,11.8,49.4,382.1,,48.1,,,2026-08-12T09:19:00.666522+00:00
28/07/2026,Bunbury,WA,1,BY280726_R1,https://www.tab.com.au/racing/2026-07-28/BUNBURY/W/H/1,6,EXPRESSING,11,LEO NARRDO,3,ELQUESTRO,4.4,1.7,1.5,4.8,5.7,14.3,143.6,285.7,,,,,2026-08-12T09:20:10.787321+00:00
28/07/2026,Bunbury,WA,2,BY280726_R2,https://www.tab.com.au/racing/2026-07-28/BUNBURY/W/H/2,11,HE IS TALKING,6,MAJOR MOVES,5,MATERNAL DREAMS,4.9,1.7,2.3,3.9,28,59.1,352,1167.1,,28.9,,,2026-08-12T09:21:00.406924+00:00
28/07/2026,Bunbury,WA,3,BY280726_R3,https://www.tab.com.au/racing/2026-07-28/BUNBURY/W/H/3,11,CHARLI BROWN,12,WICKED WINDERMERE,6,ELLEOFAREACTOR,11.4,2.6,1.2,6.8,16.4,34.8,302,0,,12.8,,,2026-08-12T09:21:48.737541+00:00
28/07/2026,Bunbury,WA,4,BY280726_R4,https://www.tab.com.au/racing/2026-07-28/BUNBURY/W/H/4,1,SUGAR BOO,5,DAWSON SHARD,3,SONIC SEELSTER,6.3,2.4,1.3,1.4,15.5,40.7,108.9,189.4,,37.5,,0,2026-08-12T09:22:36.269690+00:00
28/07/2026,Bunbury,WA,5,BY280726_R5,https://www.tab.com.au/racing/2026-07-28/BUNBURY/W/H/5,1,JUST CRUIZIN,3,GEARSINAWHIRL,5,OURFIRSTIMPRESSION,193.1,35.9,2.2,3.6,313.1,303.4,2173.1,0,,0,,,2026-08-12T09:23:23.569127+00:00
28/07/2026,Bunbury,WA,6,BY280726_R6,https://www.tab.com.au/racing/2026-07-28/BUNBURY/W/H/6,8,CLOUD NINE,1,MAJOR BUZZ,10,REDDY TO FLY,5.4,2.6,1.6,8.2,14.1,38.6,462.9,1241.2,,0,,,2026-08-12T09:24:11.103356+00:00
28/07/2026,Bunbury,WA,7,BY280726_R7,https://www.tab.com.au/racing/2026-07-28/BUNBURY/W/H/7,3,SUPREMEDREAM,7,MAGIC CAPTAIN,6,ISEEUBABY,16.3,3,1.6,1.2,22,57.7,158.2,1117.8,0,91.3,,,2026-08-12T09:24:59.160673+00:00
28/07/2026,Bunbury,WA,8,BY280726_R8,https://www.tab.com.au/racing/2026-07-28/BUNBURY/W/H/8,9,DRILL SERGEANT,2,KISORA,1,PAPPINBARRA LADY,1.5,1.1,1.4,1.9,2.1,5.5,9.5,138.1,,41.1,0,0,2026-08-12T09:25:46.776062+00:00
28/07/2026,Bunbury,WA,9,BY280726_R9,https://www.tab.com.au/racing/2026-07-28/BUNBURY/W/H/9,7,LOTS OF CHANGE,8,ULTIMATE TESS,5,CHARLIES TACTICS,31.3,2.9,1.9,1,112.7,290,395.5,1038.7,,96.6,,,2026-08-12T09:26:38.183221+00:00
28/07/2026,Riverina Paceway,NSW,1,EY280726_R1,https://www.tab.com.au/racing/2026-07-28/RIVERINA-PACEWAY/C/H/1,1,NASANA,4,ALWAYSATTHEBEACH,6,OAK RIDGE,1.4,1.04,4.8,11.3,24.3,24.8,444.3,2670.7,,,,,2026-08-12T09:27:26.378795+00:00
28/07/2026,Riverina Paceway,NSW,2,EY280726_R2,https://www.tab.com.au/racing/2026-07-28/RIVERINA-PACEWAY/C/H/2,1,BELIEVE IN DREAMS,3,ISLAND MANDALAY,2,BERRYLICIOUS,3.2,1.6,5.4,2.8,32.2,50.2,157.7,1330.2,,10,,,2026-08-12T09:28:20.978567+00:00
28/07/2026,Riverina Paceway,NSW,3,EY280726_R3,https://www.tab.com.au/racing/2026-07-28/RIVERINA-PACEWAY/C/H/3,1,CAPTURE OUR HEART,7,AFTERSHOCK,3,ALWAYSBDREAMING,1.6,1.2,1.6,3.4,4.7,7,41.5,176.1,,8.4,,,2026-08-12T09:29:23.896966+00:00
28/07/2026,Riverina Paceway,NSW,4,EY280726_R4,https://www.tab.com.au/racing/2026-07-28/RIVERINA-PACEWAY/C/H/4,9,ALABAMA LIONESS,10,MAJORS CREEK,4,UNCLE CRAIGO,4.3,1.8,1.7,1.2,11.4,15.7,75.4,389.5,,11.9,,55.2,2026-08-12T09:30:18.141719+00:00
28/07/2026,Riverina Paceway,NSW,5,EY280726_R5,https://www.tab.com.au/racing/2026-07-28/RIVERINA-PACEWAY/C/H/5,6,CENTREFIRE,7,DIDNT I,4,JUNGLE SHARK,9.2,3.6,1.9,5.3,39.2,130.3,875.4,456,,38.1,,,2026-08-12T09:31:06.309136+00:00
28/07/2026,Riverina Paceway,NSW,6,EY280726_R6,https://www.tab.com.au/racing/2026-07-28/RIVERINA-PACEWAY/C/H/6,5,WHO IS ALAN,7,STIPULATING,6,ALIGHIERI,1.8,1.2,5.2,3.4,23.1,39.2,213.5,3224.3,,23.4,,,2026-08-12T09:31:54.493759+00:00
28/07/2026,Riverina Paceway,NSW,7,EY280726_R7,https://www.tab.com.au/racing/2026-07-28/RIVERINA-PACEWAY/C/H/7,5,CLAUDES DESIRE,1,JIVEANDWHISPER,3,ALICES SWEETHEART,1.8,1.2,1.7,3.5,6.4,9.3,76,398.3,32.8,3.4,,,2026-08-12T09:32:42.823918+00:00
28/07/2026,Riverina Paceway,NSW,8,EY280726_R8,https://www.tab.com.au/racing/2026-07-28/RIVERINA-PACEWAY/C/H/8,3,CHOCOLATE DELIGHT,9,LETSTACOBOUTIT,10,CANT HEAR YOU,35.7,8.7,2.1,1.4,149.1,290.8,1330.4,0,,46.8,0,0,2026-08-12T09:33:34.146398+00:00
12/08/2026,Bathurst,NSW,5,BH120826_R5,https://www.tab.com.au/racing/2026-08-12/BATHURST/BAT/H/5?jurisdiction=VIC,10,KENZIE SHANNON,5,DUFFY HOLLOW,3,HOPPALONGPOG,11.9,3.3,4.4,1.1,43.1,225.6,1156.1,4653.8,,38.4,,,2026-08-12T09:36:41.198930+00:00
12/08/2026,Redcliffe,QLD,4,RE120826_R4,https://www.tab.com.au/racing/2026-08-12/REDCLIFFE/RED/H/4?jurisdiction=VIC,2,QUIK CHANGE,5,STILLYOURSHOT,9,MISS SYRAH,4.1,1.6,1.5,2.3,11.3,13.7,109.5,1152.3,,105.7,,3431.6,2026-08-12T09:37:11.496647+00:00
12/08/2026,Melton,VIC,5,MX120826_R5,https://www.tab.com.au/racing/2026-08-12/MELTON/MLT/H/5?jurisdiction=VIC,6,SPUN SILVER,8,TOOBY GOLD,2,BLISSFULL LILLY,10.5,2.2,4.6,4.3,89.9,114.2,1228,10215.9,,21.5,,,2026-08-12T09:37:49.732919+00:00
12/08/2026,Bathurst,NSW,6,BH120826_R6,https://www.tab.com.au/racing/2026-08-12/BATHURST/BAT/H/6?jurisdiction=VIC,3,RIVIERE,4,SMOOTH CHAKRA,1,JASPERSTIMETOSHINE,7.6,2.3,3.1,3.2,54.3,111.3,547.4,1343.1,,128,,,2026-08-12T09:45:41.490383+00:00
12/08/2026,Redcliffe,QLD,5,RE120826_R5,https://www.tab.com.au/racing/2026-08-12/REDCLIFFE/RED/H/5?jurisdiction=VIC,7,SHEZ A WARRIOR,3,FAVREAU,2,ROCKY LEIGH,7.8,2,1.1,1.1,8.5,8,44,200.9,,37,,,2026-08-12T09:55:52.722486+00:00
12/08/2026,Melton,VIC,6,MX120826_R6,https://www.tab.com.au/racing/2026-08-12/MELTON/MLT/H/6?jurisdiction=VIC,2,WICHITA KANSAS,9,THEROUX,3,FAVOURITEHIGHLIGHT,6.9,1.7,1.2,2.8,6.9,19.3,264.2,2056.5,,80.5,,,2026-08-12T10:11:00.046867+00:00
12/08/2026,Bathurst,NSW,7,BH120826_R7,https://www.tab.com.au/racing/2026-08-12/BATHURST/BAT/H/7?jurisdiction=VIC,9,CHEVAL TIGER,10,CALL ME BILLY,1,REDEMPTION MISS,33.2,3.5,2.7,14.4,50.3,353.7,2892.3,8836.6,88.4,0,,,2026-08-12T10:15:38.279074+00:00
12/08/2026,Redcliffe,QLD,6,RE120826_R6,https://www.tab.com.au/racing/2026-08-12/REDCLIFFE/RED/H/6?jurisdiction=VIC,7,MALIBU DREAM,10,CAPTAIN OH CAPTAIN,2,DIAMOND DEANO,6.2,1.8,1.9,12.3,27.6,47,812.2,5592.4,,25.9,,,2026-08-12T10:25:50.051927+00:00
12/08/2026,Melton,VIC,7,MX120826_R7,https://www.tab.com.au/racing/2026-08-12/MELTON/MLT/H/7?jurisdiction=VIC,2,PISTOL PEARCE,1,ANGELS WATCHING,4,KATUNGA EXPRESS,8.7,2.5,1.04,2,9.2,33.9,115.9,571.1,80,42.4,,,2026-08-12T11:11:06.051876+00:00
12/08/2026,Bathurst,NSW,8,BH120826_R8,https://www.tab.com.au/racing/2026-08-12/BATHURST/BAT/H/8?jurisdiction=VIC,3,TRI TIME,5,HIGHVIEW BONNIE,7,BURRABADINE AUSTIN,2,1.5,4.2,3.2,35.4,53,306.4,2407.2,,221.7,0,8334.1,2026-08-12T11:11:40.547825+00:00
12/08/2026,Redcliffe,QLD,7,RE120826_R7,https://www.tab.com.au/racing/2026-08-12/REDCLIFFE/RED/H/7?jurisdiction=VIC,6,FIRE RAISER,2,MISTER SEASIDE,1,JOHN WAYNE,4.2,2.3,2,,5,10.7,28.1,136,34.4,13.5,,,2026-08-12T11:12:21.711345+00:00
12/08/2026,Melton,VIC,8,MX120826_R8,https://www.tab.com.au/racing/2026-08-12/MELTON/MLT/H/8?jurisdiction=VIC,4,THE PREACHER,1,MET WITH A SHRUG,6,MISTER DEVEREAUX,1.5,1.04,7.7,5.5,43.5,54.9,292.1,1558.9,,10.5,62,1651.4,2026-08-12T11:13:18.937213+00:00
12/08/2026,Bathurst,NSW,9,BH120826_R9,https://www.tab.com.au/racing/2026-08-12/BATHURST/BAT/H/9?jurisdiction=VIC,5,SHES GOT A REASON,3,BABLING BABLING,4,SONNY WRITER,2.3,2.2,1,2.9,7.3,10.8,31.4,172.6,,8.9,,,2026-08-12T11:20:50.590083+00:00
12/08/2026,Redcliffe,QLD,8,RE120826_R8,https://www.tab.com.au/racing/2026-08-12/REDCLIFFE/RED/H/8?jurisdiction=VIC,8,TERRAGONG SWINGER,,,5,DIGBY DEVIL,2.2,1.9,,1.2,18.2,14.6,62.2,231,,4,52.9,228.1,2026-08-12T11:30:54.350701+00:00
12/08/2026,Melton,VIC,9,MX120826_R9,https://www.tab.com.au/racing/2026-08-12/MELTON/MLT/H/9?jurisdiction=VIC,6,KINGS GALLERY,1,STERLING GIGI,7,MILEY KAY,1.1,1,5.8,,6.2,6,22,62,,2.4,,,2026-08-12T11:40:59.099544+00:00
12/08/2026,Bathurst,NSW,10,BH120826_R10,https://www.tab.com.au/racing/2026-08-12/BATHURST/BAT/H/10?jurisdiction=VIC,5,OCEAN KING,6,GRANT FOR LEXY,1,DREAM TO CURE,3.2,1.3,2,1.6,12.2,25.4,77,260.8,,11.5,,,2026-08-12T11:45:47.821608+00:00
12/08/2026,Redcliffe,QLD,9,RE120826_R9,https://www.tab.com.au/racing/2026-08-12/REDCLIFFE/RED/H/9?jurisdiction=VIC,7,MAYWYN VALENTINO,5,AESTHETE,2,OLIVIA RHAYNE BOW,4,1.1,3.6,1.8,20.2,33,184.6,452.3,,11.9,,,2026-08-12T11:55:48.961694+00:00
12/08/2026,Melton,VIC,10,MX120826_R10,https://www.tab.com.au/racing/2026-08-12/MELTON/MLT/H/10?jurisdiction=VIC,3,PATNWILL,5,MACHO MAORI,2,TOUCHANDGO,7.3,3.5,2.4,,6.7,34,441.7,1330.2,,10.2,,,2026-08-12T12:05:49.226294+00:00
12/08/2026,Redcliffe,QLD,10,RE120826_R10,https://www.tab.com.au/racing/2026-08-12/REDCLIFFE/RED/H/10?jurisdiction=VIC,8,WICKED DE LIL,3,COCOLYN,2,MOREFUNTOCOME,9.3,1.9,2.7,1.2,98.6,195.8,1235.1,4583.1,,16.5,,,2026-08-12T12:25:37.767540+00:00
13/08/2026,Redcliffe,QLD,1,RE130826_R1,https://www.tab.com.au/racing/2026-08-13/REDCLIFFE/RED/H/1?jurisdiction=VIC,5,JAY TEE TYRON,9,LOVIN MISS DIXIE,3,CONNIES SPIRIT,2,1.4,1.6,1.9,12.1,17.9,78.7,241.3,,,,,2026-08-13T07:39:15.014672+00:00
13/08/2026,Redcliffe,QLD,2,RE130826_R2,https://www.tab.com.au/racing/2026-08-13/REDCLIFFE/RED/H/2?jurisdiction=VIC,4,LUVN OSMAN,5,TAKE A CHANCE,3,WANDARY DELIGHT,3.1,1.5,1.5,4.6,5.8,7.8,139.3,964.8,,7,,,2026-08-13T07:39:42.172203+00:00
13/08/2026,Redcliffe,QLD,3,RE130826_R3,https://www.tab.com.au/racing/2026-08-13/REDCLIFFE/RED/H/3?jurisdiction=VIC,2,BLING THE NOISE,3,RACANA,1,LUKA DONCIC,17.2,3,1.5,1.2,22.5,81,110.6,459,,39.7,,,2026-08-13T07:40:18.933093+00:00
13/08/2026,Redcliffe,QLD,4,RE130826_R4,https://www.tab.com.au/racing/2026-08-13/REDCLIFFE/RED/H/4?jurisdiction=VIC,5,ITS BACK PAGE NEWS,1,AQUA CRUISER,8,HOLME BOY,1.7,1.3,1.8,5,5.6,5.1,58.2,215.2,,44.5,,430.9,2026-08-13T07:41:13.333165+00:00
13/08/2026,Redcliffe,QLD,5,RE130826_R5,https://www.tab.com.au/racing/2026-08-13/REDCLIFFE/RED/H/5?jurisdiction=VIC,1,BETTYS GOLD CLASS,2,OCTOBER RACKETEER,7,LAST CALL,3.8,1.6,1.3,3.1,4.3,11.3,45.7,310.3,,9,,,2026-08-13T07:41:40.175630+00:00
13/08/2026,Redcliffe,QLD,6,RE130826_R6,https://www.tab.com.au/racing/2026-08-13/REDCLIFFE/RED/H/6?jurisdiction=VIC,9,RICK REILLY,2,JIVE MASTER,3,LITTLE HOOFANANNY,30.3,6.5,2.4,1.04,173.8,426.4,934.4,6315.8,,222.2,,,2026-08-13T07:42:16.807476+00:00
13/08/2026,Kilmore,VIC,1,KI130826_R1,https://www.tab.com.au/racing/2026-08-13/KILMORE/KIL/H/1?jurisdiction=VIC,9,SHAZZA LOVE,10,WICKED MITZI,1,ARCHAA,8.1,2.2,1.5,2.9,9.4,20.3,170.7,789.3,,,,,2026-08-13T07:43:12.855318+00:00
13/08/2026,Redcliffe,QLD,7,RE130826_R7,https://www.tab.com.au/racing/2026-08-13/REDCLIFFE/RED/H/7?jurisdiction=VIC,5,BEYOND DOUBT,4,GREAT WHITE,1,PUNTERS JEWEL,3.6,1.3,2.2,1.7,12.9,21.2,67.7,173.8,18.3,169.2,,,2026-08-13T07:43:48.091025+00:00
13/08/2026,Kilmore,VIC,2,KI130826_R2,https://www.tab.com.au/racing/2026-08-13/KILMORE/KIL/H/2?jurisdiction=VIC,2,SOVEREIGN TIGER,1,ZARSKI,4,I DREAM OF MILLIE,23.4,5.2,3,3.8,70.3,214.3,2616,15291.3,,251.8,,,2026-08-13T07:44:26.847259+00:00
13/08/2026,Redcliffe,QLD,8,RE130826_R8,https://www.tab.com.au/racing/2026-08-13/REDCLIFFE/RED/H/8?jurisdiction=VIC,4,CAPTAIN JAZZ,6,SPORTY ZARA,9,ROLL TO THE TOP,2.7,1.1,3.1,1.9,15.1,14.4,89.3,264.9,,8.2,0,2797.4,2026-08-13T08:38:46.788519+00:00
13/08/2026,Kilmore,VIC,3,KI130826_R3,https://www.tab.com.au/racing/2026-08-13/KILMORE/KIL/H/3?jurisdiction=VIC,7,HEZ HARRYWHO,6,BLUE MIKI,3,EMJAY JAZZ,4.2,1.8,1.8,2,12.9,20.2,97.5,620.8,,107.3,,,2026-08-13T08:39:14.152970+00:00
13/08/2026,Penrith,NSW,1,PE130826_R1,https://www.tab.com.au/racing/2026-08-13/PENRITH/PEN/H/1?jurisdiction=VIC,4,TIME TO DANCE,5,BETWEEN DECKS,3,RUMOUR STRIDE,6.3,1.9,3.4,1.7,25.6,52.5,185.6,2797.9,,,,,2026-08-13T08:39:51.495609+00:00
13/08/2026,Kilmore,VIC,4,KI130826_R4,https://www.tab.com.au/racing/2026-08-13/KILMORE/KIL/H/4?jurisdiction=VIC,3,BUSLIN BRODY,4,STRAIGHT TO THETOP,10,MAJESTIC MONARCH,9.6,2,1.9,6.8,16.6,48.6,1009.4,2309.7,,35.3,,12662.3,2026-08-13T08:40:39.675256+00:00
13/08/2026,Penrith,NSW,2,PE130826_R2,https://www.tab.com.au/racing/2026-08-13/PENRITH/PEN/H/2?jurisdiction=VIC,6,BELLAMYS BLAST,9,MAJOR AUSTIN,4,CRUNCH IT,20.5,3.2,2.2,1.5,49.2,39.9,908,5187.5,,130.2,,,2026-08-13T09:31:16.100381+00:00
13/08/2026,Kilmore,VIC,5,KI130826_R5,https://www.tab.com.au/racing/2026-08-13/KILMORE/KIL/H/5?jurisdiction=VIC,1,CHAMPAGNES,9,ATTRACTED,8,ALDEBARAN MARCUS,1.4,1.2,3.7,2.5,15.1,13.9,108.4,1256.5,,11.2,,,2026-08-13T09:31:45.721252+00:00
13/08/2026,Penrith,NSW,3,PE130826_R3,https://www.tab.com.au/racing/2026-08-13/PENRITH/PEN/H/3?jurisdiction=VIC,4,NOTHINGBUTWAVES,6,WINGMAN LOU,7,VINKE B,3.6,1.6,3.2,2,22.1,42.6,212.9,2825.7,,80.6,,,2026-08-13T09:32:23.344114+00:00
12/08/2026,Bathurst,NSW,2,BH120826_R2,https://www.tab.com.au/racing/2026-08-12/BATHURST/S/H/2,9,TASBMIKI,6,SHAZADELE,1,LEXY LONGSTOCKINGS,8.7,2.3,2.7,1.8,23.7,79.9,335.4,2107.2,,112,,,2026-08-13T09:35:52.841221+00:00
13/08/2026,Kilmore,VIC,6,KI130826_R6,https://www.tab.com.au/racing/2026-08-13/KILMORE/KIL/H/6?jurisdiction=VIC,6,BEAU BECA,3,ASHANTE CADMAN,9,AMADA VILLMA,20.7,2.8,15.3,2.8,465.8,966.2,6181.7,10515.7,,26.3,,,2026-08-13T09:45:43.103180+00:00
29/07/2026,Ballarat,VIC,1,BA290726_R1,https://www.tab.com.au/racing/2026-07-29/BALLARAT/M/H/1,1,SKYZ ABOVE,3,KIMCHI,10,WINGATE GUY,7.1,2,1.04,6.1,4.9,15.6,194.2,704.4,,,,,2026-08-13T09:48:14.833447+00:00
29/07/2026,Ballarat,VIC,2,BA290726_R2,https://www.tab.com.au/racing/2026-07-29/BALLARAT/M/H/2,9,THE DEMOCRAT,1,DI ANGELO,7,THE IRISHMAN,3.8,1.7,1.6,2.2,4.3,12.7,117.3,652,,22.4,,,2026-08-13T09:49:09.294840+00:00
29/07/2026,Ballarat,VIC,3,BA290726_R3,https://www.tab.com.au/racing/2026-07-29/BALLARAT/M/H/3,3,TYPHOON,4,ALWAYSTHE PRINCESS,7,HALF AS TOUGH,1.7,1.1,1.4,3.8,3.3,5.4,53,131.7,,,,,2026-08-13T09:49:54.876286+00:00
29/07/2026,Ballarat,VIC,4,BA290726_R4,https://www.tab.com.au/racing/2026-07-29/BALLARAT/M/H/4,2,CHAMPAGNES,5,NO TELLING HEATHER,3,METRO SWISH,3.7,1.6,1.7,4.1,10.5,23.1,259.4,916.7,,12.6,,114.5,2026-08-13T09:53:47.597329+00:00
29/07/2026,Ballarat,VIC,5,BA290726_R5,https://www.tab.com.au/racing/2026-07-29/BALLARAT/M/H/5,3,KEAYANG MINNESOTA,4,PIQUE,7,ARGYLE MUSE,1.4,1.1,1.8,3.9,4.4,7,29.2,301.6,,9.9,,,2026-08-13T09:56:42.467364+00:00
29/07/2026,Ballarat,VIC,6,BA290726_R6,https://www.tab.com.au/racing/2026-07-29/BALLARAT/M/H/6,3,LA CANTATRICE,5,THEMIDNIGHTEXPRESS,7,GOODTIME MACH,3.9,2.1,1.6,,3.4,8.3,85.3,332.6,,2.9,,,2026-08-13T09:57:38.971865+00:00
29/07/2026,Ballarat,VIC,7,BA290726_R7,https://www.tab.com.au/racing/2026-07-29/BALLARAT/M/H/7,6,ACOOL INVESTMENT,4,CONSTANT,5,JAKARTA,5.4,1.9,4.8,,45.6,70.7,396.8,787.8,10.9,27.2,,,2026-08-13T09:58:29.155771+00:00
29/07/2026,Ballarat,VIC,8,BA290726_R8,https://www.tab.com.au/racing/2026-07-29/BALLARAT/M/H/8,1,MINNIE MIA,5,THE PASO DOBLE,2,MAJESTIC PHILLY,1.8,1.1,1.8,3.2,4.8,10.6,51,102.5,,12.6,6.5,76.8,2026-08-13T09:59:49.690254+00:00
29/07/2026,Ballarat,VIC,9,BA290726_R9,https://www.tab.com.au/racing/2026-07-29/BALLARAT/M/H/9,6,SHAZZA LOVE,1,MUSELET,2,LETS GO LORNA,2,1.5,2.6,,5.6,7.7,19.7,38.7,,,,,2026-08-13T10:00:37.797218+00:00
29/07/2026,Bathurst,NSW,1,BH290726_R1,https://www.tab.com.au/racing/2026-07-29/BATHURST/S/H/1,5,HEZA VINCENT,8,INTERESTINME,2,STRAIGHTNNARROW,1.4,1.1,2,2.2,4.5,4.5,22.6,63.3,,,,,2026-08-13T10:02:39.994769+00:00
29/07/2026,Bathurst,NSW,2,BH290726_R2,https://www.tab.com.au/racing/2026-07-29/BATHURST/S/H/2,8,CLEAR LEFT,2,BOHEMIAN BRAWLER,10,NOSAER,5.9,2.9,1.6,2.1,23.6,56.3,319.8,766.7,,7.9,,,2026-08-13T10:03:51.026574+00:00
29/07/2026,Bathurst,NSW,3,BH290726_R3,https://www.tab.com.au/racing/2026-07-29/BATHURST/S/H/3,4,DIVINE GIRL,5,THE SWIFT ONE,7,SHEZ SWEET LOUISE,10.2,2.7,2.3,2.6,37.5,68.6,376.8,2666.1,,100.5,,,2026-08-13T10:04:38.218310+00:00
29/07/2026,Bathurst,NSW,4,BH290726_R4,https://www.tab.com.au/racing/2026-07-29/BATHURST/S/H/4,10,ALTA WILLIAM,4,GUILTY PARTY,8,ALFNALMA,1.6,1.2,3.9,3.9,11.8,11.7,110.9,626.7,,17.3,,178.5,2026-08-13T10:05:45.693631+00:00
29/07/2026,Bathurst,NSW,5,BH290726_R5,https://www.tab.com.au/racing/2026-07-29/BATHURST/S/H/5,4,PRINCESS BALLERINA,5,SHAZADELE,7,LINCOLN SKIPPER,6.4,2.3,1.5,3.4,9.8,19.7,122.8,777.2,,8.7,,,2026-08-13T10:06:44.856163+00:00
29/07/2026,Bathurst,NSW,6,BH290726_R6,https://www.tab.com.au/racing/2026-07-29/BATHURST/S/H/6,9,MELFIELD SORYT,8,REVEILLE JET,4,DUN SPRUIKIN,5,2,4.8,1.5,18,45,229.9,2117,,,,,2026-08-13T10:07:31.368753+00:00
29/07/2026,Bathurst,NSW,7,BH290726_R7,https://www.tab.com.au/racing/2026-07-29/BATHURST/S/H/7,9,MACHZINE MAHONEY,7,BURRABADINE AUSTIN,2,COMPLIMENTRY DRINK,7.6,1.9,3,1.7,38.7,59.9,446.6,3022.4,49,34,,,2026-08-13T10:08:40.474579+00:00
29/07/2026,Bathurst,NSW,8,BH290726_R8,https://www.tab.com.au/racing/2026-07-29/BATHURST/S/H/8,5,HEARTOF KINGSCLAIR,2,GLOOMY MIST,1,CHEVAL JULIA,9,2.3,6.9,2.2,261.5,83.8,1604.7,517.4,,77.3,51.5,824.2,2026-08-13T10:10:32.609560+00:00
29/07/2026,Bathurst,NSW,9,BH290726_R9,https://www.tab.com.au/racing/2026-07-29/BATHURST/S/H/9,7,MIA ON,1,LADY ALLEGRA,4,LIVE VANCE,5.3,2.4,2.9,2.5,24.6,69.8,330.3,2089.3,,112.9,,,2026-08-13T10:11:39.849650+00:00
29/07/2026,Bathurst,NSW,10,BH290726_R10,https://www.tab.com.au/racing/2026-07-29/BATHURST/S/H/10,1,A TRUE PHENOMENON,5,JUDAH,9,GRANT FOR LEXY,3.7,1.2,1.1,2.4,2.5,9.2,20.7,90,,31.4,,,2026-08-13T10:12:24.378426+00:00
29/07/2026,Redcliffe,QLD,1,RE290726_R1,https://www.tab.com.au/racing/2026-07-29/REDCLIFFE/B/H/1,4,STILLYOURSHOT,1,ROCK NIEN,7,LITTLE SURFER GIRL,6.4,2,1.04,1.1,5.3,25.1,62,142.4,,,,,2026-08-13T10:13:32.248053+00:00
29/07/2026,Redcliffe,QLD,2,RE290726_R2,https://www.tab.com.au/racing/2026-07-29/REDCLIFFE/B/H/2,2,BEYOND DOUBT,5,A PERFECT DANCE,7,OUR ULTIMATE JESSY,1.8,1.3,2.3,1.8,7.2,11.5,40.9,218.5,,,,,2026-08-13T10:14:16.598664+00:00
13/08/2026,Kilmore,VIC,7,KI130826_R7,https://www.tab.com.au/racing/2026-08-13/KILMORE/M/H/7,3,FLING IT RAINBOW,1,BET BET HOTSHOT,4,MASSIF CENTRAL,3.4,1.4,6,4.4,66.7,80.7,734.5,9747.4,6.3,103.2,,,2026-08-14T01:07:55.314701+00:00
13/08/2026,Kilmore,VIC,8,KI130826_R8,https://www.tab.com.au/racing/2026-08-13/KILMORE/M/H/8,4,JET PLANE,3,UNCLE BILL,5,DUNDEA,1.3,1.1,3.1,,7.8,9.9,36.1,161,,8.2,80.2,191.5,2026-08-14T02:05:54.227731+00:00
13/08/2026,Penrith,NSW,4,PE130826_R4,https://www.tab.com.au/racing/2026-08-13/PENRITH/S/H/4,5,HAPPY TOO YA,6,MAURLEN BOY,7,ONE FOR THE RODI,2.5,1.1,1.3,1.5,3.9,6.2,14.8,50.4,,7.1,,1961.4,2026-08-14T02:11:09.396984+00:00
13/08/2026,Penrith,NSW,5,PE130826_R5,https://www.tab.com.au/racing/2026-08-13/PENRITH/S/H/5,8,BLACK ONYX,2,NYMBAL,4,FIRE FOX,27.4,3.6,1.04,3.9,11.6,160.5,368.3,3473.7,,111.1,,,2026-08-14T03:21:07.640510+00:00
13/08/2026,Penrith,NSW,6,PE130826_R6,https://www.tab.com.au/racing/2026-08-13/PENRITH/S/H/6,3,GISSELLE,8,CLASSIC ANGELINA,2,HOMEBOUND,3.6,1.6,1.7,5.3,10.4,16.8,206.2,1910.3,,157.1,,,2026-08-14T03:26:03.009871+00:00
13/08/2026,Penrith,NSW,7,PE130826_R7,https://www.tab.com.au/racing/2026-08-13/PENRITH/S/H/7,6,KATES VIRTUE,4,FINAL PROMISE,8,RIO DE JANEIRO BLU,10.5,3.1,1.5,2,20.6,51,301.3,1470.9,124.9,46.4,,,2026-08-14T03:30:52.852593+00:00
13/08/2026,Penrith,NSW,8,PE130826_R8,https://www.tab.com.au/racing/2026-08-13/PENRITH/S/H/8,8,ULTIMATE EQUUS,4,JOHNNY TANG,3,OUR ULTIMATE LAYLA,6.4,2,3.6,1.4,52.7,53.2,244.6,530.6,,18.8,240.2,10645.8,2026-08-14T03:35:52.851594+00:00
13/08/2026,Penrith,NSW,9,PE130826_R9,https://www.tab.com.au/racing/2026-08-13/PENRITH/S/H/9,8,ETERNAL GOLD,3,PETES BIG JIM,10,DILETTO,9.4,2.8,1.7,3.1,18.3,40.8,354.7,1649.4,,134.9,,,2026-08-14T03:46:07.769537+00:00
14/08/2026,Mildura,VIC,1,ML140826_R1,https://www.tab.com.au/racing/2026-08-14/MILDURA/MDU/H/1?jurisdiction=VIC,5,KING SAINT,2,WATCH THE ATTITUDE,1,GUEST ARTIST,1.2,1,,,2.6,3.5,4.8,3.6,,,,,2026-08-14T03:55:49.499751+00:00
14/08/2026,Mildura,VIC,2,ML140826_R2,https://www.tab.com.au/racing/2026-08-14/MILDURA/MDU/H/2?jurisdiction=VIC,4,WIPEOUT,5,CEMETERY BAY,1,KEAYANG MOROCCAN,6.5,2.4,4.1,,42.4,54.7,322.4,1142.9,,13.2,,,2026-08-14T04:31:12.487740+00:00
14/08/2026,Mildura,VIC,3,ML140826_R3,https://www.tab.com.au/racing/2026-08-14/MILDURA/MDU/H/3?jurisdiction=VIC,6,PUNTO CALIENTE,4,EGBERT,7,DIAMOND KRUSHER,8.1,3.8,3.1,,18.9,41.5,209.6,473.8,,73.2,,,2026-08-14T07:01:42.502161+00:00
14/08/2026,Mildura,VIC,4,ML140826_R4,https://www.tab.com.au/racing/2026-08-14/MILDURA/MDU/H/4?jurisdiction=VIC,7,OUR MASTER PLAY,8,DAYLIGHT,3,THE LADYBIRD,16.3,2.9,1.7,1.2,23.2,46.3,226.6,773.6,,154.2,,2071.7,2026-08-14T07:03:24.467964+00:00
14/08/2026,Mildura,VIC,5,ML140826_R5,https://www.tab.com.au/racing/2026-08-14/MILDURA/MDU/H/5?jurisdiction=VIC,5,WHITEHAVEN BEACH,7,SNEAKY PHILTRA,3,THE DEVIL ROLLS ON,4.5,1.3,1.5,2.1,13.7,18.3,101.6,549,,45.6,,,2026-08-14T07:05:47.703127+00:00
14/08/2026,Mildura,VIC,6,ML140826_R6,https://www.tab.com.au/racing/2026-08-14/MILDURA/MDU/H/6?jurisdiction=VIC,4,MY ULTIMATE HENRY,3,CAPTIVATE ME,1,CRUEL MISTRESS,2.9,1.4,1.2,1.5,6.2,13.1,23.9,126.3,,28.5,,,2026-08-14T07:11:27.176303+00:00
14/08/2026,Mildura,VIC,7,ML140826_R7,https://www.tab.com.au/racing/2026-08-14/MILDURA/MDU/H/7?jurisdiction=VIC,5,CHEERS POVERTY,2,BAZZAS LEGACY,7,RUBBLEONTHEDOUBLE,5.4,2.9,1.7,3.1,14.8,31.7,259.2,1163.6,36.1,26.1,132.1,3471.1,2026-08-14T07:30:51.473401+00:00
14/08/2026,Parkes,NSW,1,PK140826_R1,https://www.tab.com.au/racing/2026-08-14/PARKES/PRK/H/1?jurisdiction=VIC,7,SCARLET BLING,9,GABBYS SPORTSTAR,1,TENEACHWAY,8.6,2.7,1.4,2.3,12.9,20.7,150.3,787.3,,,,,2026-08-14T07:31:21.426911+00:00
14/08/2026,Geelong,VIC,1,GE140826_R1,https://www.tab.com.au/racing/2026-08-14/GEELONG/GEL/H/1?jurisdiction=VIC,5,BELVU BANDIT,3,ROBLEN DEMON,2,FIRESIDE,26.4,4.5,2.5,1.1,93.7,430.6,1462,11460.3,,,,,2026-08-14T07:40:58.110864+00:00
14/08/2026,Parkes,NSW,2,PK140826_R2,https://www.tab.com.au/racing/2026-08-14/PARKES/PRK/H/2?jurisdiction=VIC,4,STUDLEIGH SUNRISE,1,SINFUL KISS,10,SURFIN AT MIDNIGHT,3.9,1.6,1.4,7.1,10.8,18,216.6,947.3,,108.5,,,2026-08-14T07:55:50.623140+00:00
14/08/2026,Geelong,VIC,2,GE140826_R2,https://www.tab.com.au/racing/2026-08-14/GEELONG/GEL/H/2?jurisdiction=VIC,9,SECRET SERVICE AGE,2,CALEDONIAN RANGER,3,OPTIMAL,1.2,1.3,2.3,,3.6,4,22,56.4,,26.9,,,2026-08-14T08:51:17.222009+00:00
14/08/2026,Newcastle,NSW,1,NR140826_R1,https://www.tab.com.au/racing/2026-08-14/NEWCASTLE/NEW/H/1?jurisdiction=VIC,4,TWO CRACKED CORN,8,BARRYS ROSE,6,ELLEZIE,4.6,2.1,3.5,3.2,28.3,36,591.9,1486.5,,,,,2026-08-14T08:51:51.467825+00:00
14/08/2026,Parkes,NSW,3,PK140826_R3,https://www.tab.com.au/racing/2026-08-14/PARKES/PRK/H/3?jurisdiction=VIC,8,SMOOTH EURO,3,WOKKA ROCK,1,DETANGLED,10.8,2.4,1.3,2,14.3,42,140.9,936.4,,75.6,,,2026-08-14T08:53:20.090050+00:00
14/08/2026,Geelong,VIC,3,GE140826_R3,https://www.tab.com.au/racing/2026-08-14/GEELONG/GEL/H/3?jurisdiction=VIC,6,HALLEBESOFINE,5,SCAR,4,FLOATING MOUNTAIN,1.7,1.1,1.9,2.4,5.5,7.5,43,225.1,,2,,,2026-08-14T08:53:47.745355+00:00
14/08/2026,Newcastle,NSW,2,NR140826_R2,https://www.tab.com.au/racing/2026-08-14/NEWCASTLE/NEW/H/2?jurisdiction=VIC,1,THE IRISH EAGLE,9,MAYWYNS MIGHTY MAC,7,LOUIGI,7.6,2.5,3.3,4,22.2,70.9,565.8,2697.8,,29.4,,,2026-08-14T08:54:33.051676+00:00
14/08/2026,Parkes,NSW,4,PK140826_R4,https://www.tab.com.au/racing/2026-08-14/PARKES/PRK/H/4?jurisdiction=VIC,2,BOLZANO,1,INDI AIR TONIGHT,7,CAPITALISM,9,2.4,1.04,1.8,9,20.3,91.2,582.5,,206.2,,650.3,2026-08-14T09:01:24.643987+00:00
14/08/2026,Geelong,VIC,4,GE140826_R4,https://www.tab.com.au/racing/2026-08-14/GEELONG/GEL/H/4?jurisdiction=VIC,3,BREAK MY ART,4,SKIPPYS DELIGHT,5,GUARANTEED TROUBLE,1.4,1.3,2.6,,2.5,4.2,7.5,13.6,,3.5,,129.4,2026-08-14T09:07:13.551490+00:00
14/08/2026,Newcastle,NSW,3,NR140826_R3,https://www.tab.com.au/racing/2026-08-14/NEWCASTLE/NEW/H/3?jurisdiction=VIC,10,ROCKIN BULL,2,SWEET TARA,7,POPS JOY,6.9,1.9,3.8,1.4,56.3,72.2,286.4,2455.3,,42.6,,,2026-08-14T09:16:09.118337+00:00
14/08/2026,Gloucester Park,WA,1,GP140826_R1,https://www.tab.com.au/racing/2026-08-14/GLOUCESTER-PARK/GLP/H/1?jurisdiction=VIC,12,LUCKY COPY,10,CIGANDA,2,BULL SHARK BETTY,3.9,1.7,6.3,5.1,50.5,66.8,943.8,6922.5,,,,,2026-08-14T09:26:20.173875+00:00
14/08/2026,Parkes,NSW,5,PK140826_R5,https://www.tab.com.au/racing/2026-08-14/PARKES/PRK/H/5?jurisdiction=VIC,1,HESKOALATEE,4,RIVERINA FLASH,2,DESIDERIO,11.4,2.8,1.9,1.1,14.6,78,142.8,712,,96.2,,,2026-08-14T09:35:54.304825+00:00
14/08/2026,Geelong,VIC,5,GE140826_R5,https://www.tab.com.au/racing/2026-08-14/GEELONG/GEL/H/5?jurisdiction=VIC,6,KEAYANG MINNESOTA,4,RIGHT OF REPLY,1,LOUIEVILLE LASS,1.6,1.3,2.2,,5,5.8,29.1,77.1,,1.9,,,2026-08-14T09:45:56.856914+00:00
14/08/2026,Newcastle,NSW,4,NR140826_R4,https://www.tab.com.au/racing/2026-08-14/NEWCASTLE/NEW/H/4?jurisdiction=VIC,2,SAN SEBASTIAN,1,STITCHED UP DAN,9,FAST TRACKER,2.2,1.1,2.5,14.3,11,9.2,94.8,1233.2,,6.6,,261.6,2026-08-14T09:50:58.724708+00:00
14/08/2026,Gloucester Park,WA,2,GP140826_R2,https://www.tab.com.au/racing/2026-08-14/GLOUCESTER-PARK/GLP/H/2?jurisdiction=VIC,6,D MAC,1,JUSTASMOOTH MIKI,10,GENTLEMANS PROMISE,1.3,1.04,6.2,14,27.2,26.1,272.2,1550.4,,6.6,,,2026-08-14T10:06:05.705320+00:00
14/08/2026,Parkes,NSW,6,PK140826_R6,https://www.tab.com.au/racing/2026-08-14/PARKES/PRK/H/6?jurisdiction=VIC,1,ALTIANO,2,BROOKLYN BANDIT,4,STUDLEIGH STARLITE,2.3,1.5,3.1,2.1,7.1,16.5,106.8,391.3,,30.4,,,2026-08-14T10:10:56.582720+00:00
14/08/2026,Geelong,VIC,6,GE140826_R6,https://www.tab.com.au/racing/2026-08-14/GEELONG/GEL/H/6?jurisdiction=VIC,5,LORD LOGAN,3,RAMA SAIGO,6,DANCE FIGHTER,1.8,1.5,1.1,,2.2,3.9,8.6,26.2,3.8,3.3,4.3,8.9,2026-08-14T12:02:37.221959+00:00
14/08/2026,Newcastle,NSW,5,NR140826_R5,https://www.tab.com.au/racing/2026-08-14/NEWCASTLE/NEW/H/5?jurisdiction=VIC,6,DUBLIN CITY RAMBLA,5,MODERN MISCHIEF,7,PLEASANT HEIGHTS,10.5,3.3,1.3,2,20.3,55.2,365.8,1033.3,,29.5,,,2026-08-14T12:03:14.492482+00:00
14/08/2026,Gloucester Park,WA,3,GP140826_R3,https://www.tab.com.au/racing/2026-08-14/GLOUCESTER-PARK/GLP/H/3?jurisdiction=VIC,4,SEBASTIAN JAMES,1,STARLIGHT DREAM,6,LOUIE LEBEAU,13.8,3.7,1.4,13.5,18.4,60.7,1919.4,11471.7,,20.3,,,2026-08-14T12:04:01.717214+00:00
14/08/2026,Parkes,NSW,7,PK140826_R7,https://www.tab.com.au/racing/2026-08-14/PARKES/PRK/H/7?jurisdiction=VIC,7,ONLY ONE REASON,10,NEED SOME TIME,2,MAJOR DISASTER,14.2,3.7,1.7,4,38.4,111,2250.2,4565.8,108.1,112.6,,,2026-08-14T12:05:12.888162+00:00
14/08/2026,Newcastle,NSW,6,NR140826_R6,https://www.tab.com.au/racing/2026-08-14/NEWCASTLE/NEW/H/6?jurisdiction=VIC,4,MCWEAPON,8,GORDONS GHOST,7,KISS BEFORE TWELVE,6.1,2.1,1.04,2.2,3.9,12.1,56.5,210,,85.9,,,2026-08-14T12:31:10.101196+00:00
14/08/2026,Gloucester Park,WA,4,GP140826_R4,https://www.tab.com.au/racing/2026-08-14/GLOUCESTER-PARK/GLP/H/4?jurisdiction=VIC,9,MAGNIFICENT STORM,3,IM LIGHTNING BANNE,10,BETTORS PRIDE,1.1,1,2.6,2.7,3.8,5.7,19.1,141.3,,10.6,,168,2026-08-14T12:31:36.972890+00:00
14/08/2026,Parkes,NSW,8,PK140826_R8,https://www.tab.com.au/racing/2026-08-14/PARKES/PRK/H/8?jurisdiction=VIC,4,MRS MAHONEY,1,IM STARVING,8,KARINYA SOPHIE,13.2,3.2,1.7,1.3,27.2,55.4,174.7,1327.5,,0,0,2630,2026-08-14T12:33:03.826599+00:00
14/08/2026,Newcastle,NSW,7,NR140826_R7,https://www.tab.com.au/racing/2026-08-14/NEWCASTLE/NEW/H/7?jurisdiction=VIC,2,ULTRA BLISS,1,RIPPIN GOOD FEELIN,9,TAFL MOVE,4.8,1.9,1.6,2.6,11.9,26.7,155.7,941.2,73,40.5,,,2026-08-14T13:02:19.102153+00:00
14/08/2026,Gloucester Park,WA,5,GP140826_R5,https://www.tab.com.au/racing/2026-08-14/GLOUCESTER-PARK/GLP/H/5?jurisdiction=VIC,13,LUVBITE,12,BRICKIES DREAM,10,MACHNIFICENT,4.8,2.1,2.3,7.9,12,13.2,381.7,2359.1,,4.7,,,2026-08-14T13:02:46.024825+00:00
14/08/2026,Parkes,NSW,9,PK140826_R9,https://www.tab.com.au/racing/2026-08-14/PARKES/PRK/H/9?jurisdiction=VIC,3,VINNYSGAL,6,TEESWIFT,4,BOY STUNNER,3.3,1.7,3.3,2.4,26.4,52.5,196.2,924.2,,91.5,,,2026-08-14T13:04:09.577478+00:00
14/08/2026,Albion Park,QLD,1,AP140826_R1,https://www.tab.com.au/racing/2026-08-14/ALBION-PARK/B/H/1,2,FIRE AND PASSION,1,KIKI MEISTER,9,BITE THE EAR MIKE,1.04,1,1.9,1.9,2.7,3.1,6.4,22.5,,,,,2026-08-15T01:05:53.272973+00:00
14/08/2026,Albion Park,QLD,2,AP140826_R2,https://www.tab.com.au/racing/2026-08-14/ALBION-PARK/B/H/2,6,PURE GRUNT,1,TIMMYTEO,8,BOULDERS BEACH,3.9,1.6,1.9,9.1,8.3,11.7,229.2,1443.3,,7.2,,,2026-08-15T01:10:51.768627+00:00
14/08/2026,Albion Park,QLD,3,AP140826_R3,https://www.tab.com.au/racing/2026-08-14/ALBION-PARK/B/H/3,3,MULLUM RUBY,4,ALTA SENSATION,6,GREAT ACHIEVER,19.9,3.5,1.4,4.6,17.2,59.1,545,2362.2,,50.8,,,2026-08-15T01:15:50.999711+00:00
14/08/2026,Albion Park,QLD,4,AP140826_R4,https://www.tab.com.au/racing/2026-08-14/ALBION-PARK/B/H/4,7,INTERPRETATION,10,BARRACUDA,4,MISS BAY KING COLE,14.2,2.3,1.2,2.2,10.6,38.7,197,723.5,,156.8,,601.5,2026-08-15T01:20:51.821631+00:00
14/08/2026,Albion Park,QLD,5,AP140826_R5,https://www.tab.com.au/racing/2026-08-14/ALBION-PARK/B/H/5,2,RUBY RHAYNE BOW,7,AMYLEE,6,SWEET NELLIE JOY,1.2,1,1.4,4.8,1.5,2.1,12.5,97.2,,30.7,,,2026-08-15T01:25:49.106822+00:00
14/08/2026,Albion Park,QLD,6,AP140826_R6,https://www.tab.com.au/racing/2026-08-14/ALBION-PARK/B/H/6,2,IDEAL BRONSKI,5,JAMES ALFRED,1,SASSABA,1.3,1.04,1.2,1.6,2.7,3.5,6.2,36.2,,1.7,,,2026-08-15T01:30:50.493780+00:00
14/08/2026,Albion Park,QLD,7,AP140826_R7,https://www.tab.com.au/racing/2026-08-14/ALBION-PARK/B/H/7,7,CROOKWELL EYES,10,DINGANE,5,BUSTER DAN,13.3,2.9,2.9,1.4,36.7,45.6,190.9,1866,12.9,13.3,,,2026-08-15T01:35:50.382784+00:00
14/08/2026,Albion Park,QLD,8,AP140826_R8,https://www.tab.com.au/racing/2026-08-14/ALBION-PARK/B/H/8,9,GIRL POWER,3,MISS BLUETRUMP,8,WILPEKA,16,3.7,2.3,3.5,41.5,98.8,1040,5953.4,,114,0,365.6,2026-08-15T01:40:50.690367+00:00
14/08/2026,Albion Park,QLD,9,AP140826_R9,https://www.tab.com.au/racing/2026-08-14/ALBION-PARK/B/H/9,2,STRIPES,1,NOTIONS,6,ROCKY WINE,1.04,1.04,3.1,6.5,6,5.9,92.2,519,,23.7,,,2026-08-15T01:45:50.528926+00:00
14/08/2026,Albion Park,QLD,10,AP140826_R10,https://www.tab.com.au/racing/2026-08-14/ALBION-PARK/B/H/10,9,HILLDALE HILTON,8,POZZI TONOZZI,1,BOSTON BLIZZARD,1.6,1.1,1.7,2.2,4.9,10.6,21.8,80.3,,1.7,,,2026-08-15T01:50:50.207165+00:00
14/08/2026,Albion Park,QLD,11,AP140826_R11,https://www.tab.com.au/racing/2026-08-14/ALBION-PARK/B/H/11,6,DESIRING DIAMONDS,4,NONIS GOLD CLASS,7,BLACK VIPER,2,1.5,1.3,,2.2,4.1,10,36.8,,4.6,,,2026-08-15T01:51:33.125857+00:00
14/08/2026,Bunbury,WA,1,BY140826_R1,https://www.tab.com.au/racing/2026-08-14/BUNBURY/W/H/1,12,LUCKY COPY,10,CIGANDA,2,BULL SHARK BETTY,3.9,1.7,6.3,5.1,50.5,66.8,943.8,6922.5,,,,,2026-08-15T01:52:14.982382+00:00
14/08/2026,Bunbury,WA,2,BY140826_R2,https://www.tab.com.au/racing/2026-08-14/BUNBURY/W/H/2,6,D MAC,1,JUSTASMOOTH MIKI,10,GENTLEMANS PROMISE,1.3,1.04,6.2,14,27.2,26.1,272.2,1550.4,,6.6,,,2026-08-15T01:55:50.304262+00:00
14/08/2026,Bunbury,WA,3,BY140826_R3,https://www.tab.com.au/racing/2026-08-14/BUNBURY/W/H/3,4,SEBASTIAN JAMES,1,STARLIGHT DREAM,6,LOUIE LEBEAU,13.8,3.7,1.4,13.5,18.4,60.7,1919.4,11471.7,,20.3,,,2026-08-15T02:00:56.728426+00:00
14/08/2026,Bunbury,WA,4,BY140826_R4,https://www.tab.com.au/racing/2026-08-14/BUNBURY/W/H/4,9,MAGNIFICENT STORM,3,IM LIGHTNING BANNE,10,BETTORS PRIDE,1.1,1,2.6,2.7,3.8,5.7,19.1,141.3,,10.6,,168,2026-08-15T02:05:51.101656+00:00
14/08/2026,Bunbury,WA,5,BY140826_R5,https://www.tab.com.au/racing/2026-08-14/BUNBURY/W/H/5,13,LUVBITE,12,BRICKIES DREAM,10,MACHNIFICENT,4.8,2.1,2.3,7.9,12,13.2,381.7,2359.1,,4.7,,,2026-08-15T02:10:50.554395+00:00
14/08/2026,Bunbury,WA,6,BY140826_R6,https://www.tab.com.au/racing/2026-08-14/BUNBURY/W/H/6,1,ALTA ALLURE,5,LUCCA,6,HALE SAINT LOUIE,28,4.1,1.3,3.4,22.7,126.8,823.2,11366.3,,113.3,,,2026-08-15T02:11:34.402105+00:00
14/08/2026,Bunbury,WA,7,BY140826_R7,https://www.tab.com.au/racing/2026-08-14/BUNBURY/W/H/7,12,SCOOTER B,7,ILLAWONG MUSTANG,11,GOODTIME LOUIS,1.7,1.3,4.8,8.7,29,31.4,786.3,7828.6,9.3,25.7,,,2026-08-15T02:12:17.371677+00:00
14/08/2026,Riverina Paceway,NSW,1,EY140826_R1,https://www.tab.com.au/racing/2026-08-14/RIVERINA-PACEWAY/C/H/1,4,SECRETS KEPT,9,MUFASA BART,1,STIPULATING,1.9,1.2,3.3,2.1,15.3,18.7,115,1362.9,,,,,2026-08-15T02:12:59.432079+00:00
14/08/2026,Riverina Paceway,NSW,2,EY140826_R2,https://www.tab.com.au/racing/2026-08-14/RIVERINA-PACEWAY/C/H/2,1,HEZAFLASHONE,9,ARENDELLE,3,CORZAN DRAMA,2.1,1.3,1.9,2.1,6.6,14.6,40.3,169.8,,6.9,,,2026-08-15T02:15:48.703369+00:00
14/08/2026,Riverina Paceway,NSW,3,EY140826_R3,https://www.tab.com.au/racing/2026-08-14/RIVERINA-PACEWAY/C/H/3,7,ROCK THE NATION,1,MITTYS THREE ACES,4,BURTON,2.1,1.2,2.2,4.5,11.1,17.3,151.6,892.1,,4.5,,,2026-08-15T02:20:49.712676+00:00
14/08/2026,Riverina Paceway,NSW,4,EY140826_R4,https://www.tab.com.au/racing/2026-08-14/RIVERINA-PACEWAY/C/H/4,5,BOYSTROUS,7,SMACK BANG BART,6,ATOMIK CRUNCH,6.8,2.5,1.04,,2.1,7.8,32.6,213.7,,2.6,,99.1,2026-08-15T02:25:50.334920+00:00
15/08/2026,Albion Park,QLD,1,AP150826_R1,https://www.tab.com.au/racing/2026-08-15/ALBION-PARK/ABK/H/1?jurisdiction=VIC,5,SPIRIT OF ANARCHY,6,IMPERIAL NIGHT,2,DRAGON,1.2,1,6.5,1.8,18.7,13.1,66.7,275.8,,,,,2026-08-15T07:40:58.490424+00:00
15/08/2026,Menangle,NSW,1,PC150826_R1,https://www.tab.com.au/racing/2026-08-15/MENANGLE/MEN/H/1?jurisdiction=VIC,6,QUIET STORM,5,DOM TORETTO,2,DOUBLE FEAR,1.7,1.4,2.8,2.6,10.3,16.4,71.6,174.6,,,,,2026-08-15T07:41:28.249993+00:00
15/08/2026,Albion Park,QLD,2,AP150826_R2,https://www.tab.com.au/racing/2026-08-15/ALBION-PARK/ABK/H/2?jurisdiction=VIC,11,BRAVENTREACHEROUS,2,MIKI B,5,ALWAYS BE CHAPS,4.4,1.4,1.2,1.5,5.7,10.1,33.8,273.1,,6.1,,,2026-08-15T07:55:48.464521+00:00
15/08/2026,Melton,VIC,1,MX150826_R1,https://www.tab.com.au/racing/2026-08-15/MELTON/MLT/H/1?jurisdiction=VIC,5,THE NAKED ART,1,ATUA MAGIC,10,LOUGLE,7,1.9,1.2,1.7,4.4,21,62.3,243.4,,,,,2026-08-15T08:36:04.299024+00:00
15/08/2026,Menangle,NSW,2,PC150826_R2,https://www.tab.com.au/racing/2026-08-15/MENANGLE/MEN/H/2?jurisdiction=VIC,10,IM ROCKIN IT,11,THE METAL FLYER,3,MICK DANGER,3.5,1.8,6.3,2.5,63.2,57.3,491.7,1998.5,,8.6,,,2026-08-15T08:36:30.446871+00:00
15/08/2026,Albion Park,QLD,3,AP150826_R3,https://www.tab.com.au/racing/2026-08-15/ALBION-PARK/ABK/H/3?jurisdiction=VIC,1,DARIN,4,FRENCH FRIES,8,MIRACLE MOOSE,2.3,1.4,1.1,2.4,2.1,5.8,24.7,231.8,,10.5,,,2026-08-15T08:37:07.608466+00:00
15/08/2026,Melton,VIC,2,MX150826_R2,https://www.tab.com.au/racing/2026-08-15/MELTON/MLT/H/2?jurisdiction=VIC,3,VICI BLOOM,8,TWEEDLEDEE,5,SAM NIEN,2.5,1.7,6.3,4,69.4,56.7,615.8,3072.9,,27.1,,,2026-08-15T08:37:54.366994+00:00
15/08/2026,Menangle,NSW,3,PC150826_R3,https://www.tab.com.au/racing/2026-08-15/MENANGLE/MEN/H/3?jurisdiction=VIC,6,MAGIC JOE,7,LOCHINVAR JAG,4,JANIE BLU,9.7,2.5,3.2,2.2,70.7,70.3,1216.7,3385.8,,53.1,,,2026-08-15T08:45:50.841439+00:00
15/08/2026,Albion Park,QLD,4,AP150826_R4,https://www.tab.com.au/racing/2026-08-15/ALBION-PARK/ABK/H/4?jurisdiction=VIC,2,FIFTY THREE STARS,3,DUAL CAM,8,HES ALL TORQUE,2.9,1.6,1.8,2.4,8.2,14.7,75.3,188.6,,7.3,,53,2026-08-15T08:50:50.933525+00:00
15/08/2026,Melton,VIC,3,MX150826_R3,https://www.tab.com.au/racing/2026-08-15/MELTON/MLT/H/3?jurisdiction=VIC,7,SKY FLAIR,6,KARBINE,8,CARLA PIXIE,7.6,2.2,4,1.3,61.2,126.9,340.9,647,,13.2,,,2026-08-15T08:55:58.546391+00:00
15/08/2026,Menangle,NSW,4,PC150826_R4,https://www.tab.com.au/racing/2026-08-15/MENANGLE/MEN/H/4?jurisdiction=VIC,5,COOL NIGHT,6,BUZZ BOMB,3,PETES CRUNCH TIME,3.7,1.7,2.1,4.5,9.6,19.5,195.3,1338.8,,55.4,,413.6,2026-08-15T09:10:52.020926+00:00
15/08/2026,Albion Park,QLD,5,AP150826_R5,https://www.tab.com.au/racing/2026-08-15/ALBION-PARK/ABK/H/5?jurisdiction=VIC,4,SWEET DIOR,1,ALWAYS ADORNED,5,BETTORS MOON,1.9,1.1,1.4,2.4,3.3,4.4,27.5,359.3,,11.3,,,2026-08-15T09:20:50.679367+00:00
15/08/2026,Globe Derby Park,SA,1,GD150826_R1,https://www.tab.com.au/racing/2026-08-15/GLOBE-DERBY/GLD/H/1?jurisdiction=VIC,7,OUR CHEEKY DEVIL,3,MIDNIGHT CRIMES,6,ROLLING REMONA,7.3,2.8,1.5,5.2,7.4,31.4,231.2,1175.4,,,,,2026-08-15T09:30:51.408380+00:00
15/08/2026,Melton,VIC,4,MX150826_R4,https://www.tab.com.au/racing/2026-08-15/MELTON/MLT/H/4?jurisdiction=VIC,2,FAIRPLAY,8,HOORAH PHILTRA,5,WORDS,1.4,1.2,1.7,,2.6,2.4,12.5,30.4,,10.1,,210.3,2026-08-15T09:35:56.352034+00:00
15/08/2026,Menangle,NSW,5,PC150826_R5,https://www.tab.com.au/racing/2026-08-15/MENANGLE/MEN/H/5?jurisdiction=VIC,10,GO EASY ON ME,7,ONE MORE REASON,5,HIGHINDELIGHT,8,2.5,1.2,1.2,9.8,12,55.9,466.9,,32.2,,,2026-08-15T09:41:20.786180+00:00
15/08/2026,Albion Park,QLD,6,AP150826_R6,https://www.tab.com.au/racing/2026-08-15/ALBION-PARK/ABK/H/6?jurisdiction=VIC,3,AIR EXPRESS,1,ROCKNROLL WALLA,7,MY ULTIMATE FLYNN,1.5,1.04,1.04,4.8,2.4,2.8,33.8,67.8,,6.4,,,2026-08-15T09:46:06.342923+00:00
15/08/2026,Globe Derby Park,SA,2,GD150826_R2,https://www.tab.com.au/racing/2026-08-15/GLOBE-DERBY/GLD/H/2?jurisdiction=VIC,3,NEVADA GAMBLER,1,BOHEMIAN BRAIDS,6,CLARENDEN TRIBUTE,1.6,1.1,1.2,3.7,3,2.6,23.1,78.5,,12.6,,,2026-08-15T10:00:56.288200+00:00
15/08/2026,Melton,VIC,5,MX150826_R5,https://www.tab.com.au/racing/2026-08-15/MELTON/MLT/H/5?jurisdiction=VIC,8,CARDIGAN SNIPER,5,SOME HIGH,4,LAKE COMO,2.7,1.4,1.5,,1.5,4.4,14.2,37.8,,5.8,,,2026-08-15T10:05:56.567353+00:00
15/08/2026,Menangle,NSW,6,PC150826_R6,https://www.tab.com.au/racing/2026-08-15/MENANGLE/MEN/H/6?jurisdiction=VIC,11,CAPTAINS KNOCK,7,RIPP,2,CAPTAIN BELLASARIO,1.4,1.04,2,2.8,5.2,6,41.6,168.9,,17,,,2026-08-15T10:15:49.975827+00:00
15/08/2026,Albion Park,QLD,7,AP150826_R7,https://www.tab.com.au/racing/2026-08-15/ALBION-PARK/ABK/H/7?jurisdiction=VIC,3,ATTACHMENT,2,CHEERSTOLOU,1,WISPER A SECRET,2.7,1.04,1.5,,2.2,6.3,8.7,19.4,10.1,6.9,,,2026-08-15T10:21:23.844662+00:00
15/08/2026,Globe Derby Park,SA,3,GD150826_R3,https://www.tab.com.au/racing/2026-08-15/GLOBE-DERBY/GLD/H/3?jurisdiction=VIC,8,HARRO HILL,6,ZANY GIRL,7,DEE JAYS MISS,12.6,3.2,3.7,1.3,66.2,67.9,453.1,6468.6,,11.4,,,2026-08-15T10:35:49.790569+00:00
15/08/2026,Melton,VIC,6,MX150826_R6,https://www.tab.com.au/racing/2026-08-15/MELTON/MLT/H/6?jurisdiction=VIC,7,LA CANTATRICE,5,ONELOOK,6,WESTERIA,3.3,1.4,1.3,,2.3,6.2,24.2,78.5,,7.8,,,2026-08-15T10:36:17.851059+00:00
15/08/2026,Menangle,NSW,7,PC150826_R7,https://www.tab.com.au/racing/2026-08-15/MENANGLE/MEN/H/7?jurisdiction=VIC,10,LUX AETERNA,4,GOLLY GEE FELLAS,2,SNAP SHOT,3.8,1.5,3.3,4.1,19.2,30.1,662.7,4419.5,40.5,6.6,,,2026-08-15T10:45:50.488134+00:00
15/08/2026,Albion Park,QLD,8,AP150826_R8,https://www.tab.com.au/racing/2026-08-15/ALBION-PARK/ABK/H/8?jurisdiction=VIC,1,MULLUM DOC,2,REAL TIN TIN,8,MY ULTIMATE MARIO,4.6,1.4,1.5,,2.4,10.8,34.3,105.1,,21.9,32.5,83.5,2026-08-15T10:50:58.268939+00:00
15/08/2026,Globe Derby Park,SA,4,GD150826_R4,https://www.tab.com.au/racing/2026-08-15/GLOBE-DERBY/GLD/H/4?jurisdiction=VIC,3,WHATA OPTIMIST,4,KEILAH,8,PARISIAN BANDIT,2.3,1.6,1.7,2.1,6.9,10.8,32.1,149.2,,14.2,,259.9,2026-08-15T11:05:48.274338+00:00
15/08/2026,Melton,VIC,7,MX150826_R7,https://www.tab.com.au/racing/2026-08-15/MELTON/MLT/H/7?jurisdiction=VIC,7,APOLLOSTORM,6,LE CARDINAL,3,PERUN,2.3,1.6,1.4,,2.8,4.7,8,34.1,6.2,5.7,,,2026-08-15T11:10:52.589231+00:00
15/08/2026,Menangle,NSW,8,PC150826_R8,https://www.tab.com.au/racing/2026-08-15/MENANGLE/MEN/H/8?jurisdiction=VIC,12,HEZA PUNK ROCKER,3,WAMBOYNEINAMERICA,7,I GOT CHILLS,1.4,1.1,2,2.2,5.4,6.4,28.2,84.8,,4.7,4.3,41.6,2026-08-15T11:15:52.710435+00:00
15/08/2026,Albion Park,QLD,9,AP150826_R9,https://www.tab.com.au/racing/2026-08-15/ALBION-PARK/ABK/H/9?jurisdiction=VIC,2,LULLABY,5,SEASIDE GLORY,1,LILSTREPO,4.4,1.9,1.6,,5.2,14.6,33.6,53.7,,22.9,,,2026-08-15T11:20:51.271161+00:00
15/08/2026,Globe Derby Park,SA,5,GD150826_R5,https://www.tab.com.au/racing/2026-08-15/GLOBE-DERBY/GLD/H/5?jurisdiction=VIC,1,DEUCE COUPE,8,HEZ SO ROYAL,5,HEEZ A VIBE,4.6,1.9,1.1,1.7,5.7,13.9,46.5,226.5,,13.6,,,2026-08-15T11:30:36.527191+00:00
15/08/2026,Melton,VIC,8,MX150826_R8,https://www.tab.com.au/racing/2026-08-15/MELTON/MLT/H/8?jurisdiction=VIC,6,THE LAST TRIP,7,PICK UP ELVIS,9,LILLY LOTUS,1.04,1,2.4,1.6,2.8,3.7,8,33.3,,2.2,3.6,26.5,2026-08-15T11:40:51.167319+00:00
15/08/2026,Menangle,NSW,9,PC150826_R9,https://www.tab.com.au/racing/2026-08-15/MENANGLE/MEN/H/9?jurisdiction=VIC,9,PESCO POLLO,8,SOUTHERN DIAMOND,10,SPEEDY LOVER,2.2,1.5,3.8,1.6,18.7,25.1,92,419.5,,4.6,,,2026-08-15T11:50:49.768758+00:00
15/08/2026,Globe Derby Park,SA,6,GD150826_R6,https://www.tab.com.au/racing/2026-08-15/GLOBE-DERBY/GLD/H/6?jurisdiction=VIC,3,FEEL THE MOMENT,1,MILITARY MERIT,6,STAR OF PATRICK,4.3,2.4,1.7,,5,12.5,30.7,127.6,,25.1,,,2026-08-15T12:00:56.912611+00:00
15/08/2026,Melton,VIC,9,MX150826_R9,https://www.tab.com.au/racing/2026-08-15/MELTON/MLT/H/9?jurisdiction=VIC,6,REGAL GALA,1,PASTOR CASH,4,ORLANDO VEYRON,2.4,1.6,2.1,,5.9,12.9,25.6,29.6,,4.4,,,2026-08-15T12:10:36.836205+00:00
15/08/2026,Globe Derby Park,SA,7,GD150826_R7,https://www.tab.com.au/racing/2026-08-15/GLOBE-DERBY/GLD/H/7?jurisdiction=VIC,5,IDEOLOGY,1,IMA DESTROYER,3,TINEY,2,1.7,9.9,,26.1,26.1,182.1,410.9,16.8,15.3,,,2026-08-15T12:30:47.350091+00:00
15/08/2026,Globe Derby Park,SA,8,GD150826_R8,https://www.tab.com.au/racing/2026-08-15/GLOBE-DERBY/GLD/H/8?jurisdiction=VIC,4,NEDS BEACH,1,TWIN CONNECTION,7,TRIGGER,18.1,2.7,1.6,3.5,29.7,110.9,764.3,2161.4,,65.3,0,2055.6,2026-08-15T12:55:37.761442+00:00
16/08/2026,Hobart,TAS,1,EH160826_R1,https://www.tab.com.au/racing/2026-08-16/HOBART/HOB/H/1?jurisdiction=VIC,1,MAXX,3,MIRA DOMINA,5,FEELINKINDALUCKY,1.7,1.4,6.9,2.9,28,33.2,531.1,5159.2,,,,,2026-08-16T02:20:46.625530+00:00
16/08/2026,Hobart,TAS,2,EH160826_R2,https://www.tab.com.au/racing/2026-08-16/HOBART/HOB/H/2?jurisdiction=VIC,1,BETTOR THAN READY,4,LOTSEVEN,3,CALZO SNIPER,1.3,1.04,3,,3.9,4.2,6.7,50.7,,3.4,,,2026-08-16T03:00:50.685454+00:00
16/08/2026,Hobart,TAS,3,EH160826_R3,https://www.tab.com.au/racing/2026-08-16/HOBART/HOB/H/3?jurisdiction=VIC,3,STOLEN ONE,2,VINJETTA,1,ESTELLA HERGE,3.3,1.8,4.3,,19,19.6,87.7,107,,6.3,,,2026-08-16T03:30:38.760842+00:00
16/08/2026,Hobart,TAS,4,EH160826_R4,https://www.tab.com.au/racing/2026-08-16/HOBART/HOB/H/4?jurisdiction=VIC,1,AFFAMATO,5,MONEYS NO ISSUE,10,BAIL DENIED,1.4,1.3,17.5,1.8,72.7,34.4,322.6,3417.7,,8.3,,21.8,2026-08-16T04:15:46.714381+00:00
16/08/2026,Hobart,TAS,5,EH160826_R5,https://www.tab.com.au/racing/2026-08-16/HOBART/HOB/H/5?jurisdiction=VIC,9,ENJOY LIFE,4,ROCKY ROCKS,6,LIKEYOUFORAREASON,1.2,1.04,1.9,2.3,2.9,2.8,14.1,39.1,,1.1,,,2026-08-16T04:55:47.771360+00:00
16/08/2026,Central Wheatbelt,WA,1,ZO160826_R1,https://www.tab.com.au/racing/2026-08-16/CENTRAL-WHEATBELT/CEN/H/1?jurisdiction=VIC,8,COPPER FINE,5,BUTTER ME UP,6,LAST KING OF CAPEL,5.1,1.7,1.5,1.7,8,14.9,42.1,120.9,,,,,2026-08-16T06:54:12.901642+00:00
16/08/2026,Hobart,TAS,6,EH160826_R6,https://www.tab.com.au/racing/2026-08-16/HOBART/HOB/H/6?jurisdiction=VIC,4,ART HUNTSMAN,10,SPOOKY GIRL,8,SHOOBEES SPIRIT,8.5,1.9,16.7,1.9,363.1,471.4,3497,7326.9,,3.5,,,2026-08-16T06:55:58.074991+00:00
16/08/2026,Central Wheatbelt,WA,2,ZO160826_R2,https://www.tab.com.au/racing/2026-08-16/CENTRAL-WHEATBELT/KLL/H/2?jurisdiction=VIC,3,CAMEL PLUS,1,ELBRUJA,5,BETTOR BE BUCKS,3.5,1.4,1.9,2.4,10.6,18.3,75,158.1,,40.3,,,2026-08-16T06:56:25.688368+00:00
16/08/2026,Hobart,TAS,7,EH160826_R7,https://www.tab.com.au/racing/2026-08-16/HOBART/HOB/H/7?jurisdiction=VIC,4,CUSTOM HARLEY,6,GO THE RED,8,INTRUSION,28.3,4.7,1.9,3.1,92.2,233.9,3714.7,16761.1,30.9,183.2,,,2026-08-16T06:57:03.102915+00:00
16/08/2026,Cranbourne,VIC,1,CR160826_R1,https://www.tab.com.au/racing/2026-08-16/CRANBOURNE/CRB/H/1?jurisdiction=VIC,5,THUNDERFIRE,2,BULLETPROOF KID,8,MASON JOLIE,1.6,1.1,1.5,3,5,6.7,39.9,889,,,,,2026-08-16T06:57:50.287176+00:00
16/08/2026,Central Wheatbelt,WA,3,ZO160826_R3,https://www.tab.com.au/racing/2026-08-16/CENTRAL-WHEATBELT/KLL/H/3?jurisdiction=VIC,9,KARAOKE STAR,2,MUMMAS LITTLE STAR,4,SANFORD BART,3.5,2,2.2,3.6,10.3,14.5,178.5,1102.9,,8.5,,,2026-08-16T06:58:17.423707+00:00
16/08/2026,Hobart,TAS,8,EH160826_R8,https://www.tab.com.au/racing/2026-08-16/HOBART/HOB/H/8?jurisdiction=VIC,2,FOURTH RESPONSE,8,TAMBROS TILLY,1,TREACHEROUS DAN,4.3,1.6,3.9,1.2,35.3,55.9,151.7,2113.2,,492,0,3423,2026-08-16T06:58:55.077428+00:00
16/08/2026,Cranbourne,VIC,2,CR160826_R2,https://www.tab.com.au/racing/2026-08-16/CRANBOURNE/CRB/H/2?jurisdiction=VIC,8,CYCLONE JENNI,4,BONA KHAN,11,REALLY SMARTIE,2,1.1,1.9,18.9,6.8,6.1,295.5,6850.6,,5.2,,,2026-08-16T06:59:42.023360+00:00
16/08/2026,Central Wheatbelt,WA,4,ZO160826_R4,https://www.tab.com.au/racing/2026-08-16/CENTRAL-WHEATBELT/KLL/H/4?jurisdiction=VIC,10,ALTA HURRAH,9,LETS ROCK TONIGHT,1,GOODONYA MATE,13.1,3.8,2.2,2.4,33,93.6,590.2,2850.7,,0,,689.8,2026-08-16T07:00:08.612574+00:00
16/08/2026,Hobart,TAS,9,EH160826_R9,https://www.tab.com.au/racing/2026-08-16/HOBART/HOB/H/9?jurisdiction=VIC,7,ROCKNROLL WILLOW,9,TWILIGHT STORM,2,SWEETHEART DIOR,1.1,1.04,1.9,2.9,3.4,4.3,21.2,66.1,,5.9,,,2026-08-16T07:05:57.927089+00:00
16/08/2026,Cranbourne,VIC,3,CR160826_R3,https://www.tab.com.au/racing/2026-08-16/CRANBOURNE/CRB/H/3?jurisdiction=VIC,5,MARIANA,10,DIAMOND CHIPP,9,ALLTHINGS MENACING,4.3,2.2,2.3,1.6,33.2,48.1,193.7,536.9,,12.5,,,2026-08-16T07:15:51.552572+00:00
16/08/2026,Central Wheatbelt,WA,5,ZO160826_R5,https://www.tab.com.au/racing/2026-08-16/CENTRAL-WHEATBELT/KLL/H/5?jurisdiction=VIC,6,SOHO CONFIDENTIAL,9,KEPTAIN COURAGEOUS,10,GET YA BETS ON,2.8,1.5,2.1,1.5,11.1,16.8,46.9,119,,71.3,,,2026-08-16T07:25:48.756453+00:00
16/08/2026,Hobart,TAS,10,EH160826_R10,https://www.tab.com.au/racing/2026-08-16/HOBART/HOB/H/10?jurisdiction=VIC,2,SPORT WATCHER,4,BARBETTE,1,ALL ABOUT SADIE,4.2,1.4,3.8,1.9,40.3,52.3,359,873,,5.7,,,2026-08-16T07:30:52.154362+00:00
16/08/2026,Cranbourne,VIC,4,CR160826_R4,https://www.tab.com.au/racing/2026-08-16/CRANBOURNE/CRB/H/4?jurisdiction=VIC,8,CARUSO STAR,5,TOPHUT JOHNY,7,JUSTLIKEDAVE,11.7,3.1,2,1.7,34.9,96.4,454.1,3539.5,,140.5,,530.5,2026-08-16T07:55:53.847089+00:00
16/08/2026,Central Wheatbelt,WA,6,ZO160826_R6,https://www.tab.com.au/racing/2026-08-16/CENTRAL-WHEATBELT/KLL/H/6?jurisdiction=VIC,4,RAMBO RABBIT,2,SONIC SEELSTER,12,FEELING ACES,3.3,1.7,2.6,2.7,18.6,28.9,284.8,2452.6,73.7,5.6,0,1107.5,2026-08-16T07:56:23.397467+00:00
16/08/2026,Hobart,TAS,11,EH160826_R11,https://www.tab.com.au/racing/2026-08-16/HOBART/HOB/H/11?jurisdiction=VIC,1,SCHWARZ,5,IRON CLAD,4,CUZZY BRO,1.2,1,12.1,,14.4,15.3,18.5,42.4,,3.4,,,2026-08-16T08:36:18.786981+00:00
16/08/2026,Cranbourne,VIC,5,CR160826_R5,https://www.tab.com.au/racing/2026-08-16/CRANBOURNE/CRB/H/5?jurisdiction=VIC,7,MEVIA,5,MINNIE MIA,3,VAN NOSTRAND,5.5,1.8,1.2,1.04,14,23.9,50.8,266.6,,130.7,,,2026-08-16T08:36:54.842116+00:00
16/08/2026,Cranbourne,VIC,6,CR160826_R6,https://www.tab.com.au/racing/2026-08-16/CRANBOURNE/CRB/H/6?jurisdiction=VIC,3,TYPHOON,5,MISS ADDI,7,ARISA,6.4,2.5,1.9,,9.5,27.1,78.3,381.8,,38.7,,,2026-08-16T09:10:36.698693+00:00
16/08/2026,Cranbourne,VIC,7,CR160826_R7,https://www.tab.com.au/racing/2026-08-16/CRANBOURNE/CRB/H/7?jurisdiction=VIC,7,PICKLE IT,1,BETA THAN LOVE,5,IMAGUNNARESTNGO,4.5,2.5,1.3,,3,7.6,58,152.2,34.9,27.7,,,2026-08-16T09:40:51.752486+00:00
16/08/2026,Cranbourne,VIC,8,CR160826_R8,https://www.tab.com.au/racing/2026-08-16/CRANBOURNE/CRB/H/8?jurisdiction=VIC,7,MAJESTIC CHARMA,6,WHATS THE TEA,5,WALKING ON WATER,3,1.7,1.4,,4.6,8.4,79.7,170.4,,12.6,136.5,837.2,2026-08-16T10:10:36.844056+00:00
14/08/2026,Riverina Paceway,NSW,5,EY140826_R5,https://www.tab.com.au/racing/2026-08-14/RIVERINA-PACEWAY/C/H/5,2,READY TO DREAM,5,ROCKNREASON,10,FLIGHT LOUTENANT,4.8,1.7,2.9,1.8,22.4,42,196.8,1269.2,,,,,2026-08-17T01:31:02.377304+00:00
14/08/2026,Riverina Paceway,NSW,6,EY140826_R6,https://www.tab.com.au/racing/2026-08-14/RIVERINA-PACEWAY/C/H/6,6,DEMBE,11,IM NO TROUBLE,8,FIVE OCLOCK WAVE,4.4,2.2,2,5.5,14.3,30.4,355.5,2846.7,,47.4,,,2026-08-17T01:36:01.288654+00:00
14/08/2026,Riverina Paceway,NSW,7,EY140826_R7,https://www.tab.com.au/racing/2026-08-14/RIVERINA-PACEWAY/C/H/7,7,BOULEVARD BART,10,IDEAL IN DREAMS,3,MAJOR ALLEGIANCE,1.3,1.5,1.9,1.7,7.3,5.2,58.3,304.8,9.7,11.3,,,2026-08-17T01:40:58.181375+00:00
14/08/2026,Riverina Paceway,NSW,8,EY140826_R8,https://www.tab.com.au/racing/2026-08-14/RIVERINA-PACEWAY/C/H/8,2,RUDIMENTARY,10,KIA ORA BEAUTY,6,SHARP INTEREST,4.5,2,4,1.8,58.1,83.3,488.9,1191,,11.8,0,539.4,2026-08-17T01:45:59.034182+00:00
14/08/2026,Riverina Paceway,NSW,9,EY140826_R9,https://www.tab.com.au/racing/2026-08-14/RIVERINA-PACEWAY/C/H/9,7,WICKED CONFESSION,4,CROCODILE SOCKS,2,SCHEMING,2.2,1.1,1.5,3.4,4,6.3,27.2,100.1,,12.3,,,2026-08-17T01:50:58.111627+00:00
14/08/2026,Gloucester Park,WA,6,GP140826_R6,https://www.tab.com.au/racing/2026-08-14/GLOUCESTER-PARK/W/H/6,1,ALTA ALLURE,5,LUCCA,6,HALE SAINT LOUIE,28,4.1,1.3,3.4,22.7,126.8,823.2,11366.3,,113.3,,,2026-08-17T01:55:55.976053+00:00
14/08/2026,Gloucester Park,WA,7,GP140826_R7,https://www.tab.com.au/racing/2026-08-14/GLOUCESTER-PARK/W/H/7,12,SCOOTER B,7,ILLAWONG MUSTANG,11,GOODTIME LOUIS,1.7,1.3,4.8,8.7,29,31.4,786.3,7828.6,9.3,25.7,,,2026-08-17T01:56:49.470465+00:00
14/08/2026,Gloucester Park,WA,8,GP140826_R8,https://www.tab.com.au/racing/2026-08-14/GLOUCESTER-PARK/W/H/8,10,MAGIC CAPTAIN,6,RAKLOU,11,BET ON THE RIVER,4.1,1.7,1.1,5.6,4.1,13.7,211,1084.3,,6.7,48,1393.1,2026-08-17T01:57:42.660312+00:00
14/08/2026,Gloucester Park,WA,9,GP140826_R9,https://www.tab.com.au/racing/2026-08-14/GLOUCESTER-PARK/W/H/9,12,ATLAS THE TITAN,8,LOU LAMOUR,7,TURBO JAY,2.5,1.3,2.3,1.9,9.6,14.1,76.7,404.7,,12.8,,,2026-08-17T01:58:35.354420+00:00
14/08/2026,Gloucester Park,WA,10,GP140826_R10,https://www.tab.com.au/racing/2026-08-14/GLOUCESTER-PARK/W/H/10,8,OFF SHORE,1,EDGE ELEVEN,6,TERBIUM,1.1,1,1.8,,1.6,2.4,7.4,10.6,,2.6,,,2026-08-17T01:59:29.174812+00:00
14/08/2026,Newcastle,NSW,8,NR140826_R8,https://www.tab.com.au/racing/2026-08-14/NEWCASTLE/S/H/8,4,TEN GALLON,6,SZWANEN,3,HOGES MEMORIES,3.8,1.8,8.7,1.9,279.2,184.4,991.8,4183.3,,11.6,0,2071.7,2026-08-17T02:00:23.192597+00:00
14/08/2026,Newcastle,NSW,9,NR140826_R9,https://www.tab.com.au/racing/2026-08-14/NEWCASTLE/S/H/9,7,A LITTLE DILEMMA,6,CHLOBRO,1,SAPPHIRESNDIAMONDS,10.4,2.8,1.5,1.8,44.8,85.4,627.6,6720.5,,73,,,2026-08-17T02:01:18.078345+00:00
14/08/2026,Parkes,NSW,10,PK140826_R10,https://www.tab.com.au/racing/2026-08-14/PARKES/E/H/10,9,MAKES YOU WONDER,10,KIA ORA LOU,4,LACEY CAKES,6,2.3,1.4,4.2,6.1,24.4,145.9,772.9,,0,,,2026-08-17T02:02:12.749798+00:00
15/08/2026,Globe Derby Park,SA,9,GD150826_R9,https://www.tab.com.au/racing/2026-08-15/GLOBE-DERBY/A/H/9,3,REOFFENDER,6,BITTA IRISH LUCK,4,DAISY BOUCHEA,1.5,1.3,1.4,,3,2.1,10.4,19,,45.9,,,2026-08-17T02:03:04.781145+00:00
17/08/2026,Gawler,SA,1,AW170826_R1,https://www.tab.com.au/racing/2026-08-17/GAWLER/GAW/H/1?jurisdiction=VIC,5,GEORGY GIRL,6,BITTA IRISH LUCK,1,IMA DESTROYER,6.5,1.9,1.2,,1.6,10.5,47.7,142.2,,,,,2026-08-17T02:40:39.717076+00:00
17/08/2026,Gawler,SA,2,AW170826_R2,https://www.tab.com.au/racing/2026-08-17/GAWLER/GAW/H/2?jurisdiction=VIC,,,,,,,Abandoned,Abandoned,Abandoned,Abandoned,Abandoned,Abandoned,Abandoned,Abandoned,,6.9,,,2026-08-17T03:35:52.533615+00:00
17/08/2026,Charlton,VIC,1,CH170826_R1,https://www.tab.com.au/racing/2026-08-17/CHARLTON/CHL/H/1?jurisdiction=VIC,6,CELESTIAL NEBULAE,5,IMALLATTITUDE,4,KIMCHI,6.4,2.6,1.2,,7.5,17.8,19.8,80.3,,,,,2026-08-17T03:40:53.535618+00:00
17/08/2026,Gawler,SA,3,AW170826_R3,https://www.tab.com.au/racing/2026-08-17/GAWLER/GAW/H/3?jurisdiction=VIC,1,SHIREEN,3,ROLLING REMONA,7,OAKHAY,6.1,3.9,2.1,,15,34.3,116.9,718.6,,10.4,,,2026-08-17T03:55:55.440615+00:00
17/08/2026,Charlton,VIC,2,CH170826_R2,https://www.tab.com.au/racing/2026-08-17/CHARLTON/CHL/H/2?jurisdiction=VIC,5,HUXHAM CHUBB,7,MEGAWATTS,2,RAVISHING ROXY,2,1.3,4.6,,8.9,11.4,96.7,298.6,,19.7,,,2026-08-17T04:15:59.077637+00:00
17/08/2026,Gawler,SA,4,AW170826_R4,https://www.tab.com.au/racing/2026-08-17/GAWLER/GAW/H/4?jurisdiction=VIC,6,PER ARDUA AD ASTRA,2,MAGIC STORM,8,HASTY BID,5.6,3,2.8,,18.1,35.6,130.2,262.1,,65,,256.2,2026-08-17T04:30:56.293032+00:00
17/08/2026,Pinjarra,WA,1,PA170826_R1,https://www.tab.com.au/racing/2026-08-17/PINJARRA/PJA/H/1?jurisdiction=VIC,10,ULTIMATE TESS,6,MRIYA DREAM,11,ALDEBARAN SUNDOWN,2.6,1.5,2.3,6.2,9.5,15.9,322.8,795.7,,,,,2026-08-17T04:45:54.208454+00:00
17/08/2026,Charlton,VIC,3,CH170826_R3,https://www.tab.com.au/racing/2026-08-17/CHARLTON/CHL/H/3?jurisdiction=VIC,7,DANCE DANCE DANCE,2,GREAT HORIZON,5,BROTHER THOMAS,1.6,1.1,3,2.3,10.8,13.9,50.6,191,,2.6,,,2026-08-17T04:50:57.306893+00:00
17/08/2026,Gawler,SA,5,AW170826_R5,https://www.tab.com.au/racing/2026-08-17/GAWLER/GAW/H/5?jurisdiction=VIC,7,KEAYANG MEMORY,2,BERSAGLIERE,5,HEATHBERN BRUCE,2.9,1.5,1.9,,2.8,10.4,187.6,603.2,,58.1,,,2026-08-17T05:15:54.592811+00:00
17/08/2026,Pinjarra,WA,2,PA170826_R2,https://www.tab.com.au/racing/2026-08-17/PINJARRA/PJA/H/2?jurisdiction=VIC,2,THELITTLE BUSTER,10,DEFEND THE RIGHT,7,ALL AT ONCE,2.2,1.04,5.1,2.7,69.2,60.9,361.4,1853.7,,5.3,,,2026-08-17T05:16:26.891055+00:00
17/08/2026,Charlton,VIC,4,CH170826_R4,https://www.tab.com.au/racing/2026-08-17/CHARLTON/CHL/H/4?jurisdiction=VIC,1,SPORTING RAGE,9,CELESTIAL ZODIAC,6,EYESEALITTLE,2.7,1.5,1.6,2.7,4.4,10.2,90.4,327,,7.9,,118.8,2026-08-17T05:31:00.386342+00:00
17/08/2026,Gawler,SA,6,AW170826_R6,https://www.tab.com.au/racing/2026-08-17/GAWLER/GAW/H/6?jurisdiction=VIC,4,COME ON BILLEE,10,LUNADIVA,7,BROBENAH GIRL,2.7,1.5,2.5,3.8,16.5,22.8,280.1,1595.5,,8.7,,,2026-08-17T05:46:01.931339+00:00
17/08/2026,Pinjarra,WA,3,PA170826_R3,https://www.tab.com.au/racing/2026-08-17/PINJARRA/PJA/H/3?jurisdiction=VIC,9,CROWN GENERAL,1,ROMAN GUARD,10,UNKNOWN,2.8,1.2,1.5,1.9,4,7.9,31.2,103,,8.2,,,2026-08-17T05:50:51.579167+00:00
17/08/2026,Charlton,VIC,5,CH170826_R5,https://www.tab.com.au/racing/2026-08-17/CHARLTON/CHL/H/5?jurisdiction=VIC,2,JUST LIKE NUGGET,10,MAJOR TAXES,3,BETTING ATTACK,2.6,1.2,5.2,1.7,36.3,44.7,192,1318.8,,11.1,,,2026-08-17T06:10:49.614932+00:00
17/08/2026,Gawler,SA,7,AW170826_R7,https://www.tab.com.au/racing/2026-08-17/GAWLER/GAW/H/7?jurisdiction=VIC,4,OMNIA,11,JILLIBY BLISS,3,MAGICAL MADGE,6.2,2.9,1.4,4.2,10.8,28,488.3,3278.7,15.5,23,,,2026-08-17T06:25:55.451751+00:00
17/08/2026,Pinjarra,WA,4,PA170826_R4,https://www.tab.com.au/racing/2026-08-17/PINJARRA/PJA/H/4?jurisdiction=VIC,10,CINCH,7,BETTOR BEHAVE,6,MATERNAL DREAMS,11.8,3,2.6,1.8,32.9,69.6,522.4,5635.6,,31.2,,222.7,2026-08-17T06:26:27.451184+00:00
17/08/2026,Charlton,VIC,6,CH170826_R6,https://www.tab.com.au/racing/2026-08-17/CHARLTON/CHL/H/6?jurisdiction=VIC,1,METRO MEMORY,8,MAGELLAN,5,LEONARD,13.7,1.8,2.8,3.9,16.9,71.8,728.3,5184.3,,22.2,,,2026-08-17T06:46:17.706208+00:00
17/08/2026,Gawler,SA,8,AW170826_R8,https://www.tab.com.au/racing/2026-08-17/GAWLER/GAW/H/8?jurisdiction=VIC,8,FLYIN TOMMY,9,CHILDERS ROAD,3,GOLDEN JAYLET,4,1.4,2.3,2.5,19.2,29.1,173.1,587.1,,19.2,24,538.5,2026-08-17T07:00:57.745317+00:00
17/08/2026,Pinjarra,WA,5,PA170826_R5,https://www.tab.com.au/racing/2026-08-17/PINJARRA/PJA/H/5?jurisdiction=VIC,5,MONEY WELL SPENT,10,MARGIMAC,8,HEAVENLY BLISS,1.9,1.3,2.2,3.4,10,14.8,75.1,1718.1,,36.4,,,2026-08-17T07:06:03.330189+00:00
17/08/2026,Charlton,VIC,7,CH170826_R7,https://www.tab.com.au/racing/2026-08-17/CHARLTON/CHL/H/7?jurisdiction=VIC,10,CAPTAIN PINS,8,SAVON DE ROCHE,9,GOODTIME LIBBY,6.2,2.7,1.3,3.5,9.7,21.3,172.5,971.8,16.7,95.4,156.3,509.3,2026-08-17T07:20:54.148550+00:00
17/08/2026,Gawler,SA,9,AW170826_R9,https://www.tab.com.au/racing/2026-08-17/GAWLER/GAW/H/9?jurisdiction=VIC,11,ELLA KATE,6,LARDY DAH LADY,2,MURRA LANE,5.4,2,2.7,2.6,27.5,45.3,238.3,3110.4,,39.5,,,2026-08-17T07:35:57.924735+00:00
17/08/2026,Pinjarra,WA,6,PA170826_R6,https://www.tab.com.au/racing/2026-08-17/PINJARRA/PJA/H/6?jurisdiction=VIC,7,TOMMY PRICE,12,LAZARUS STAR,8,MORE THAN HONOURED,5.8,2.1,1.7,11,8.4,27.5,376.2,6946.9,,13,,,2026-08-17T07:45:54.520852+00:00
17/08/2026,Redcliffe,QLD,1,RE170826_R1,https://www.tab.com.au/racing/2026-08-17/REDCLIFFE/RED/H/1?jurisdiction=VIC,7,STUDLEIGH MARK,1,DOCTA FEELGOOD,4,SHES IN LINE,5.1,1.3,1.3,1.5,4.1,10,55.7,298.1,,,,,2026-08-17T07:50:56.146442+00:00
17/08/2026,Pinjarra,WA,7,PA170826_R7,https://www.tab.com.au/racing/2026-08-17/PINJARRA/PJA/H/7?jurisdiction=VIC,6,DEE JAYS BIG BOY,2,OAKLEY,3,HOOAH,6.3,2.3,1.7,1.8,13,25.4,92.1,732.7,28.4,48.2,,,2026-08-17T08:36:02.656114+00:00
17/08/2026,Redcliffe,QLD,2,RE170826_R2,https://www.tab.com.au/racing/2026-08-17/REDCLIFFE/RED/H/2?jurisdiction=VIC,9,FAVREAU,1,THREENTWO,4,ERASMUS,8,2.6,1.4,1.5,11.3,28.9,102,738.7,,81.5,,,2026-08-17T08:36:30.710546+00:00
17/08/2026,Pinjarra,WA,8,PA170826_R8,https://www.tab.com.au/racing/2026-08-17/PINJARRA/PJA/H/8?jurisdiction=VIC,9,BLAMEITONTHENIGHT,5,GEE SMITH,10,TUBBS FARQUHAR,2.4,2,1.6,5.9,9.2,13.4,160.5,1081.9,,25.5,119.2,341.5,2026-08-17T08:37:07.105081+00:00
17/08/2026,Redcliffe,QLD,3,RE170826_R3,https://www.tab.com.au/racing/2026-08-17/REDCLIFFE/RED/H/3?jurisdiction=VIC,,,,,,,Abandoned,Abandoned,Abandoned,Abandoned,Abandoned,Abandoned,Abandoned,Abandoned,,8,,,2026-08-17T11:24:34.952744+00:00
17/08/2026,Pinjarra,WA,9,PA170826_R9,https://www.tab.com.au/racing/2026-08-17/PINJARRA/W/H/9,5,BALINGUP BOY,10,MAJOR OVERS,1,RAJAH ROCKS,5.9,2.1,4.9,2.4,90.8,94.3,904.9,4287.4,,12.9,,,2026-08-18T01:26:53.186636+00:00
17/08/2026,Redcliffe,QLD,4,RE170826_R4,https://www.tab.com.au/racing/2026-08-17/REDCLIFFE/B/H/4,3,SAMMYS SECRET,6,MILLIONDOLLAR KISS,8,ILLBEWATCHING,2.8,1.3,3.2,1.3,12.7,18.9,71.9,330,,3.4,,160.1,2026-08-18T01:31:50.429831+00:00
17/08/2026,Redcliffe,QLD,5,RE170826_R5,https://www.tab.com.au/racing/2026-08-17/REDCLIFFE/B/H/5,4,BOKHARI,8,MADAME WEST,3,MY ULTIMATE LOUIE,8.7,2.4,1.4,2.8,11.6,32.4,350.8,1005.3,,14.5,,,2026-08-18T01:37:01.503882+00:00
17/08/2026,Redcliffe,QLD,6,RE170826_R6,https://www.tab.com.au/racing/2026-08-17/REDCLIFFE/B/H/6,5,FOXFIRE EASTON,7,DENVER COLORADO,3,DUAL CAM,36,11,4.4,,152.8,153.7,589.4,2213,,91.9,,,2026-08-18T01:41:44.500830+00:00
17/08/2026,Redcliffe,QLD,7,RE170826_R7,https://www.tab.com.au/racing/2026-08-17/REDCLIFFE/B/H/7,6,WEE BONNIE,1,STONES,5,BRITTS MATE,16.2,2.8,1.04,1.4,17.8,57.4,123.1,1495.8,76.5,69.4,,,2026-08-18T01:46:38.096129+00:00
17/08/2026,Redcliffe,QLD,8,RE170826_R8,https://www.tab.com.au/racing/2026-08-17/REDCLIFFE/B/H/8,4,MACMUFF,8,SOCIAL OUTING,2,TUSCANS COURAGE,45.2,5.8,1.04,1.7,39.5,85.4,290.1,4066.9,,122.9,145.7,17594.4,2026-08-18T01:51:40.835410+00:00
18/08/2026,Albion Park,QLD,1,AP180826_R1,https://www.tab.com.au/racing/2026-08-18/ALBION-PARK/B/H/1,4,RUGGARDS GEE TEE,6,DEGARMEA TEALE,5,MISTER SEASIDE,1.7,1.3,2,,3,3.9,17.8,31.5,,,,,2026-08-19T01:36:56.755789+00:00
18/08/2026,Albion Park,QLD,2,AP180826_R2,https://www.tab.com.au/racing/2026-08-18/ALBION-PARK/B/H/2,5,RAFFIE JAY,8,TARENTAISE,4,SECOND TO NUN,1.2,1.04,7.7,1.9,28.4,29.1,158.5,477.1,,2.5,,,2026-08-19T01:41:43.086212+00:00
18/08/2026,Albion Park,QLD,3,AP180826_R3,https://www.tab.com.au/racing/2026-08-18/ALBION-PARK/B/H/3,8,ARAGORN,5,MEDELLIN,6,DOUBLEFAULT,2.6,1.3,3,1.3,11,23.4,56.7,756.8,,1.6,,,2026-08-19T01:46:35.187887+00:00
18/08/2026,Albion Park,QLD,4,AP180826_R4,https://www.tab.com.au/racing/2026-08-18/ALBION-PARK/B/H/4,4,SHEZA CHANCE,3,PIZZA PRINCE,5,DARCYS FIREBALL,2.8,1.9,2,1.1,3.5,12.8,34,137.3,,4.3,,11.2,2026-08-19T01:51:35.142828+00:00
18/08/2026,Albion Park,QLD,5,AP180826_R5,https://www.tab.com.au/racing/2026-08-18/ALBION-PARK/B/H/5,2,POWERMOVE,4,GOODOLBOYSANDBEER,3,VICTREE CHARLIE,5.7,2.3,1.2,3.1,11.3,17.5,119.4,331.5,,80.9,,,2026-08-19T01:56:33.494975+00:00
18/08/2026,Albion Park,QLD,6,AP180826_R6,https://www.tab.com.au/racing/2026-08-18/ALBION-PARK/B/H/6,6,LLANFAIR LLEWELLAN,5,OCTOBER RACKETEER,4,POCKET BOOK,4.6,1.7,1.6,1.4,8.5,18.7,25.2,122.1,,49,,,2026-08-19T02:00:57.546147+00:00
18/08/2026,Albion Park,QLD,7,AP180826_R7,https://www.tab.com.au/racing/2026-08-18/ALBION-PARK/B/H/7,3,IM BOO,7,LANAI,9,AMAMI,2.5,1.2,2.6,2.4,20.8,23,189.8,576.9,34.2,21.2,,,2026-08-19T02:06:01.915942+00:00
18/08/2026,Albion Park,QLD,8,AP180826_R8,https://www.tab.com.au/racing/2026-08-18/ALBION-PARK/B/H/8,10,MY ULTIMATE RUDI,9,LUVN OSMAN,3,PLANET DOWNS,16.4,4.5,1.5,2.6,49.4,116.9,968.8,1442.4,,25.7,0,1409.7,2026-08-19T02:11:02.407131+00:00
18/08/2026,Gloucester Park,WA,1,GP180826_R1,https://www.tab.com.au/racing/2026-08-18/GLOUCESTER-PARK/W/H/1,2,THE WAND WAVER,5,FOLLOW ROCKNROLL,3,SHES A TINY DANCER,13,2.6,10.5,4,216.3,209.2,4743.4,8464.3,,,,,2026-08-19T02:15:52.008415+00:00
18/08/2026,Gloucester Park,WA,2,GP180826_R2,https://www.tab.com.au/racing/2026-08-18/GLOUCESTER-PARK/W/H/2,6,ALFA JESS,7,DOUGS LEGACY,8,STAR OF ORION,3.4,1.9,3.2,1.2,22.9,58.1,201.3,1033.9,,80.1,,,2026-08-19T02:20:52.684439+00:00
18/08/2026,Gloucester Park,WA,3,GP180826_R3,https://www.tab.com.au/racing/2026-08-18/GLOUCESTER-PARK/W/H/3,6,MAD PUNTA,7,MAJOR MANHATTAN,4,FUEGO CRUZADO,14.1,3.9,2.1,4.8,19.2,92.7,1708.9,1653.7,,105.4,,,2026-08-19T02:25:58.714707+00:00
18/08/2026,Gloucester Park,WA,4,GP180826_R4,https://www.tab.com.au/racing/2026-08-18/GLOUCESTER-PARK/W/H/4,6,PRIDDAH,8,PRINCE OF TRIBECA,2,TRUE GRIT,21.4,4.7,1.9,1.8,37,105.1,649,6796.6,,0,,14794.5,2026-08-19T02:31:00.117565+00:00
18/08/2026,Gloucester Park,WA,5,GP180826_R5,https://www.tab.com.au/racing/2026-08-18/GLOUCESTER-PARK/W/H/5,2,SPORTING GRACE,1,TWOHEARTONEDIAMOND,10,GALVINSTON JOHN,3.6,1.7,2.5,4.3,15.5,28.9,87,1049.1,,195,,,2026-08-19T02:36:05.931076+00:00
18/08/2026,Gloucester Park,WA,6,GP180826_R6,https://www.tab.com.au/racing/2026-08-18/GLOUCESTER-PARK/W/H/6,5,JORDANO,8,BEALAWYER,10,SONIC SEELSTER,2.9,1.8,4.6,2.2,39.5,55.8,227.6,3010.3,,24.2,,,2026-08-19T02:41:02.074627+00:00
18/08/2026,Gloucester Park,WA,7,GP180826_R7,https://www.tab.com.au/racing/2026-08-18/GLOUCESTER-PARK/W/H/7,6,MISS BEJEWELED,8,NOT SO SWEET,7,MA PETITE DAME,5.5,2.3,2.6,,23.5,59.9,182.5,789.5,17.2,21.1,,,2026-08-19T02:45:50.642610+00:00
18/08/2026,Gloucester Park,WA,8,GP180826_R8,https://www.tab.com.au/racing/2026-08-18/GLOUCESTER-PARK/W/H/8,9,MADE FOR ME,7,MIGHTY MILLIE,10,ACKNOWLEDGEMENT,4.6,1.8,2.5,6,22.5,44.5,576,4985.8,,32.7,13.1,410.1,2026-08-19T02:50:57.432950+00:00
18/08/2026,Gloucester Park,WA,9,GP180826_R9,https://www.tab.com.au/racing/2026-08-18/GLOUCESTER-PARK/W/H/9,6,BEAT THE BANK,2,TRAVELBAN,4,SUN PUBLISHER,7.3,2,2,1.5,26.8,60.7,160.3,839.5,,71.4,,,2026-08-19T02:55:58.224517+00:00
18/08/2026,Menangle,NSW,1,PC180826_R1,https://www.tab.com.au/racing/2026-08-18/MENANGLE/S/H/1,3,SUPERIOR STRIDE,8,ITZFERGIETIME,7,AFFAIRE DE COVER,1.2,1.1,3.5,3.1,22.5,31.2,178.7,636.1,,,,,2026-08-19T02:56:52.752849+00:00
18/08/2026,Menangle,NSW,2,PC180826_R2,https://www.tab.com.au/racing/2026-08-18/MENANGLE/S/H/2,3,SOHO ASTER,2,GUNNAREASON,6,RISEABOVETHEREST,1.1,1.04,3.6,,4.8,4.3,15.1,42.7,,1.5,,,2026-08-19T03:01:30.338866+00:00
18/08/2026,Menangle,NSW,3,PC180826_R3,https://www.tab.com.au/racing/2026-08-18/MENANGLE/S/H/3,4,TOMMYS LUCK,6,STANNUM,8,WICKED WHISKEY,7.3,2,1.4,1.5,10.3,31.5,82.2,601.1,,16.3,,,2026-08-19T03:06:37.766157+00:00
18/08/2026,Menangle,NSW,4,PC180826_R4,https://www.tab.com.au/racing/2026-08-18/MENANGLE/S/H/4,3,BIRDY GAL,7,HESAA LISTER,2,WILL I AM,1.3,1.04,1.7,2.6,3.6,3.7,18.1,134.8,,20.9,,40.5,2026-08-19T03:11:32.958277+00:00
18/08/2026,Menangle,NSW,5,PC180826_R5,https://www.tab.com.au/racing/2026-08-18/MENANGLE/S/H/5,10,ROCKNROLL COWBOY,5,EXPLOSIVE BRONSKI,6,VESPA STRIDE,2.6,1.5,2,5,4.1,8,101.6,900.4,,3.6,,,2026-08-19T03:16:29.323126+00:00
18/08/2026,Menangle,NSW,6,PC180826_R6,https://www.tab.com.au/racing/2026-08-18/MENANGLE/S/H/6,4,LOVE A BELLE,6,LEXUS LOU,2,OUR UNCLE JIM,13.4,2.6,1.8,6,21.6,47.5,577.7,1317.5,,22,,,2026-08-19T03:21:29.294781+00:00
18/08/2026,Menangle,NSW,7,PC180826_R7,https://www.tab.com.au/racing/2026-08-18/MENANGLE/S/H/7,3,ROMANEE,6,BLAZING HIGH,4,SPIRIT OF ARION,11.3,1.6,1.3,4.1,12.6,42,391.2,2227.2,38.7,195.9,,,2026-08-19T03:26:30.347165+00:00
18/08/2026,Menangle,NSW,8,PC180826_R8,https://www.tab.com.au/racing/2026-08-18/MENANGLE/S/H/8,3,OUR SUNSET DELIGHT,5,VAN BASTEN,7,HUXTON,3.2,1.2,3.3,1.7,24.5,26.7,110.3,782.1,,89.1,0,1019.5,2026-08-19T03:31:31.309765+00:00
18/08/2026,Shepparton,VIC,1,SP180826_R1,https://www.tab.com.au/racing/2026-08-18/SHEPPARTON/M/H/1,4,SRIRACHA,6,ALPHA CHARLOTTE,9,GINGER ELLA,9.6,2,1.8,2.1,15.8,24.2,171.1,745.1,,,,,2026-08-19T03:36:31.963966+00:00
18/08/2026,Shepparton,VIC,2,SP180826_R2,https://www.tab.com.au/racing/2026-08-18/SHEPPARTON/M/H/2,2,THE IRISHMAN,5,OLLY ODD POTTS,10,MYNAMEISRUBY,4,1.6,2.5,1.4,15.6,31.2,100.8,979.5,,40.3,,,2026-08-19T03:41:32.986911+00:00
18/08/2026,Shepparton,VIC,3,SP180826_R3,https://www.tab.com.au/racing/2026-08-18/SHEPPARTON/M/H/3,8,DALLASCOWBOY,5,BAY OF FIRES,4,HEAVENLY FLYER,8.5,1.2,1.04,1.6,2.4,12.6,31.6,97.1,,27.9,,,2026-08-19T03:46:30.658828+00:00
18/08/2026,Shepparton,VIC,4,SP180826_R4,https://www.tab.com.au/racing/2026-08-18/SHEPPARTON/M/H/4,4,LOVE WHO,7,ALDEBARAN MARCUS,8,CADENCE LANE,2.7,1.8,1.4,,3.4,7.4,17.2,81.2,,16.5,,621.5,2026-08-19T03:51:31.538689+00:00
18/08/2026,Shepparton,VIC,5,SP180826_R5,https://www.tab.com.au/racing/2026-08-18/SHEPPARTON/M/H/5,3,AUSSIE JAY MAC,6,MONSIEUR FLAMEL,4,OUR MYSTERY BET,2,1.2,1.3,3.7,2.9,5.5,34.8,118.2,,10.5,,,2026-08-19T03:56:32.171530+00:00
18/08/2026,Shepparton,VIC,6,SP180826_R6,https://www.tab.com.au/racing/2026-08-18/SHEPPARTON/M/H/6,5,SMOKING SHANNON,4,MISS HERMES,3,ARE WEASLEY,7,3,3.4,,32.6,77.3,129.3,765.2,,8.8,,,2026-08-19T04:01:30.706189+00:00
18/08/2026,Shepparton,VIC,7,SP180826_R7,https://www.tab.com.au/racing/2026-08-18/SHEPPARTON/M/H/7,3,WAR DAN PHOENIX,6,ALECTRONA,2,SO SKEPTICAL,11.8,2.6,4.2,,31.8,87.8,263.2,454.8,32.5,105.8,,,2026-08-19T04:06:42.645201+00:00
18/08/2026,Shepparton,VIC,8,SP180826_R8,https://www.tab.com.au/racing/2026-08-18/SHEPPARTON/M/H/8,1,KONSTAS,2,ALTO CORAGGIO,4,CARTIMANDUA,1.9,1.3,1.5,,1.7,3.1,16,45.7,,32.2,207.9,543.4,2026-08-19T04:11:45.743950+00:00
18/08/2026,Young,NSW,1,YU180826_R1,https://www.tab.com.au/racing/2026-08-18/YOUNG/C/H/1,8,BERRYLICIOUS,1,IN THE SUMMERTIME,7,MAJOR ISSUES,7.8,2.2,1.2,1.9,11.9,39.4,102.1,312.1,,,,,2026-08-19T04:16:35.113105+00:00
18/08/2026,Young,NSW,2,YU180826_R2,https://www.tab.com.au/racing/2026-08-18/YOUNG/C/H/2,1,GET UP BETTY,7,EYEDIDNTLOSEIT,9,LADY DELORIS,2.7,1.4,1.6,2.6,3.7,8.3,37.7,143.9,,36.7,,,2026-08-19T04:21:42.861573+00:00
18/08/2026,Young,NSW,3,YU180826_R3,https://www.tab.com.au/racing/2026-08-18/YOUNG/C/H/3,5,TULHURST PEBBLES,4,LINE ME UP BRO,9,ROCKET ME,12.2,2.7,1.04,1.4,23.2,68.7,128.2,973.1,,47.8,,,2026-08-19T04:26:32.568220+00:00
18/08/2026,Young,NSW,4,YU180826_R4,https://www.tab.com.au/racing/2026-08-18/YOUNG/C/H/4,7,PUKUNUI BEACH,4,LIMOUSINE TOMMY,3,LESSISMORE,32.4,5.8,1.4,2.8,31,123.8,550.9,1463.2,,65.6,,0,2026-08-19T04:31:32.424486+00:00
18/08/2026,Young,NSW,5,YU180826_R5,https://www.tab.com.au/racing/2026-08-18/YOUNG/C/H/5,3,PAPIER MACHE,5,TROUBLE IN ME,2,ESSJAYPEE HANOVER,6.9,1.2,1.3,13.7,5.1,26.3,409.6,5858.7,,206.2,,,2026-08-19T04:36:34.913429+00:00
18/08/2026,Young,NSW,6,YU180826_R6,https://www.tab.com.au/racing/2026-08-18/YOUNG/C/H/6,7,GIBBS,9,SHADY TREE,8,ONEDARKNIGHT,3.8,1.4,3.6,1.6,33.8,54.3,157.1,681.4,,66.1,,,2026-08-19T04:41:35.303894+00:00
18/08/2026,Young,NSW,7,YU180826_R7,https://www.tab.com.au/racing/2026-08-18/YOUNG/C/H/7,5,VINNYSGAL,9,SNIPERS FIRE,1,BIG FROST,2,1.3,1.1,4,4,10.7,52,274.5,33.3,24.5,,,2026-08-19T04:46:34.391569+00:00
18/08/2026,Young,NSW,8,YU180826_R8,https://www.tab.com.au/racing/2026-08-18/YOUNG/C/H/8,5,HARBOUR VIEW,8,ROCKIN AT MIDNIGHT,4,SURPRISE ARRIVAL,2.8,1.3,1.7,4.2,4.7,6.8,46,149.2,,8.5,36,338.1,2026-08-19T04:51:36.515478+00:00
18/08/2026,Young,NSW,9,YU180826_R9,https://www.tab.com.au/racing/2026-08-18/YOUNG/C/H/9,7,IDEAL TAO,10,HES A TERROR,6,SPREAD THE FEAR,1.5,1.1,1.4,3.5,3.5,4.6,69.5,233.4,,5.6,,,2026-08-19T04:56:36.062945+00:00
19/08/2026,Ballarat,VIC,1,BA190826_R1,https://www.tab.com.au/racing/2026-08-19/BALLARAT/M/H/1,6,WAR ZONE,2,DANCEBYTHESEASIDE,1,GLENLINE,2.6,1.5,4.7,2,30.2,47.2,164.8,1310.5,,,,,2026-08-20T01:41:43.733366+00:00
19/08/2026,Ballarat,VIC,2,BA190826_R2,https://www.tab.com.au/racing/2026-08-19/BALLARAT/M/H/2,5,CO CAPTAIN,9,COVERED IN GOLD,4,BETTOR PUNTER,1.5,1.3,1.6,1.6,3.4,3.4,19.5,74.7,,5.7,,,2026-08-20T01:46:35.424981+00:00
19/08/2026,Ballarat,VIC,3,BA190826_R3,https://www.tab.com.au/racing/2026-08-19/BALLARAT/M/H/3,4,ROCKELLA,5,BINALONG MATE,1,OUT TO STAY,3.1,1.2,1.04,1.4,3.1,6.7,13.4,59,,4.2,,,2026-08-20T01:51:36.752886+00:00
19/08/2026,Ballarat,VIC,4,BA190826_R4,https://www.tab.com.au/racing/2026-08-19/BALLARAT/M/H/4,2,BLACK AND GOLD,4,METRO SWISH,5,ARGYLE MUSE,23.9,4.4,1.6,7.7,74.8,140.5,3233,12062.2,,69.1,,301.4,2026-08-20T01:56:34.721803+00:00
19/08/2026,Ballarat,VIC,5,BA190826_R5,https://www.tab.com.au/racing/2026-08-19/BALLARAT/M/H/5,3,YANKEE MOJOH,8,COOL STORY,5,AMERICAN GUY,5.2,2.6,1.5,,8,14.7,69.4,236.2,,268.7,,,2026-08-20T02:01:28.968131+00:00
19/08/2026,Ballarat,VIC,6,BA190826_R6,https://www.tab.com.au/racing/2026-08-19/BALLARAT/M/H/6,6,DELTA STARZ,8,ESPERANZA,7,THE FEENY FAVORITE,21.8,3,1.1,2.4,17.8,53.3,244.7,745.1,,75.2,,,2026-08-20T02:06:28.729390+00:00
19/08/2026,Ballarat,VIC,7,BA190826_R7,https://www.tab.com.au/racing/2026-08-19/BALLARAT/M/H/7,4,SHAQ THE ANVIL,6,JOE LOU,5,SNICKERS EXPRESS,4.2,1.9,1.2,1.5,6.5,15.8,34.6,141.2,44.5,201,,,2026-08-20T02:11:30.175952+00:00
19/08/2026,Ballarat,VIC,8,BA190826_R8,https://www.tab.com.au/racing/2026-08-19/BALLARAT/M/H/8,6,VANCE LANE,7,DEEJAY DEX,1,NO TELLING HEATHER,7.5,3.6,3.8,,29.9,40.8,167.4,909.4,,43.7,520.1,3225,2026-08-20T02:16:29.181516+00:00
19/08/2026,Ballarat,VIC,9,BA190826_R9,https://www.tab.com.au/racing/2026-08-19/BALLARAT/M/H/9,2,THE PASO DOBLE,4,NO REPENTANCE,1,HIGH RELIABILITY,3,1.2,2.7,,3.3,6.8,37.8,96.4,,17.9,,,2026-08-20T02:20:54.623692+00:00
19/08/2026,Bathurst,NSW,1,BH190826_R1,https://www.tab.com.au/racing/2026-08-19/BATHURST/S/H/1,6,LINCOLN SKIPPER,2,BEANCOUNTER,10,BUTTER CUP,3,1.5,1.8,2.1,16.8,30.8,154.3,297,,,,,2026-08-20T02:25:55.640939+00:00
19/08/2026,Bathurst,NSW,2,BH190826_R2,https://www.tab.com.au/racing/2026-08-19/BATHURST/S/H/2,2,AUNTIE LOU,1,IBBIN NADIA,4,JUSTA DRAGON,9.7,2.5,1.6,2.6,11.7,25.1,219.8,2653.8,,46.6,,,2026-08-20T02:31:10.760806+00:00
19/08/2026,Bathurst,NSW,3,BH190826_R3,https://www.tab.com.au/racing/2026-08-19/BATHURST/S/H/3,4,MAJOR BYE,1,KENZIE SHANNON,10,RONZEL SONNY,1.8,1.2,2.5,3.3,3.7,3.2,53.6,189.8,,37.4,,,2026-08-20T02:35:50.161008+00:00
19/08/2026,Bathurst,NSW,4,BH190826_R4,https://www.tab.com.au/racing/2026-08-19/BATHURST/S/H/4,9,BETWEEN DECKS,8,COHEN THE RED,5,HEARTOF KINGSCLAIR,22.4,3,1.04,4.9,10.9,47.1,567.7,2634.4,,47.9,,2059.2,2026-08-20T02:41:12.024955+00:00
19/08/2026,Bathurst,NSW,5,BH190826_R5,https://www.tab.com.au/racing/2026-08-19/BATHURST/S/H/5,8,ALFNALMA,1,BETTING RANGER,3,GRAYSON RED,13.7,2.6,1.9,5,74.5,130.1,958,7750.7,,313.8,,,2026-08-20T02:46:12.499675+00:00
19/08/2026,Bathurst,NSW,6,BH190826_R6,https://www.tab.com.au/racing/2026-08-19/BATHURST/S/H/6,4,TENNESSEE KID,1,TERRYRAMA,9,SERGEANT PEE JAY,5.4,1.4,1.6,3,8.1,22,142.6,1012.8,,190.8,,,2026-08-20T02:51:11.881505+00:00
19/08/2026,Bathurst,NSW,7,BH190826_R7,https://www.tab.com.au/racing/2026-08-19/BATHURST/S/H/7,1,HIGHVIEW BONNIE,5,THE MYTEE DUCK,7,FLINCENT,1.8,1.2,1.3,,1.6,3.6,7.8,26.7,50.8,10.2,,,2026-08-20T03:06:12.471153+00:00
19/08/2026,Bathurst,NSW,8,BH190826_R8,https://www.tab.com.au/racing/2026-08-19/BATHURST/S/H/8,6,WARRAWEE WAY BACK,2,REASON TO BE HAPPY,4,SHOWEMHOW,12.6,3.7,2.4,,23.9,66.3,171.9,704.5,,54,0,6427.8,2026-08-20T03:11:43.646743+00:00
19/08/2026,Bathurst,NSW,9,BH190826_R9,https://www.tab.com.au/racing/2026-08-19/BATHURST/S/H/9,5,TULHURST MAUREEN,4,MONSTER MINT,11,TIGERSWAND,4.1,1.5,6.4,1.8,176.5,121.1,759.8,0,,76,,,2026-08-20T03:22:14.291763+00:00
19/08/2026,Bathurst,NSW,10,BH190826_R10,https://www.tab.com.au/racing/2026-08-19/BATHURST/S/H/10,2,SMOOTH CHAKRA,8,CHEVAL JULIA,1,SHES GOT A REASON,9.3,3.5,5.6,,49.4,84.5,373.3,2344.9,,36.6,,,2026-08-20T03:26:35.721274+00:00
19/08/2026,Redcliffe,QLD,1,RE190826_R1,https://www.tab.com.au/racing/2026-08-19/REDCLIFFE/B/H/1,5,SHEZ A PUNTER,10,ULTIMATE ARK,1,LUKA DONCIC,7.7,2.3,1.3,1.3,11.4,25,76.3,558.5,,,,,2026-08-20T03:31:17.576499+00:00
19/08/2026,Redcliffe,QLD,2,RE190826_R2,https://www.tab.com.au/racing/2026-08-19/REDCLIFFE/B/H/2,1,ROCK NIEN,7,STILLYOURSHOT,8,MISS SYRAH,2.2,1.5,1.3,3.3,2.2,5.9,21.2,73.2,,29.6,,,2026-08-20T03:36:08.542446+00:00
19/08/2026,Redcliffe,QLD,3,RE190826_R3,https://www.tab.com.au/racing/2026-08-19/REDCLIFFE/B/H/3,7,PRINCE JOY,4,ROCK IT BABY,1,BRACKEN WARRIOR,5.1,1.4,1.6,1.04,4.4,12.5,33,208,,12.9,,,2026-08-20T03:46:22.793021+00:00
19/08/2026,Redcliffe,QLD,4,RE190826_R4,https://www.tab.com.au/racing/2026-08-19/REDCLIFFE/B/H/4,7,AQUA CRUISER,6,VODKA EN ICE,1,TRACER BULLET,3.3,1.6,1.7,1.4,14.1,18.9,73.5,285.1,,29.3,,450.4,2026-08-20T04:01:46.348821+00:00
19/08/2026,Redcliffe,QLD,5,RE190826_R5,https://www.tab.com.au/racing/2026-08-19/REDCLIFFE/B/H/5,8,TERRAGONG SWINGER,1,SHEEZ GOT TORQUE,7,DIGBY DEVIL,4.5,1.4,1.8,1.2,7.3,15.5,46.7,163.3,,27.3,,,2026-08-20T04:06:46.198985+00:00
19/08/2026,Redcliffe,QLD,6,RE190826_R6,https://www.tab.com.au/racing/2026-08-19/REDCLIFFE/B/H/6,1,COCOLYN,6,JUSTANOTHER TORQUE,8,PERFECT LOU,4.5,2.1,7.4,1.6,125,74.1,695.6,2285.8,,37.8,,,2026-08-20T04:21:49.407618+00:00
19/08/2026,Redcliffe,QLD,7,RE190826_R7,https://www.tab.com.au/racing/2026-08-19/REDCLIFFE/B/H/7,5,MAYWYNS KAREN,8,DEEP REGRET,9,LITTLE WHIPPET,6.4,1.9,1.9,1.04,26.5,53.1,121.8,1255.1,36.8,31.8,,,2026-08-20T04:36:24.695260+00:00
19/08/2026,Redcliffe,QLD,8,RE190826_R8,https://www.tab.com.au/racing/2026-08-19/REDCLIFFE/B/H/8,2,COBBITY CADENCE,1,DIVINE ABUNDANCE,4,SAUV BLANC,2.4,1.2,1,2.4,1.7,4.1,12.5,101.6,,17.6,36.2,342,2026-08-20T04:41:11.773823+00:00
19/08/2026,Redcliffe,QLD,9,RE190826_R9,https://www.tab.com.au/racing/2026-08-19/REDCLIFFE/B/H/9,3,AESTHETE,8,CAPTAINS RUN,2,ZEUSTORM,2,1.4,1.3,6.2,3,4.5,66.6,380.5,,11.3,,,2026-08-20T04:46:06.941571+00:00
20/08/2026,Albion Park,QLD,1,AP200826_R1,https://www.tab.com.au/racing/2026-08-20/ALBION-PARK/B/H/1,8,BUCKLES,5,LOCHINVAR SON,1,TRINITY RAINBOW,8.1,2,1.8,2,19.4,55.5,194.2,754.9,,,,,2026-08-21T01:46:36.699568+00:00
20/08/2026,Albion Park,QLD,2,AP200826_R2,https://www.tab.com.au/racing/2026-08-20/ALBION-PARK/B/H/2,7,JAY TEE TYRON,2,THREE CHORD RIFF,8,MAJOR SLIP UP,4.3,1.3,2.7,1.3,32.3,40.6,97.1,439.6,,46.3,,,2026-08-21T01:51:31.268081+00:00
20/08/2026,Albion Park,QLD,3,AP200826_R3,https://www.tab.com.au/racing/2026-08-20/ALBION-PARK/B/H/3,9,RACANA,10,BURNS BAY,5,TAKE A CHANCE,1.6,1.04,1.4,3.2,3,4.3,22.7,173.1,,7.7,,,2026-08-21T01:56:18.695069+00:00
20/08/2026,Albion Park,QLD,4,AP200826_R4,https://www.tab.com.au/racing/2026-08-20/ALBION-PARK/B/H/4,5,CRIPPA MAX,7,CAPTAIN JAZZ,1,BETTOR BE BODHI,3.2,2.1,2.1,1.7,8.3,8.5,54.6,365.7,,9.3,,320.5,2026-08-21T02:00:53.364331+00:00
20/08/2026,Albion Park,QLD,5,AP200826_R5,https://www.tab.com.au/racing/2026-08-20/ALBION-PARK/B/H/5,1,HEZA MAYWYN,10,MISS BAY KING COLE,5,TREACHEROUS BELLE,4.2,1.7,2.7,2,18.1,36.8,160.5,1694.8,,5.8,,,2026-08-21T02:05:52.609866+00:00
20/08/2026,Albion Park,QLD,6,AP200826_R6,https://www.tab.com.au/racing/2026-08-20/ALBION-PARK/B/H/6,3,GEM PUNTER PETE,7,DRAGON,8,MISTER MANAGER,1.7,1.04,1.6,2.3,3.1,6.2,27.3,336.3,,9.3,,,2026-08-21T02:10:51.024338+00:00
20/08/2026,Albion Park,QLD,7,AP200826_R7,https://www.tab.com.au/racing/2026-08-20/ALBION-PARK/B/H/7,3,SMARTER THAN YOU,5,TARGARYEN,9,DREAMALITTLEDREAM,25.1,4.3,6.7,1.4,285.4,848.3,1790.4,8168.5,72.6,30.5,,,2026-08-21T02:15:50.155774+00:00
20/08/2026,Albion Park,QLD,8,AP200826_R8,https://www.tab.com.au/racing/2026-08-20/ALBION-PARK/B/H/8,10,FERNCO NEL,3,TREMENDOUS SENSATI,2,SALLY BIGTIME,3,1.6,3.2,1.5,24.5,31.8,109.9,761.8,,183.1,0,1088.9,2026-08-21T02:20:55.682994+00:00
20/08/2026,Albion Park,QLD,9,AP200826_R9,https://www.tab.com.au/racing/2026-08-20/ALBION-PARK/B/H/9,9,DOUGS FLAME,4,LILSTREPO,10,QUEEN LILIBET,2.3,1.1,3,2.6,11.9,18.3,101.2,1368.1,,9.4,,,2026-08-21T02:25:53.844510+00:00
20/08/2026,Kilmore,VIC,1,KI200826_R1,https://www.tab.com.au/racing/2026-08-20/KILMORE/M/H/1,4,MAJESTIC MONARCH,9,TWEEDLEDEE,5,ALDEBARAN JAZMINE,1.7,1.2,1.6,3.7,4.6,5.4,41.2,148.9,,,,,2026-08-21T02:30:53.289076+00:00
20/08/2026,Kilmore,VIC,2,KI200826_R2,https://www.tab.com.au/racing/2026-08-20/KILMORE/M/H/2,8,AGAINST THE BRIDLE,10,WALKIN UNDERSTARZ,5,KALARNEY PRINCE,1.9,1.1,2.5,4.2,9.2,13.4,115.6,643.7,,6.3,,,2026-08-21T02:35:51.470766+00:00
20/08/2026,Kilmore,VIC,3,KI200826_R3,https://www.tab.com.au/racing/2026-08-20/KILMORE/M/H/3,6,STERLING GIGI,1,RIDE HIGH CAPTIN,2,DYGANALI,2,1.1,2.3,2.7,5.3,10.8,35.4,263,,7.8,,,2026-08-21T02:46:06.404507+00:00
20/08/2026,Kilmore,VIC,4,KI200826_R4,https://www.tab.com.au/racing/2026-08-20/KILMORE/M/H/4,10,KINGS GALLERY,3,TOBYS SHOUT,8,MIKI MARK,1.4,1.04,2.8,11.2,7.5,5.1,237.2,2152.8,,4.2,,23.6,2026-08-21T02:51:05.119431+00:00
20/08/2026,Kilmore,VIC,5,KI200826_R5,https://www.tab.com.au/racing/2026-08-20/KILMORE/M/H/5,8,LIBERTY STAR DUST,7,FROSTY DROP,4,SPORTS WRACK,7.8,2.4,4.7,1.5,70.3,141.1,612.9,1492.5,,12.4,,,2026-08-21T02:56:09.035503+00:00
20/08/2026,Kilmore,VIC,6,KI200826_R6,https://www.tab.com.au/racing/2026-08-20/KILMORE/M/H/6,6,OX KNOX,2,AMOUR MATERNAL,7,CALL ME JACK,2.1,1.3,3.3,,7.4,9.6,53.6,647.7,,30.3,,,2026-08-21T03:01:09.410219+00:00
20/08/2026,Kilmore,VIC,7,KI200826_R7,https://www.tab.com.au/racing/2026-08-20/KILMORE/M/H/7,7,MOISSANITE,1,DELTA GEE,5,MI BOW,3.7,1.9,4.2,,28.3,44.2,71.1,1250,34.5,13.7,66.9,118.1,2026-08-21T03:06:05.661797+00:00
20/08/2026,Penrith,NSW,1,PE200826_R1,https://www.tab.com.au/racing/2026-08-20/PENRITH/S/H/1,10,ETHANS REVENGE,4,CRUNCH IT,3,DYNAMITE DANNI,1.7,1.2,1.5,3,4.8,6,51,234.4,,,,,2026-08-21T03:11:07.155491+00:00
20/08/2026,Penrith,NSW,2,PE200826_R2,https://www.tab.com.au/racing/2026-08-20/PENRITH/S/H/2,9,ALLORNOTHINGLEVI,1,NEVERTOOLATE,6,RIPSTONE SNORTER,6.7,2.3,7.6,17,151.5,257.3,9684.8,8443.5,,15.6,,,2026-08-21T03:21:08.256654+00:00
20/08/2026,Penrith,NSW,3,PE200826_R3,https://www.tab.com.au/racing/2026-08-20/PENRITH/S/H/3,4,GO AWAY AGAIN,9,BARA RILEY,10,EYE CAN EAR AMOUR,2.2,1.4,3.3,1.9,40.4,51.3,126.6,831.7,,35,,,2026-08-21T03:26:05.481385+00:00
20/08/2026,Penrith,NSW,4,PE200826_R4,https://www.tab.com.au/racing/2026-08-20/PENRITH/S/H/4,5,GISSELLE,4,THIS IS HEAVEN,6,BOLERO,20.8,4,1.04,10.3,8.4,34,513.5,3836.8,,65.8,,1419.2,2026-08-21T03:30:52.581667+00:00
20/08/2026,Penrith,NSW,5,PE200826_R5,https://www.tab.com.au/racing/2026-08-20/PENRITH/S/H/5,1,TOMAHAWK BART,10,FIRE FOX,4,TIGER PRINCE,2,1.1,6.2,2.4,79.4,83,542.6,4243.1,,72.1,,,2026-08-21T03:35:49.291701+00:00
20/08/2026,Penrith,NSW,6,PE200826_R6,https://www.tab.com.au/racing/2026-08-20/PENRITH/S/H/6,10,GOODTIME BRAVO,2,CORNELIUS,3,FINAL PROMISE,45,8.1,4.2,1.5,345.4,542.3,6246.8,5625.5,,50.6,,,2026-08-21T03:40:51.262914+00:00
20/08/2026,Penrith,NSW,7,PE200826_R7,https://www.tab.com.au/racing/2026-08-20/PENRITH/S/H/7,6,ULTIMATE EQUUS,10,DESIGNA LABEL,4,GO TESS GO,5.6,1.9,2.3,2,15.8,33.4,184,960,34.9,30.8,,,2026-08-21T03:45:52.719375+00:00
20/08/2026,Penrith,NSW,8,PE200826_R8,https://www.tab.com.au/racing/2026-08-20/PENRITH/S/H/8,4,BETTING STAR,2,LOOKIN GOOD MARGIE,6,GREY CADILLAC,14.5,4.8,2,5.7,34.8,69.9,939.8,3888.2,,75.2,0,11496.4,2026-08-21T03:56:08.355334+00:00
21/08/2026,Mildura,VIC,1,ML210826_R1,https://www.tab.com.au/racing/2026-08-21/MILDURA/MDU/H/1?jurisdiction=VIC,6,JUST INCREDIBLE,5,RUBBLEONTHEDOUBLE,3,CAULONIA TERROR,2.4,2,2.5,,5.3,9.9,43.8,104,,,,,2026-08-21T04:00:49.237304+00:00
20/08/2026,Tamworth,NSW,1,TA200826_R1,https://www.tab.com.au/racing/2026-08-20/TAMWORTH/C/H/1,1,JOHNNY DEE,6,ELLIE RIPPIN,10,DOUBLE LINES,3,1.6,2.9,5.8,26.5,49.7,549.2,2915.6,,,,,2026-08-21T04:06:05.216073+00:00
20/08/2026,Tamworth,NSW,2,TA200826_R2,https://www.tab.com.au/racing/2026-08-20/TAMWORTH/C/H/2,2,CHANGES,4,BIRUBI BOOGIE,1,VINCITO,1.5,1.2,2.1,1.5,8.6,6.1,43.6,159.6,,14.1,,,2026-08-21T04:10:52.747417+00:00
20/08/2026,Tamworth,NSW,3,TA200826_R3,https://www.tab.com.au/racing/2026-08-20/TAMWORTH/C/H/3,9,DELANEY,7,TRY CATCHING ME,8,THE NINJA,1.4,1.04,2,2.7,3.9,3.7,22.1,133.3,,2.2,,,2026-08-21T04:15:51.867198+00:00
20/08/2026,Tamworth,NSW,4,TA200826_R4,https://www.tab.com.au/racing/2026-08-20/TAMWORTH/C/H/4,5,RAINBOW TITAN,2,JIMMY STEEL,7,REIGN MAKER,7.4,2.3,2.2,1.8,18.7,51.5,376.4,811.2,,22.4,,122.7,2026-08-21T04:20:51.738137+00:00
20/08/2026,Tamworth,NSW,5,TA200826_R5,https://www.tab.com.au/racing/2026-08-20/TAMWORTH/C/H/5,10,TABRA,9,WHENS LUNCH,8,IM BELIEBER,59.4,6.2,3.4,2.4,81.8,181.1,1277.4,6711.4,,191.5,,,2026-08-21T04:31:06.023337+00:00
21/08/2026,Mildura,VIC,2,ML210826_R2,https://www.tab.com.au/racing/2026-08-21/MILDURA/MDU/H/2?jurisdiction=VIC,3,CAPTAIN PAPRIKA,5,HESASTAR,4,ACCELERE,25,8.4,5.7,,210.2,311.5,1434.6,7131.9,,48.1,,,2026-08-21T04:35:49.557255+00:00
20/08/2026,Tamworth,NSW,6,TA200826_R6,https://www.tab.com.au/racing/2026-08-20/TAMWORTH/C/H/6,6,IM LORD TOMMY,2,LEAVE IT TO LUCY,9,CORAL CAYS,7.8,2.2,1.2,2.4,5.8,16.6,61.4,377.6,,157.2,,,2026-08-21T04:41:07.339360+00:00
20/08/2026,Tamworth,NSW,7,TA200826_R7,https://www.tab.com.au/racing/2026-08-20/TAMWORTH/C/H/7,2,ULTIMATE DIVA,6,TINNY MAHONEY,10,DIDSHEDOIT,2.2,1.8,5.1,7.5,26.4,16.6,242.5,2833.9,140.8,34.7,,,2026-08-21T04:45:51.856281+00:00
20/08/2026,Tamworth,NSW,8,TA200826_R8,https://www.tab.com.au/racing/2026-08-20/TAMWORTH/C/H/8,6,HE SAID SHE SAID,1,MAYWYNS MIGHTY MAC,4,LAURIE DEE,11.6,3.3,1.7,1.5,21,46.7,142.8,488.7,,22.4,0,1366.9,2026-08-21T04:50:51.684366+00:00
20/08/2026,Tamworth,NSW,9,TA200826_R9,https://www.tab.com.au/racing/2026-08-20/TAMWORTH/C/H/9,7,ARNIES ARMY,8,BAT MATSON,1,LUKE JOHN,6.4,1.4,2.1,2,17.3,40.2,197.4,726.4,,97.9,,,2026-08-21T04:55:51.863344+00:00
21/08/2026,Mildura,VIC,3,ML210826_R3,https://www.tab.com.au/racing/2026-08-21/MILDURA/MDU/H/3?jurisdiction=VIC,4,FORTY LOVE,1,MAXY WANTS TO PLAY,2,CEMETERY BAY,1.2,1.3,2.5,,5,4.7,41.3,224.8,,74.8,,,2026-08-21T05:10:49.636855+00:00
21/08/2026,Mildura,VIC,4,ML210826_R4,https://www.tab.com.au/racing/2026-08-21/MILDURA/MDU/H/4?jurisdiction=VIC,7,YOUVE BEEN SERVED,5,CAPTIVATE ME,1,CRUEL MISTRESS,1.6,1.1,1.4,1.4,3.2,3.5,6.8,41.1,,2.5,,186.2,2026-08-21T05:45:51.515473+00:00
21/08/2026,Mildura,VIC,5,ML210826_R5,https://www.tab.com.au/racing/2026-08-21/MILDURA/MDU/H/5?jurisdiction=VIC,2,GUEST ARTIST,3,CHEERS POVERTY,8,KEAYANG MOROCCAN,2.5,1.5,4.4,2.5,30.4,47.2,315.5,1971.1,,4.4,,,2026-08-21T06:25:52.821656+00:00
21/08/2026,Mildura,VIC,6,ML210826_R6,https://www.tab.com.au/racing/2026-08-21/MILDURA/MDU/H/6?jurisdiction=VIC,7,MAJOR LINCOLN,4,KEAYANG CRIPPA,3,ROCKING WROXTON,3.9,1.8,1.8,1.7,7.9,20.4,68.4,269.9,,7.6,,,2026-08-21T07:10:56.805945+00:00
21/08/2026,Newcastle,NSW,1,NR210826_R1,https://www.tab.com.au/racing/2026-08-21/NEWCASTLE/NEW/H/1?jurisdiction=VIC,4,HALF HOLIDAY,2,MAJOR AUSTIN,5,MANHATTEN CHICK,2.6,1.4,1.4,2,4.9,4.1,18.5,112.8,,,,,2026-08-21T07:21:00.984126+00:00
21/08/2026,Parkes,NSW,1,PK210826_R1,https://www.tab.com.au/racing/2026-08-21/PARKES/PRK/H/1?jurisdiction=VIC,11,ANGELIC COPY,2,IM STARVING,9,MRS MAHONEY,2.8,1.4,1.8,7.4,6.6,13.4,245.9,995.3,,,,,2026-08-21T07:30:58.909023+00:00
21/08/2026,Mildura,VIC,7,ML210826_R7,https://www.tab.com.au/racing/2026-08-21/MILDURA/MDU/H/7?jurisdiction=VIC,1,FLAME BLASTER,9,SHES POPPY,2,THE DEVIL ROLLS ON,6.5,2,3.1,1.4,45.9,83.2,363.7,1717.7,26.6,34.4,86.8,97.4,2026-08-21T07:35:46.884617+00:00
21/08/2026,Newcastle,NSW,2,NR210826_R2,https://www.tab.com.au/racing/2026-08-21/NEWCASTLE/NEW/H/2?jurisdiction=VIC,1,SPRINGFIELD AFFAIR,2,HAPPY TOO YA,10,THE CID,1.7,1.04,1.6,3,4.7,6.1,26.7,117.7,,7.3,,,2026-08-21T07:50:59.567367+00:00
21/08/2026,Redcliffe,QLD,1,RE210826_R1,https://www.tab.com.au/racing/2026-08-21/REDCLIFFE/RED/H/1?jurisdiction=VIC,1,MACH ASSASSIN,7,STUDLEIGH MARK,8,CANADIAN LASS,2.3,1.5,1.6,4,5.3,5.1,23.6,381.6,,,,,2026-08-21T07:56:05.453934+00:00
21/08/2026,Parkes,NSW,2,PK210826_R2,https://www.tab.com.au/racing/2026-08-21/PARKES/PRK/H/2?jurisdiction=VIC,5,STRAIGHTNNARROW,6,CAPITALISM,3,FEISTY TIGER,28.7,6.2,6,4.5,130.9,279.3,3292.3,9175.8,,178.6,,,2026-08-21T08:46:24.543565+00:00
21/08/2026,Newcastle,NSW,3,NR210826_R3,https://www.tab.com.au/racing/2026-08-21/NEWCASTLE/NEW/H/3?jurisdiction=VIC,2,LOUISE LUCK,4,PENURIOUS,3,IRE OF THE DRAGON,2,1.4,3.5,2.7,19.1,25.6,137.6,558.7,,4.5,,,2026-08-21T08:46:53.212943+00:00
21/08/2026,Redcliffe,QLD,2,RE210826_R2,https://www.tab.com.au/racing/2026-08-21/REDCLIFFE/RED/H/2?jurisdiction=VIC,1,ALTA SENSATION,6,DOLLY ROCKET,4,VINCHESKA,2.6,1.5,1.9,1.6,16,23,109.5,303.1,,9.4,,,2026-08-21T08:48:32.481411+00:00
21/08/2026,Parkes,NSW,3,PK210826_R3,https://www.tab.com.au/racing/2026-08-21/PARKES/PRK/H/3?jurisdiction=VIC,3,KING BOBBIE,1,A LIL BIT OF LOVE,5,LOLLIPOP,5.2,1.6,1.4,3.2,3.5,11.2,56.9,273.5,,533.8,,,2026-08-21T08:49:07.670485+00:00
21/08/2026,Melton,VIC,1,MX210826_R1,https://www.tab.com.au/racing/2026-08-21/MELTON/MLT/H/1?jurisdiction=VIC,5,ALLHEARTNOHEIGHT,8,FAVOURITEHIGHLIGHT,9,FREAK OUT,4.4,1.7,2.2,1.8,11.9,22.3,73.3,420.4,,,,,2026-08-21T08:49:55.028285+00:00
21/08/2026,Newcastle,NSW,4,NR210826_R4,https://www.tab.com.au/racing/2026-08-21/NEWCASTLE/NEW/H/4?jurisdiction=VIC,11,CONCILIATE,6,MODERN MISCHIEF,10,RUMOUR STRIDE,1.9,1.04,1.3,1.8,3.4,2.7,9,30.9,,5,,26,2026-08-21T08:51:18.725118+00:00
21/08/2026,Redcliffe,QLD,3,RE210826_R3,https://www.tab.com.au/racing/2026-08-21/REDCLIFFE/RED/H/3?jurisdiction=VIC,3,PRETTY LITTLE LIAR,1,MUCH BETTOR,5,LITTLE SURFER GIRL,1.7,1.04,1.9,4.4,1.9,2.8,28.2,104.8,,8.6,,,2026-08-21T08:56:07.667534+00:00
21/08/2026,Parkes,NSW,4,PK210826_R4,https://www.tab.com.au/racing/2026-08-21/PARKES/PRK/H/4?jurisdiction=VIC,5,RIVIERE,3,HAZZA IS WATCHING,6,STUDLEIGH SUNRISE,23,5.3,3.4,10.5,120.4,167.3,5063,5080.6,,73.5,,929.4,2026-08-21T09:05:52.039953+00:00
21/08/2026,Melton,VIC,2,MX210826_R2,https://www.tab.com.au/racing/2026-08-21/MELTON/MLT/H/2?jurisdiction=VIC,9,KYVALLEY MICHAEL,6,THE SKY IS THE LIM,4,SCAR,1.8,1.1,4.7,1.9,22.5,34.6,132.5,528.5,,6.6,,,2026-08-21T09:15:57.538260+00:00
21/08/2026,Newcastle,NSW,5,NR210826_R5,https://www.tab.com.au/racing/2026-08-21/NEWCASTLE/NEW/H/5?jurisdiction=VIC,5,KANENA PROVLIMA,9,LUX AETERNA,3,LACEYS LAD,4.4,1.7,1.04,,2,10.3,49.8,105.3,,7.9,,,2026-08-21T09:20:58.434494+00:00
21/08/2026,Redcliffe,QLD,4,RE210826_R4,https://www.tab.com.au/racing/2026-08-21/REDCLIFFE/RED/H/4?jurisdiction=VIC,1,CHARLIE CHUCKLES,6,FAVREAU,7,AZOR AHAI,6.6,2.2,1.8,2.7,10.5,22.1,255.8,1410,,25.3,,155.7,2026-08-21T09:26:24.494583+00:00
21/08/2026,Gloucester Park,WA,1,GP210826_R1,https://www.tab.com.au/racing/2026-08-21/GLOUCESTER-PARK/GLP/H/1?jurisdiction=VIC,11,HOLD THE AMMO,7,CURADH,8,BROUGHT TO LIGHT,30.1,4.8,2.1,1.2,23.6,194.8,442.8,5673.8,,,,,2026-08-21T09:36:01.567967+00:00
21/08/2026,Parkes,NSW,5,PK210826_R5,https://www.tab.com.au/racing/2026-08-21/PARKES/PRK/H/5?jurisdiction=VIC,9,ROCKNROLL BLING,8,NEED SOME TIME,6,ROCK SPIRIT,13.1,2.3,1.4,2.8,26.2,72.8,131.8,4274.7,,119.6,,,2026-08-21T09:40:59.431839+00:00
21/08/2026,Melton,VIC,3,MX210826_R3,https://www.tab.com.au/racing/2026-08-21/MELTON/MLT/H/3?jurisdiction=VIC,7,HIGHLANDHARTBREAKA,5,PISTOL PEARCE,2,BULLETPROOF KID,6.6,2.1,1.9,1.04,25.3,39,115.3,694.1,,17.9,,,2026-08-21T09:46:26.530032+00:00
21/08/2026,Newcastle,NSW,6,NR210826_R6,https://www.tab.com.au/racing/2026-08-21/NEWCASTLE/NEW/H/6?jurisdiction=VIC,4,DECOUPAGE,11,SLICK AND SUAVE,6,ULTIMATE DILEMMA,1.1,1,5.5,5.4,19,13.3,192.4,1010,,10.4,,,2026-08-21T09:56:06.742942+00:00
21/08/2026,Redcliffe,QLD,5,RE210826_R5,https://www.tab.com.au/racing/2026-08-21/REDCLIFFE/RED/H/5?jurisdiction=VIC,7,MAHINDI,8,MOVE HEAVENNEARTH,5,ROCK HAMMER,3,2.1,5.1,2.9,54.6,51.3,563.7,3998.6,,30,,,2026-08-21T10:01:17.176420+00:00
21/08/2026,Gloucester Park,WA,2,GP210826_R2,https://www.tab.com.au/racing/2026-08-21/GLOUCESTER-PARK/GLP/H/2?jurisdiction=VIC,5,DELIGHTFUL PEG,8,PENNY BLACK,4,SUGAR DELIGHT,1.5,1.3,1.8,5.2,4,5.8,83,790.9,,95.7,,,2026-08-21T10:11:05.534657+00:00
21/08/2026,Parkes,NSW,6,PK210826_R6,https://www.tab.com.au/racing/2026-08-21/PARKES/PRK/H/6?jurisdiction=VIC,7,LIMBO LENNY,1,RIVERINA FLASH,3,SURFIN AT MIDNIGHT,5.2,1.5,1.3,2.2,2.2,10.7,47.5,184.9,,111.4,,,2026-08-21T10:15:57.218172+00:00
21/08/2026,Melton,VIC,4,MX210826_R4,https://www.tab.com.au/racing/2026-08-21/MELTON/MLT/H/4?jurisdiction=VIC,3,MAJARO GIRL,5,MISS MUSCLE,2,DREAMS OF LOVE,11.6,2.1,1.04,3.6,5.1,27.8,150.7,765.9,,67.3,,706.4,2026-08-21T10:21:02.193887+00:00
21/08/2026,Newcastle,NSW,7,NR210826_R7,https://www.tab.com.au/racing/2026-08-21/NEWCASTLE/NEW/H/7?jurisdiction=VIC,7,SUNLIGHT STRIDE,6,WATCH AFRICANDANCE,8,REASONABLY SWEET,1.6,1.04,3,3.1,5.7,11.5,45.6,573.6,14.2,3.2,,,2026-08-21T10:26:03.907294+00:00
21/08/2026,Redcliffe,QLD,6,RE210826_R6,https://www.tab.com.au/racing/2026-08-21/REDCLIFFE/RED/H/6?jurisdiction=VIC,9,ARKUNA,10,WELL SAID NUGGET,7,JUKEBOX JET,3.7,1.4,1.9,1.8,8.1,16.1,120.9,609.9,,26.5,,,2026-08-21T10:36:34.602059+00:00
21/08/2026,Gloucester Park,WA,3,GP210826_R3,https://www.tab.com.au/racing/2026-08-21/GLOUCESTER-PARK/GLP/H/3?jurisdiction=VIC,2,ELWADDELL,11,IMA FIVESTAR GENER,7,LUCCA,6,1.6,,,54.7,86.7,679.1,4599.6,,8,,,2026-08-21T10:41:10.646270+00:00
21/08/2026,Parkes,NSW,7,PK210826_R7,https://www.tab.com.au/racing/2026-08-21/PARKES/PRK/H/7?jurisdiction=VIC,1,ULTIMATE COOKIE,7,ONEDARKNIGHT,3,JUDAH,5.7,1.6,2,1.9,5.1,12,101.1,303.6,43.5,71.4,,,2026-08-21T10:51:18.213133+00:00
21/08/2026,Melton,VIC,5,MX210826_R5,https://www.tab.com.au/racing/2026-08-21/MELTON/MLT/H/5?jurisdiction=VIC,1,THE FINAL DANCE,9,MONTANA PRIDE,5,EVILEYE,2.1,1.4,2.3,5,11.7,14,180.9,925.4,,25.1,,,2026-08-21T11:01:12.058586+00:00
21/08/2026,Newcastle,NSW,8,NR210826_R8,https://www.tab.com.au/racing/2026-08-21/NEWCASTLE/NEW/H/8?jurisdiction=VIC,2,WUNDERLAND,9,GOODTIME MIKI,5,CHLOBRO,9.4,2.9,2.5,2.1,37.8,69.2,201,2403.4,,40.2,0,271.1,2026-08-21T11:06:03.326259+00:00
21/08/2026,Redcliffe,QLD,7,RE210826_R7,https://www.tab.com.au/racing/2026-08-21/REDCLIFFE/RED/H/7?jurisdiction=VIC,7,THREE MACHS,3,KEAYANG TARA,6,CONNIES SPIRIT,4.7,1.2,3.1,6.7,29.2,47,1252,2765.4,19.2,6.8,,,2026-08-21T11:11:06.057998+00:00
21/08/2026,Gloucester Park,WA,4,GP210826_R4,https://www.tab.com.au/racing/2026-08-21/GLOUCESTER-PARK/GLP/H/4?jurisdiction=VIC,9,MAGNIFICENT STORM,1,SOHO SHAKEDOWN,10,SWEET PINS,1.1,1.04,1.9,2.8,3.1,3.1,9.7,39.6,,8.6,,687.9,2026-08-21T11:21:08.273401+00:00
21/08/2026,Parkes,NSW,8,PK210826_R8,https://www.tab.com.au/racing/2026-08-21/PARKES/PRK/H/8?jurisdiction=VIC,7,BODELETOS,10,IRK MCGLURK,1,PYEKAKARIKI,14.5,2.7,3.4,1.2,91.4,152.4,537.3,3008.5,,72.9,0,2619.9,2026-08-21T11:25:58.008948+00:00
21/08/2026,Melton,VIC,6,MX210826_R6,https://www.tab.com.au/racing/2026-08-21/MELTON/MLT/H/6?jurisdiction=VIC,1,LENARD ESS,8,CINQUANTA,5,SPUN SILVER,2.1,1.5,6.6,2.4,14.7,28.1,219.1,1188.7,,5.5,,,2026-08-21T11:31:10.408508+00:00
21/08/2026,Newcastle,NSW,9,NR210826_R9,https://www.tab.com.au/racing/2026-08-21/NEWCASTLE/NEW/H/9?jurisdiction=VIC,4,TAFL MOVE,5,BODYLINE,1,LETSGETROWDY,1.9,1.5,1.3,3.1,6.2,7.8,52.8,166.3,,43.1,,,2026-08-21T11:46:00.418214+00:00
21/08/2026,Redcliffe,QLD,8,RE210826_R8,https://www.tab.com.au/racing/2026-08-21/REDCLIFFE/RED/H/8?jurisdiction=VIC,8,IAM HUGO,7,DEAL IT VINNIE,1,UNJUST ENRICHMENT,4,1.8,1.9,,9.8,20.5,23.5,55.5,,12.1,0,479.2,2026-08-21T11:46:37.119770+00:00
21/08/2026,Gloucester Park,WA,5,GP210826_R5,https://www.tab.com.au/racing/2026-08-21/GLOUCESTER-PARK/GLP/H/5?jurisdiction=VIC,8,SCOOTER B,11,MAJOR DISCO,5,ILLAWONG MUSTANG,1.5,1.3,2.8,3.7,21.5,25.5,250.8,777.1,,1.7,,,2026-08-21T11:51:04.333842+00:00
21/08/2026,Parkes,NSW,9,PK210826_R9,https://www.tab.com.au/racing/2026-08-21/PARKES/PRK/H/9?jurisdiction=VIC,4,BABY EL AY,1,BURRABADINE AUSTIN,6,LACEY CAKES,119.8,7.9,1.04,3.3,20.6,351.6,999.7,9356.4,,0,,,2026-08-21T12:00:49.664328+00:00
21/08/2026,Melton,VIC,7,MX210826_R7,https://www.tab.com.au/racing/2026-08-21/MELTON/MLT/H/7?jurisdiction=VIC,5,ADELAIDE RED,8,KEAYANG MINNESOTA,6,HARPERSEVEN,11.7,2.4,2.4,1.4,37.7,52.2,850.8,1928.9,21.5,22.8,,,2026-08-21T12:06:23.350115+00:00
21/08/2026,Gloucester Park,WA,6,GP210826_R6,https://www.tab.com.au/racing/2026-08-21/GLOUCESTER-PARK/GLP/H/6?jurisdiction=VIC,7,ARTFUL MAJOR,10,LUVBITE,2,COLD HARD CASH,2.8,1.5,1.4,4.4,2.7,8.4,70.8,419.8,,5,,,2026-08-21T12:20:55.311088+00:00
21/08/2026,Parkes,NSW,10,PK210826_R10,https://www.tab.com.au/racing/2026-08-21/PARKES/PRK/H/10?jurisdiction=VIC,7,GABBYS SPORTSTAR,1,TENEACHWAY,8,MAISIELOUISA,2.1,1.3,1.5,3.1,4,9.7,45.6,157.7,,0,,,2026-08-21T12:25:58.100446+00:00
21/08/2026,Melton,VIC,8,MX210826_R8,https://www.tab.com.au/racing/2026-08-21/MELTON/MLT/H/8?jurisdiction=VIC,8,FANTASY FLIGHT,1,SWEETSUGARCANDYMAN,5,SWEET FLORABEL,1.8,1.04,1.7,,1.9,3.5,8.9,19,,33.7,112.7,131.1,2026-08-21T12:36:14.700355+00:00
21/08/2026,Gloucester Park,WA,7,GP210826_R7,https://www.tab.com.au/racing/2026-08-21/GLOUCESTER-PARK/GLP/H/7?jurisdiction=VIC,5,SAIFA,8,CEE DEE THREE,2,GOV STARZZZ,9.6,2.5,3.6,12.2,109,162.6,2495.3,12326.8,9.3,26.5,,,2026-08-21T12:45:50.649654+00:00
21/08/2026,Bunbury,WA,1,BY210826_R1,https://www.tab.com.au/racing/2026-08-21/BUNBURY/W/H/1,11,HOLD THE AMMO,7,CURADH,8,BROUGHT TO LIGHT,30.1,4.8,2.1,1.2,23.6,194.8,442.8,5673.8,,,,,2026-08-22T02:12:20.771729+00:00
21/08/2026,Bunbury,WA,2,BY210826_R2,https://www.tab.com.au/racing/2026-08-21/BUNBURY/W/H/2,5,DELIGHTFUL PEG,8,PENNY BLACK,4,SUGAR DELIGHT,1.5,1.3,1.8,5.2,4,5.8,83,790.9,,95.7,,,2026-08-22T02:17:22.611694+00:00
21/08/2026,Bunbury,WA,3,BY210826_R3,https://www.tab.com.au/racing/2026-08-21/BUNBURY/W/H/3,2,ELWADDELL,11,IMA FIVESTAR GENER,7,LUCCA,6,1.6,4,2.6,54.7,86.7,679.1,4599.6,,8,,,2026-08-22T02:22:26.108742+00:00
21/08/2026,Bunbury,WA,4,BY210826_R4,https://www.tab.com.au/racing/2026-08-21/BUNBURY/W/H/4,9,MAGNIFICENT STORM,1,SOHO SHAKEDOWN,10,SWEET PINS,1.1,1.04,1.9,2.8,3.1,3.1,9.7,39.6,,8.6,,687.9,2026-08-22T02:27:15.801915+00:00
21/08/2026,Bunbury,WA,5,BY210826_R5,https://www.tab.com.au/racing/2026-08-21/BUNBURY/W/H/5,8,SCOOTER B,11,MAJOR DISCO,5,ILLAWONG MUSTANG,1.5,1.3,2.8,3.7,21.5,25.5,250.8,777.1,,1.7,,,2026-08-22T02:32:14.498904+00:00
21/08/2026,Bunbury,WA,6,BY210826_R6,https://www.tab.com.au/racing/2026-08-21/BUNBURY/W/H/6,7,ARTFUL MAJOR,10,LUVBITE,2,COLD HARD CASH,2.8,1.5,1.4,4.4,2.7,8.4,70.8,419.8,,5,,,2026-08-22T02:37:14.499373+00:00
21/08/2026,Hobart,TAS,1,EH210826_R1,https://www.tab.com.au/racing/2026-08-21/HOBART/T/H/1,4,REMMINGTON,7,SOHO TIGER LILY,10,MIRA DOMINA,2.7,2.1,2.4,5.4,10.8,17.7,132.8,381.9,,,,,2026-08-22T02:42:14.617104+00:00
21/08/2026,Hobart,TAS,2,EH210826_R2,https://www.tab.com.au/racing/2026-08-21/HOBART/T/H/2,8,IDEN OLIVER,2,SWEET DIXIE,6,DOLCE DRAMA,9.4,2.3,1.4,6.8,8.5,54.1,698.8,3485.6,,36.7,,,2026-08-22T02:47:14.914617+00:00
21/08/2026,Hobart,TAS,3,EH210826_R3,https://www.tab.com.au/racing/2026-08-21/HOBART/T/H/3,6,SPOOKY GIRL,9,LAID BACK,2,REPETITIVE,8.8,2.2,1.6,1.7,24.4,55.5,179.9,3727.4,,70.4,,,2026-08-22T02:52:14.424519+00:00
21/08/2026,Hobart,TAS,4,EH210826_R4,https://www.tab.com.au/racing/2026-08-21/HOBART/T/H/4,6,SHOOBEES SPIRIT,8,DONNY IN PARIS,5,MY WAY,7.5,2.7,3,2.1,59.4,130.9,516.1,3163.5,,64.9,,279.1,2026-08-22T02:57:15.341051+00:00
21/08/2026,Hobart,TAS,5,EH210826_R5,https://www.tab.com.au/racing/2026-08-21/HOBART/T/H/5,9,QUEENOFDANCE,3,BARBETTE,7,COLBY ART,20.8,3.3,1.6,2.7,22.2,82.6,912.9,3184.4,,0,,,2026-08-22T03:02:16.231068+00:00
21/08/2026,Hobart,TAS,6,EH210826_R6,https://www.tab.com.au/racing/2026-08-21/HOBART/T/H/6,5,VANQUISH STRIDE,4,IRON CLAD,3,MERRYWOOD PAUL,1.6,1.2,2.1,,3.6,5.2,12.9,92.2,,114,,,2026-08-22T03:07:12.762614+00:00
21/08/2026,Hobart,TAS,7,EH210826_R7,https://www.tab.com.au/racing/2026-08-21/HOBART/T/H/7,5,KENYA,1,BRIGHTLY BLAZE,3,LALIBELA,1.8,1.3,4.9,,8.4,10.6,67.9,141.5,67.4,10.6,0,1275.3,2026-08-22T03:12:14.699840+00:00
21/08/2026,Riverina Paceway,NSW,1,EY210826_R1,https://www.tab.com.au/racing/2026-08-21/RIVERINA-PACEWAY/C/H/1,4,TIGER CHEDDAR,1,BETTERTHANTHEBOYZ,9,THE LADYBIRD,5.3,2.3,3,2.2,20.9,25,146.1,553.7,,,,,2026-08-22T03:17:16.632354+00:00
21/08/2026,Riverina Paceway,NSW,2,EY210826_R2,https://www.tab.com.au/racing/2026-08-21/RIVERINA-PACEWAY/C/H/2,4,ROLL THE ACES,7,SHALLOW POCKETS,3,MELATI BOY,5.6,1.5,10.6,2,209.4,169.9,656.3,4687.6,,22.4,,,2026-08-22T03:22:18.920031+00:00
21/08/2026,Riverina Paceway,NSW,3,EY210826_R3,https://www.tab.com.au/racing/2026-08-21/RIVERINA-PACEWAY/C/H/3,4,MIRADOR LASS,2,SWEET NICKY,10,CEEBEE,3.7,1.6,2.3,2,11.2,24.9,71.3,497,,76.8,,,2026-08-22T03:27:15.114006+00:00
21/08/2026,Riverina Paceway,NSW,4,EY210826_R4,https://www.tab.com.au/racing/2026-08-21/RIVERINA-PACEWAY/C/H/4,3,YARRAMAN JOLT,1,READY TO DREAM,9,THATS THE ATTITUDE,4,1.9,1.6,4.1,5.3,12.5,132.9,580.3,,23,,498.8,2026-08-22T03:32:14.612581+00:00
21/08/2026,Riverina Paceway,NSW,5,EY210826_R5,https://www.tab.com.au/racing/2026-08-21/RIVERINA-PACEWAY/C/H/5,7,IMON,3,HESOURCELEBRITY,8,FIVE OCLOCK WAVE,7.3,1.5,1.4,1.5,7.7,29.3,80.9,449.2,,50.8,,,2026-08-22T03:37:14.779861+00:00
21/08/2026,Riverina Paceway,NSW,6,EY210826_R6,https://www.tab.com.au/racing/2026-08-21/RIVERINA-PACEWAY/C/H/6,7,TITIWHA,8,LOMBOK,4,JILLIBY RYDER,6.9,2.5,2.2,1.6,10.6,19.2,100.7,337.2,,25.8,,,2026-08-22T03:42:14.991109+00:00
21/08/2026,Riverina Paceway,NSW,7,EY210826_R7,https://www.tab.com.au/racing/2026-08-21/RIVERINA-PACEWAY/C/H/7,2,CARLO GAMBINO,1,RUDIMENTARY,4,YUKON BE SERIOUS,13.8,2.3,1.2,2.4,9.7,37.7,85.4,438.6,,,,,2026-08-22T04:47:17.072701+00:00
21/08/2026,Riverina Paceway,NSW,8,EY210826_R8,https://www.tab.com.au/racing/2026-08-21/RIVERINA-PACEWAY/C/H/8,2,NOVANTA RISING,1,CAPTAIN TOM,4,MIKIBEQUICK,5.8,2.8,5,1.7,49.9,80.8,627.7,3896,,96.5,0,0,2026-08-22T04:51:12.152883+00:00
21/08/2026,Gloucester Park,WA,8,GP210826_R8,https://www.tab.com.au/racing/2026-08-21/GLOUCESTER-PARK/W/H/8,5,MANHATTAN MOON,2,AKOYA PEARL,1,LEAVEAMESSAGE,6.3,2.3,1.3,1.6,6.3,20,54.3,527.7,,36.2,0,135.9,2026-08-22T04:52:20.249234+00:00
21/08/2026,Gloucester Park,WA,9,GP210826_R9,https://www.tab.com.au/racing/2026-08-21/GLOUCESTER-PARK/W/H/9,3,GETN WIGGY WITHIT,10,FRANCO MECCA,4,WICKED HUSTLER,7.8,3.1,4.6,1.4,78.7,147.6,439.7,7861.4,,23.5,,,2026-08-22T04:53:09.328169+00:00
21/08/2026,Gloucester Park,WA,10,GP210826_R10,https://www.tab.com.au/racing/2026-08-21/GLOUCESTER-PARK/W/H/10,8,MAGIC CAPTAIN,5,ZLATO,6,SUGAR STREET,1.8,1.3,2.5,3.3,9,10.5,68,501.4,,17.3,,,2026-08-22T04:53:57.964866+00:00
21/08/2026,Melton,VIC,9,MX210826_R9,https://www.tab.com.au/racing/2026-08-21/MELTON/M/H/9,1,KYVALLEY DRIFTER,2,LOLLY,3,SNOWIN,3,1.8,4.8,,19.8,33.1,93.9,118.6,,6.1,,,2026-08-22T04:54:46.327309+00:00
28/07/2026,Riverina Paceway,NSW,9,EY280726_R9,https://www.tab.com.au/racing/2026-07-28/RIVERINA-PACEWAY/C/H/9,4,ANGELIC ATTITUDE,5,AUSSIE TIGER,7,BOY STUNNER,3.5,1.1,1.6,8.2,6,17.9,207.1,1042.5,,0,,,2026-08-22T04:58:58.650775+00:00
28/07/2026,Riverina Paceway,NSW,10,EY280726_R10,https://www.tab.com.au/racing/2026-07-28/RIVERINA-PACEWAY/C/H/10,3,IM HARVEY SPECTER,5,NOTTADOUBT,6,ROLL THE ACES,1.3,1.04,1.8,4.8,8,10.9,63.8,227.6,,10.6,,,2026-08-22T04:59:43.285254+00:00
28/07/2026,Menangle,NSW,1,PC280726_R1,https://www.tab.com.au/racing/2026-07-28/MENANGLE/S/H/1,7,ALDEBARAN ZANE,6,DESIRING DIAMONDS,3,FRANKYTHEFRENCHMAN,1.5,1.2,2.4,1.5,7.2,11.2,49.8,147.3,,,,,2026-08-22T05:00:29.180068+00:00
28/07/2026,Menangle,NSW,2,PC280726_R2,https://www.tab.com.au/racing/2026-07-28/MENANGLE/S/H/2,8,WATTS UP THE HILL,6,ITZFERGIETIME,2,ORIA,1.4,1.1,1.6,1.9,3.1,5.4,20.7,112.2,,,,,2026-08-22T05:00:29.180068+00:00
28/07/2026,Menangle,NSW,3,PC280726_R3,https://www.tab.com.au/racing/2026-07-28/MENANGLE/S/H/3,5,WILLS WAY,2,BIRDY GAL,6,HESAA LISTER,1.8,1.1,1.8,1.6,3.8,6.3,16.6,137.9,,2.1,,,2026-08-22T05:05:32.358793+00:00
28/07/2026,Menangle,NSW,4,PC280726_R4,https://www.tab.com.au/racing/2026-07-28/MENANGLE/S/H/4,6,KELLOSHIEL,5,RUEBE STARBUCK,9,EXPLOSIVE BRONSKI,12.5,3.9,6.4,4.2,186.9,225.4,1819,0,,27.5,,89.2,2026-08-22T05:06:24.703379+00:00
28/07/2026,Menangle,NSW,5,PC280726_R5,https://www.tab.com.au/racing/2026-07-28/MENANGLE/S/H/5,10,FUGITIVE,6,AGENTOFGOODINTENT,9,DUTTON,1.7,1.1,1.2,2.4,1.7,2.2,17.9,164.1,,23,,,2026-08-22T05:07:17.945842+00:00
28/07/2026,Menangle,NSW,6,PC280726_R6,https://www.tab.com.au/racing/2026-07-28/MENANGLE/S/H/6,8,POPS JOY,7,HAS THE COURAGE,5,LEXUS LOU,9.8,2.8,5.1,1.6,146.7,213.1,1012.7,4080,,26.7,,,2026-08-22T05:08:13.519301+00:00
28/07/2026,Menangle,NSW,7,PC280726_R7,https://www.tab.com.au/racing/2026-07-28/MENANGLE/S/H/7,6,YA RACIN ARLO,3,NUGGET ROGERS,1,I GOT CHILLS,4.8,1.9,1.7,2.2,8.7,18.7,86.1,1041.9,17.9,101.7,,,2026-08-22T05:09:06.764837+00:00
28/07/2026,Menangle,NSW,8,PC280726_R8,https://www.tab.com.au/racing/2026-07-28/MENANGLE/S/H/8,9,VINCENZO,8,MICK DANGER,2,FASTING,2.1,1.4,3.6,2.6,15.7,23.6,106,1792.1,,14.9,46.4,540.2,2026-08-22T05:10:47.086740+00:00
28/07/2026,Port Pirie,SA,1,PP280726_R1,https://www.tab.com.au/racing/2026-07-28/PORT-PIRIE/A/H/1,2,ELLA KATE,5,TIGER ROARS,4,ROLL WITH MUSTARD,13.4,2.3,3.2,7.1,72.6,307.2,2634,7021.4,,,,,2026-08-22T05:12:14.249606+00:00
28/07/2026,Port Pirie,SA,2,PP280726_R2,https://www.tab.com.au/racing/2026-07-28/PORT-PIRIE/A/H/2,2,BALLADORO,1,NITEONTHETOWN,3,SHIREEN,2,1.3,6.1,,16.6,21.8,55.2,241.6,,70.6,,,2026-08-22T05:13:34.503906+00:00
28/07/2026,Port Pirie,SA,3,PP280726_R3,https://www.tab.com.au/racing/2026-07-28/PORT-PIRIE/A/H/3,2,MIKIS BEAUTY,1,ZANY GIRL,3,HARRO HILL,3.3,2,2.2,,8,20.8,57.7,133.4,,,,,2026-08-22T05:14:19.412395+00:00
28/07/2026,Port Pirie,SA,4,PP280726_R4,https://www.tab.com.au/racing/2026-07-28/PORT-PIRIE/A/H/4,5,UPRIGHT,6,WAITPINGA REACTOR,2,WELL WELL,2.2,1.6,2,,3.9,6.4,12.8,85.7,,10,,0,2026-08-22T05:15:24.889676+00:00
28/07/2026,Port Pirie,SA,5,PP280726_R5,https://www.tab.com.au/racing/2026-07-28/PORT-PIRIE/A/H/5,5,SAL WESTER,1,MAJOR APDAL,3,AGRIPPA,3.4,1.04,1.7,,3.7,8,15.6,77.1,,0,,,2026-08-22T05:16:09.277335+00:00
28/07/2026,Port Pirie,SA,6,PP280726_R6,https://www.tab.com.au/racing/2026-07-28/PORT-PIRIE/A/H/6,3,MILITARY MERIT,4,SETTLE THE BILL,5,STAR OF PATRICK,2.3,1.1,1.9,,4.4,11.4,13.2,36.3,,,,,2026-08-22T05:16:57.398340+00:00
28/07/2026,Shepparton,VIC,1,SP280726_R1,https://www.tab.com.au/racing/2026-07-28/SHEPPARTON/M/H/1,6,MISTER JIMARINGLE,10,WHATS GLENDA GOT,11,VINNI THE GANGSTER,3.2,1.5,2.8,1.5,18.6,18.1,139.8,398.8,,,,,2026-08-22T05:18:10.345199+00:00
28/07/2026,Shepparton,VIC,2,SP280726_R2,https://www.tab.com.au/racing/2026-07-28/SHEPPARTON/M/H/2,8,MAURLEN COMPASS,7,BETTORSWEETVICTORY,4,SWEET LOUANNE,2.3,1.2,1.6,2.3,5.6,8,41.1,167.7,,8.4,,,2026-08-22T05:18:56.191529+00:00
28/07/2026,Shepparton,VIC,3,SP280726_R3,https://www.tab.com.au/racing/2026-07-28/SHEPPARTON/M/H/3,4,KING SAINT,8,OLLIES THE BOSS,6,LONGTAN VIPER,3.1,1.2,1.1,7.4,2.1,4.4,57.7,205.2,,8.6,,,2026-08-22T05:19:42.481662+00:00
28/07/2026,Shepparton,VIC,4,SP280726_R4,https://www.tab.com.au/racing/2026-07-28/SHEPPARTON/M/H/4,5,OUR MYSTERY BET,4,KNOW THE SCORE,3,TOPHUT JOHNY,7.2,1.6,2.1,1.4,16.4,41.3,213.5,1011.7,,13,,116.3,2026-08-22T05:20:27.979205+00:00
28/07/2026,Shepparton,VIC,5,SP280726_R5,https://www.tab.com.au/racing/2026-07-28/SHEPPARTON/M/H/5,8,A ROCKN NIGHTMARE,5,ELLIANA,3,MAJOR FRIEND,13.2,3.3,2.2,1.04,17.8,38.1,146.6,3395.6,,35.8,,,2026-08-22T05:21:13.337315+00:00
28/07/2026,Shepparton,VIC,6,SP280726_R6,https://www.tab.com.au/racing/2026-07-28/SHEPPARTON/M/H/6,3,MAMMALS REASON,6,AMADA VILLMA,8,FAVOURITEHIGHLIGHT,3.4,1.8,2.8,1.9,20.3,29.2,146.2,711.4,,4.5,,,2026-08-22T05:22:01.792258+00:00
28/07/2026,Shepparton,VIC,7,SP280726_R7,https://www.tab.com.au/racing/2026-07-28/SHEPPARTON/M/H/7,2,MISS HERMES,7,CLIVES GIRL,6,IVE AN IDEA,7.4,2.3,1.1,3.1,8.3,20.8,141.9,969.6,42.1,19.5,,,2026-08-22T05:22:52.680206+00:00
28/07/2026,Shepparton,VIC,8,SP280726_R8,https://www.tab.com.au/racing/2026-07-28/SHEPPARTON/M/H/8,6,FRITSCH,4,KITTY CASH,5,PATNWILL,4.1,1.9,1.5,,3.8,11.4,96.1,311.6,,41.4,0,515.3,2026-08-22T05:23:33.894010+00:00
29/07/2026,Redcliffe,QLD,3,RE290726_R3,https://www.tab.com.au/racing/2026-07-29/REDCLIFFE/B/H/3,7,WESTERN BILL,1,ULTIMATE ARK,3,GLENLEDI BOY,5.4,1.6,1.6,2.6,4.2,18,104.8,80.7,,13.4,,,2026-08-22T05:24:20.189717+00:00
29/07/2026,Redcliffe,QLD,4,RE290726_R4,https://www.tab.com.au/racing/2026-07-29/REDCLIFFE/B/H/4,10,GRIGORA,1,DIGBY DEVIL,2,PRINCE JOY,10.6,2.5,1.8,1.6,28.9,65,215.3,442.9,,0,,0,2026-08-22T05:25:07.923359+00:00
29/07/2026,Redcliffe,QLD,5,RE290726_R5,https://www.tab.com.au/racing/2026-07-29/REDCLIFFE/B/H/5,9,SHEZ A WARRIOR,2,TRACER BULLET,1,JILLIBY PANDA,3.8,1.6,4.4,1.1,49.1,62.7,183.3,852.3,,75.4,,,2026-08-22T05:25:54.278411+00:00
29/07/2026,Redcliffe,QLD,6,RE290726_R6,https://www.tab.com.au/racing/2026-07-29/REDCLIFFE/B/H/6,6,SWIFT CODE,8,THE TORQUE EFFECT,1,TERRAGONG SWINGER,1.4,1.04,1.7,2.9,4.4,6,27.4,480.2,,5.9,,,2026-08-22T05:26:41.818098+00:00
29/07/2026,Redcliffe,QLD,7,RE290726_R7,https://www.tab.com.au/racing/2026-07-29/REDCLIFFE/B/H/7,6,FAVREAU,4,EBONY BELLE,9,ROYAL WINKLE,1.9,1.3,2.3,3.8,6.4,9.2,125.1,450.7,13.3,3.1,,,2026-08-22T05:27:29.433801+00:00
22/08/2026,Menangle,NSW,1,PC220826_R1,https://www.tab.com.au/racing/2026-08-22/MENANGLE/MEN/H/1?jurisdiction=VIC,7,ROCKNROLL HAMMER,8,ALTA SIERRA,6,MIKE ROSS,17.9,3,3.1,2.1,87.5,198.8,3324.8,9448.5,,,,,2026-08-22T07:52:13.416369+00:00
22/08/2026,Albion Park,QLD,2,AP220826_R2,https://www.tab.com.au/racing/2026-08-22/ALBION-PARK/ABK/H/2?jurisdiction=VIC,11,FRENCH FRIES,5,CAPTAIN BART,12,BRAVENTREACHEROUS,3.1,1.04,1.8,1.5,6.9,13.5,27.6,130.9,,71,,,2026-08-22T08:02:16.323878+00:00
22/08/2026,Melton,VIC,1,MX220826_R1,https://www.tab.com.au/racing/2026-08-22/MELTON/MLT/H/1?jurisdiction=VIC,11,FIGHTER COMMAND,7,CATCH A WAVE,12,BULLETPROOF BOY,4.1,1.8,3.2,1.7,17.6,20.3,113.5,3482.2,,,,,2026-08-22T08:37:30.065269+00:00
22/08/2026,Menangle,NSW,2,PC220826_R2,https://www.tab.com.au/racing/2026-08-22/MENANGLE/MEN/H/2?jurisdiction=VIC,2,BLUTO,8,QUIET STORM,3,JAY OK,15.7,3.2,5,9.6,126.9,346.4,6600.6,10911.1,,309.8,,,2026-08-22T08:37:57.626423+00:00
22/08/2026,Albion Park,QLD,3,AP220826_R3,https://www.tab.com.au/racing/2026-08-22/ALBION-PARK/ABK/H/3?jurisdiction=VIC,3,RUBY RULES,1,REDS ABLAZE,8,ISLA ROCHELLE,1.3,1.04,1.7,2.5,3.4,4.3,13.1,33.8,,3.5,,,2026-08-22T08:38:34.735882+00:00
22/08/2026,Melton,VIC,2,MX220826_R2,https://www.tab.com.au/racing/2026-08-22/MELTON/MLT/H/2?jurisdiction=VIC,9,PASTOR DUNBAR,8,NOTANOTHA NAUGHTY,5,HALLEBESOFINE,2.8,1.6,3.9,2.4,25.8,34.3,226.7,1355.5,,14.6,,,2026-08-22T08:42:01.943303+00:00
22/08/2026,Menangle,NSW,3,PC220826_R3,https://www.tab.com.au/racing/2026-08-22/MENANGLE/MEN/H/3?jurisdiction=VIC,3,WICKED WIZARD,1,IDEAL TIMING,4,ALERT BAY,7.4,2,1.1,1.2,20,41.5,63.2,409.6,,112.5,,,2026-08-22T08:52:01.055425+00:00
22/08/2026,Albion Park,QLD,4,AP220826_R4,https://www.tab.com.au/racing/2026-08-22/ALBION-PARK/ABK/H/4?jurisdiction=VIC,1,PURE GRUNT,2,JAMES ALFRED,9,BITE THE EAR MIKE,5.3,1.1,1.9,3.1,14,13.7,217.2,2069.8,,2.9,,460.2,2026-08-22T09:02:15.784150+00:00
22/08/2026,Melton,VIC,3,MX220826_R3,https://www.tab.com.au/racing/2026-08-22/MELTON/MLT/H/3?jurisdiction=VIC,11,IJUSTCALLEDTOSAY,5,ALDEBARAN ABEL,12,FARROKH,7.3,1.6,1.9,8.3,17.9,47.3,722,10327.2,,22.7,,,2026-08-22T09:12:26.682024+00:00
22/08/2026,Menangle,NSW,4,PC220826_R4,https://www.tab.com.au/racing/2026-08-22/MENANGLE/MEN/H/4?jurisdiction=VIC,5,BETTORLIGHTEM UP,6,VINCENZO,1,YA RACIN ARLO,6.8,2.4,1.3,2.9,9.3,17,107.7,2286.5,,44.5,,7528.8,2026-08-22T09:17:23.041144+00:00
22/08/2026,Northam,WA,1,NM220826_R1,https://www.tab.com.au/racing/2026-08-22/NORTHAM/NTM/H/1?jurisdiction=VIC,6,ELPLAYER,9,ELQUESTRO,1,HURRICANE BELLA,11,2.2,1.7,3.7,17.4,66.8,316.6,2756,,,,,2026-08-22T09:27:19.917476+00:00
22/08/2026,Globe Derby Park,SA,1,GD220826_R1,https://www.tab.com.au/racing/2026-08-22/GLOBE-DERBY/GLD/H/1?jurisdiction=VIC,5,HARRO HILL,1,MISS OUT,8,ZANY GIRL,10.4,2.7,1.04,2.2,10.6,26.3,119.9,1261.1,,,,,2026-08-22T09:27:47.074950+00:00
22/08/2026,Albion Park,QLD,5,AP220826_R5,https://www.tab.com.au/racing/2026-08-22/ALBION-PARK/ABK/H/5?jurisdiction=VIC,8,IM EL ARQUERO,2,MAYWYN SON OF LOU,9,CATTLECALL,6.2,1.9,1.6,12.2,22.3,25.4,269.8,1849.6,,61.1,,,2026-08-22T09:42:16.557944+00:00
22/08/2026,Melton,VIC,4,MX220826_R4,https://www.tab.com.au/racing/2026-08-22/MELTON/MLT/H/4?jurisdiction=VIC,9,PESCI,8,GOOD TOBE LOCKSLEY,2,CLYMENUS,4.3,1.7,1.6,3,19.8,25.8,176.5,799.3,,37.9,,391.1,2026-08-22T09:47:18.881832+00:00
22/08/2026,Menangle,NSW,5,PC220826_R5,https://www.tab.com.au/racing/2026-08-22/MENANGLE/MEN/H/5?jurisdiction=VIC,3,I GOT CHILLS,7,JANIE BLU,12,MAGIC JOE,10.3,3.1,11.3,6.3,288.7,445.7,5736.7,9621.7,,74.8,,,2026-08-22T09:57:14.118953+00:00
22/08/2026,Globe Derby Park,SA,2,GD220826_R2,https://www.tab.com.au/racing/2026-08-22/GLOBE-DERBY/GLD/H/2?jurisdiction=VIC,4,DEUCE COUPE,2,CLARENDEN EXPRESS,7,DON ARTHUR,2.8,1.2,2.6,4.5,12.6,23.7,256.7,1675.9,,47.2,,,2026-08-22T10:02:18.122768+00:00
22/08/2026,Northam,WA,2,NM220826_R2,https://www.tab.com.au/racing/2026-08-22/NORTHAM/NTM/H/2?jurisdiction=VIC,6,LETS ROCK TONIGHT,2,VELVET SHADOW,1,DOUGS LEGACY,28.6,5.3,3.3,1.4,67.4,324.8,691.9,4256.5,,72.2,,,2026-08-22T10:07:26.411484+00:00
22/08/2026,Albion Park,QLD,6,AP220826_R6,https://www.tab.com.au/racing/2026-08-22/ALBION-PARK/ABK/H/6?jurisdiction=VIC,7,STRIPES,11,AMYLEE,8,MAGIC JUJON,1.4,1,2,3.3,3.7,4.2,28.2,47.5,,10.1,,,2026-08-22T10:12:25.672320+00:00
22/08/2026,Melton,VIC,5,MX220826_R5,https://www.tab.com.au/racing/2026-08-22/MELTON/MLT/H/5?jurisdiction=VIC,9,I AM THE STORM,2,GUNFORHIRE,1,OLLIES THE BOSS,1.8,1.2,1.9,1.5,5.4,8.6,24.2,102.9,,9.2,,,2026-08-22T10:22:26.578648+00:00
22/08/2026,Menangle,NSW,6,PC220826_R6,https://www.tab.com.au/racing/2026-08-22/MENANGLE/MEN/H/6?jurisdiction=VIC,1,WEONA MISS MIKI,10,POPS JOY,2,WHERE BACK,2.6,1.7,3.7,2.6,22.2,45.7,250,1977.8,,44.4,,,2026-08-22T10:27:13.277872+00:00
22/08/2026,Globe Derby Park,SA,3,GD220826_R3,https://www.tab.com.au/racing/2026-08-22/GLOBE-DERBY/GLD/H/3?jurisdiction=VIC,6,IDEOLOGY,1,IMA DESTROYER,7,STAR OF PATRICK,2.3,1.3,7.1,1.2,31.2,49.7,205.7,1126.8,,6.6,,,2026-08-22T10:37:21.198837+00:00
22/08/2026,Albion Park,QLD,7,AP220826_R7,https://www.tab.com.au/racing/2026-08-22/ALBION-PARK/ABK/H/7?jurisdiction=VIC,3,MULLUM SHOWGIRL,7,SWEET LEAH JANE,1,MACKENZIE REG,17.7,2.6,3.5,1.6,198.2,215,1032.6,1500.7,153.3,19.2,,,2026-08-22T10:42:30.098472+00:00
22/08/2026,Northam,WA,3,NM220826_R3,https://www.tab.com.au/racing/2026-08-22/NORTHAM/NTM/H/3?jurisdiction=VIC,2,CRACKA TINNY,7,ALLWOODS CHEVRON,1,BETTOR BE BUCKS,16.3,2.9,2.1,1.6,63.6,134.2,226.1,1534.1,,120.9,,,2026-08-22T10:47:26.819489+00:00
22/08/2026,Melton,VIC,6,MX220826_R6,https://www.tab.com.au/racing/2026-08-22/MELTON/MLT/H/6?jurisdiction=VIC,7,THE LAST TRIP,4,PICK UP ELVIS,1,LOUGLE,1.5,1.04,2.1,1.4,4.8,8.6,15.3,48.9,,2.3,,,2026-08-22T10:52:25.060312+00:00
22/08/2026,Menangle,NSW,7,PC220826_R7,https://www.tab.com.au/racing/2026-08-22/MENANGLE/MEN/H/7?jurisdiction=VIC,8,CAPTAINS KNOCK,6,HUTA,2,SOUTH SEAS ROCK,1.2,1.04,2.5,13,5.1,6.2,153.4,2616.9,18.6,5.4,,,2026-08-22T10:57:19.458013+00:00
22/08/2026,Globe Derby Park,SA,4,GD220826_R4,https://www.tab.com.au/racing/2026-08-22/GLOBE-DERBY/GLD/H/4?jurisdiction=VIC,2,FLYIN TOMMY,8,MEET ME AT THE BEA,9,PARISIAN BANDIT,2.6,1.7,2.7,2.3,12.1,29.3,95.2,254.4,,6.6,,175.5,2026-08-22T11:07:22.662731+00:00
22/08/2026,Albion Park,QLD,8,AP220826_R8,https://www.tab.com.au/racing/2026-08-22/ALBION-PARK/ABK/H/8?jurisdiction=VIC,5,FREDIDRIVSAMERCURY,8,ICONIC IMAGE,4,DESIRING DIAMONDS,1.8,1.4,2.2,1.8,7.1,10.1,50.8,1636.8,,59,30.4,727,2026-08-22T11:17:19.254433+00:00
22/08/2026,Northam,WA,4,NM220826_R4,https://www.tab.com.au/racing/2026-08-22/NORTHAM/NTM/H/4?jurisdiction=VIC,9,OUR TWINKLE,2,TRUE GRIT,7,TRAVELBAN,2.5,1.3,1.4,2.1,6.8,6,30.2,178.5,,31.3,,3430.6,2026-08-22T11:22:26.400034+00:00
22/08/2026,Melton,VIC,7,MX220826_R7,https://www.tab.com.au/racing/2026-08-22/MELTON/MLT/H/7?jurisdiction=VIC,6,VERBICI,5,REGAL GALA,1,INSULATOR,1.3,1.3,1.3,,1.9,2.5,11.7,93.2,2.9,2.1,,,2026-08-22T11:27:13.123953+00:00
22/08/2026,Menangle,NSW,8,PC220826_R8,https://www.tab.com.au/racing/2026-08-22/MENANGLE/MEN/H/8?jurisdiction=VIC,7,CORMORAN STRIKE,6,ALMIGHTY FEAR,9,COURAGE STRIDE,1.9,1.3,1.6,3.1,4,7.2,29.9,162.4,,4.4,8.5,202.5,2026-08-22T11:37:13.378509+00:00
22/08/2026,Globe Derby Park,SA,5,GD220826_R5,https://www.tab.com.au/racing/2026-08-22/GLOBE-DERBY/GLD/H/5?jurisdiction=VIC,4,NEVADA GAMBLER,1,KEAYANG MEMORY,5,OAKHAY,1.6,1.04,1.1,2,2.9,2.5,10.9,115,,6.4,,,2026-08-22T11:42:17.294632+00:00
22/08/2026,Northam,WA,5,NM220826_R5,https://www.tab.com.au/racing/2026-08-22/NORTHAM/NTM/H/5?jurisdiction=VIC,7,AMERICAN MONARCH,5,SHECANPLAY,8,KEPTAIN COURAGEOUS,6,1.5,2.6,1.8,26.4,25.2,178,724.3,,12.1,,,2026-08-22T11:47:19.749174+00:00
22/08/2026,Albion Park,QLD,9,AP220826_R9,https://www.tab.com.au/racing/2026-08-22/ALBION-PARK/ABK/H/9?jurisdiction=VIC,6,PINNIE,5,LAYDOWNLUNA,9,PHOENIX RED,1.2,1.04,3.3,3,11.4,11.5,75.1,479.9,,2.6,,,2026-08-22T11:52:21.228753+00:00
22/08/2026,Melton,VIC,8,MX220826_R8,https://www.tab.com.au/racing/2026-08-22/MELTON/MLT/H/8?jurisdiction=VIC,5,I AM WILMA,2,I DREAM OF MILLIE,6,DICHOTOMY,1.1,1.04,8.1,,7.7,7.9,39.3,171.9,,1.7,3,3.4,2026-08-22T11:57:19.580664+00:00
22/08/2026,Menangle,NSW,9,PC220826_R9,https://www.tab.com.au/racing/2026-08-22/MENANGLE/MEN/H/9?jurisdiction=VIC,3,NUGGET ROGERS,5,PROMISING,6,JILLIBY FABIO,8.1,2.4,2.2,2.3,33.3,74.6,358.8,2428.1,,33.3,,,2026-08-22T12:07:13.825495+00:00
22/08/2026,Globe Derby Park,SA,6,GD220826_R6,https://www.tab.com.au/racing/2026-08-22/GLOBE-DERBY/GLD/H/6?jurisdiction=VIC,1,LINXX,3,RESURRECTS,2,CLARENDEN TRIBUTE,2.8,1.04,2.8,4.1,12.6,20.8,107.1,1139.6,,6.9,,,2026-08-22T12:12:13.518591+00:00
22/08/2026,Northam,WA,6,NM220826_R6,https://www.tab.com.au/racing/2026-08-22/NORTHAM/NTM/H/6?jurisdiction=VIC,2,THE FIRST CUT,4,BREWERY LANE,7,STELLA MAJOR,2.7,1.4,2.2,1.5,11.1,15.6,77.9,181.7,,18.9,,,2026-08-22T12:17:21.214733+00:00
22/08/2026,Albion Park,QLD,10,AP220826_R10,https://www.tab.com.au/racing/2026-08-22/ALBION-PARK/ABK/H/10?jurisdiction=VIC,9,PHOENIX REX,10,IM FRANKEE,8,FRAZZLED,2.1,1.1,1.1,5.4,5.4,10.4,137.2,1336.5,,3.6,,,2026-08-22T12:27:20.985019+00:00
22/08/2026,Globe Derby Park,SA,7,GD220826_R7,https://www.tab.com.au/racing/2026-08-22/GLOBE-DERBY/GLD/H/7?jurisdiction=VIC,5,BITTA IRISH LUCK,2,DAISY BOUCHEA,3,BEWARE THE FURY,4.3,1.5,1.9,,5,7,52.1,123.9,5.9,9.9,,,2026-08-22T12:37:14.820698+00:00
22/08/2026,Northam,WA,7,NM220826_R7,https://www.tab.com.au/racing/2026-08-22/NORTHAM/NTM/H/7?jurisdiction=VIC,2,SPINNER OF YARNS,4,BATAVIA STREAMLINE,5,SPORTS CENTRAL,1.7,1.2,2.5,2.5,15.2,16.5,77.8,224.1,12.5,6.6,,,2026-08-22T12:47:16.565554+00:00
22/08/2026,Globe Derby Park,SA,8,GD220826_R8,https://www.tab.com.au/racing/2026-08-22/GLOBE-DERBY/GLD/H/8?jurisdiction=VIC,4,SAL WESTER,5,WISHFUL DESIRE,1,SIENNA BELLA,2.6,1.3,1.8,,3.7,6,40.7,60.4,,11,24.8,55.6,2026-08-22T13:06:59.528600+00:00
22/08/2026,Northam,WA,8,NM220826_R8,https://www.tab.com.au/racing/2026-08-22/NORTHAM/NTM/H/8?jurisdiction=VIC,8,PAPPINBARRA LADY,1,THUNDER WARRIOR,3,LYCA FANTASY,2.8,1.4,1.5,1.9,4.4,12,29.9,100.2,,3.6,19,138.4,2026-08-22T13:12:14.210229+00:00
22/08/2026,Albion Park,QLD,1,AP220826_R1,https://www.tab.com.au/racing/2026-08-22/ALBION-PARK/B/H/1,7,MISTER REACTOR,6,QUIK CHANGE,10,COSMIC FLYER,31.4,7.6,3.8,1.3,241.7,256.1,1230.8,12022.7,,,,,2026-08-23T00:11:17.432917+00:00
23/08/2026,Launceston,TAS,1,LN230826_R1,https://www.tab.com.au/racing/2026-08-23/LAUNCESTON/LAU/H/1?jurisdiction=VIC,6,POGACAR,4,SMELL THE SMOKE,2,SOLO SNITCH,4.7,2.5,2.6,,18.2,36.5,142.8,652.5,,,,,2026-08-23T02:50:53.701560+00:00
23/08/2026,Launceston,TAS,2,LN230826_R2,https://www.tab.com.au/racing/2026-08-23/LAUNCESTON/LAU/H/2?jurisdiction=VIC,2,GO THE RED,5,ROCKANDAHARDPLACE,6,GORDONS BAY,1.1,1,6.2,,6.3,4.7,26.1,83.4,,2,,,2026-08-23T03:15:37.150427+00:00
23/08/2026,Launceston,TAS,3,LN230826_R3,https://www.tab.com.au/racing/2026-08-23/LAUNCESTON/LAU/H/3?jurisdiction=VIC,7,QUARTEIRA,2,LITTLE CAPPUCCINA,5,CHARLI PIPPEN,5.5,2,3.3,1.04,24.3,55.5,119.9,1562.2,,4.4,,,2026-08-23T03:50:37.134126+00:00
23/08/2026,Launceston,TAS,4,LN230826_R4,https://www.tab.com.au/racing/2026-08-23/LAUNCESTON/LAU/H/4?jurisdiction=VIC,3,A DRAGON FOR JOE,4,IFYOULOVEMELETMEGO,2,OMYBACNKNEES JUDGE,2.6,1.04,2.4,4.5,5.2,11.7,77.7,679,,24.6,,62.3,2026-08-23T04:25:37.832314+00:00
23/08/2026,Launceston,TAS,5,LN230826_R5,https://www.tab.com.au/racing/2026-08-23/LAUNCESTON/LAU/H/5?jurisdiction=VIC,2,EVERYTHING BUT THE,10,JOHN VINCENT,11,WE SALUTE YOU,4.3,1.8,4.9,10.5,32.7,60.7,2456.8,6021.5,,9.3,,,2026-08-23T05:00:37.255017+00:00
23/08/2026,Launceston,TAS,6,LN230826_R6,https://www.tab.com.au/racing/2026-08-23/LAUNCESTON/LAU/H/6?jurisdiction=VIC,5,JEREMY WELLS,7,GOBSMACKED,6,CHRIS BE QUICK,2.5,1.6,2.2,,4.7,9.6,27.3,117.1,,7.8,,,2026-08-23T05:35:36.811577+00:00
23/08/2026,Launceston,TAS,7,LN230826_R7,https://www.tab.com.au/racing/2026-08-23/LAUNCESTON/LAU/H/7?jurisdiction=VIC,1,ATOMIC BLACK,9,ANOTHER NIEN,3,VANQUISH STRIDE,4.3,1.4,1.4,1.5,12.1,23.8,91,436.2,21.1,16.2,,,2026-08-23T06:10:38.500393+00:00
23/08/2026,Launceston,TAS,8,LN230826_R8,https://www.tab.com.au/racing/2026-08-23/LAUNCESTON/LAU/H/8?jurisdiction=VIC,7,LETSGOBRO,1,WEE GEORGIE WOOD,8,JAMES CAGNEY,10.4,3.6,1.8,1.5,34,60.9,299.4,1247.4,,119,0,1204.7,2026-08-23T06:50:48.323686+00:00
23/08/2026,Launceston,TAS,9,LN230826_R9,https://www.tab.com.au/racing/2026-08-23/LAUNCESTON/LAU/H/9?jurisdiction=VIC,7,WEONA EAGLE,5,PHLOW JO,1,ALL ABOUT SADIE,24.4,5,1.6,1.9,48.2,187.8,783.9,3071.3,,460.6,,,2026-08-23T07:20:47.945432+00:00
23/08/2026,Ararat,VIC,1,AR230826_R1,https://www.tab.com.au/racing/2026-08-23/ARARAT/ARA/H/1?jurisdiction=VIC,6,GOLD IN PARIS,10,ROCKIN GEMMA,3,TORQUE INTHEUSA,5.2,1.9,1.5,13.6,8.7,25.6,686.5,3547.5,,,,,2026-08-23T07:45:48.218419+00:00
23/08/2026,Ararat,VIC,2,AR230826_R2,https://www.tab.com.au/racing/2026-08-23/ARARAT/ARA/H/2?jurisdiction=VIC,3,MISSMALACHITE,1,BAYSIDE VICTORY,5,BLISSFULL LILLY,3.2,1.4,1.7,6.9,13.6,19.4,220.9,1606.5,,21.8,,,2026-08-23T08:40:54.511785+00:00
23/08/2026,Ararat,VIC,3,AR230826_R3,https://www.tab.com.au/racing/2026-08-23/ARARAT/ARA/H/3?jurisdiction=VIC,5,BOUTIKA,9,SONARMI JOH,1,TENSION SEEKER,1.4,1.04,2.9,5.6,11,23.7,187.9,1383.2,,4.2,,,2026-08-23T09:15:48.834609+00:00
23/08/2026,Ararat,VIC,4,AR230826_R4,https://www.tab.com.au/racing/2026-08-23/ARARAT/ARA/H/4?jurisdiction=VIC,4,GRINNING BEACH BOY,3,WE FAVOUR ROSIE,1,EASTBRO KOZZY,1.6,1.04,3,2.4,8.6,10.6,53.2,350.9,,2.8,,55.2,2026-08-23T09:34:48.528116+00:00
23/08/2026,Ararat,VIC,5,AR230826_R5,https://www.tab.com.au/racing/2026-08-23/ARARAT/ARA/H/5?jurisdiction=VIC,8,BAY LA VILLE,6,RAVISHING ROXY,2,WICKED TORQUE,4,2,2.2,,6.2,12,113.1,555.1,,11.3,,,2026-08-23T10:05:38.025754+00:00
23/08/2026,Ararat,VIC,6,AR230826_R6,https://www.tab.com.au/racing/2026-08-23/ARARAT/ARA/H/6?jurisdiction=VIC,3,SPORTY ROCKS,1,VINCENT ORILEY,7,SHOWNOFEAR,13.9,3.4,3.9,4.7,28.7,79.2,1050.3,4295,,42.6,,,2026-08-23T10:40:51.350585+00:00
23/08/2026,Ararat,VIC,7,AR230826_R7,https://www.tab.com.au/racing/2026-08-23/ARARAT/ARA/H/7?jurisdiction=VIC,1,PRESIDENTIALCHANGE,2,IAMAWINGATE,4,JUST LIKE NUGGET,6,2.4,2.3,,8,19.9,62.9,421.5,26.6,104.4,,,2026-08-23T11:10:54.126123+00:00
23/08/2026,Ararat,VIC,8,AR230826_R8,https://www.tab.com.au/racing/2026-08-23/ARARAT/ARA/H/8?jurisdiction=VIC,7,DOCTOR GO JOH,1,DANCIN WITH ELVIS,3,ETIZ AMODEL,4.1,2.5,3.3,,13,21.3,102.6,502.2,,27.8,0,1888.9,2026-08-23T11:40:51.143342+00:00
24/08/2026,Maryborough,VIC,1,MH240826_R1,https://www.tab.com.au/racing/2026-08-24/MARYBOROUGH/MYB/H/1?jurisdiction=VIC,7,KYVALLEY DIXON,6,ALDEBARAN EMJAY,5,CLOUDY CANYON,2.1,1.5,1.4,,2.9,4.7,13.2,36.8,,,,,2026-08-24T02:30:49.506940+00:00
24/08/2026,Maryborough,VIC,2,MH240826_R2,https://www.tab.com.au/racing/2026-08-24/MARYBOROUGH/MYB/H/2?jurisdiction=VIC,1,WHERE IS WOODY,2,WICKED MITZI,6,SERENE ROCK,4.6,2.1,1.8,4.4,11.3,26.2,258.2,2301.6,,24.1,,,2026-08-24T05:19:01.005861+00:00
24/08/2026,Globe Derby Park,SA,1,GD240826_R1,https://www.tab.com.au/racing/2026-08-24/GLOBE-DERBY/GLD/H/1?jurisdiction=VIC,3,JILLIBY BLISS,4,OMNIA,2,EAGLESTONE,2.4,1.04,2.8,,1.8,3.6,6.2,43.1,,,,,2026-08-24T05:20:47.539754+00:00
24/08/2026,Maryborough,VIC,3,MH240826_R3,https://www.tab.com.au/racing/2026-08-24/MARYBOROUGH/MYB/H/3?jurisdiction=VIC,7,TRUSCOTTS ELEGANCE,2,PURPLE MOON,8,MISTER DEVEREAUX,22.2,5.2,1.9,2,38.9,32.3,208.6,1513.1,,174.7,,,2026-08-24T05:22:02.477475+00:00
24/08/2026,Globe Derby Park,SA,2,GD240826_R2,https://www.tab.com.au/racing/2026-08-24/GLOBE-DERBY/GLD/H/2?jurisdiction=VIC,6,MAJESTIC SUMMER,2,HURRICANE JANE,4,DOUBLE JOEY,3.4,2.8,1.04,,2.4,5.2,4.5,71.2,,9.5,,,2026-08-24T06:51:52.775877+00:00
24/08/2026,Pinjarra,WA,1,PA240826_R1,https://www.tab.com.au/racing/2026-08-24/PINJARRA/PJA/H/1?jurisdiction=VIC,4,LAVRADORE,9,JUSTLIKEFLAIR,2,ELISH STAR,7.8,2.2,2.7,3.3,19.9,22.1,195.3,2130.4,,,,,2026-08-24T06:52:40.507338+00:00
24/08/2026,Maryborough,VIC,4,MH240826_R4,https://www.tab.com.au/racing/2026-08-24/MARYBOROUGH/MYB/H/4?jurisdiction=VIC,8,OPERTSER,11,CHARLIE SEBASTIAN,2,KAIDENBOY,3.5,1.5,2.1,3.4,17.4,21.9,101.8,1268.8,,99.6,,2382,2026-08-24T06:53:07.941047+00:00
24/08/2026,Globe Derby Park,SA,3,GD240826_R3,https://www.tab.com.au/racing/2026-08-24/GLOBE-DERBY/GLD/H/3?jurisdiction=VIC,2,MEET ME AT THE BEA,1,LUNCHINHEAVEN,6,SHIRLEY NOT,7.1,2.2,4.3,,22.9,32.1,29.7,196.7,,7.2,,,2026-08-24T06:53:52.949725+00:00
24/08/2026,Pinjarra,WA,2,PA240826_R2,https://www.tab.com.au/racing/2026-08-24/PINJARRA/PJA/H/2?jurisdiction=VIC,10,WAKE UP GEOFF,1,CHUGACH,9,WHEELSOFORTUNE,6.2,1.6,1.4,1.1,7,16.1,43.2,222.5,,56.9,,,2026-08-24T06:54:53.103251+00:00
24/08/2026,Maryborough,VIC,5,MH240826_R5,https://www.tab.com.au/racing/2026-08-24/MARYBOROUGH/MYB/H/5?jurisdiction=VIC,7,ASMILEANDAWINX,8,VILLAGE VOICE,2,FEEL THE REIGN,10,3,3.9,2.8,121.3,116,553.5,3059.4,,33.6,,,2026-08-24T06:55:20.756242+00:00
24/08/2026,Globe Derby Park,SA,4,GD240826_R4,https://www.tab.com.au/racing/2026-08-24/GLOBE-DERBY/GLD/H/4?jurisdiction=VIC,5,BLINGADINGDING,6,AUDAZ YANKEE,7,RIVERGUM REGALIA,2.5,1.8,8.3,,72,72.6,514.5,1607.4,,15.2,,29.9,2026-08-24T06:56:07.999517+00:00
24/08/2026,Pinjarra,WA,3,PA240826_R3,https://www.tab.com.au/racing/2026-08-24/PINJARRA/PJA/H/3?jurisdiction=VIC,9,SWEETER THE BETTOR,1,IDEAL DIAMOND,3,SOVEREIGN JEWEL,12.5,3.1,2,1.2,32.4,130,196.6,4495.4,,0,,,2026-08-24T06:56:55.409284+00:00
24/08/2026,Maryborough,VIC,6,MH240826_R6,https://www.tab.com.au/racing/2026-08-24/MARYBOROUGH/MYB/H/6?jurisdiction=VIC,11,KYVALLEY MISTY,8,BETSY ANNE,5,PLAYA DEL CARMEN,3.4,1.5,1.3,4.6,4.3,8.7,80.3,441.6,,82.4,,,2026-08-24T06:57:23.044882+00:00
24/08/2026,Globe Derby Park,SA,5,GD240826_R5,https://www.tab.com.au/racing/2026-08-24/GLOBE-DERBY/GLD/H/5?jurisdiction=VIC,1,STAR MAN,5,MAGIC STORM,2,CENTREFOLD STAR,3.5,1.6,2.2,,3.1,8.8,14.2,37,,27.4,,,2026-08-24T06:57:59.795473+00:00
24/08/2026,Pinjarra,WA,4,PA240826_R4,https://www.tab.com.au/racing/2026-08-24/PINJARRA/PJA/H/4?jurisdiction=VIC,10,IDEAL BEACH,2,BETTOR BEHAVE,1,BUMRAH,3.6,1.04,1.2,1.5,5,11.3,14.3,204.9,,79.3,,828.1,2026-08-24T06:58:46.997729+00:00
24/08/2026,Maryborough,VIC,7,MH240826_R7,https://www.tab.com.au/racing/2026-08-24/MARYBOROUGH/MYB/H/7?jurisdiction=VIC,2,THE FIERY SUNSET,6,BROOKLYNGOTCOURAGE,3,NIGHT SKY,3.3,2.1,1.9,2.3,5.7,13.9,44.8,191.8,29.8,10.5,,,2026-08-24T06:59:21.763963+00:00
24/08/2026,Globe Derby Park,SA,6,GD240826_R6,https://www.tab.com.au/racing/2026-08-24/GLOBE-DERBY/GLD/H/6?jurisdiction=VIC,,,,,,,Abandoned,Abandoned,Abandoned,Abandoned,Abandoned,Abandoned,Abandoned,Abandoned,,7.4,,,2026-08-24T07:21:00.635231+00:00
24/08/2026,Pinjarra,WA,5,PA240826_R5,https://www.tab.com.au/racing/2026-08-24/PINJARRA/PJA/H/5?jurisdiction=VIC,2,SKYHIGH ADDA,12,MAAS ATTACK,6,TRIXIE DORA,4,1.7,2.7,3.2,15.2,34.7,192.6,660.3,,14.3,,,2026-08-24T07:22:35.536247+00:00
24/08/2026,Maryborough,VIC,8,MH240826_R8,https://www.tab.com.au/racing/2026-08-24/MARYBOROUGH/MYB/H/8?jurisdiction=VIC,6,ANTONOV,3,FREMARKS PEGGY,4,EL CONQUEROR,12.3,2.9,1.1,2.4,30.4,46.2,308.1,1053.2,,20.1,47.2,2938,2026-08-24T07:23:08.826119+00:00
24/08/2026,Globe Derby Park,SA,7,GD240826_R7,https://www.tab.com.au/racing/2026-08-24/GLOBE-DERBY/GLD/H/7?jurisdiction=VIC,,,,,,,Abandoned,Abandoned,Abandoned,Abandoned,Abandoned,Abandoned,Abandoned,Abandoned,2.3,,,,2026-08-24T07:23:49.630103+00:00
24/08/2026,Pinjarra,WA,6,PA240826_R6,https://www.tab.com.au/racing/2026-08-24/PINJARRA/PJA/H/6?jurisdiction=VIC,10,EL MYSTRO,2,MATERNAL DREAMS,6,SOME LINE,6.9,2,1.9,3.7,25.5,38.1,455.9,879.4,,19,,,2026-08-24T07:24:41.829473+00:00
24/08/2026,Maryborough,VIC,9,MH240826_R9,https://www.tab.com.au/racing/2026-08-24/MARYBOROUGH/MYB/H/9?jurisdiction=VIC,4,RASTAMON,1,LOVE WHO,3,CAITHNESS LADY,2.8,1.5,2.2,13.2,17.5,27.5,551.1,3293.3,,61.2,,,2026-08-24T07:25:12.746856+00:00
24/08/2026,Globe Derby Park,SA,8,GD240826_R8,https://www.tab.com.au/racing/2026-08-24/GLOBE-DERBY/GLD/H/8?jurisdiction=VIC,,,,,,,Abandoned,Abandoned,Abandoned,Abandoned,Abandoned,Abandoned,Abandoned,Abandoned,,,,2.1,2026-08-24T07:35:51.530176+00:00
24/08/2026,Pinjarra,WA,7,PA240826_R7,https://www.tab.com.au/racing/2026-08-24/PINJARRA/PJA/H/7?jurisdiction=VIC,5,MISS BEJEWELED,2,DROP THE ACE,6,JUSTASMOOTH MIKI,12.7,2.7,,,149.7,107.2,1972,5506.1,63.3,206.2,,,2026-08-24T07:45:57.372764+00:00
24/08/2026,Redcliffe,QLD,1,RE240826_R1,https://www.tab.com.au/racing/2026-08-24/REDCLIFFE/RED/H/1?jurisdiction=VIC,4,PUMPKIN PAT,5,FOXFIRE EASTON,1,ONE LAST ROLL,3.2,1.8,,,22.6,29.2,527.3,3783.6,,,,,2026-08-24T07:56:03.328647+00:00
24/08/2026,Pinjarra,WA,8,PA240826_R8,https://www.tab.com.au/racing/2026-08-24/PINJARRA/PJA/H/8?jurisdiction=VIC,1,HE IS TALKING,8,TRICKY TEXAS,7,AMERICAN MACHINE,1.6,1.04,1.1,1.2,2.3,3,5.3,13.5,,23,84.7,1010.9,2026-08-24T08:41:06.219838+00:00
24/08/2026,Redcliffe,QLD,2,RE240826_R2,https://www.tab.com.au/racing/2026-08-24/REDCLIFFE/RED/H/2?jurisdiction=VIC,5,SHES IN LINE,7,PENNIE PACKER,6,VINCENT TIME,1.6,1.2,1.7,4.3,7.6,7.1,64.1,467,,6.5,,,2026-08-24T08:41:33.382213+00:00
24/08/2026,Pinjarra,WA,9,PA240826_R9,https://www.tab.com.au/racing/2026-08-24/PINJARRA/PJA/H/9?jurisdiction=VIC,8,MAJOR FREEWAY,1,TRIROYALE BRIGADE,3,TUBBS FARQUHAR,6,2.5,3.1,3.9,21,52.9,400.8,2282.7,,18.2,,,2026-08-24T08:42:12.411687+00:00
24/08/2026,Redcliffe,QLD,3,RE240826_R3,https://www.tab.com.au/racing/2026-08-24/REDCLIFFE/RED/H/3?jurisdiction=VIC,2,DOCTA FEELGOOD,8,IM BUSTED,7,SPLASHNDASH,1.6,1.04,5,2.1,16,21.8,122.6,738,,2,,,2026-08-24T08:50:51.360287+00:00
24/08/2026,Pinjarra,WA,10,PA240826_R10,https://www.tab.com.au/racing/2026-08-24/PINJARRA/PJA/H/10?jurisdiction=VIC,10,SLIPALONG SAINT,11,RONA MAY,9,TASHS SPARTAN,7.4,2.7,3.7,2.9,29.2,77.7,556.6,9843.9,,166.4,,,2026-08-24T09:15:54.828469+00:00
24/08/2026,Redcliffe,QLD,4,RE240826_R4,https://www.tab.com.au/racing/2026-08-24/REDCLIFFE/RED/H/4?jurisdiction=VIC,8,IDEAL TIGER,3,ROCKNROLL DA GAMA,4,GRACENAVA,4.7,1.2,2.3,2.6,21.9,38,236.3,507.3,,8.7,,32.2,2026-08-24T09:20:52.150664+00:00
24/08/2026,Pinjarra,WA,11,PA240826_R11,https://www.tab.com.au/racing/2026-08-24/PINJARRA/PJA/H/11?jurisdiction=VIC,4,HOOAH,8,CALL TO ARMS,2,HEAVENLY BLISS,2.2,1.3,2.1,1.6,7.3,11.4,62.1,632.2,,30.6,,,2026-08-24T09:30:56.654207+00:00
24/08/2026,Redcliffe,QLD,5,RE240826_R5,https://www.tab.com.au/racing/2026-08-24/REDCLIFFE/RED/H/5?jurisdiction=VIC,3,WAR CLUB,2,ERASMUS,7,DIEGO DELGADO,5.1,2.1,1.4,1.5,5.8,15.3,54.6,245.5,,45.6,,,2026-08-24T09:51:00.307801+00:00
24/08/2026,Redcliffe,QLD,6,RE240826_R6,https://www.tab.com.au/racing/2026-08-24/REDCLIFFE/RED/H/6?jurisdiction=VIC,6,THE REAL VANESSA,3,BRITTS MATE,4,BETTOR DREAM SWEET,12.1,2.9,1,2.9,5.5,29.1,267.1,4042.6,,205.8,,,2026-08-24T10:15:55.141987+00:00
24/08/2026,Redcliffe,QLD,7,RE240826_R7,https://www.tab.com.au/racing/2026-08-24/REDCLIFFE/RED/H/7?jurisdiction=VIC,4,TELLMEBOUTIT,1,LITTLE WHIPPET,2,JINDALEA JACK,2.3,1.04,1.4,1.7,4.4,8.5,21.5,76.5,17.1,52.7,,,2026-08-24T11:11:08.253557+00:00
24/08/2026,Redcliffe,QLD,8,RE240826_R8,https://www.tab.com.au/racing/2026-08-24/REDCLIFFE/RED/H/8?jurisdiction=VIC,1,SOCIAL OUTING,9,KIPCHOGE,5,TINTIN IN LOGAN,1.5,1.04,1.8,5.3,3.7,5.1,51.8,252.7,,5.5,0,707.7,2026-08-24T11:11:35.696408+00:00
25/08/2026,Menangle,NSW,1,PC250826_R1,https://www.tab.com.au/racing/2026-08-25/MENANGLE/MEN/H/1?jurisdiction=VIC,2,ONE PINEVALE HILL,1,JINAN,9,VULCAN STRIDE,20.8,3.4,4.4,4.7,316.5,296.5,1019.5,6248.1,,,,,2026-08-25T03:40:39.156900+00:00
25/08/2026,Albion Park,QLD,1,AP250826_R1,https://www.tab.com.au/racing/2026-08-25/ALBION-PARK/ABK/H/1?jurisdiction=VIC,4,DARCYS FIREBALL,5,KODA DA MODA,3,PIZZA PRINCE,2.9,1.8,5.3,,15.6,22.7,80.6,300.4,,,,,2026-08-25T03:55:55.740441+00:00
25/08/2026,Menangle,NSW,2,PC250826_R2,https://www.tab.com.au/racing/2026-08-25/MENANGLE/MEN/H/2?jurisdiction=VIC,8,LOTUS LOUISE,6,CHIEF RUNNINGCLOUD,1,ORIA,3.3,1.3,2.4,2.5,6.5,10.2,64,275,,63.3,,,2026-08-25T04:15:50.734774+00:00
25/08/2026,Albion Park,QLD,2,AP250826_R2,https://www.tab.com.au/racing/2026-08-25/ALBION-PARK/ABK/H/2?jurisdiction=VIC,8,CASCATA,4,DAIMYO,7,DESIRING DIAMONDS,7.3,2.6,3.3,,22.8,57.7,200.2,1337.9,,19.8,,,2026-08-25T04:31:05.515448+00:00
25/08/2026,Menangle,NSW,3,PC250826_R3,https://www.tab.com.au/racing/2026-08-25/MENANGLE/MEN/H/3?jurisdiction=VIC,8,SEE ME NO MORE,7,TOMMYS LUCK,4,GET US A TINNY,22.7,4.4,2,11.4,62.3,150,4863.8,13077.1,,162,,,2026-08-25T04:50:58.078103+00:00
25/08/2026,Albion Park,QLD,3,AP250826_R3,https://www.tab.com.au/racing/2026-08-25/ALBION-PARK/ABK/H/3?jurisdiction=VIC,11,CRUSEY,2,GEMS MAGIC,4,TWIN CITIES,2.4,1.6,2.3,2.8,12.8,20.1,112.2,642.3,,29.9,,,2026-08-25T05:10:57.050309+00:00
25/08/2026,Menangle,NSW,4,PC250826_R4,https://www.tab.com.au/racing/2026-08-25/MENANGLE/MEN/H/4?jurisdiction=VIC,5,DUTTON,6,HYKEEPMEPOSTED,4,CENT FOR PLEASURE,2,1.2,3.2,2,12,22.8,64.3,325,,85.1,,2415.6,2026-08-25T05:25:58.283850+00:00
25/08/2026,Albion Park,QLD,4,AP250826_R4,https://www.tab.com.au/racing/2026-08-25/ALBION-PARK/ABK/H/4?jurisdiction=VIC,3,LOTS OF HEART,6,RED AND RICH,9,KISS THE CAPTAIN,6.9,2.9,2.2,2.5,16.6,29.7,235.1,1598.7,,35.1,,912.1,2026-08-25T05:51:03.237689+00:00
25/08/2026,Menangle,NSW,5,PC250826_R5,https://www.tab.com.au/racing/2026-08-25/MENANGLE/MEN/H/5?jurisdiction=VIC,6,GEM N EM,3,CHARLIES ACE,4,KATES VIRTUE,1.9,1.3,3.7,2.6,12.5,18.9,123,787.3,,7.2,,,2026-08-25T06:10:46.859563+00:00
25/08/2026,Albion Park,QLD,5,AP250826_R5,https://www.tab.com.au/racing/2026-08-25/ALBION-PARK/ABK/H/5?jurisdiction=VIC,4,PRINCESS ARNA,5,UBETONRED,10,LUVN OSMAN,2,1.3,2.2,7,5.4,7.3,113.1,467.5,,16.7,,,2026-08-25T06:21:04.416885+00:00
25/08/2026,Menangle,NSW,6,PC250826_R6,https://www.tab.com.au/racing/2026-08-25/MENANGLE/MEN/H/6?jurisdiction=VIC,3,BLISSES BEST,5,EXPLOSIVE BRONSKI,2,VESPA STRIDE,43.6,10,1.4,3.2,51.7,144.5,2296.9,6149.6,,53,,,2026-08-25T06:46:03.706599+00:00
25/08/2026,Albion Park,QLD,6,AP250826_R6,https://www.tab.com.au/racing/2026-08-25/ALBION-PARK/ABK/H/6?jurisdiction=VIC,3,CALL IT BLING,13,SAINT MAHARG,8,OPALLANE,4.7,2.1,3.7,2.6,41.9,29.3,454.6,1695.9,,19,,,2026-08-25T07:01:10.218272+00:00
25/08/2026,Menangle,NSW,7,PC250826_R7,https://www.tab.com.au/racing/2026-08-25/MENANGLE/MEN/H/7?jurisdiction=VIC,5,LOCHINVAR MARCELLO,10,ROCKIN BULL,1,KEAYANG SANTIAGO,1.7,1.3,2.1,1.9,9.5,9.8,58.8,210.5,4.8,125.8,,,2026-08-25T07:21:04.571832+00:00
25/08/2026,Albion Park,QLD,7,AP250826_R7,https://www.tab.com.au/racing/2026-08-25/ALBION-PARK/ABK/H/7?jurisdiction=VIC,1,AMAMI,3,STARZZZ DESTINY,8,LULU MAE,3.2,1.3,1.3,3.5,4.7,9.1,59.7,603.2,9.4,25,,,2026-08-25T07:26:26.664960+00:00
25/08/2026,Wagga,NSW,2,EY250826_R2,https://www.tab.com.au/racing/2026-08-25/WAGGA/WAG/H/2?jurisdiction=VIC,11,OPAS GIRL,1,IM NO TROUBLE,2,SNIPERS FIRE,3.2,1.2,1.04,1.4,1.7,7.2,13.1,260.1,,23.1,,,2026-08-25T07:35:41.370041+00:00
25/08/2026,Menangle,NSW,8,PC250826_R8,https://www.tab.com.au/racing/2026-08-25/MENANGLE/MEN/H/8?jurisdiction=VIC,4,LAYDEN,3,OUTSIDE FIGHTER,6,CAPTAIN KOBE,3.7,1.7,1.4,1.3,9.4,13.2,77.8,220.5,,7.6,0,1457,2026-08-25T07:45:59.594816+00:00
25/08/2026,Albion Park,QLD,8,AP250826_R8,https://www.tab.com.au/racing/2026-08-25/ALBION-PARK/ABK/H/8?jurisdiction=VIC,6,ETERNAL BLISS,3,ALL EYES ON BLING,2,QUEEN TIDE,3.8,1.3,2,1.2,24.5,39.4,83.4,910.5,,32.9,0,292.5,2026-08-25T08:00:47.386479+00:00
25/08/2026,Wagga,NSW,3,EY250826_R3,https://www.tab.com.au/racing/2026-08-25/WAGGA/WAG/H/3?jurisdiction=VIC,3,ARENDELLE,10,CARBINEER,7,WATCH ME RAIDER,5.8,2,1.2,5.7,7.1,19.5,259.7,6081.7,,28.1,,,2026-08-25T08:51:16.547870+00:00
25/08/2026,Shepparton,VIC,1,SP250826_R1,https://www.tab.com.au/racing/2026-08-25/SHEPPARTON/SHE/H/1?jurisdiction=VIC,11,MICHEN ROY,9,ONTHADARKSIDE,6,CORNISHTOWN KID,2.8,1.5,2.1,4.6,8.7,13.4,127.1,754.4,,,,,2026-08-25T08:51:44.527372+00:00
25/08/2026,Albion Park,QLD,9,AP250826_R9,https://www.tab.com.au/racing/2026-08-25/ALBION-PARK/ABK/H/9?jurisdiction=VIC,1,JOHEMIAN,3,DOUGS TRIBE,8,GOODOLBOYSANDBEER,5.4,2,1.2,1.3,7.7,11.5,48.3,155.9,,24.2,,,2026-08-25T08:52:22.423118+00:00
25/08/2026,Port Pirie,SA,1,PP250826_R1,https://www.tab.com.au/racing/2026-08-25/PORT-PIRIE/PTP/H/1?jurisdiction=VIC,7,TWO WAY WONDER,1,SPORTSFLIGHT,6,ELLA KATE,19.3,3.7,1.5,2.3,17.1,22.7,170.2,793.5,,,,,2026-08-25T08:53:10.455749+00:00
25/08/2026,Wagga,NSW,4,EY250826_R4,https://www.tab.com.au/racing/2026-08-25/WAGGA/WAG/H/4?jurisdiction=VIC,1,MILLWOOD GRACE,10,BELIEVE IN DREAMS,2,MACHX THE STRANGER,2.5,1.3,2.5,1.3,11.5,10.3,66.2,295.6,,33.7,,447.6,2026-08-25T08:53:38.360031+00:00
25/08/2026,Shepparton,VIC,2,SP250826_R2,https://www.tab.com.au/racing/2026-08-25/SHEPPARTON/SHE/H/2?jurisdiction=VIC,5,MAMMALS REASON,7,OUR MYSTERY BET,10,ELIZAJANE,3.9,1.7,2.2,1.5,10.1,36.7,82.6,311.3,,12.5,,,2026-08-25T08:54:16.405311+00:00
25/08/2026,Port Pirie,SA,2,PP250826_R2,https://www.tab.com.au/racing/2026-08-25/PORT-PIRIE/PTP/H/2?jurisdiction=VIC,4,NITEONTHETOWN,5,MY ULTIMATE SKEETA,6,BALLADORO,1.9,1.04,6,,20.8,23.9,82.3,253.2,,55.9,,,2026-08-25T08:55:49.894431+00:00
25/08/2026,Wagga,NSW,5,EY250826_R5,https://www.tab.com.au/racing/2026-08-25/WAGGA/WAG/H/5?jurisdiction=VIC,7,JILLIBY TOMCAT,1,UNCLE CRAIGO,9,SOKYS FALCON,20.5,5.1,1.8,5.3,46,130.1,1443.7,6476.7,,58.3,,,2026-08-25T09:10:52.623641+00:00
25/08/2026,Shepparton,VIC,3,SP250826_R3,https://www.tab.com.au/racing/2026-08-25/SHEPPARTON/SHE/H/3?jurisdiction=VIC,5,TOMMYS LOOKOUT,3,ARRAPS,9,TOOBY GOLD,9.2,3,1.9,4,31.1,64.3,931.6,7109.1,,49.8,,,2026-08-25T09:15:53.257607+00:00
25/08/2026,Gloucester Park,WA,1,GP250826_R1,https://www.tab.com.au/racing/2026-08-25/GLOUCESTER-PARK/GLP/H/1?jurisdiction=VIC,1,IM CATASTROPHIC,2,ILIKEITLIKETHAT,3,POCKET OF DREAMS,2.6,1.2,1.3,1.5,3.2,5.5,15.3,61.3,,,,,2026-08-25T09:25:49.552041+00:00
25/08/2026,Port Pirie,SA,3,PP250826_R3,https://www.tab.com.au/racing/2026-08-25/PORT-PIRIE/PTP/H/3?jurisdiction=VIC,3,ONE MILLIE,6,WAITPINGA STORM,4,BUSTNLOOSE,1.04,1,9.1,,9.6,10.1,36.8,215.8,,1.5,,,2026-08-25T09:30:55.501722+00:00
25/08/2026,Wagga,NSW,6,EY250826_R6,https://www.tab.com.au/racing/2026-08-25/WAGGA/WAG/H/6?jurisdiction=VIC,11,FRITH IN FLIGHT,4,SLOWBURN,2,DEXTERS DONE,3,1.5,3.8,2.3,12.7,30.2,124.7,727.8,,125.2,,,2026-08-25T09:40:55.836056+00:00
25/08/2026,Shepparton,VIC,4,SP250826_R4,https://www.tab.com.au/racing/2026-08-25/SHEPPARTON/SHE/H/4?jurisdiction=VIC,7,FINAL BOW,8,MIKI MARK,2,THE FEENY FAVORITE,5.1,2.6,1.6,6.9,15.2,19.9,436.9,4760.4,,49.2,,667,2026-08-25T09:50:49.401055+00:00
25/08/2026,Gloucester Park,WA,2,GP250826_R2,https://www.tab.com.au/racing/2026-08-25/GLOUCESTER-PARK/GLP/H/2?jurisdiction=VIC,7,IGNITE THE FURNACE,1,ASTERI ADELPHOS,4,THEMARASSHADOW,1.2,1.1,2.8,,4.1,2.9,4.9,69.1,,5.1,,,2026-08-25T10:00:56.730603+00:00
25/08/2026,Port Pirie,SA,4,PP250826_R4,https://www.tab.com.au/racing/2026-08-25/PORT-PIRIE/PTP/H/4?jurisdiction=VIC,5,ROLL WITH MUSTARD,4,KEILAH,2,HEATHBERN BRUCE,4.2,2.2,1.9,,4,9.9,62.1,170.5,,3.5,,199.4,2026-08-25T10:05:58.821636+00:00
25/08/2026,Wagga,NSW,7,EY250826_R7,https://www.tab.com.au/racing/2026-08-25/WAGGA/WAG/H/7?jurisdiction=VIC,6,IN THE SUMMERTIME,5,DIVA BON VIVA,9,SHADY TREE,1.9,1.4,1.8,7.5,5.4,5.3,83.6,647.9,49.5,5.5,,,2026-08-25T10:20:51.273893+00:00
25/08/2026,Shepparton,VIC,5,SP250826_R5,https://www.tab.com.au/racing/2026-08-25/SHEPPARTON/SHE/H/5?jurisdiction=VIC,2,PICTURE BOY,1,TOUCH OF REALITY,3,SANDEE CHEEKS,1.6,1.04,1.4,5.1,2.9,5.2,50.4,204.1,,11.5,,,2026-08-25T10:25:52.409876+00:00
25/08/2026,Gloucester Park,WA,3,GP250826_R3,https://www.tab.com.au/racing/2026-08-25/GLOUCESTER-PARK/GLP/H/3?jurisdiction=VIC,7,SEASIDE SERENADE,5,URSULAS WISH,2,EXPRESSING,1.7,1.04,1.5,1.8,1.9,3.6,11.7,27.9,,2.5,,,2026-08-25T10:36:11.169464+00:00
25/08/2026,Port Pirie,SA,5,PP250826_R5,https://www.tab.com.au/racing/2026-08-25/PORT-PIRIE/PTP/H/5?jurisdiction=VIC,3,MISTER QUIRK,2,ZANY GIRL,4,ALAKAZAM,8.5,3.4,1.04,,7.1,27.1,304.8,189.3,,29.4,,,2026-08-25T10:40:58.388041+00:00
25/08/2026,Wagga,NSW,8,EY250826_R8,https://www.tab.com.au/racing/2026-08-25/WAGGA/WAG/H/8?jurisdiction=VIC,2,ANGELIC ATTITUDE,1,HES A TERROR,6,LETSTACOBOUTIT,1.4,1.04,1.5,2.4,2.5,2.4,7.1,97.8,,4,3.6,430,2026-08-25T10:50:50.703337+00:00
25/08/2026,Shepparton,VIC,6,SP250826_R6,https://www.tab.com.au/racing/2026-08-25/SHEPPARTON/SHE/H/6?jurisdiction=VIC,7,JOE LOU,6,MAORI TATTOO,3,KALARNEY PRINCE,1.5,1.04,3.8,4.3,14.1,17.6,113.5,508,,2.4,,,2026-08-25T11:00:49.603742+00:00
25/08/2026,Gloucester Park,WA,4,GP250826_R4,https://www.tab.com.au/racing/2026-08-25/GLOUCESTER-PARK/GLP/H/4?jurisdiction=VIC,4,IDEAL WHISPER,2,JETPACK,3,JIMMYS RAINBOW,1.04,1,1.5,2.6,2.2,2.4,3.9,17.3,,1.5,,5.7,2026-08-25T11:05:57.907057+00:00
25/08/2026,Port Pirie,SA,6,PP250826_R6,https://www.tab.com.au/racing/2026-08-25/PORT-PIRIE/PTP/H/6?jurisdiction=VIC,2,BROBENAH GIRL,1,B T CAPTIVATE,4,ULTIMATE SAFARI,22.9,2.8,1,,2.5,33.7,123.6,146.2,58.9,69.1,0,285.3,2026-08-25T11:15:55.553093+00:00
25/08/2026,Wagga,NSW,9,EY250826_R9,https://www.tab.com.au/racing/2026-08-25/WAGGA/WAG/H/9?jurisdiction=VIC,1,BARWEN STORM,7,ROSES ARE BEST,2,SIR VINCENT,2.1,1.04,4.1,2.3,16.2,25.9,89.8,562.2,,4.3,,,2026-08-25T11:25:51.973577+00:00
25/08/2026,Shepparton,VIC,7,SP250826_R7,https://www.tab.com.au/racing/2026-08-25/SHEPPARTON/SHE/H/7?jurisdiction=VIC,7,MAJESTIC YANKEE,5,SO SKEPTICAL,6,JILLIBY RADIANCE,4.1,2.7,2,,7,16.7,88.2,190.3,10.7,10.3,,,2026-08-25T11:36:05.994995+00:00
25/08/2026,Gloucester Park,WA,5,GP250826_R5,https://www.tab.com.au/racing/2026-08-25/GLOUCESTER-PARK/GLP/H/5?jurisdiction=VIC,3,NEVELE ARMA,5,SCANDALEYES,7,NORTH CAROLINA,1.4,1.04,1.3,4.7,1.8,2.8,32.8,69.4,,1.4,,,2026-08-25T11:45:50.480463+00:00
25/08/2026,Wagga,NSW,10,EY250826_R10,https://www.tab.com.au/racing/2026-08-25/WAGGA/WAG/H/10?jurisdiction=VIC,6,CAPTAIN AMELIAH,1,SWEET BELLA ROSA,8,BOY STUNNER,4.2,1.5,1.3,2.7,6.5,11.3,61.8,589.3,,12.6,,,2026-08-25T11:55:53.936927+00:00
25/08/2026,Shepparton,VIC,8,SP250826_R8,https://www.tab.com.au/racing/2026-08-25/SHEPPARTON/SHE/H/8?jurisdiction=VIC,2,KENNYS SON,4,JILLIBY TOPGUN,1,JESSICAS STORY,2.2,1.3,2.5,,5.4,9.1,48.9,195.6,,14.7,35.8,52.1,2026-08-25T12:06:04.097713+00:00
25/08/2026,Gloucester Park,WA,6,GP250826_R6,https://www.tab.com.au/racing/2026-08-25/GLOUCESTER-PARK/GLP/H/6?jurisdiction=VIC,5,HEZ THE BOSS,1,ULTIMATE SHOT,2,ROCK THE TOUR,1.04,1,2.1,1.4,6.4,6.1,7.8,24.6,,1.3,,,2026-08-25T12:15:45.873643+00:00
25/08/2026,Gloucester Park,WA,7,GP250826_R7,https://www.tab.com.au/racing/2026-08-25/GLOUCESTER-PARK/GLP/H/7?jurisdiction=VIC,8,BEACH CAPTAIN,5,YAWOMA,3,UNLUCKY,29.3,8.3,1.8,2.4,110.1,202.4,1392.3,3736,36.6,28.4,,,2026-08-25T12:45:40.041367+00:00
25/08/2026,Riverina Paceway,NSW,1,EY250826_R1,https://www.tab.com.au/racing/2026-08-25/RIVERINA-PACEWAY/C/H/1,2,DIDNT I,1,STIPULATING,8,TROUBLE IN HEAVEN,2.3,1.1,2.1,2.2,4.7,14.3,92.2,892.2,,,,,2026-08-25T21:34:50.389457+00:00
25/08/2026,Gloucester Park,WA,8,GP250826_R8,https://www.tab.com.au/racing/2026-08-25/GLOUCESTER-PARK/W/H/8,5,THE WAND WAVER,8,REINETTE,6,MIKIS PRIDE,9.8,3.2,2.3,1.8,19.4,60.8,231.1,1615.7,,38.7,0,803.3,2026-08-25T21:40:47.067432+00:00
25/08/2026,Gloucester Park,WA,9,GP250826_R9,https://www.tab.com.au/racing/2026-08-25/GLOUCESTER-PARK/W/H/9,8,BALTIC ACE,5,FRANKENSTEINSBRIDE,7,FIORD,3.7,1.7,2.7,14.9,10.6,24.2,468.7,2456.5,,80.5,,,2026-08-25T21:41:34.081026+00:00
27/07/2026,Globe Derby Park,SA,1,GD270726_R1,https://www.tab.com.au/racing/2026-07-27/GLOBE-DERBY/A/H/1,6,THE VICARS GIRL,1,SAMMY BARBARO,5,MAESTRO,3.9,2,1.2,,8.9,10.2,21.9,36.7,,,,,2026-08-25T21:42:51.745670+00:00
27/07/2026,Globe Derby Park,SA,2,GD270726_R2,https://www.tab.com.au/racing/2026-07-27/GLOBE-DERBY/A/H/2,3,LUCKY BAMBINO,6,IMA TIGGY TIGER,5,LARDY DAH LADY,3.3,1.5,2.1,,7.5,13.9,22.3,81.9,,11.6,,,2026-08-25T21:43:37.373703+00:00
27/07/2026,Globe Derby Park,SA,3,GD270726_R3,https://www.tab.com.au/racing/2026-07-27/GLOBE-DERBY/A/H/3,3,HELLO BEAUTIFUL,1,MICKTHEBESTBUTCHER,4,THE CAPTAINESS,3.7,1,,,4.4,9.6,10.2,22,,12.2,,,2026-08-25T21:44:24.139236+00:00
27/07/2026,Globe Derby Park,SA,4,GD270726_R4,https://www.tab.com.au/racing/2026-07-27/GLOBE-DERBY/A/H/4,7,QUARTARARO,2,HURRICANE JANE,3,IMA DESTROYER,2.9,1.6,7.2,,26.7,35,100.7,566.3,,12.7,,63.7,2026-08-25T21:45:30.752415+00:00
27/07/2026,Globe Derby Park,SA,5,GD270726_R5,https://www.tab.com.au/racing/2026-07-27/GLOBE-DERBY/A/H/5,4,MONARCH,1,SIENNA BELLA,5,CLARENDEN ARCADIA,2.8,1.1,1.2,3.5,2.3,6,43.9,105.6,,5.4,,,2026-08-25T21:46:15.893961+00:00
27/07/2026,Globe Derby Park,SA,6,GD270726_R6,https://www.tab.com.au/racing/2026-07-27/GLOBE-DERBY/A/H/6,4,ACES SHADOW,6,PARISIAN BANDIT,3,WHITESTARCHRISTIAN,5.2,2.2,4,3.3,27.4,47,388.3,0,,21.3,,,2026-08-25T21:47:00.659313+00:00
27/07/2026,Globe Derby Park,SA,7,GD270726_R7,https://www.tab.com.au/racing/2026-07-27/GLOBE-DERBY/A/H/7,10,LINXX,9,KITTYKAT CUTIE,7,AMIRA MARIE,6.2,1.5,1.8,2.4,17.8,34.7,193.6,850.6,12.6,25,,,2026-08-25T21:47:45.960428+00:00
27/07/2026,Globe Derby Park,SA,8,GD270726_R8,https://www.tab.com.au/racing/2026-07-27/GLOBE-DERBY/A/H/8,1,TWO WAY WONDER,10,EMRITES,9,STAR OF WILLOUGHBY,4.5,1.9,1.4,5.5,6.4,12,122,1269.8,,51,0,0,2026-08-25T21:48:30.437688+00:00
27/07/2026,Gloucester Park,WA,1,GP270726_R1,https://www.tab.com.au/racing/2026-07-27/GLOUCESTER-PARK/W/H/1,1,NEVELE ARMA,6,POCKET OF DREAMS,5,OUR ROBYN HOOD,1.7,1.3,1.6,1.5,4.8,7.1,16.7,113.8,,,,,2026-08-25T21:49:15.800037+00:00
27/07/2026,Gloucester Park,WA,2,GP270726_R2,https://www.tab.com.au/racing/2026-07-27/GLOUCESTER-PARK/W/H/2,5,BEAU PARA,7,RIP TIDE,4,SPYCHIEF,4.2,1.4,2,1.4,15.4,27.8,100.9,179.2,,12,,,2026-08-25T21:49:59.902839+00:00
27/07/2026,Gloucester Park,WA,3,GP270726_R3,https://www.tab.com.au/racing/2026-07-27/GLOUCESTER-PARK/W/H/3,3,ILIKEITLIKETHAT,11,ALL OUT OF ACES,10,MODEST MOLLY,1.3,1.04,1.4,2.4,3.5,5.9,19.5,67.1,,9.1,,,2026-08-25T21:50:45.408000+00:00
27/07/2026,Gloucester Park,WA,4,GP270726_R4,https://www.tab.com.au/racing/2026-07-27/GLOUCESTER-PARK/W/H/4,7,IDEAL WHISPER,6,IGNITE THE FURNACE,5,ULTIMATE SHOT,1.2,1.1,1.7,,1.7,2,9.5,58.3,,3.6,,50,2026-08-25T21:52:43.957580+00:00
27/07/2026,Gloucester Park,WA,5,GP270726_R5,https://www.tab.com.au/racing/2026-07-27/GLOUCESTER-PARK/W/H/5,11,IM CATASTROPHIC,1,SOME DANCER,5,SEASIDE SERENADE,20.9,2.2,2,1.04,196.3,276.6,983,1655.7,,20.2,,,2026-08-25T21:53:28.268858+00:00
27/07/2026,Gloucester Park,WA,6,GP270726_R6,https://www.tab.com.au/racing/2026-07-27/GLOUCESTER-PARK/W/H/6,5,HEZ THE BOSS,2,ROCK THE TOUR,8,BENOA BAY,1.1,1.04,1.2,4,2.1,2.4,13.7,53.1,,46.7,,,2026-08-25T21:54:16.197223+00:00
27/07/2026,Gloucester Park,WA,7,GP270726_R7,https://www.tab.com.au/racing/2026-07-27/GLOUCESTER-PARK/W/H/7,6,WHEN IN VEGAS,8,BROUGHT TO LIGHT,5,PUSHBUTTON ROCK,4,1.9,1.3,5.1,5.7,13.6,126.7,826.4,71.5,5.3,,,2026-08-25T21:55:01.930581+00:00
27/07/2026,Gloucester Park,WA,8,GP270726_R8,https://www.tab.com.au/racing/2026-07-27/GLOUCESTER-PARK/W/H/8,1,SOUND WAVE,5,CHARIVARI,9,RAKLOU,3.7,1.7,1.4,2.1,5.9,16.5,67.8,275.9,,24.7,10.4,904.7,2026-08-25T21:55:47.759974+00:00
27/07/2026,Gloucester Park,WA,9,GP270726_R9,https://www.tab.com.au/racing/2026-07-27/GLOUCESTER-PARK/W/H/9,7,TYPHOON TREASURE,5,MY TRUE COLOURS,6,TRIXIE DORA,6.6,2,1.3,1.7,6.2,16,48,279.9,,41.3,,,2026-08-25T21:56:27.184163+00:00
27/07/2026,Gloucester Park,WA,10,GP270726_R10,https://www.tab.com.au/racing/2026-07-27/GLOUCESTER-PARK/W/H/10,12,MAKE IT HAPPEN,2,BULL SHARK BETTY,8,STIRUP IRON JACK,39.9,6.6,1.4,9.6,74.2,257.3,2433.9,0,,237.2,,,2026-08-25T21:57:13.109954+00:00
27/07/2026,Horsham,VIC,1,HS270726_R1,https://www.tab.com.au/racing/2026-07-27/HORSHAM/M/H/1,7,BIGBASHASH,4,IMALLATTITUDE,2,SPORTY ROCKS,2.5,1.5,1.3,,2.1,2.5,17.2,28.1,,,,,2026-08-25T21:59:25.852481+00:00
27/07/2026,Horsham,VIC,2,HS270726_R2,https://www.tab.com.au/racing/2026-07-27/HORSHAM/M/H/2,2,ALLAWART BOB,5,IM EDDIE,3,BETSY ANNE,55.4,11.9,1.3,,50.6,207.1,782,1909.7,,0,,,2026-08-25T22:00:09.814489+00:00
27/07/2026,Horsham,VIC,3,HS270726_R3,https://www.tab.com.au/racing/2026-07-27/HORSHAM/M/H/3,7,HOT DEAL,6,ULTIMATE VINNIE,4,KOMODO,16.5,5.6,1.04,,2.5,19.5,115.5,251.7,,0,,,2026-08-25T22:00:55.129977+00:00
27/07/2026,Horsham,VIC,4,HS270726_R4,https://www.tab.com.au/racing/2026-07-27/HORSHAM/M/H/4,4,RAMA SAIGO,3,WHY NOW,1,DRESSEDUPINTHECITY,2.3,1.6,7.2,,12.9,26.6,261.7,1300,,33.8,,0,2026-08-25T22:02:25.208347+00:00
27/07/2026,Horsham,VIC,5,HS270726_R5,https://www.tab.com.au/racing/2026-07-27/HORSHAM/M/H/5,6,SAVON DE ROCHE,4,KEAYANG VIPER,8,RANGER RICK,3,1.5,1.1,2,3.8,7.5,25.5,126.7,,8.8,,,2026-08-25T22:03:11.727724+00:00
27/07/2026,Horsham,VIC,6,HS270726_R6,https://www.tab.com.au/racing/2026-07-27/HORSHAM/M/H/6,7,JILLIBY SNIPER,1,WE FAVOUR ROSIE,9,VINNY ROCK,2.2,1.5,3.4,1.2,18.4,22.7,89.1,624,,3.5,,,2026-08-25T22:03:58.657022+00:00
27/07/2026,Horsham,VIC,7,HS270726_R7,https://www.tab.com.au/racing/2026-07-27/HORSHAM/M/H/7,5,KEAYANG HUNGRY,3,TACTICS ARE ROLLIN,2,OPTIMAL,2.2,1.5,1.7,3.8,5.1,9.3,62.1,546.3,9.7,3.5,36.8,21.5,2026-08-25T22:04:45.590162+00:00
27/07/2026,Newcastle,NSW,1,NR270726_R1,https://www.tab.com.au/racing/2026-07-27/NEWCASTLE/S/H/1,3,SPUNKYS A COUGAR,5,DIVINELY FATED,8,CYCLONE ROBYN,53.9,6.2,2.4,1.1,550.1,659.1,4301.5,1687.9,,,,,2026-08-25T22:05:33.102819+00:00
27/07/2026,Newcastle,NSW,2,NR270726_R2,https://www.tab.com.au/racing/2026-07-27/NEWCASTLE/S/H/2,7,STEELY ZAC,5,DANCINWITHPLEASURE,,,2,1.04,1.6,,1,3,20,132.4,,126.7,,,2026-08-25T22:06:20.681967+00:00
27/07/2026,Newcastle,NSW,3,NR270726_R3,https://www.tab.com.au/racing/2026-07-27/NEWCASTLE/S/H/3,10,SIERRA MIST,2,REASONABLY SWEET,6,ELLEZIE,23.2,3.1,3.6,2.4,56.3,342.4,1605.2,3976.6,,52.8,,,2026-08-25T22:07:09.160978+00:00
27/07/2026,Newcastle,NSW,4,NR270726_R4,https://www.tab.com.au/racing/2026-07-27/NEWCASTLE/S/H/4,7,TOWERING FORTUNE,1,MERRYWOOD LOU,5,CAPTAIN MIKI,1.3,1.04,3,3.3,7.3,11.8,92.7,928.5,,42,,0,2026-08-25T22:46:30.661369+00:00
27/07/2026,Newcastle,NSW,5,NR270726_R5,https://www.tab.com.au/racing/2026-07-27/NEWCASTLE/S/H/5,10,EYES BEEN PATIENT,6,BETTOR BE LUCKY,1,GET US A TINNY,4.1,1.4,2,1.1,14.4,23,64.8,691.4,,12.3,,,2026-08-26T01:25:55.307440+00:00
27/07/2026,Newcastle,NSW,6,NR270726_R6,https://www.tab.com.au/racing/2026-07-27/NEWCASTLE/S/H/6,7,SWEETLY SPOKEN,6,CAPTAIN DORIAN,5,BREXITT,41.7,7.6,2.5,1.8,153.8,343.2,1977.3,4146.6,,72,,,2026-08-26T01:26:39.719388+00:00
27/07/2026,Newcastle,NSW,7,NR270726_R7,https://www.tab.com.au/racing/2026-07-27/NEWCASTLE/S/H/7,4,COULDNT CATCH HIM,3,IRE OF THE DRAGON,9,MERRYWOOD TONY,16.5,4.4,2.3,1.4,37.1,121.6,567.3,1929.4,75.5,0,,,2026-08-26T01:27:24.189006+00:00
27/07/2026,Newcastle,NSW,8,NR270726_R8,https://www.tab.com.au/racing/2026-07-27/NEWCASTLE/S/H/8,3,HELENS BOY,10,ROCKSIE ROCK,6,SIR KNIGHT,7.1,2.9,4.4,11,69.8,120.4,3960.5,9327.7,,166.3,0,0,2026-08-26T01:28:07.774477+00:00
29/07/2026,Redcliffe,QLD,8,RE290726_R8,https://www.tab.com.au/racing/2026-07-29/REDCLIFFE/B/H/8,7,PLEASANT HEIGHTS,9,PERFECT LOU,1,WICKED BERRIES,6.5,1.5,1.4,1.3,33.4,50.9,172.9,760.4,,18.4,56.1,82.1,2026-08-26T01:28:49.748772+00:00
29/07/2026,Redcliffe,QLD,9,RE290726_R9,https://www.tab.com.au/racing/2026-07-29/REDCLIFFE/B/H/9,1,KISS ME LIKE THIS,2,WALK WITH ELEGANCE,3,SWEDESBORO,3.9,1.2,8.5,7.1,52.3,84,749.8,5761.4,,31,,,2026-08-26T01:29:31.638009+00:00
22/07/2026,Bathurst,NSW,1,BH220726_R1,https://www.tab.com.au/racing/2026-07-22/BATHURST/S/H/1,2,PAS DE CHEVAL,9,BETTORS HOPE,3,CLEAR LEFT,2.7,1.3,2.6,3.4,11.7,21.2,129.6,978.3,,,,,2026-08-26T01:32:39.649613+00:00
22/07/2026,Bathurst,NSW,2,BH220726_R2,https://www.tab.com.au/racing/2026-07-22/BATHURST/S/H/2,1,HONOLULU PRINCESS,5,SWEET SWEET TOOTH,9,FORESIGHT,5,1.8,1.4,3.9,8.1,15.2,187.5,987.5,,17.8,,,2026-08-26T01:33:23.230969+00:00
22/07/2026,Bathurst,NSW,3,BH220726_R3,https://www.tab.com.au/racing/2026-07-22/BATHURST/S/H/3,1,JEWEL HEAVEN,4,CHANCEUX,11,LETTUCE GO MIKI,2.8,1.5,2.5,1.8,9.1,12.2,82.7,878.3,,31.2,,,2026-08-26T01:34:11.495497+00:00
22/07/2026,Bathurst,NSW,4,BH220726_R4,https://www.tab.com.au/racing/2026-07-22/BATHURST/S/H/4,3,IDEAL TIMING,1,PRINCE OF PEACE,4,SLYX,Unavailable,Unavailable,Unavailable,Unavailable,Unavailable,Unavailable,Unavailable,Unavailable,,,,,2026-08-26T01:46:30.385548+00:00
22/07/2026,Bathurst,NSW,5,BH220726_R5,https://www.tab.com.au/racing/2026-07-22/BATHURST/S/H/5,1,MCLEAN,2,GRAYSON RED,5,MEMPHIS FURY,4,1.6,2.8,4.9,13.7,14.9,329.3,1627,,14.3,,,2026-08-26T01:52:36.178517+00:00
22/07/2026,Bathurst,NSW,6,BH220726_R6,https://www.tab.com.au/racing/2026-07-22/BATHURST/S/H/6,11,COWBOY CULTURE,10,SMOOTH BUCKAROO,,,Unavailable,Unavailable,Unavailable,Unavailable,Unavailable,Unavailable,Unavailable,Unavailable,,,,,2026-08-26T01:53:20.446972+00:00
22/07/2026,Bathurst,NSW,7,BH220726_R7,https://www.tab.com.au/racing/2026-07-22/BATHURST/S/H/7,7,CAPTAIN VALIENTE,9,SPARTAN CHIMES,5,MAC TILLY,3.4,1.5,1.5,2.8,7.8,12.2,81.2,371.1,14.4,14.2,,,2026-08-26T01:54:38.300622+00:00
22/07/2026,Bathurst,NSW,8,BH220726_R8,https://www.tab.com.au/racing/2026-07-22/BATHURST/S/H/8,1,DUN SPRUIKIN,5,SHAUN SHANNON,8,ROWLEY MINT,3.5,1.3,6.3,14.1,50.7,90.7,4084.4,10645.8,,16.6,76.8,234.9,2026-08-26T01:55:21.746988+00:00
22/07/2026,Bathurst,NSW,9,BH220726_R9,https://www.tab.com.au/racing/2026-07-22/BATHURST/S/H/9,5,TACTICAL ILLUSION,2,TOMMY TIME,9,MIA ON,3.5,1.4,1.6,4,7.9,17.6,141.7,613.1,,21.1,,,2026-08-26T01:56:03.997559+00:00
22/07/2026,Bathurst,NSW,10,BH220726_R10,https://www.tab.com.au/racing/2026-07-22/BATHURST/S/H/10,5,WINDFIELD BLUE,9,DREAM TO CURE,3,GRANT FOR LEXY,3.6,1.1,3.9,1.6,29.1,35.8,210.5,535.3,,19.4,,,2026-08-26T01:56:46.875639+00:00
22/07/2026,Kilmore,VIC,1,KI220726_R1,https://www.tab.com.au/racing/2026-07-22/KILMORE/M/H/1,9,MASON JOLIE,7,BETTOR PUNTER,10,OUR SWEET JEANNIE,9.6,3,3.7,1.6,80.3,96.3,181.9,2500.2,,,,,2026-08-26T01:57:29.538082+00:00
22/07/2026,Kilmore,VIC,2,KI220726_R2,https://www.tab.com.au/racing/2026-07-22/KILMORE/M/H/2,7,MISTER DEVEREAUX,9,REVERAND BOB,5,TIMMY WHIZ,8,2.5,1.5,1.7,28.5,77.2,287.5,1618.4,,93.4,,,2026-08-26T01:58:11.777738+00:00
22/07/2026,Kilmore,VIC,3,KI220726_R3,https://www.tab.com.au/racing/2026-07-22/KILMORE/M/H/3,1,KYVALLEY JENNY,8,BROOKLYNGOTCOURAGE,,,Unavailable,Unavailable,Unavailable,Unavailable,Unavailable,Unavailable,Unavailable,Unavailable,,,,,2026-08-26T01:58:54.268385+00:00
22/07/2026,Kilmore,VIC,4,KI220726_R4,https://www.tab.com.au/racing/2026-07-22/KILMORE/M/H/4,5,ARCHAA,3,ELLEEGANT LANE,,,Unavailable,Unavailable,Unavailable,Unavailable,Unavailable,Unavailable,Unavailable,Unavailable,,,,,2026-08-26T02:00:13.993415+00:00
22/07/2026,Kilmore,VIC,5,KI220726_R5,https://www.tab.com.au/racing/2026-07-22/KILMORE/M/H/5,6,THE LAST TRIP,8,AUSSIE JAY MAC,,,Unavailable,Unavailable,Unavailable,Unavailable,Unavailable,Unavailable,Unavailable,Unavailable,,,,,2026-08-26T02:05:56.454725+00:00
22/07/2026,Kilmore,VIC,6,KI220726_R6,https://www.tab.com.au/racing/2026-07-22/KILMORE/M/H/6,8,MIKI MARK,4,IMA BALLERINA,2,BLUE OCEAN,1.9,1.2,3.5,3.9,10.1,19.5,266.4,829.5,,2.9,,,2026-08-26T02:12:03.551516+00:00
22/07/2026,Kilmore,VIC,7,KI220726_R7,https://www.tab.com.au/racing/2026-07-22/KILMORE/M/H/7,3,SCAR,2,BUSLIN BRODY,7,LIFE ON THE HILL,6.2,2.5,4,,14.8,56.9,580.2,1452.9,7.4,11.8,,,2026-08-26T02:12:59.961638+00:00
22/07/2026,Kilmore,VIC,8,KI220726_R8,https://www.tab.com.au/racing/2026-07-22/KILMORE/M/H/8,1,TAKAO,2,THE SPARKLER,3,GLENANGE MISS,2.7,1.4,5.5,,10,20.8,120.6,531.5,,22.8,79.5,83.3,2026-08-26T02:13:55.620215+00:00
22/07/2026,Redcliffe,QLD,1,RE220726_R1,https://www.tab.com.au/racing/2026-07-22/REDCLIFFE/B/H/1,9,A PERFECT DANCE,1,MY ULTIMATE VICTOR,7,THE LUVBUG,7.5,2.5,2.2,1.7,19.2,38.1,121.9,1107.7,,,,,2026-08-26T02:14:52.236213+00:00
24/07/2026,Redcliffe,QLD,1,RE240726_R1,https://www.tab.com.au/racing/2026-07-24/REDCLIFFE/B/H/1,3,BIZZIE LIZZIE,10,ROLL TO THE TOP,2,ASHLEE NITRO,9.7,3.3,1.6,1.4,20.9,38.1,194.8,760.3,,,,,2026-08-26T02:15:47.977448+00:00
22/07/2026,Redcliffe,QLD,2,RE220726_R2,https://www.tab.com.au/racing/2026-07-22/REDCLIFFE/B/H/2,1,BEACHRIDE,9,OUR ULTIMATE JESSY,7,GREAT WHITE,1.9,1.2,5.1,1.6,27.4,29.9,180.1,842.8,,19,,,2026-08-26T02:16:44.884238+00:00
24/07/2026,Redcliffe,QLD,2,RE240726_R2,https://www.tab.com.au/racing/2026-07-24/REDCLIFFE/B/H/2,6,DIPPED IN SILVER,9,ITS BACK PAGE NEWS,3,EMMALEEN,40.8,4.5,2.2,2.6,185.1,680.4,3228.7,7626.1,,129.8,,,2026-08-26T02:17:41.157057+00:00
22/07/2026,Redcliffe,QLD,3,RE220726_R3,https://www.tab.com.au/racing/2026-07-22/REDCLIFFE/B/H/3,1,LITTLE SURFER GIRL,8,ROCK IT BABY,6,QUIK CHANGE,2.4,1.4,5.7,1.6,22.7,52.6,224.1,716.2,,4.4,,,2026-08-26T02:19:43.018378+00:00
24/07/2026,Redcliffe,QLD,3,RE240726_R3,https://www.tab.com.au/racing/2026-07-24/REDCLIFFE/B/H/3,5,MAJORITA JUJON,6,TILLY JAYNE,1,LITTLELIONELJAMES,3.6,1.2,1.5,1.8,5.7,11.2,70.3,652.1,,91.6,,,2026-08-26T02:20:39.531922+00:00
22/07/2026,Redcliffe,QLD,4,RE220726_R4,https://www.tab.com.au/racing/2026-07-22/REDCLIFFE/B/H/4,1,YNOBE NOVA,9,HEZA MAYWYN,8,MACS A DUDE,3.7,1.6,2.2,2.4,12,21,71.9,253.6,,15.8,,225.6,2026-08-26T02:21:35.122598+00:00
24/07/2026,Redcliffe,QLD,4,RE240726_R4,https://www.tab.com.au/racing/2026-07-24/REDCLIFFE/B/H/4,1,QILIN,7,VIENNA OPERA,,,Unavailable,Unavailable,Unavailable,Unavailable,Unavailable,Unavailable,Unavailable,Unavailable,,,,,2026-08-26T02:23:40.895699+00:00
22/07/2026,Redcliffe,QLD,5,RE220726_R5,https://www.tab.com.au/racing/2026-07-22/REDCLIFFE/B/H/5,5,OPALLANE,9,FIGHT FOR VICTORY,1,PINKCHAMPAGNE,4.60,1.60,1.04,5.80,5.80,19.50,162.80,370.80,,9.60,,,2026-08-26T02:25:02.850153+00:00
24/07/2026,Redcliffe,QLD,5,RE240726_R5,https://www.tab.com.au/racing/2026-07-24/REDCLIFFE/B/H/5,4,BEACH MAGIC,1,JILLIBY PANDA,2,THREE CHORD RIFF,1.40,1.04,1.50,2.00,2.50,2.90,15.10,58.80,,5.40,,,2026-08-26T02:25:58.926877+00:00
22/07/2026,Redcliffe,QLD,6,RE220726_R6,https://www.tab.com.au/racing/2026-07-22/REDCLIFFE/B/H/6,1,ART OF ROCK,8,SMIRKS LIKA BOSS,10,SHEEZ GOT TORQUE,2.20,1.04,2.00,2.00,7.40,8.70,33.70,126.20,,27.50,,,2026-08-26T02:26:54.134219+00:00
24/07/2026,Redcliffe,QLD,6,RE240726_R6,https://www.tab.com.au/racing/2026-07-24/REDCLIFFE/B/H/6,6,MAJOR ORION,7,SAINT MAHARG,1,FLORAS FOLLY,11.80,2.30,1.80,1.20,21.50,49.10,313.10,1047.20,,24.60,,,2026-08-26T02:27:49.347979+00:00
22/07/2026,Redcliffe,QLD,7,RE220726_R7,https://www.tab.com.au/racing/2026-07-22/REDCLIFFE/B/H/7,1,OYSTER STRIDE,7,CONNIES SPIRIT,6,ILLBEWATCHING,1.40,1.04,2.40,4.10,2.90,3.80,43.20,126.50,9.20,4.60,,,2026-08-26T02:28:44.490292+00:00
24/07/2026,Redcliffe,QLD,7,RE240726_R7,https://www.tab.com.au/racing/2026-07-24/REDCLIFFE/B/H/7,9,TELLMEBOUTIT,8,OUR ANGELS ENVY,1,BOSTON ASSASSIN,7.20,2.30,1.04,1.60,4.70,10.60,64.70,183.40,11.50,106.40,,,2026-08-26T02:29:40.447753+00:00
22/07/2026,Redcliffe,QLD,8,RE220726_R8,https://www.tab.com.au/racing/2026-07-22/REDCLIFFE/B/H/8,2,USUAL SUSPECT,1,PERFECT LOU,3,THATS CLASSIC,1.04,1.00,1.60,1.90,2.30,2.40,6.00,23.30,,2.00,29.50,30.50,2026-08-26T02:30:36.205366+00:00
24/07/2026,Redcliffe,QLD,8,RE240726_R8,https://www.tab.com.au/racing/2026-07-24/REDCLIFFE/B/H/8,2,LONG AWAITED,7,TEQUILASUNRISE,6,SERGENTMAJOR JUJON,2.30,1.60,1.60,2.50,6.30,10.90,51.70,123.40,,27.50,0.00,692.70,2026-08-26T02:31:32.232509+00:00
22/07/2026,Redcliffe,QLD,9,RE220726_R9,https://www.tab.com.au/racing/2026-07-22/REDCLIFFE/B/H/9,6,HARRY THE HAT,3,CALI GRACE,1,KISS ME LIKE THIS,1.30,1.04,3.40,2.90,8.50,5.60,50.40,341.90,,1.70,,,2026-08-26T02:32:26.700652+00:00
23/07/2026,Albion Park,QLD,1,AP230726_R1,https://www.tab.com.au/racing/2026-07-23/ALBION-PARK/B/H/1,4,STRIER,3,MANE ATTRACTION,2,BOSTON BLIZZARD,3.90,2.20,3.20,,17.80,30.20,105.70,240.30,,,,,2026-08-26T02:34:32.135652+00:00
25/07/2026,Albion Park,QLD,1,AP250726_R1,https://www.tab.com.au/racing/2026-07-25/ALBION-PARK/B/H/1,10,ALWAYS DANCING,6,ALWAYS BE CHAPS,1,SMARTER THAN YOU,18.40,3.70,1.70,1.60,27.40,71.60,262.10,1393.10,,,,,2026-08-26T02:35:29.025872+00:00
23/07/2026,Albion Park,QLD,2,AP230726_R2,https://www.tab.com.au/racing/2026-07-23/ALBION-PARK/B/H/2,1,ITS ALL RIGHT NOW,8,NONIS GOLD CLASS,10,BLACK VIPER,,,,,20.30,55.20,253.70,3629.40,,106.90,,,2026-08-26T03:11:31.419813+00:00
