Race Anchor,RaceAnchorFull,RunnerAnchor,Venue,Date,MeetingTime,Meeting Time,Race No,Time,RaceStartUTC,RaceStartLocalDT,Horse No,Horse,Race Name,Distance,Prizemoney,Barrier,Trainer,Driver,Gait,Start,State,FieldOdds,Odds,IsScratching,HorseClass,LastFiveStarts,RaceNotes,RaceClass,HorseId,HorseSlug,TrainerSlug,DriverSlug,SilkDescription,EmergencyNumber,ODStatus,LR API Meeting,LR API Race,LR API Place,LR API Venue,LR API Date,VenDist,VenDistGaitStart,VenDist Sample,VenDistGaitStart Sample,BM LT,BM Q1,BM Q2,BM Q3,BM Q4,_VenueKey,_DistKey,_GaitKey,_StartKey,Br Sts,Br Wins,Br Places,Br Win %,Br Pla %,Br ROI %
AP250826,AP250826_R1,AP250826_R1_HAMMER SON,Albion Park,2026-08-25,Day,Day,1,1:47 PM,2026-08-25T03:47:00+00:00,2026-08-25T13:47:00+10:00,1,HAMMER SON,Pryde's Easifeed Easioil Trotters Discretionary Handicap,2138,"$9,120",FT Fr1,Doug Lee,,TROTTERS,Stand,QLD,,,False,NR67 B5,4081s,NDC. NMC. Also eligible trotters up to NR85 that do not have a Band assessment. A 1% deduction for Equine Welfare will be applied to all prizemoney prior to distribution.,NR up to 75. Discretionary Handicap. RBD. Trotters,8378,/hammer-son,/doug-lee,,"BROWN, ORANGE BRACES & YOKE, 4 BROWN SPOTS, BROWN SLEEVES, ORANGE STRIPES",,,RE101225,REC10122510,1,Redcliffe,2025-12-10,Albion Park_2138,Albion Park_2138_trotters_stand,2602,622,42.6,30.7,30.8,29.5,29.8,albion park,2138,trotters,stand,14.0,0.0,7.0,0.0,50.0,-100.0
AP250826,AP250826_R1,AP250826_R1_IZARRA,Albion Park,2026-08-25,Day,Day,1,1:47 PM,2026-08-25T03:47:00+00:00,2026-08-25T13:47:00+10:00,2,IZARRA,Pryde's Easifeed Easioil Trotters Discretionary Handicap,2138,"$9,120",FT Fr2,Jack Butler,Layne Dwyer,TROTTERS,Stand,QLD,,,False,NR66 B5,62665,NDC. NMC. Also eligible trotters up to NR85 that do not have a Band assessment. A 1% deduction for Equine Welfare will be applied to all prizemoney prior to distribution.,NR up to 75. Discretionary Handicap. RBD. Trotters,4861,/izarra,/jack-butler,/layne-dwyer,"DARK BLUE, RED DIAMONDS, HOOPED SLEEVES",,,AP040826,APC04082613,5,Albion Park,2026-08-04,Albion Park_2138,Albion Park_2138_trotters_stand,2602,622,42.6,30.7,30.8,29.5,29.8,albion park,2138,trotters,stand,14.0,0.0,1.0,0.0,7.14,-100.0
AP250826,AP250826_R1,AP250826_R1_PIZZA PRINCE,Albion Park,2026-08-25,Day,Day,1,1:47 PM,2026-08-25T03:47:00+00:00,2026-08-25T13:47:00+10:00,3,PIZZA PRINCE,Pryde's Easifeed Easioil Trotters Discretionary Handicap,2138,"$9,120",FT Fr3,Riley Butt,Angus Garrard,TROTTERS,Stand,QLD,,,False,NR65,43532,NDC. NMC. Also eligible trotters up to NR85 that do not have a Band assessment. A 1% deduction for Equine Welfare will be applied to all prizemoney prior to distribution.,NR up to 75. Discretionary Handicap. RBD. Trotters,11765,/pizza-prince,/riley-butt,/angus-garrard,"MAROON, CREAM FERN, BLACK SLEEVES, CREAM FERNS",,ODS,AP180826,APC18082613,2,Albion Park,2026-08-18,Albion Park_2138,Albion Park_2138_trotters_stand,2602,622,42.6,30.7,30.8,29.5,29.8,albion park,2138,trotters,stand,11.0,1.0,3.0,9.09,36.36,-25.96
AP250826,AP250826_R1,AP250826_R1_DARCYS FIREBALL,Albion Park,2026-08-25,Day,Day,1,1:47 PM,2026-08-25T03:47:00+00:00,2026-08-25T13:47:00+10:00,4,DARCYS FIREBALL,Pryde's Easifeed Easioil Trotters Discretionary Handicap,2138,"$9,120",10 Fr1,Graham Dwyer,Nathan Dawson,TROTTERS,Stand,QLD,,,False,NR76,10213,NDC. NMC. Also eligible trotters up to NR85 that do not have a Band assessment. A 1% deduction for Equine Welfare will be applied to all prizemoney prior to distribution.,NR up to 75. Discretionary Handicap. RBD. Trotters,2489,/darcys-fireball,/graham-dwyer,/nathan-dawson,"RED, BLACK HORSE & WHITE CROWN LOGO, WHITE KINGSLODGE SLEEVES",,,AP180826,APC18082613,3,Albion Park,2026-08-18,Albion Park_2138,Albion Park_2138_trotters_stand,2602,622,42.6,30.7,30.8,29.5,29.8,albion park,2138,trotters,stand,11.0,2.0,2.0,18.18,36.36,4.39
AP250826,AP250826_R1,AP250826_R1_KODA DA MODA,Albion Park,2026-08-25,Day,Day,1,1:47 PM,2026-08-25T03:47:00+00:00,2026-08-25T13:47:00+10:00,5,KODA DA MODA,Pryde's Easifeed Easioil Trotters Discretionary Handicap,2138,"$9,120",20 Fr1,Graham Dwyer,Graham Dwyer,TROTTERS,Stand,QLD,,,False,NR77,35477,NDC. NMC. Also eligible trotters up to NR85 that do not have a Band assessment. A 1% deduction for Equine Welfare will be applied to all prizemoney prior to distribution.,NR up to 75. Discretionary Handicap. RBD. Trotters,4411,/koda-da-moda,/graham-dwyer,/graham-dwyer,"WHITE, 'ALL IN' CARD LOGO, BLACK SLEEVES, WHITE STARS",,,AP180726,APM18072604,7,Albion Park,2026-07-18,Albion Park_2138,Albion Park_2138_trotters_stand,2602,622,42.6,30.7,30.8,29.5,29.8,albion park,2138,trotters,stand,7.0,2.0,1.0,28.57,42.86,112.11
AP250826,AP250826_R1,AP250826_R1_NELLIE JOY,Albion Park,2026-08-25,Day,Day,1,1:47 PM,2026-08-25T03:47:00+00:00,2026-08-25T13:47:00+10:00,6,NELLIE JOY,Pryde's Easifeed Easioil Trotters Discretionary Handicap,2138,"$9,120",20 Fr2,Graham Dwyer,Greg Bennett,TROTTERS,Stand,QLD,,,False,NR83,81264,NDC. NMC. Also eligible trotters up to NR85 that do not have a Band assessment. A 1% deduction for Equine Welfare will be applied to all prizemoney prior to distribution.,NR up to 75. Discretionary Handicap. RBD. Trotters,11824,/nellie-joy,/graham-dwyer,/greg-bennett,"BLUE, RED STAR & SLEEVES",,,AP180826,APC18082613,4,Albion Park,2026-08-18,Albion Park_2138,Albion Park_2138_trotters_stand,2602,622,42.6,30.7,30.8,29.5,29.8,albion park,2138,trotters,stand,5.0,1.0,1.0,20.0,40.0,146.43
AP250826,AP250826_R1,AP250826_R1_SHEETWEB WEAVER,Albion Park,2026-08-25,Day,Day,1,1:47 PM,2026-08-25T03:47:00+00:00,2026-08-25T13:47:00+10:00,7,SHEETWEB WEAVER,Pryde's Easifeed Easioil Trotters Discretionary Handicap,2138,"$9,120",20 Fr3,Melissa Gillies,Pete McMullen,TROTTERS,Stand,QLD,,,False,NR74 B3,s08s8,NDC. NMC. Also eligible trotters up to NR85 that do not have a Band assessment. A 1% deduction for Equine Welfare will be applied to all prizemoney prior to distribution.,NR up to 75. Discretionary Handicap. RBD. Trotters,6251,/sheetweb-weaver,/melissa-gillies,/pete-mcmullen,"ROYAL BLUE, PINK STARRED DIAMOND FORMATION, STRIPED SLEEVES",,,AP180826,APC18082613,8,Albion Park,2026-08-18,Albion Park_2138,Albion Park_2138_trotters_stand,2602,622,42.6,30.7,30.8,29.5,29.8,albion park,2138,trotters,stand,4.0,1.0,1.0,25.0,50.0,-5.93
AP250826,AP250826_R2,AP250826_R2_GAZ MAN NZ,Albion Park,2026-08-25,Day,Day,2,2:22 PM,2026-08-25T04:22:00+00:00,2026-08-25T14:22:00+10:00,1,GAZ MAN NZ,Benstud Standardbreds Trotters Up to Nr55 Mobile,2138,"$9,120",Fr1,Richard Hutchinson,Adam Richardson,TROTTERS,Mobile,QLD,,,False,NR50 B5,76760,NDC. NMC. Also eligible horses with no more than 4 wins (excluding 2YO wins). A 1% deduction for Equine Welfare will be applied to all prizemoney prior to distribution.,NR up to 55. PBD/NR/L4$. Trotters,434993,/gaz-man-nz-434993,/richard-hutchinson,/adam-richardson,"BLACK, GOLD QUARTERS",,,AP180826,APC18082614,10,Albion Park,2026-08-18,Albion Park_2138,Albion Park_2138_trotters_mobile,2602,192,38.3,30.7,30.4,29.1,29.2,albion park,2138,trotters,mobile,192.0,17.0,41.0,8.85,30.21,-14.03
AP250826,AP250826_R2,AP250826_R2_TARENTAISE,Albion Park,2026-08-25,Day,Day,2,2:22 PM,2026-08-25T04:22:00+00:00,2026-08-25T14:22:00+10:00,2,TARENTAISE,Benstud Standardbreds Trotters Up to Nr55 Mobile,2138,"$9,120",Fr2,Graham Dwyer,Graham Dwyer,TROTTERS,Mobile,QLD,,,False,NR50,82702,NDC. NMC. Also eligible horses with no more than 4 wins (excluding 2YO wins). A 1% deduction for Equine Welfare will be applied to all prizemoney prior to distribution.,NR up to 55. PBD/NR/L4$. Trotters,3259,/tarentaise,/graham-dwyer,/graham-dwyer,"RED, BLACK HORSE & WHITE CROWN LOGO, WHITE KINGSLODGE SLEEVES",,,AP180826,APC18082614,2,Albion Park,2026-08-18,Albion Park_2138,Albion Park_2138_trotters_mobile,2602,192,38.3,30.7,30.4,29.1,29.2,albion park,2138,trotters,mobile,192.0,23.0,46.0,11.98,35.94,-11.64
AP250826,AP250826_R2,AP250826_R2_NATTY PAGGER NZ,Albion Park,2026-08-25,Day,Day,2,2:22 PM,2026-08-25T04:22:00+00:00,2026-08-25T14:22:00+10:00,3,NATTY PAGGER NZ,Benstud Standardbreds Trotters Up to Nr55 Mobile,2138,"$9,120",Fr3,Trent Moffat,Mathew Neilson,TROTTERS,Mobile,QLD,,,False,NR50,48176,NDC. NMC. Also eligible horses with no more than 4 wins (excluding 2YO wins). A 1% deduction for Equine Welfare will be applied to all prizemoney prior to distribution.,NR up to 55. PBD/NR/L4$. Trotters,736,/natty-pagger-nz,/trent-moffat,/mathew-neilson,"BLACK, GOLD STARS, BLACK SLEEVES, GOLD CHEVRONS",,,AP180826,APC18082614,6,Albion Park,2026-08-18,Albion Park_2138,Albion Park_2138_trotters_mobile,2602,192,38.3,30.7,30.4,29.1,29.2,albion park,2138,trotters,mobile,192.0,23.0,52.0,11.98,39.06,-26.5
AP250826,AP250826_R2,AP250826_R2_DAIMYO,Albion Park,2026-08-25,Day,Day,2,2:22 PM,2026-08-25T04:22:00+00:00,2026-08-25T14:22:00+10:00,4,DAIMYO,Benstud Standardbreds Trotters Up to Nr55 Mobile,2138,"$9,120",Fr4,Melissa Gillies,Brendan Barnes,TROTTERS,Mobile,QLD,,,False,NR52,s4274,NDC. NMC. Also eligible horses with no more than 4 wins (excluding 2YO wins). A 1% deduction for Equine Welfare will be applied to all prizemoney prior to distribution.,NR up to 55. PBD/NR/L4$. Trotters,6252,/daimyo,/melissa-gillies,/brendan-barnes,"WHITE, YELLOW STAR, DARK BLUE SLEEVES",,,AP060826,APC06082613,4,Albion Park,2026-08-06,Albion Park_2138,Albion Park_2138_trotters_mobile,2602,192,38.3,30.7,30.4,29.1,29.2,albion park,2138,trotters,mobile,192.0,26.0,47.0,13.54,38.02,-11.08
AP250826,AP250826_R2,AP250826_R2_LARR DEES SON,Albion Park,2026-08-25,Day,Day,2,2:22 PM,2026-08-25T04:22:00+00:00,2026-08-25T14:22:00+10:00,5,LARR DEES SON,Benstud Standardbreds Trotters Up to Nr55 Mobile,2138,"$9,120",Fr5,Al Barnes,Grant Dixon,TROTTERS,Mobile,QLD,,,False,NR53,34446,NDC. NMC. Also eligible horses with no more than 4 wins (excluding 2YO wins). A 1% deduction for Equine Welfare will be applied to all prizemoney prior to distribution.,NR up to 55. PBD/NR/L4$. Trotters,11074,/larr-dees-son,/al-barnes,/grant-dixon,"BLACK, GREY, RED & YELLOW SASHES, GREY SLEEVES",,,AP180826,APC18082613,6,Albion Park,2026-08-18,Albion Park_2138,Albion Park_2138_trotters_mobile,2602,192,38.3,30.7,30.4,29.1,29.2,albion park,2138,trotters,mobile,190.0,29.0,42.0,15.26,37.37,-19.81
AP250826,AP250826_R2,AP250826_R2_SECOND TO NUN,Albion Park,2026-08-25,Day,Day,2,2:22 PM,2026-08-25T04:22:00+00:00,2026-08-25T14:22:00+10:00,6,SECOND TO NUN,Benstud Standardbreds Trotters Up to Nr55 Mobile,2138,"$9,120",Fr6,Stephen Cini,Greg Bennett,TROTTERS,Mobile,QLD,,,False,NR57,9s423,NDC. NMC. Also eligible horses with no more than 4 wins (excluding 2YO wins). A 1% deduction for Equine Welfare will be applied to all prizemoney prior to distribution.,NR up to 55. PBD/NR/L4$. Trotters,435749,/second-to-nun,/stephen-cini,/greg-bennett,"BLACK, RED MALTESE CROSS, WHITE SLEEVES",,,AP180826,APC18082614,3,Albion Park,2026-08-18,Albion Park_2138,Albion Park_2138_trotters_mobile,2602,192,38.3,30.7,30.4,29.1,29.2,albion park,2138,trotters,mobile,176.0,26.0,44.0,14.77,39.77,-15.2
AP250826,AP250826_R2,AP250826_R2_DESIRING DIAMONDS,Albion Park,2026-08-25,Day,Day,2,2:22 PM,2026-08-25T04:22:00+00:00,2026-08-25T14:22:00+10:00,7,DESIRING DIAMONDS,Benstud Standardbreds Trotters Up to Nr55 Mobile,2138,"$9,120",Fr7,Rickie Alchin,,TROTTERS,Mobile,QLD,,,False,NR59,62813,NDC. NMC. Also eligible horses with no more than 4 wins (excluding 2YO wins). A 1% deduction for Equine Welfare will be applied to all prizemoney prior to distribution.,NR up to 55. PBD/NR/L4$. Trotters,438833,/desiring-diamonds,/rickie-alchin,,"PINK, DARK BLUE CROSSED SASHES",,,AP220826,APM22082608,3,Albion Park,2026-08-22,Albion Park_2138,Albion Park_2138_trotters_mobile,2602,192,38.3,30.7,30.4,29.1,29.2,albion park,2138,trotters,mobile,121.0,17.0,24.0,14.05,33.88,15.4
AP250826,AP250826_R2,AP250826_R2_CASCATA,Albion Park,2026-08-25,Day,Day,2,2:22 PM,2026-08-25T04:22:00+00:00,2026-08-25T14:22:00+10:00,8,CASCATA,Benstud Standardbreds Trotters Up to Nr55 Mobile,2138,"$9,120",Sr1,Graham Dwyer,Nathan Dawson,TROTTERS,Mobile,QLD,,,False,NR55,17997,NDC. NMC. Also eligible horses with no more than 4 wins (excluding 2YO wins). A 1% deduction for Equine Welfare will be applied to all prizemoney prior to distribution.,NR up to 55. PBD/NR/L4$. Trotters,12417,/cascata,/graham-dwyer,/nathan-dawson,"RED, BLACK HORSE & WHITE CROWN LOGO, WHITE KINGSLODGE SLEEVES",,,AP180826,APC18082613,7,Albion Park,2026-08-18,Albion Park_2138,Albion Park_2138_trotters_mobile,2602,192,38.3,30.7,30.4,29.1,29.2,albion park,2138,trotters,mobile,140.0,15.0,35.0,10.71,35.71,-9.8
AP250826,AP250826_R3,AP250826_R3_COBBITY CADENCE,Albion Park,2026-08-25,Day,Day,3,3:03 PM,2026-08-25T05:03:00+00:00,2026-08-25T15:03:00+10:00,1,COBBITY CADENCE,2026 Qbred Triad 2yo Fillies Consolation,1660,"$21,800",Fr1,Gemma Hewitt,Brendan Barnes,PACERS,Mobile,QLD,,,False,NR46,29331,NDC. NMC. Consolation for 2YO Fillies that finished in the highest finishing position in the Heats but failed to gain a start in the Final. Breeder of winner recieves $610. A 1% deduction for Equine Welfare will be applied to all prizemoney prior to distribution.,2YO Fillies. No NR. RBD. Pacers,187060,/cobbity-cadence,/gemma-hewitt,/brendan-barnes,"PURPLE, RED YOKE & BRACES, PURPLE STARS",,,RE190826,REC19082607,1,Redcliffe,2026-08-19,Albion Park_1660,Albion Park_1660_pacers_mobile,4917,4797,3.4,27.9,30.4,28.3,28.4,albion park,1660,pacers,mobile,4797.0,710.0,1490.0,14.8,45.86,-24.01
AP250826,AP250826_R3,AP250826_R3_GEMS MAGIC,Albion Park,2026-08-25,Day,Day,3,3:03 PM,2026-08-25T05:03:00+00:00,2026-08-25T15:03:00+10:00,2,GEMS MAGIC,2026 Qbred Triad 2yo Fillies Consolation,1660,"$21,800",Fr2,Grant Dixon,Jack Chapple,PACERS,Mobile,QLD,,,False,NR50,161s5,NDC. NMC. Consolation for 2YO Fillies that finished in the highest finishing position in the Heats but failed to gain a start in the Final. Breeder of winner recieves $610. A 1% deduction for Equine Welfare will be applied to all prizemoney prior to distribution.,2YO Fillies. No NR. RBD. Pacers,191925,/gems-magic,/grant-dixon,/jack-chapple,"BLACK, WHITE PIPING COLLAR & WAISTBAND, BLACK SLEEVES, WHITE PIN STRIPES",,,AP110826,APC11082618,5,Albion Park,2026-08-11,Albion Park_1660,Albion Park_1660_pacers_mobile,4917,4797,3.4,27.9,30.4,28.3,28.4,albion park,1660,pacers,mobile,4797.0,624.0,1068.0,13.01,35.27,-17.93
AP250826,AP250826_R3,AP250826_R3_ZOOMER BOOMER,Albion Park,2026-08-25,Day,Day,3,3:03 PM,2026-08-25T05:03:00+00:00,2026-08-25T15:03:00+10:00,3,ZOOMER BOOMER,2026 Qbred Triad 2yo Fillies Consolation,1660,"$21,800",Fr3,Graham Dwyer,Greg Bennett,PACERS,Mobile,QLD,,,False,NR45,12664,NDC. NMC. Consolation for 2YO Fillies that finished in the highest finishing position in the Heats but failed to gain a start in the Final. Breeder of winner recieves $610. A 1% deduction for Equine Welfare will be applied to all prizemoney prior to distribution.,2YO Fillies. No NR. RBD. Pacers,56314,/zoomer-boomer,/graham-dwyer,/greg-bennett,"RED, BLACK HORSE & WHITE CROWN LOGO, WHITE KINGSLODGE SLEEVES",,,AP110826,APC11082620,4,Albion Park,2026-08-11,Albion Park_1660,Albion Park_1660_pacers_mobile,4917,4797,3.4,27.9,30.4,28.3,28.4,albion park,1660,pacers,mobile,4797.0,667.0,1121.0,13.9,37.27,-8.77
AP250826,AP250826_R3,AP250826_R3_TWIN CITIES,Albion Park,2026-08-25,Day,Day,3,3:03 PM,2026-08-25T05:03:00+00:00,2026-08-25T15:03:00+10:00,4,TWIN CITIES,2026 Qbred Triad 2yo Fillies Consolation,1660,"$21,800",Fr4,Michael Brennan,Nathan Dawson,PACERS,Mobile,QLD,,,False,NR45,55,NDC. NMC. Consolation for 2YO Fillies that finished in the highest finishing position in the Heats but failed to gain a start in the Final. Breeder of winner recieves $610. A 1% deduction for Equine Welfare will be applied to all prizemoney prior to distribution.,2YO Fillies. No NR. RBD. Pacers,20963,/twin-cities,/michael-brennan,/nathan-dawson,"GOLD, GREEN ANCHOR, COLLAR, WAISTBAND & SLEEVES WITH GOLD ANCHOR & CUFFS",,,AP110826,APC11082611,5,Albion Park,2026-08-11,Albion Park_1660,Albion Park_1660_pacers_mobile,4917,4797,3.4,27.9,30.4,28.3,28.4,albion park,1660,pacers,mobile,4794.0,668.0,1066.0,13.93,36.17,-5.74
AP250826,AP250826_R3,AP250826_R3_CALI GRACE,Albion Park,2026-08-25,Day,Day,3,3:03 PM,2026-08-25T05:03:00+00:00,2026-08-25T15:03:00+10:00,5,CALI GRACE,2026 Qbred Triad 2yo Fillies Consolation,1660,"$21,800",Fr5,Shawn Grimsey,Adam Sanderson,PACERS,Mobile,QLD,,,False,NR45,244,NDC. NMC. Consolation for 2YO Fillies that finished in the highest finishing position in the Heats but failed to gain a start in the Final. Breeder of winner recieves $610. A 1% deduction for Equine Welfare will be applied to all prizemoney prior to distribution.,2YO Fillies. No NR. RBD. Pacers,157207,/cali-grace,/shawn-grimsey,/adam-sanderson,"ROYAL BLUE, WHITE YOKE & BRACES, ROYAL BLUE SLEEVES, WHITE STRIPES & CUFFS",,,AP110826,APC11082611,4,Albion Park,2026-08-11,Albion Park_1660,Albion Park_1660_pacers_mobile,4917,4797,3.4,27.9,30.4,28.3,28.4,albion park,1660,pacers,mobile,4775.0,426.0,884.0,8.92,27.43,-23.85
AP250826,AP250826_R3,AP250826_R3_FAN THE FLAME,Albion Park,2026-08-25,Day,Day,3,3:03 PM,2026-08-25T05:03:00+00:00,2026-08-25T15:03:00+10:00,6,FAN THE FLAME,2026 Qbred Triad 2yo Fillies Consolation,1660,"$21,800",Fr6,Grant Dixon,Grant Dixon,PACERS,Mobile,QLD,,,False,NR44,72254,NDC. NMC. Consolation for 2YO Fillies that finished in the highest finishing position in the Heats but failed to gain a start in the Final. Breeder of winner recieves $610. A 1% deduction for Equine Welfare will be applied to all prizemoney prior to distribution.,2YO Fillies. No NR. RBD. Pacers,157192,/fan-the-flame,/grant-dixon,/grant-dixon,"BLACK & WHITE CHECKS, WHITE SLEEVES",,,AP110826,APC11082619,4,Albion Park,2026-08-11,Albion Park_1660,Albion Park_1660_pacers_mobile,4917,4797,3.4,27.9,30.4,28.3,28.4,albion park,1660,pacers,mobile,4605.0,395.0,853.0,8.58,27.1,-23.6
AP250826,AP250826_R3,AP250826_R3_AMIEES ALIAS,Albion Park,2026-08-25,Day,Day,3,3:03 PM,2026-08-25T05:03:00+00:00,2026-08-25T15:03:00+10:00,7,AMIEES ALIAS,2026 Qbred Triad 2yo Fillies Consolation,1660,"$21,800",Fr7,Stephen Cini,Angus Garrard,PACERS,Mobile,QLD,,,False,NR43,82s56,NDC. NMC. Consolation for 2YO Fillies that finished in the highest finishing position in the Heats but failed to gain a start in the Final. Breeder of winner recieves $610. A 1% deduction for Equine Welfare will be applied to all prizemoney prior to distribution.,2YO Fillies. No NR. RBD. Pacers,191888,/amiees-alias,/stephen-cini,/angus-garrard,"BLACK, WITH A YELLOW LETTER ""G"" IN A RED SQUARE, BLACK SLEEVES WITH ALTERNATING YELLOW & RED STARS",,,RE190826,REC19082611,6,Redcliffe,2026-08-19,Albion Park_1660,Albion Park_1660_pacers_mobile,4917,4797,3.4,27.9,30.4,28.3,28.4,albion park,1660,pacers,mobile,3511.0,277.0,553.0,7.89,23.64,-23.29
AP250826,AP250826_R3,AP250826_R3_STRADDIE BABE,Albion Park,2026-08-25,Day,Day,3,3:03 PM,2026-08-25T05:03:00+00:00,2026-08-25T15:03:00+10:00,8,STRADDIE BABE,2026 Qbred Triad 2yo Fillies Consolation,1660,"$21,800",Sr1,Trent Dawson,Trent Dawson,PACERS,Mobile,QLD,,,False,NR47,3133,NDC. NMC. Consolation for 2YO Fillies that finished in the highest finishing position in the Heats but failed to gain a start in the Final. Breeder of winner recieves $610. A 1% deduction for Equine Welfare will be applied to all prizemoney prior to distribution.,2YO Fillies. No NR. RBD. Pacers,441993,/straddie-babe,/trent-dawson,/trent-dawson,"ROYAL BLUE, RED DIAMONDS, BRACES & CUFFS",,,AP110826,APC11082619,3,Albion Park,2026-08-11,Albion Park_1660,Albion Park_1660_pacers_mobile,4917,4797,3.4,27.9,30.4,28.3,28.4,albion park,1660,pacers,mobile,4345.0,384.0,1102.0,8.84,34.2,-26.47
AP250826,AP250826_R3,AP250826_R3_GO MINNIE,Albion Park,2026-08-25,Day,Day,3,3:03 PM,2026-08-25T05:03:00+00:00,2026-08-25T15:03:00+10:00,9,GO MINNIE,2026 Qbred Triad 2yo Fillies Consolation,1660,"$21,800",Sr-,Gemma Hewitt,Nathan Dawson,PACERS,Mobile,QLD,,,False,NR42,34736,NDC. NMC. Consolation for 2YO Fillies that finished in the highest finishing position in the Heats but failed to gain a start in the Final. Breeder of winner recieves $610. A 1% deduction for Equine Welfare will be applied to all prizemoney prior to distribution.,2YO Fillies. No NR. RBD. Pacers,441615,/go-minnie,/gemma-hewitt,/nathan-dawson,"PURPLE, RED YOKE & BRACES, PURPLE STARS",1.0,,AP110826,APC11082618,6,Albion Park,2026-08-11,Albion Park_1660,Albion Park_1660_pacers_mobile,4917,4797,3.4,27.9,30.4,28.3,28.4,albion park,1660,pacers,mobile,0.0,0.0,0.0,0.0,0.0,0.0
AP250826,AP250826_R3,AP250826_R3_HARPER DELIGHT,Albion Park,2026-08-25,Day,Day,3,3:03 PM,2026-08-25T05:03:00+00:00,2026-08-25T15:03:00+10:00,10,HARPER DELIGHT,2026 Qbred Triad 2yo Fillies Consolation,1660,"$21,800",Sr2,Jack Butler,Leonard Cain,PACERS,Mobile,QLD,,,False,NR46,266s4,NDC. NMC. Consolation for 2YO Fillies that finished in the highest finishing position in the Heats but failed to gain a start in the Final. Breeder of winner recieves $610. A 1% deduction for Equine Welfare will be applied to all prizemoney prior to distribution.,2YO Fillies. No NR. RBD. Pacers,441961,/harper-delight,/jack-butler,/leonard-cain,"DARK BLUE, RED DIAMONDS, HOOPED SLEEVES",,,AP110826,APC11082618,4,Albion Park,2026-08-11,Albion Park_1660,Albion Park_1660_pacers_mobile,4917,4797,3.4,27.9,30.4,28.3,28.4,albion park,1660,pacers,mobile,3787.0,343.0,824.0,9.06,30.82,-22.85
AP250826,AP250826_R3,AP250826_R3_CRUSEY,Albion Park,2026-08-25,Day,Day,3,3:03 PM,2026-08-25T05:03:00+00:00,2026-08-25T15:03:00+10:00,11,CRUSEY,2026 Qbred Triad 2yo Fillies Consolation,1660,"$21,800",Sr3,Chantal Turpin,Pete McMullen,PACERS,Mobile,QLD,,,False,NR50,1s125,NDC. NMC. Consolation for 2YO Fillies that finished in the highest finishing position in the Heats but failed to gain a start in the Final. Breeder of winner recieves $610. A 1% deduction for Equine Welfare will be applied to all prizemoney prior to distribution.,2YO Fillies. No NR. RBD. Pacers,55659,/crusey,/chantal-turpin,/pete-mcmullen,"BLUE, PURPLE BRACES, WHITE YOKE WITH PURPLE STARS, WHITE SLEEVES, PURPLE STARS",,ODM,AP110826,APC11082619,5,Albion Park,2026-08-11,Albion Park_1660,Albion Park_1660_pacers_mobile,4917,4797,3.4,27.9,30.4,28.3,28.4,albion park,1660,pacers,mobile,2893.0,294.0,621.0,10.16,31.63,-15.87
AP250826,AP250826_R4,AP250826_R4_HEAD RUSH,Albion Park,2026-08-25,Day,Day,4,3:42 PM,2026-08-25T05:42:00+00:00,2026-08-25T15:42:00+10:00,1,HEAD RUSH,2026 Qbred Triad 2yo Colts & Geldings Consolation,1660,"$21,800",Fr1,Steve Borg,Adam Sanderson,PACERS,Mobile,QLD,,,False,NR46,2s814,NDC. NMC. Consolation for 2YO Colts & Geldings that finished in the highest finishing position in the Heats but failed to gain a start in the Final. Breeder of winner recieves $610. A 1% deduction for Equine Welfare will be applied to all prizemoney prior to distribution.,2YO Colts and Geldings. No NR. RBD. Pacers,441789,/head-rush,/steve-borg,/adam-sanderson,"BLACK, RED SLEEVES",,,AP110826,APC11082616,4,Albion Park,2026-08-11,Albion Park_1660,Albion Park_1660_pacers_mobile,4917,4797,3.4,27.9,30.4,28.3,28.4,albion park,1660,pacers,mobile,4797.0,710.0,1490.0,14.8,45.86,-24.01
AP250826,AP250826_R4,AP250826_R4_JOVIAL JIM,Albion Park,2026-08-25,Day,Day,4,3:42 PM,2026-08-25T05:42:00+00:00,2026-08-25T15:42:00+10:00,2,JOVIAL JIM,2026 Qbred Triad 2yo Colts & Geldings Consolation,1660,"$21,800",Fr2,Grant Dixon,Grant Dixon,PACERS,Mobile,QLD,,,False,NR45,68s33,NDC. NMC. Consolation for 2YO Colts & Geldings that finished in the highest finishing position in the Heats but failed to gain a start in the Final. Breeder of winner recieves $610. A 1% deduction for Equine Welfare will be applied to all prizemoney prior to distribution.,2YO Colts and Geldings. No NR. RBD. Pacers,7295,/jovial-jim-7295,/grant-dixon,/grant-dixon,"WHITE, GREEN HORSE HEAD",,,AP110826,APC11082616,3,Albion Park,2026-08-11,Albion Park_1660,Albion Park_1660_pacers_mobile,4917,4797,3.4,27.9,30.4,28.3,28.4,albion park,1660,pacers,mobile,4797.0,624.0,1068.0,13.01,35.27,-17.93
AP250826,AP250826_R4,AP250826_R4_LOTS OF HEART,Albion Park,2026-08-25,Day,Day,4,3:42 PM,2026-08-25T05:42:00+00:00,2026-08-25T15:42:00+10:00,3,LOTS OF HEART,2026 Qbred Triad 2yo Colts & Geldings Consolation,1660,"$21,800",Fr3,Grant Dixon,Grant Dixon,PACERS,Mobile,QLD,,,False,NR47,13464,NDC. NMC. Consolation for 2YO Colts & Geldings that finished in the highest finishing position in the Heats but failed to gain a start in the Final. Breeder of winner recieves $610. A 1% deduction for Equine Welfare will be applied to all prizemoney prior to distribution.,2YO Colts and Geldings. No NR. RBD. Pacers,157206,/lots-of-heart,/grant-dixon,/grant-dixon,"BLACK & WHITE CHECKS, WHITE SLEEVES",,,AP110826,APC11082617,4,Albion Park,2026-08-11,Albion Park_1660,Albion Park_1660_pacers_mobile,4917,4797,3.4,27.9,30.4,28.3,28.4,albion park,1660,pacers,mobile,4797.0,667.0,1121.0,13.9,37.27,-8.77
AP250826,AP250826_R4,AP250826_R4_UNJUST ENRICHMENT,Albion Park,2026-08-25,Day,Day,4,3:42 PM,2026-08-25T05:42:00+00:00,2026-08-25T15:42:00+10:00,4,UNJUST ENRICHMENT,2026 Qbred Triad 2yo Colts & Geldings Consolation,1660,"$21,800",Fr-,Rickie Alchin,Angus Garrard,PACERS,Mobile,QLD,,,False,NR47,36463,NDC. NMC. Consolation for 2YO Colts & Geldings that finished in the highest finishing position in the Heats but failed to gain a start in the Final. Breeder of winner recieves $610. A 1% deduction for Equine Welfare will be applied to all prizemoney prior to distribution.,2YO Colts and Geldings. No NR. RBD. Pacers,186642,/unjust-enrichment,/rickie-alchin,/angus-garrard,"PINK, DARK BLUE CROSSED SASHES",1.0,,RE210826,REC21082608,3,Redcliffe,2026-08-21,Albion Park_1660,Albion Park_1660_pacers_mobile,4917,4797,3.4,27.9,30.4,28.3,28.4,albion park,1660,pacers,mobile,0.0,0.0,0.0,0.0,0.0,0.0
AP250826,AP250826_R4,AP250826_R4_DISEMBARK,Albion Park,2026-08-25,Day,Day,4,3:42 PM,2026-08-25T05:42:00+00:00,2026-08-25T15:42:00+10:00,5,DISEMBARK,2026 Qbred Triad 2yo Colts & Geldings Consolation,1660,"$21,800",Fr4,Grant Dixon,Jack Chapple,PACERS,Mobile,QLD,,,False,NR40,36525,NDC. NMC. Consolation for 2YO Colts & Geldings that finished in the highest finishing position in the Heats but failed to gain a start in the Final. Breeder of winner recieves $610. A 1% deduction for Equine Welfare will be applied to all prizemoney prior to distribution.,2YO Colts and Geldings. No NR. RBD. Pacers,60044,/disembark,/grant-dixon,/jack-chapple,"WHITE, NAVY BLUE V, RED SLEEVES, GOLD STARS",,,AP110826,APC11082616,5,Albion Park,2026-08-11,Albion Park_1660,Albion Park_1660_pacers_mobile,4917,4797,3.4,27.9,30.4,28.3,28.4,albion park,1660,pacers,mobile,4794.0,668.0,1066.0,13.93,36.17,-5.74
AP250826,AP250826_R4,AP250826_R4_RED AND RICH,Albion Park,2026-08-25,Day,Day,4,3:42 PM,2026-08-25T05:42:00+00:00,2026-08-25T15:42:00+10:00,6,RED AND RICH,2026 Qbred Triad 2yo Colts & Geldings Consolation,1660,"$21,800",Fr5,Grant Dixon,Jack Chapple,PACERS,Mobile,QLD,,,False,NR49,3115,NDC. NMC. Consolation for 2YO Colts & Geldings that finished in the highest finishing position in the Heats but failed to gain a start in the Final. Breeder of winner recieves $610. A 1% deduction for Equine Welfare will be applied to all prizemoney prior to distribution.,2YO Colts and Geldings. No NR. RBD. Pacers,441790,/red-and-rich,/grant-dixon,/jack-chapple,"BLACK, WHITE PIPING COLLAR & WAISTBAND, BLACK SLEEVES, WHITE PIN STRIPES",,,AP110826,APC11082617,5,Albion Park,2026-08-11,Albion Park_1660,Albion Park_1660_pacers_mobile,4917,4797,3.4,27.9,30.4,28.3,28.4,albion park,1660,pacers,mobile,4775.0,426.0,884.0,8.92,27.43,-23.85
AP250826,AP250826_R4,AP250826_R4_BLACKJACK SAM,Albion Park,2026-08-25,Day,Day,4,3:42 PM,2026-08-25T05:42:00+00:00,2026-08-25T15:42:00+10:00,7,BLACKJACK SAM,2026 Qbred Triad 2yo Colts & Geldings Consolation,1660,"$21,800",Fr6,Grant Dixon,Grant Dixon,PACERS,Mobile,QLD,,,False,NR47,17s54,NDC. NMC. Consolation for 2YO Colts & Geldings that finished in the highest finishing position in the Heats but failed to gain a start in the Final. Breeder of winner recieves $610. A 1% deduction for Equine Welfare will be applied to all prizemoney prior to distribution.,2YO Colts and Geldings. No NR. RBD. Pacers,55664,/blackjack-sam,/grant-dixon,/grant-dixon,"NAVY BLUE, WHITE V, RED SLEEVES, GOLD STARS",,,AP110826,APC11082610,4,Albion Park,2026-08-11,Albion Park_1660,Albion Park_1660_pacers_mobile,4917,4797,3.4,27.9,30.4,28.3,28.4,albion park,1660,pacers,mobile,4605.0,395.0,853.0,8.58,27.1,-23.6
AP250826,AP250826_R4,AP250826_R4_ROCKY HUNTER,Albion Park,2026-08-25,Day,Day,4,3:42 PM,2026-08-25T05:42:00+00:00,2026-08-25T15:42:00+10:00,8,ROCKY HUNTER,2026 Qbred Triad 2yo Colts & Geldings Consolation,1660,"$21,800",Sr1,Graham Dwyer,Greg Bennett,PACERS,Mobile,QLD,,,False,NR48,s5335,NDC. NMC. Consolation for 2YO Colts & Geldings that finished in the highest finishing position in the Heats but failed to gain a start in the Final. Breeder of winner recieves $610. A 1% deduction for Equine Welfare will be applied to all prizemoney prior to distribution.,2YO Colts and Geldings. No NR. RBD. Pacers,441914,/rocky-hunter,/graham-dwyer,/greg-bennett,"RED, BLACK HORSE & WHITE CROWN LOGO, WHITE KINGSLODGE SLEEVES",,,AP110826,APC11082610,5,Albion Park,2026-08-11,Albion Park_1660,Albion Park_1660_pacers_mobile,4917,4797,3.4,27.9,30.4,28.3,28.4,albion park,1660,pacers,mobile,4345.0,384.0,1102.0,8.84,34.2,-26.47
AP250826,AP250826_R4,AP250826_R4_KISS THE CAPTAIN,Albion Park,2026-08-25,Day,Day,4,3:42 PM,2026-08-25T05:42:00+00:00,2026-08-25T15:42:00+10:00,9,KISS THE CAPTAIN,2026 Qbred Triad 2yo Colts & Geldings Consolation,1660,"$21,800",Sr2,Shane Fraser,Angus Garrard,PACERS,Mobile,QLD,,,False,NR45,23,NDC. NMC. Consolation for 2YO Colts & Geldings that finished in the highest finishing position in the Heats but failed to gain a start in the Final. Breeder of winner recieves $610. A 1% deduction for Equine Welfare will be applied to all prizemoney prior to distribution.,2YO Colts and Geldings. No NR. RBD. Pacers,187160,/kiss-the-captain,/shane-fraser,/angus-garrard,"PURPLE, YELLOW SASH",,,AP110826,APC11082610,3,Albion Park,2026-08-11,Albion Park_1660,Albion Park_1660_pacers_mobile,4917,4797,3.4,27.9,30.4,28.3,28.4,albion park,1660,pacers,mobile,3787.0,343.0,824.0,9.06,30.82,-22.85
AP250826,AP250826_R4,AP250826_R4_DOUBLEFAULT,Albion Park,2026-08-25,Day,Day,4,3:42 PM,2026-08-25T05:42:00+00:00,2026-08-25T15:42:00+10:00,10,DOUBLEFAULT,2026 Qbred Triad 2yo Colts & Geldings Consolation,1660,"$21,800",Sr3,Chantal Turpin,Pete McMullen,PACERS,Mobile,QLD,,,False,NR45,42653,NDC. NMC. Consolation for 2YO Colts & Geldings that finished in the highest finishing position in the Heats but failed to gain a start in the Final. Breeder of winner recieves $610. A 1% deduction for Equine Welfare will be applied to all prizemoney prior to distribution.,2YO Colts and Geldings. No NR. RBD. Pacers,441808,/doublefault,/chantal-turpin,/pete-mcmullen,"BLUE, PURPLE BRACES, WHITE YOKE WITH PURPLE STARS, WHITE SLEEVES, PURPLE STARS",,,AP180826,APC18082612,3,Albion Park,2026-08-18,Albion Park_1660,Albion Park_1660_pacers_mobile,4917,4797,3.4,27.9,30.4,28.3,28.4,albion park,1660,pacers,mobile,2893.0,294.0,621.0,10.16,31.63,-15.87
AP250826,AP250826_R4,AP250826_R4_IMASILLYBILLY,Albion Park,2026-08-25,Day,Day,4,3:42 PM,2026-08-25T05:42:00+00:00,2026-08-25T15:42:00+10:00,11,IMASILLYBILLY,2026 Qbred Triad 2yo Colts & Geldings Consolation,1660,"$21,800",Sr4,Alex Ashwood,Tayla French,PACERS,Mobile,QLD,,,False,NR44,46,NDC. NMC. Consolation for 2YO Colts & Geldings that finished in the highest finishing position in the Heats but failed to gain a start in the Final. Breeder of winner recieves $610. A 1% deduction for Equine Welfare will be applied to all prizemoney prior to distribution.,2YO Colts and Geldings. No NR. RBD. Pacers,441936,/imasillybilly,/alex-ashwood,/tayla-french,"WHITE, BLACK YOKE, BRACES & SLEEVES, RED STARS, WHITE EPAULETTES AND COLLAR",,,AP180826,APC18082612,6,Albion Park,2026-08-18,Albion Park_1660,Albion Park_1660_pacers_mobile,4917,4797,3.4,27.9,30.4,28.3,28.4,albion park,1660,pacers,mobile,81.0,2.0,15.0,2.47,20.99,-67.6
AP250826,AP250826_R5,AP250826_R5_TORO LOCO,Albion Park,2026-08-25,Day,Day,5,4:17 PM,2026-08-25T06:17:00+00:00,2026-08-25T16:17:00+10:00,1,TORO LOCO,Garrards Horse & Hound Pace,1660,"$9,000",Fr1,Ben Battle,Tamara Battle,PACERS,Mobile,QLD,,,False,NR52 (A47),48685,DC. MC. A 1% deduction for Equine Welfare will be applied to all prizemoney prior to distribution.,3YO and older. NR 46 to 51. PBD/L4$. Pacers,186852,/toro-loco,/ben-battle,/tamara-battle,"DARK BLUE, GREY YOKE & BRACES, BLACK STARS",,,RE190826,REC19082603,5,Redcliffe,2026-08-19,Albion Park_1660,Albion Park_1660_pacers_mobile,4917,4797,3.4,27.9,30.4,28.3,28.4,albion park,1660,pacers,mobile,4797.0,710.0,1490.0,14.8,45.86,-24.01
AP250826,AP250826_R5,AP250826_R5_BARRETT,Albion Park,2026-08-25,Day,Day,5,4:17 PM,2026-08-25T06:17:00+00:00,2026-08-25T16:17:00+10:00,2,BARRETT,Garrards Horse & Hound Pace,1660,"$9,000",Fr2,John Boserio,Mitch Cox,PACERS,Mobile,QLD,,,False,NR56 (A51) B5,46655,DC. MC. A 1% deduction for Equine Welfare will be applied to all prizemoney prior to distribution.,3YO and older. NR 46 to 51. PBD/L4$. Pacers,11087,/barrett,/john-boserio,/mitchell-cox,"BLACK, MAROON BRACES & YOKE WITH BLACK DIAMONDS, WHITE PIPING, BLACK SLEEVES",,,AP180826,APC18082604,5,Albion Park,2026-08-18,Albion Park_1660,Albion Park_1660_pacers_mobile,4917,4797,3.4,27.9,30.4,28.3,28.4,albion park,1660,pacers,mobile,4797.0,624.0,1068.0,13.01,35.27,-17.93
AP250826,AP250826_R5,AP250826_R5_MACS A DUDE,Albion Park,2026-08-25,Day,Day,5,4:17 PM,2026-08-25T06:17:00+00:00,2026-08-25T16:17:00+10:00,3,MACS A DUDE,Garrards Horse & Hound Pace,1660,"$9,000",Fr3,Ron Sallis,Adam Sanderson,PACERS,Mobile,QLD,,,False,NR46,93888,DC. MC. A 1% deduction for Equine Welfare will be applied to all prizemoney prior to distribution.,3YO and older. NR 46 to 51. PBD/L4$. Pacers,3015,/macs-a-dude,/ron-sallis,/adam-sanderson,"ORANGE, GREEN SHAMROCK, BLACK SLEEVES",,,AP180826,APC18082616,8,Albion Park,2026-08-18,Albion Park_1660,Albion Park_1660_pacers_mobile,4917,4797,3.4,27.9,30.4,28.3,28.4,albion park,1660,pacers,mobile,4797.0,667.0,1121.0,13.9,37.27,-8.77
AP250826,AP250826_R5,AP250826_R5_PRINCESS ARNA,Albion Park,2026-08-25,Day,Day,5,4:17 PM,2026-08-25T06:17:00+00:00,2026-08-25T16:17:00+10:00,4,PRINCESS ARNA,Garrards Horse & Hound Pace,1660,"$9,000",Fr4,Donny Smith,Angus Garrard,PACERS,Mobile,QLD,,,False,NR56 (A51),16375,DC. MC. A 1% deduction for Equine Welfare will be applied to all prizemoney prior to distribution.,3YO and older. NR 46 to 51. PBD/L4$. Pacers,11392,/princess-arna,/donny-smith,/angus-garrard,"GREEN, BLACK S & HOOPED SLEEVES",,,AP060826,APC06082604,5,Albion Park,2026-08-06,Albion Park_1660,Albion Park_1660_pacers_mobile,4917,4797,3.4,27.9,30.4,28.3,28.4,albion park,1660,pacers,mobile,4794.0,668.0,1066.0,13.93,36.17,-5.74
AP250826,AP250826_R5,AP250826_R5_UBETONRED,Albion Park,2026-08-25,Day,Day,5,4:17 PM,2026-08-25T06:17:00+00:00,2026-08-25T16:17:00+10:00,5,UBETONRED,Garrards Horse & Hound Pace,1660,"$9,000",Fr5,Alyce Finnis,Jayson Finnis,PACERS,Mobile,QLD,,,False,NR51,67246,DC. MC. A 1% deduction for Equine Welfare will be applied to all prizemoney prior to distribution.,3YO and older. NR 46 to 51. PBD/L4$. Pacers,434820,/ubetonred,/alyce-finnis,/jayson-finnis,"ORANGE,EMERALD GREEN YOKE & BRACES,3 WHITE STARS,BLUE & WHITE STRIPED SLEEVES,BLUE COLLAR/BAND",,,AP200826,APC20082604,6,Albion Park,2026-08-20,Albion Park_1660,Albion Park_1660_pacers_mobile,4917,4797,3.4,27.9,30.4,28.3,28.4,albion park,1660,pacers,mobile,4775.0,426.0,884.0,8.92,27.43,-23.85
AP250826,AP250826_R5,AP250826_R5_POWERMOVE,Albion Park,2026-08-25,Day,Day,5,4:17 PM,2026-08-25T06:17:00+00:00,2026-08-25T16:17:00+10:00,6,POWERMOVE,Garrards Horse & Hound Pace,1660,"$9,000",Fr6,Mark Dux,Pete McMullen,PACERS,Mobile,QLD,,,False,NR47 (A46),45091,DC. MC. A 1% deduction for Equine Welfare will be applied to all prizemoney prior to distribution.,3YO and older. NR 46 to 51. PBD/L4$. Pacers,14318,/powermove,/mark-dux,/pete-mcmullen,"BLUE, PURPLE BRACES, WHITE YOKE WITH PURPLE STARS, WHITE SLEEVES, PURPLE STARS",,,AP180826,APC18082606,1,Albion Park,2026-08-18,Albion Park_1660,Albion Park_1660_pacers_mobile,4917,4797,3.4,27.9,30.4,28.3,28.4,albion park,1660,pacers,mobile,4605.0,395.0,853.0,8.58,27.1,-23.6
AP250826,AP250826_R5,AP250826_R5_LLANFAIR LLEWELLAN,Albion Park,2026-08-25,Day,Day,5,4:17 PM,2026-08-25T06:17:00+00:00,2026-08-25T16:17:00+10:00,7,LLANFAIR LLEWELLAN,Garrards Horse & Hound Pace,1660,"$9,000",Fr7,Ron Sallis,Tom Callaghan,PACERS,Mobile,QLD,,,False,NR54 (A51),32441,DC. MC. A 1% deduction for Equine Welfare will be applied to all prizemoney prior to distribution.,3YO and older. NR 46 to 51. PBD/L4$. Pacers,8937,/llanfair-llewellan,/ron-sallis,/tom-callaghan,"LIGHT BLUE, DARK BLUE, RED & WHITE SASH, STRIPED SLEEVES",,,AP180826,APC18082616,1,Albion Park,2026-08-18,Albion Park_1660,Albion Park_1660_pacers_mobile,4917,4797,3.4,27.9,30.4,28.3,28.4,albion park,1660,pacers,mobile,3511.0,277.0,553.0,7.89,23.64,-23.29
AP250826,AP250826_R5,AP250826_R5_LOCHINVAR JEWELLS,Albion Park,2026-08-25,Day,Day,5,4:17 PM,2026-08-25T06:17:00+00:00,2026-08-25T16:17:00+10:00,8,LOCHINVAR JEWELLS,Garrards Horse & Hound Pace,1660,"$9,000",Sr1,Donny Smith,Adam Richardson,PACERS,Mobile,QLD,,,False,NR54 (A49),33350,DC. MC. A 1% deduction for Equine Welfare will be applied to all prizemoney prior to distribution.,3YO and older. NR 46 to 51. PBD/L4$. Pacers,4922,/lochinvar-jewells,/donny-smith,/adam-richardson,"GREEN, BLACK S & HOOPED SLEEVES",,,AP200826,APC20082604,11,Albion Park,2026-08-20,Albion Park_1660,Albion Park_1660_pacers_mobile,4917,4797,3.4,27.9,30.4,28.3,28.4,albion park,1660,pacers,mobile,4345.0,384.0,1102.0,8.84,34.2,-26.47
AP250826,AP250826_R5,AP250826_R5_MY ULTIMATE COSSIE,Albion Park,2026-08-25,Day,Day,5,4:17 PM,2026-08-25T06:17:00+00:00,2026-08-25T16:17:00+10:00,9,MY ULTIMATE COSSIE,Garrards Horse & Hound Pace,1660,"$9,000",Sr2,Anthony Gorman,Mitch Cox,PACERS,Mobile,QLD,,,False,NR55 (A50),33097,DC. MC. A 1% deduction for Equine Welfare will be applied to all prizemoney prior to distribution.,3YO and older. NR 46 to 51. PBD/L4$. Pacers,10260,/my-ultimate-cossie,/anthony-gorman,/mitchell-cox,"BLACK, MAROON BRACES & YOKE WITH BLACK DIAMONDS, WHITE PIPING, BLACK SLEEVES",,,AP220826,APM22082610,7,Albion Park,2026-08-22,Albion Park_1660,Albion Park_1660_pacers_mobile,4917,4797,3.4,27.9,30.4,28.3,28.4,albion park,1660,pacers,mobile,3787.0,343.0,824.0,9.06,30.82,-22.85
AP250826,AP250826_R5,AP250826_R5_LUVN OSMAN,Albion Park,2026-08-25,Day,Day,5,4:17 PM,2026-08-25T06:17:00+00:00,2026-08-25T16:17:00+10:00,10,LUVN OSMAN,Garrards Horse & Hound Pace,1660,"$9,000",Sr3,Jonah Hutchinson,Jonah Hutchinson,PACERS,Mobile,QLD,,,False,NR46,47212,DC. MC. A 1% deduction for Equine Welfare will be applied to all prizemoney prior to distribution.,3YO and older. NR 46 to 51. PBD/L4$. Pacers,22880,/luvn-osman,/jonah-hutchinson,/jonah-hutchinson,"BLACK, BLUE YOKE, BRACES & BAND, BLACK HORSESHOES, WHITE SLEEVES, BLACK H AND CUFFS",,,AP180826,APC18082607,2,Albion Park,2026-08-18,Albion Park_1660,Albion Park_1660_pacers_mobile,4917,4797,3.4,27.9,30.4,28.3,28.4,albion park,1660,pacers,mobile,2893.0,294.0,621.0,10.16,31.63,-15.87
AP250826,AP250826_R6,AP250826_R6_MACK ATTACK,Albion Park,2026-08-25,Day,Day,6,4:52 PM,2026-08-25T06:52:00+00:00,2026-08-25T16:52:00+10:00,1,MACK ATTACK,2026 Qbred Triad 3yo Colts & Geldings Consolation,2138,"$22,300",Fr1,Grant Dixon,Jack Chapple,PACERS,Mobile,QLD,,,False,NR53,11368,NDC. NMC. Consolation for 3YO Colts & Geldings that finished in the highest finishing position in the Heats but failed to gain a start in the Final. Breeder of winner recieves $610. A 1% deduction for Equine Welfare will be applied to all prizemoney prior to distribution.,3YO Colts and Geldings. No NR. RBD. Pacers,439799,/mack-attack,/grant-dixon,/jack-chapple,"BLACK, WHITE PIPING COLLAR & WAISTBAND, BLACK SLEEVES, WHITE PIN STRIPES",,,AP140826,APC14082618,8,Albion Park,2026-08-14,Albion Park_2138,Albion Park_2138_pacers_mobile,2602,1718,37.5,30.3,30.0,28.2,28.3,albion park,2138,pacers,mobile,1718.0,226.0,538.0,13.15,44.47,-25.76
AP250826,AP250826_R6,AP250826_R6_FIGHT FOR VICTORY,Albion Park,2026-08-25,Day,Day,6,4:52 PM,2026-08-25T06:52:00+00:00,2026-08-25T16:52:00+10:00,2,FIGHT FOR VICTORY,2026 Qbred Triad 3yo Colts & Geldings Consolation,2138,"$22,300",Fr2,Grant Dixon,Grant Dixon,PACERS,Mobile,QLD,,,False,NR57,42237,NDC. NMC. Consolation for 3YO Colts & Geldings that finished in the highest finishing position in the Heats but failed to gain a start in the Final. Breeder of winner recieves $610. A 1% deduction for Equine Welfare will be applied to all prizemoney prior to distribution.,3YO Colts and Geldings. No NR. RBD. Pacers,439193,/fight-for-victory,/grant-dixon,/grant-dixon,"BLACK & WHITE CHECKS, WHITE SLEEVES",,,AP140826,APC14082619,7,Albion Park,2026-08-14,Albion Park_2138,Albion Park_2138_pacers_mobile,2602,1718,37.5,30.3,30.0,28.2,28.3,albion park,2138,pacers,mobile,1718.0,200.0,333.0,11.64,31.02,-19.8
AP250826,AP250826_R6,AP250826_R6_CALL IT BLING,Albion Park,2026-08-25,Day,Day,6,4:52 PM,2026-08-25T06:52:00+00:00,2026-08-25T16:52:00+10:00,3,CALL IT BLING,2026 Qbred Triad 3yo Colts & Geldings Consolation,2138,"$22,300",Fr3,Graham Dwyer,Layne Dwyer,PACERS,Mobile,QLD,,,False,NR58,19765,NDC. NMC. Consolation for 3YO Colts & Geldings that finished in the highest finishing position in the Heats but failed to gain a start in the Final. Breeder of winner recieves $610. A 1% deduction for Equine Welfare will be applied to all prizemoney prior to distribution.,3YO Colts and Geldings. No NR. RBD. Pacers,439814,/call-it-bling,/graham-dwyer,/layne-dwyer,"RED, BLACK HORSE & WHITE CROWN LOGO, WHITE KINGSLODGE SLEEVES",,,AP140826,APC14082611,5,Albion Park,2026-08-14,Albion Park_2138,Albion Park_2138_pacers_mobile,2602,1718,37.5,30.3,30.0,28.2,28.3,albion park,2138,pacers,mobile,1718.0,201.0,382.0,11.7,33.93,-12.1
AP250826,AP250826_R6,AP250826_R6_SAME OLD DEVIL,Albion Park,2026-08-25,Day,Day,6,4:52 PM,2026-08-25T06:52:00+00:00,2026-08-25T16:52:00+10:00,4,SAME OLD DEVIL,2026 Qbred Triad 3yo Colts & Geldings Consolation,2138,"$22,300",Fr4,Gemma Hewitt,Shane Graham,PACERS,Mobile,QLD,,,False,NR49,37428,NDC. NMC. Consolation for 3YO Colts & Geldings that finished in the highest finishing position in the Heats but failed to gain a start in the Final. Breeder of winner recieves $610. A 1% deduction for Equine Welfare will be applied to all prizemoney prior to distribution.,3YO Colts and Geldings. No NR. RBD. Pacers,200673,/same-old-devil,/gemma-hewitt,/shane-graham,"PURPLE, RED YOKE & BRACES, PURPLE STARS",,,AP140826,APC14082611,8,Albion Park,2026-08-14,Albion Park_2138,Albion Park_2138_pacers_mobile,2602,1718,37.5,30.3,30.0,28.2,28.3,albion park,2138,pacers,mobile,1718.0,207.0,329.0,12.05,31.2,-7.65
AP250826,AP250826_R6,AP250826_R6_PICCOLO DIAVOLO,Albion Park,2026-08-25,Day,Day,6,4:52 PM,2026-08-25T06:52:00+00:00,2026-08-25T16:52:00+10:00,5,PICCOLO DIAVOLO,2026 Qbred Triad 3yo Colts & Geldings Consolation,2138,"$22,300",Fr5,Darren McCall,Darren McCall,PACERS,Mobile,QLD,,,False,NR46,28345,NDC. NMC. Consolation for 3YO Colts & Geldings that finished in the highest finishing position in the Heats but failed to gain a start in the Final. Breeder of winner recieves $610. A 1% deduction for Equine Welfare will be applied to all prizemoney prior to distribution.,3YO Colts and Geldings. No NR. RBD. Pacers,440177,/piccolo-diavolo,/darren-mccall,/darren-mccall,"BLACK, YELLOW YOKE, WHITE STARS, YELLOW SLEEVES, WHITE STAR",,,AP140826,APC14082618,5,Albion Park,2026-08-14,Albion Park_2138,Albion Park_2138_pacers_mobile,2602,1718,37.5,30.3,30.0,28.2,28.3,albion park,2138,pacers,mobile,1715.0,160.0,332.0,9.33,28.69,-22.35
AP250826,AP250826_R6,AP250826_R6_LONGSHOT,Albion Park,2026-08-25,Day,Day,6,4:52 PM,2026-08-25T06:52:00+00:00,2026-08-25T16:52:00+10:00,6,LONGSHOT,2026 Qbred Triad 3yo Colts & Geldings Consolation,2138,"$22,300",Fr-,Ben Battle,Nathan Dawson,PACERS,Mobile,QLD,,,False,NR52,s3419,NDC. NMC. Consolation for 3YO Colts & Geldings that finished in the highest finishing position in the Heats but failed to gain a start in the Final. Breeder of winner recieves $610. A 1% deduction for Equine Welfare will be applied to all prizemoney prior to distribution.,3YO Colts and Geldings. No NR. RBD. Pacers,439778,/longshot,/ben-battle,/nathan-dawson,"DARK BLUE, GREY YOKE & BRACES, BLACK STARS",1.0,,AP140826,APC14082611,9,Albion Park,2026-08-14,Albion Park_2138,Albion Park_2138_pacers_mobile,2602,1718,37.5,30.3,30.0,28.2,28.3,albion park,2138,pacers,mobile,0.0,0.0,0.0,0.0,0.0,0.0
AP250826,AP250826_R6,AP250826_R6_KING BLING,Albion Park,2026-08-25,Day,Day,6,4:52 PM,2026-08-25T06:52:00+00:00,2026-08-25T16:52:00+10:00,7,KING BLING,2026 Qbred Triad 3yo Colts & Geldings Consolation,2138,"$22,300",Fr6,Grant Dixon,Grant Dixon,PACERS,Mobile,QLD,,,False,NR51,148s7,NDC. NMC. Consolation for 3YO Colts & Geldings that finished in the highest finishing position in the Heats but failed to gain a start in the Final. Breeder of winner recieves $610. A 1% deduction for Equine Welfare will be applied to all prizemoney prior to distribution.,3YO Colts and Geldings. No NR. RBD. Pacers,441017,/king-bling,/grant-dixon,/grant-dixon,"NAVY BLUE, WHITE V, RED SLEEVES, GOLD STARS",,,AP140826,APC14082618,7,Albion Park,2026-08-14,Albion Park_2138,Albion Park_2138_pacers_mobile,2602,1718,37.5,30.3,30.0,28.2,28.3,albion park,2138,pacers,mobile,1647.0,150.0,298.0,9.11,27.2,-20.87
AP250826,AP250826_R6,AP250826_R6_OPALLANE,Albion Park,2026-08-25,Day,Day,6,4:52 PM,2026-08-25T06:52:00+00:00,2026-08-25T16:52:00+10:00,8,OPALLANE,2026 Qbred Triad 3yo Colts & Geldings Consolation,2138,"$22,300",Sr1,Graham Dwyer,Greg Bennett,PACERS,Mobile,QLD,,,False,NR56,21668,NDC. NMC. Consolation for 3YO Colts & Geldings that finished in the highest finishing position in the Heats but failed to gain a start in the Final. Breeder of winner recieves $610. A 1% deduction for Equine Welfare will be applied to all prizemoney prior to distribution.,3YO Colts and Geldings. No NR. RBD. Pacers,439177,/opallane,/graham-dwyer,/greg-bennett,"RED, BLACK HORSE & WHITE CROWN LOGO, WHITE KINGSLODGE SLEEVES",,,AP200826,APC20082603,8,Albion Park,2026-08-20,Albion Park_2138,Albion Park_2138_pacers_mobile,2602,1718,37.5,30.3,30.0,28.2,28.3,albion park,2138,pacers,mobile,1560.0,147.0,415.0,9.42,36.03,-20.84
AP250826,AP250826_R6,AP250826_R6_SITTING ON EIGHT,Albion Park,2026-08-25,Day,Day,6,4:52 PM,2026-08-25T06:52:00+00:00,2026-08-25T16:52:00+10:00,9,SITTING ON EIGHT,2026 Qbred Triad 3yo Colts & Geldings Consolation,2138,"$22,300",Sr2,Matt Elkins,Narissa Elkins,PACERS,Mobile,QLD,,,False,NR61,42567,NDC. NMC. Consolation for 3YO Colts & Geldings that finished in the highest finishing position in the Heats but failed to gain a start in the Final. Breeder of winner recieves $610. A 1% deduction for Equine Welfare will be applied to all prizemoney prior to distribution.,3YO Colts and Geldings. No NR. RBD. Pacers,440338,/sitting-on-eight,/matt-elkins,/narissa-mcmullen,"WHITE, RED BRACES, BAND & YOKE WITH WHITE STARS, RED SLEEVES, WHITE STARS",,,AP140826,APC14082611,7,Albion Park,2026-08-14,Albion Park_2138,Albion Park_2138_pacers_mobile,2602,1718,37.5,30.3,30.0,28.2,28.3,albion park,2138,pacers,mobile,1322.0,108.0,235.0,8.17,25.95,-24.05
AP250826,AP250826_R6,AP250826_R6_KASH FUND,Albion Park,2026-08-25,Day,Day,6,4:52 PM,2026-08-25T06:52:00+00:00,2026-08-25T16:52:00+10:00,10,KASH FUND,2026 Qbred Triad 3yo Colts & Geldings Consolation,2138,"$22,300",Sr3,Gemma Hewitt,Brendan Barnes,PACERS,Mobile,QLD,,,False,NR62,43316,NDC. NMC. Consolation for 3YO Colts & Geldings that finished in the highest finishing position in the Heats but failed to gain a start in the Final. Breeder of winner recieves $610. A 1% deduction for Equine Welfare will be applied to all prizemoney prior to distribution.,3YO Colts and Geldings. No NR. RBD. Pacers,440211,/kash-fund,/gemma-hewitt,/brendan-barnes,"PURPLE, RED YOKE & BRACES, PURPLE STARS",,,AP140826,APC14082611,6,Albion Park,2026-08-14,Albion Park_2138,Albion Park_2138_pacers_mobile,2602,1718,37.5,30.3,30.0,28.2,28.3,albion park,2138,pacers,mobile,1056.0,104.0,173.0,9.85,26.23,-9.48
AP250826,AP250826_R6,AP250826_R6_MOONSHINE MILLY,Albion Park,2026-08-25,Day,Day,6,4:52 PM,2026-08-25T06:52:00+00:00,2026-08-25T16:52:00+10:00,11,MOONSHINE MILLY,2026 Qbred Triad 3yo Colts & Geldings Consolation,2138,"$22,300",Sr4,Grant Dixon,Adam Sanderson,PACERS,Mobile,QLD,,,False,NR50,861s8,NDC. NMC. Consolation for 3YO Colts & Geldings that finished in the highest finishing position in the Heats but failed to gain a start in the Final. Breeder of winner recieves $610. A 1% deduction for Equine Welfare will be applied to all prizemoney prior to distribution.,3YO Colts and Geldings. No NR. RBD. Pacers,438890,/moonshine-milly,/grant-dixon,/adam-sanderson,"NAVY BLUE, WHITE V, RED SLEEVES, GOLD STARS",,,AP140826,APC14082619,8,Albion Park,2026-08-14,Albion Park_2138,Albion Park_2138_pacers_mobile,2602,1718,37.5,30.3,30.0,28.2,28.3,albion park,2138,pacers,mobile,789.0,82.0,115.0,10.39,24.97,-2.32
AP250826,AP250826_R6,AP250826_R6_BOSTON CHIEF,Albion Park,2026-08-25,Day,Day,6,4:52 PM,2026-08-25T06:52:00+00:00,2026-08-25T16:52:00+10:00,12,BOSTON CHIEF,2026 Qbred Triad 3yo Colts & Geldings Consolation,2138,"$22,300",Sr5,Jonah Hutchinson,Jonah Hutchinson,PACERS,Mobile,QLD,,,False,NR50,66656,NDC. NMC. Consolation for 3YO Colts & Geldings that finished in the highest finishing position in the Heats but failed to gain a start in the Final. Breeder of winner recieves $610. A 1% deduction for Equine Welfare will be applied to all prizemoney prior to distribution.,3YO Colts and Geldings. No NR. RBD. Pacers,438989,/boston-chief,/jonah-hutchinson,/jonah-hutchinson,"BLACK, BLUE YOKE, BRACES & BAND, BLACK HORSESHOES, WHITE SLEEVES, BLACK H AND CUFFS",,,AP140826,APC14082619,6,Albion Park,2026-08-14,Albion Park_2138,Albion Park_2138_pacers_mobile,2602,1718,37.5,30.3,30.0,28.2,28.3,albion park,2138,pacers,mobile,556.0,34.0,69.0,6.12,18.53,-23.65
AP250826,AP250826_R6,AP250826_R6_SAINT MAHARG,Albion Park,2026-08-25,Day,Day,6,4:52 PM,2026-08-25T06:52:00+00:00,2026-08-25T16:52:00+10:00,13,SAINT MAHARG,2026 Qbred Triad 3yo Colts & Geldings Consolation,2138,"$22,300",Sr6,Ricky Thurlow,Nathan Dawson,PACERS,Mobile,QLD,,,False,NR55,41215,NDC. NMC. Consolation for 3YO Colts & Geldings that finished in the highest finishing position in the Heats but failed to gain a start in the Final. Breeder of winner recieves $610. A 1% deduction for Equine Welfare will be applied to all prizemoney prior to distribution.,3YO Colts and Geldings. No NR. RBD. Pacers,191928,/saint-maharg,/ricky-thurlow,/nathan-dawson,"RED, WHITE & BLACK PANELS WITH SAINT MOTIFF",,,AP140826,APC14082619,5,Albion Park,2026-08-14,Albion Park_2138,Albion Park_2138_pacers_mobile,2602,1718,37.5,30.3,30.0,28.2,28.3,albion park,2138,pacers,mobile,47.0,1.0,6.0,2.13,14.89,-65.64
AP250826,AP250826_R7,AP250826_R7_AMAMI,Albion Park,2026-08-25,Day,Day,7,5:21 PM,2026-08-25T07:21:00+00:00,2026-08-25T17:21:00+10:00,1,AMAMI,Ladbrokes Racing Extras in Multi Pace,1660,"$10,500",Fr1,Gemma Hewitt,Brendan Barnes,PACERS,Mobile,QLD,,,False,NR67 B3,70603,DC. MC. A 1% deduction for Equine Welfare will be applied to all prizemoney prior to distribution.,3YO and older. NR up to 70. RBD. Pacers,1524,/amami,/gemma-hewitt,/brendan-barnes,"WHITE, RED HORSESHOES, WHITE SLEEVES WITH RED VERTICAL STRIPES",,,AP180826,APC18082604,3,Albion Park,2026-08-18,Albion Park_1660,Albion Park_1660_pacers_mobile,4917,4797,3.4,27.9,30.4,28.3,28.4,albion park,1660,pacers,mobile,4797.0,710.0,1490.0,14.8,45.86,-24.01
AP250826,AP250826_R7,AP250826_R7_GLENEAGLE VEE CEE,Albion Park,2026-08-25,Day,Day,7,5:21 PM,2026-08-25T07:21:00+00:00,2026-08-25T17:21:00+10:00,2,GLENEAGLE VEE CEE,Ladbrokes Racing Extras in Multi Pace,1660,"$10,500",Fr2,Chloe Butler,Leonard Cain,PACERS,Mobile,QLD,,,False,NR67 B5,250s7,DC. MC. A 1% deduction for Equine Welfare will be applied to all prizemoney prior to distribution.,3YO and older. NR up to 70. RBD. Pacers,1763,/gleneagle-vee-cee,/chloe-butler,/leonard-cain,"BLUE, RED BRACES, WHITE YOKE WITH RED DIAMONDS, RED SLEEVES",,,RE050826,REC05082601,7,Redcliffe,2026-08-05,Albion Park_1660,Albion Park_1660_pacers_mobile,4917,4797,3.4,27.9,30.4,28.3,28.4,albion park,1660,pacers,mobile,4797.0,624.0,1068.0,13.01,35.27,-17.93
AP250826,AP250826_R7,AP250826_R7_STARZZZ DESTINY,Albion Park,2026-08-25,Day,Day,7,5:21 PM,2026-08-25T07:21:00+00:00,2026-08-25T17:21:00+10:00,3,STARZZZ DESTINY,Ladbrokes Racing Extras in Multi Pace,1660,"$10,500",Fr3,Shawn Grimsey,Nathan Dawson,PACERS,Mobile,QLD,,,False,NR60,96068,DC. MC. A 1% deduction for Equine Welfare will be applied to all prizemoney prior to distribution.,3YO and older. NR up to 70. RBD. Pacers,3558,/starzzz-destiny,/shawn-grimsey,/nathan-dawson,"ROYAL BLUE, WHITE YOKE & BRACES, ROYAL BLUE SLEEVES, WHITE STRIPES & CUFFS",,,AP150826,APM15082605,8,Albion Park,2026-08-15,Albion Park_1660,Albion Park_1660_pacers_mobile,4917,4797,3.4,27.9,30.4,28.3,28.4,albion park,1660,pacers,mobile,4797.0,667.0,1121.0,13.9,37.27,-8.77
AP250826,AP250826_R7,AP250826_R7_LANAI,Albion Park,2026-08-25,Day,Day,7,5:21 PM,2026-08-25T07:21:00+00:00,2026-08-25T17:21:00+10:00,4,LANAI,Ladbrokes Racing Extras in Multi Pace,1660,"$10,500",Fr4,Ian Gurney,Adam Sanderson,PACERS,Mobile,QLD,,,False,NR66 B3,62582,DC. MC. A 1% deduction for Equine Welfare will be applied to all prizemoney prior to distribution.,3YO and older. NR up to 70. RBD. Pacers,2800,/lanai,/ian-gurney,/adam-sanderson,"YELLOW, BLACK DIAMOND, RED & YELLOW STRIPED SLEEVES",,,AP180826,APC18082604,2,Albion Park,2026-08-18,Albion Park_1660,Albion Park_1660_pacers_mobile,4917,4797,3.4,27.9,30.4,28.3,28.4,albion park,1660,pacers,mobile,4794.0,668.0,1066.0,13.93,36.17,-5.74
AP250826,AP250826_R7,AP250826_R7_CALLING BUDDY,Albion Park,2026-08-25,Day,Day,7,5:21 PM,2026-08-25T07:21:00+00:00,2026-08-25T17:21:00+10:00,5,CALLING BUDDY,Ladbrokes Racing Extras in Multi Pace,1660,"$10,500",Fr5,Donny Smith,Will Rothwell,PACERS,Mobile,QLD,,,False,NR72 (A67) B3,62272,DC. MC. A 1% deduction for Equine Welfare will be applied to all prizemoney prior to distribution.,3YO and older. NR up to 70. RBD. Pacers,5657,/calling-buddy,/donny-smith,/will-rothwell,"GREEN, BLACK S & HOOPED SLEEVES",,,RE050826,REC05082601,2,Redcliffe,2026-08-05,Albion Park_1660,Albion Park_1660_pacers_mobile,4917,4797,3.4,27.9,30.4,28.3,28.4,albion park,1660,pacers,mobile,4775.0,426.0,884.0,8.92,27.43,-23.85
AP250826,AP250826_R7,AP250826_R7_MARTIN MAGIC,Albion Park,2026-08-25,Day,Day,7,5:21 PM,2026-08-25T07:21:00+00:00,2026-08-25T17:21:00+10:00,6,MARTIN MAGIC,Ladbrokes Racing Extras in Multi Pace,1660,"$10,500",Fr6,Matt Elkins,Matt Elkins,PACERS,Mobile,QLD,,,False,NR60,83938,DC. MC. A 1% deduction for Equine Welfare will be applied to all prizemoney prior to distribution.,3YO and older. NR up to 70. RBD. Pacers,2573,/martin-magic,/matt-elkins,/matt-elkins,"BLACK, YELLOW YOKE, BRACES & BAND, BLACK HORSESHOES, YELLOW SLEEVES",,,AP110826,APC11082603,8,Albion Park,2026-08-11,Albion Park_1660,Albion Park_1660_pacers_mobile,4917,4797,3.4,27.9,30.4,28.3,28.4,albion park,1660,pacers,mobile,4605.0,395.0,853.0,8.58,27.1,-23.6
AP250826,AP250826_R7,AP250826_R7_RATATATTAT,Albion Park,2026-08-25,Day,Day,7,5:21 PM,2026-08-25T07:21:00+00:00,2026-08-25T17:21:00+10:00,7,RATATATTAT,Ladbrokes Racing Extras in Multi Pace,1660,"$10,500",Fr7,Chris Frisby,Shane Graham,PACERS,Mobile,QLD,,,False,NR58,64326,DC. MC. A 1% deduction for Equine Welfare will be applied to all prizemoney prior to distribution.,3YO and older. NR up to 70. RBD. Pacers,56449,/ratatattat,/chris-frisby,/shane-graham,"ROYAL BLUE, YELLOW SHEAF & B, LIGHT BLUE SLEEVES, YELLOW DIAMONDS",,,AP140826,APC14082603,6,Albion Park,2026-08-14,Albion Park_1660,Albion Park_1660_pacers_mobile,4917,4797,3.4,27.9,30.4,28.3,28.4,albion park,1660,pacers,mobile,3511.0,277.0,553.0,7.89,23.64,-23.29
AP250826,AP250826_R7,AP250826_R7_LULU MAE,Albion Park,2026-08-25,Day,Day,7,5:21 PM,2026-08-25T07:21:00+00:00,2026-08-25T17:21:00+10:00,8,LULU MAE,Ladbrokes Racing Extras in Multi Pace,1660,"$10,500",Sr1,Mark Dux,Pete McMullen,PACERS,Mobile,QLD,,,False,NR66 (A61) B4,52807,DC. MC. A 1% deduction for Equine Welfare will be applied to all prizemoney prior to distribution.,3YO and older. NR up to 70. RBD. Pacers,7118,/lulu-mae,/mark-dux,/pete-mcmullen,"BLUE, PURPLE BRACES, WHITE YOKE WITH PURPLE STARS, WHITE SLEEVES, PURPLE STARS",,,AP180826,APC18082604,7,Albion Park,2026-08-18,Albion Park_1660,Albion Park_1660_pacers_mobile,4917,4797,3.4,27.9,30.4,28.3,28.4,albion park,1660,pacers,mobile,4345.0,384.0,1102.0,8.84,34.2,-26.47
AP250826,AP250826_R7,AP250826_R7_CARDLESFROMHEAVEN,Albion Park,2026-08-25,Day,Day,7,5:21 PM,2026-08-25T07:21:00+00:00,2026-08-25T17:21:00+10:00,9,CARDLESFROMHEAVEN,Ladbrokes Racing Extras in Multi Pace,1660,"$10,500",Sr2,Ian Gurney,Tom Callaghan,PACERS,Mobile,QLD,,,False,NR64 B5,90874,DC. MC. A 1% deduction for Equine Welfare will be applied to all prizemoney prior to distribution.,3YO and older. NR up to 70. RBD. Pacers,8570,/cardlesfromheaven,/ian-gurney,/tom-callaghan,"YELLOW, BLACK DIAMOND, RED & YELLOW STRIPED SLEEVES",,,AP180826,APC18082604,4,Albion Park,2026-08-18,Albion Park_1660,Albion Park_1660_pacers_mobile,4917,4797,3.4,27.9,30.4,28.3,28.4,albion park,1660,pacers,mobile,3787.0,343.0,824.0,9.06,30.82,-22.85
AP250826,AP250826_R7,AP250826_R7_GREATGREAT BOULDER,Albion Park,2026-08-25,Day,Day,7,5:21 PM,2026-08-25T07:21:00+00:00,2026-08-25T17:21:00+10:00,10,GREATGREAT BOULDER,Ladbrokes Racing Extras in Multi Pace,1660,"$10,500",Sr3,Ron Sallis,Greg Bennett,PACERS,Mobile,QLD,,,False,NR63,799s6,DC. MC. A 1% deduction for Equine Welfare will be applied to all prizemoney prior to distribution.,3YO and older. NR up to 70. RBD. Pacers,9188,/greatgreat-boulder,/ron-sallis,/greg-bennett,"PINK & PURPLE CHECKS, PURPLE SLEEVES",,,AP180826,APC18082604,6,Albion Park,2026-08-18,Albion Park_1660,Albion Park_1660_pacers_mobile,4917,4797,3.4,27.9,30.4,28.3,28.4,albion park,1660,pacers,mobile,2893.0,294.0,621.0,10.16,31.63,-15.87
AP250826,AP250826_R8,AP250826_R8_FLORAS FOLLY,Albion Park,2026-08-25,Day,Day,8,5:47 PM,2026-08-25T07:47:00+00:00,2026-08-25T17:47:00+10:00,1,FLORAS FOLLY,2026 Qbred Triad 3yo Fillies Consolation,2138,"$22,300",Fr1,Trent Dawson,Trent Dawson,PACERS,Mobile,QLD,,,False,NR51,33396,NDC. NMC. Consolation for 3YO Fillies that finished in the highest finishing position in the Heats but failed to gain a start in the Final. Breeder of winner recieves $610. A 1% deduction for Equine Welfare will be applied to all prizemoney prior to distribution.,3YO Fillies. No NR. RBD. Pacers,439215,/floras-folly,/trent-dawson,/trent-dawson,"ROYAL BLUE, RED DIAMONDS, BRACES & CUFFS",,,AP140826,APC14082621,6,Albion Park,2026-08-14,Albion Park_2138,Albion Park_2138_pacers_mobile,2602,1718,37.5,30.3,30.0,28.2,28.3,albion park,2138,pacers,mobile,1718.0,226.0,538.0,13.15,44.47,-25.76
AP250826,AP250826_R8,AP250826_R8_QUEEN TIDE,Albion Park,2026-08-25,Day,Day,8,5:47 PM,2026-08-25T07:47:00+00:00,2026-08-25T17:47:00+10:00,2,QUEEN TIDE,2026 Qbred Triad 3yo Fillies Consolation,2138,"$22,300",Fr2,Ben Crosby,Nathan Dawson,PACERS,Mobile,QLD,,,False,NR54,823s6,NDC. NMC. Consolation for 3YO Fillies that finished in the highest finishing position in the Heats but failed to gain a start in the Final. Breeder of winner recieves $610. A 1% deduction for Equine Welfare will be applied to all prizemoney prior to distribution.,3YO Fillies. No NR. RBD. Pacers,438369,/queen-tide,/ben-crosby,/nathan-dawson,"BLACK, YELLOW CHECKED SLEEVES",,,AP140826,APC14082612,6,Albion Park,2026-08-14,Albion Park_2138,Albion Park_2138_pacers_mobile,2602,1718,37.5,30.3,30.0,28.2,28.3,albion park,2138,pacers,mobile,1718.0,200.0,333.0,11.64,31.02,-19.8
AP250826,AP250826_R8,AP250826_R8_ALL EYES ON BLING,Albion Park,2026-08-25,Day,Day,8,5:47 PM,2026-08-25T07:47:00+00:00,2026-08-25T17:47:00+10:00,3,ALL EYES ON BLING,2026 Qbred Triad 3yo Fillies Consolation,2138,"$22,300",Fr3,Ben Battle,Nathan Dawson,PACERS,Mobile,QLD,,,False,NR55,53419,NDC. NMC. Consolation for 3YO Fillies that finished in the highest finishing position in the Heats but failed to gain a start in the Final. Breeder of winner recieves $610. A 1% deduction for Equine Welfare will be applied to all prizemoney prior to distribution.,3YO Fillies. No NR. RBD. Pacers,440622,/all-eyes-on-bling,/ben-battle,/nathan-dawson,"DARK BLUE, GREY YOKE & BRACES, BLACK STARS",,,AP140826,APC14082620,9,Albion Park,2026-08-14,Albion Park_2138,Albion Park_2138_pacers_mobile,2602,1718,37.5,30.3,30.0,28.2,28.3,albion park,2138,pacers,mobile,1718.0,201.0,382.0,11.7,33.93,-12.1
AP250826,AP250826_R8,AP250826_R8_LACEYS LASS,Albion Park,2026-08-25,Day,Day,8,5:47 PM,2026-08-25T07:47:00+00:00,2026-08-25T17:47:00+10:00,4,LACEYS LASS,2026 Qbred Triad 3yo Fillies Consolation,2138,"$22,300",Fr4,Matthew Clayton,Leonard Cain,PACERS,Mobile,QLD,,,False,NR49,64319,NDC. NMC. Consolation for 3YO Fillies that finished in the highest finishing position in the Heats but failed to gain a start in the Final. Breeder of winner recieves $610. A 1% deduction for Equine Welfare will be applied to all prizemoney prior to distribution.,3YO Fillies. No NR. RBD. Pacers,439801,/laceys-lass,/matthew-clayton,/leonard-cain,"BLUE & WHITE QUARTERS, RED SLEEVES",1.0,,AP140826,APC14082621,9,Albion Park,2026-08-14,Albion Park_2138,Albion Park_2138_pacers_mobile,2602,1718,37.5,30.3,30.0,28.2,28.3,albion park,2138,pacers,mobile,1718.0,207.0,329.0,12.05,31.2,-7.65
AP250826,AP250826_R8,AP250826_R8_STAY DREAMY,Albion Park,2026-08-25,Day,Day,8,5:47 PM,2026-08-25T07:47:00+00:00,2026-08-25T17:47:00+10:00,5,STAY DREAMY,2026 Qbred Triad 3yo Fillies Consolation,2138,"$22,300",SCR,Gemma Hewitt,Brendan Barnes,PACERS,Mobile,QLD,,,True,NR46,68250,NDC. NMC. Consolation for 3YO Fillies that finished in the highest finishing position in the Heats but failed to gain a start in the Final. Breeder of winner recieves $610. A 1% deduction for Equine Welfare will be applied to all prizemoney prior to distribution.,3YO Fillies. No NR. RBD. Pacers,439983,/stay-dreamy,/gemma-hewitt,/brendan-barnes,"PURPLE, RED YOKE & BRACES, PURPLE STARS",,,AP220826,APM22082603,12,Albion Park,2026-08-22,Albion Park_2138,Albion Park_2138_pacers_mobile,2602,1718,37.5,30.3,30.0,28.2,28.3,albion park,2138,pacers,mobile,0.0,0.0,0.0,0.0,0.0,0.0
AP250826,AP250826_R8,AP250826_R8_ETERNAL BLISS,Albion Park,2026-08-25,Day,Day,8,5:47 PM,2026-08-25T07:47:00+00:00,2026-08-25T17:47:00+10:00,6,ETERNAL BLISS,2026 Qbred Triad 3yo Fillies Consolation,2138,"$22,300",Fr5,Shannon Price,Adam Sanderson,PACERS,Mobile,QLD,,,False,NR60,16735,NDC. NMC. Consolation for 3YO Fillies that finished in the highest finishing position in the Heats but failed to gain a start in the Final. Breeder of winner recieves $610. A 1% deduction for Equine Welfare will be applied to all prizemoney prior to distribution.,3YO Fillies. No NR. RBD. Pacers,440394,/eternal-bliss,/shannon-price,/adam-sanderson,"RED, BLACK STARS & STRIPES",,,AP140826,APC14082620,5,Albion Park,2026-08-14,Albion Park_2138,Albion Park_2138_pacers_mobile,2602,1718,37.5,30.3,30.0,28.2,28.3,albion park,2138,pacers,mobile,1715.0,160.0,332.0,9.33,28.69,-22.35
AP250826,AP250826_R8,AP250826_R8_BEACHBABE CROCKER,Albion Park,2026-08-25,Day,Day,8,5:47 PM,2026-08-25T07:47:00+00:00,2026-08-25T17:47:00+10:00,7,BEACHBABE CROCKER,2026 Qbred Triad 3yo Fillies Consolation,2138,"$22,300",Fr6,Chris Frisby,Angus Garrard,PACERS,Mobile,QLD,,,False,NR58,90817,NDC. NMC. Consolation for 3YO Fillies that finished in the highest finishing position in the Heats but failed to gain a start in the Final. Breeder of winner recieves $610. A 1% deduction for Equine Welfare will be applied to all prizemoney prior to distribution.,3YO Fillies. No NR. RBD. Pacers,200755,/beachbabe-crocker,/chris-frisby,/angus-garrard,"ROYAL BLUE, YELLOW SHEAF & B, LIGHT BLUE SLEEVES, YELLOW DIAMONDS",,,AP140826,APC14082621,7,Albion Park,2026-08-14,Albion Park_2138,Albion Park_2138_pacers_mobile,2602,1718,37.5,30.3,30.0,28.2,28.3,albion park,2138,pacers,mobile,1647.0,150.0,298.0,9.11,27.2,-20.87
AP250826,AP250826_R8,AP250826_R8_CALL KELLY,Albion Park,2026-08-25,Day,Day,8,5:47 PM,2026-08-25T07:47:00+00:00,2026-08-25T17:47:00+10:00,8,CALL KELLY,2026 Qbred Triad 3yo Fillies Consolation,2138,"$22,300",Sr1,Grant Dixon,Jack Chapple,PACERS,Mobile,QLD,,,False,NR53,514s6,NDC. NMC. Consolation for 3YO Fillies that finished in the highest finishing position in the Heats but failed to gain a start in the Final. Breeder of winner recieves $610. A 1% deduction for Equine Welfare will be applied to all prizemoney prior to distribution.,3YO Fillies. No NR. RBD. Pacers,439140,/call-kelly,/grant-dixon,/jack-chapple,"BLACK & WHITE CHECKS, WHITE SLEEVES",,,AP140826,APC14082620,6,Albion Park,2026-08-14,Albion Park_2138,Albion Park_2138_pacers_mobile,2602,1718,37.5,30.3,30.0,28.2,28.3,albion park,2138,pacers,mobile,1560.0,147.0,415.0,9.42,36.03,-20.84
AP250826,AP250826_R8,AP250826_R8_MALARKY,Albion Park,2026-08-25,Day,Day,8,5:47 PM,2026-08-25T07:47:00+00:00,2026-08-25T17:47:00+10:00,9,MALARKY,2026 Qbred Triad 3yo Fillies Consolation,2138,"$22,300",Sr2,Grant Dixon,Grant Dixon,PACERS,Mobile,QLD,,,False,NR49,881s8,NDC. NMC. Consolation for 3YO Fillies that finished in the highest finishing position in the Heats but failed to gain a start in the Final. Breeder of winner recieves $610. A 1% deduction for Equine Welfare will be applied to all prizemoney prior to distribution.,3YO Fillies. No NR. RBD. Pacers,439725,/malarky-439725,/grant-dixon,/grant-dixon,"NAVY BLUE, WHITE V, RED SLEEVES, GOLD STARS",,,AP140826,APC14082612,8,Albion Park,2026-08-14,Albion Park_2138,Albion Park_2138_pacers_mobile,2602,1718,37.5,30.3,30.0,28.2,28.3,albion park,2138,pacers,mobile,1322.0,108.0,235.0,8.17,25.95,-24.05
AP250826,AP250826_R8,AP250826_R8_WHERES MY BLING,Albion Park,2026-08-25,Day,Day,8,5:47 PM,2026-08-25T07:47:00+00:00,2026-08-25T17:47:00+10:00,10,WHERES MY BLING,2026 Qbred Triad 3yo Fillies Consolation,2138,"$22,300",Sr3,Melissa Gillies,Pete McMullen,PACERS,Mobile,QLD,,,False,NR49,43157,NDC. NMC. Consolation for 3YO Fillies that finished in the highest finishing position in the Heats but failed to gain a start in the Final. Breeder of winner recieves $610. A 1% deduction for Equine Welfare will be applied to all prizemoney prior to distribution.,3YO Fillies. No NR. RBD. Pacers,439496,/wheres-my-bling,/melissa-gillies,/pete-mcmullen,"ROYAL BLUE, PINK STARRED DIAMOND FORMATION, STRIPED SLEEVES",,,AP140826,APC14082620,7,Albion Park,2026-08-14,Albion Park_2138,Albion Park_2138_pacers_mobile,2602,1718,37.5,30.3,30.0,28.2,28.3,albion park,2138,pacers,mobile,1056.0,104.0,173.0,9.85,26.23,-9.48
AP250826,AP250826_R8,AP250826_R8_SERENUS,Albion Park,2026-08-25,Day,Day,8,5:47 PM,2026-08-25T07:47:00+00:00,2026-08-25T17:47:00+10:00,11,SERENUS,2026 Qbred Triad 3yo Fillies Consolation,2138,"$22,300",Sr4,Phil Mitchell,Layne Dwyer,PACERS,Mobile,QLD,,,False,NR43,07357,NDC. NMC. Consolation for 3YO Fillies that finished in the highest finishing position in the Heats but failed to gain a start in the Final. Breeder of winner recieves $610. A 1% deduction for Equine Welfare will be applied to all prizemoney prior to distribution.,3YO Fillies. No NR. RBD. Pacers,439233,/serenus,/phil-mitchell,/layne-dwyer,"BLACK & RED CHECKS, WHITE SLEEVES WITH RED CUFFS",,,AP140826,APC14082612,7,Albion Park,2026-08-14,Albion Park_2138,Albion Park_2138_pacers_mobile,2602,1718,37.5,30.3,30.0,28.2,28.3,albion park,2138,pacers,mobile,789.0,82.0,115.0,10.39,24.97,-2.32
AP250826,AP250826_R8,AP250826_R8_WICKED BERRIES,Albion Park,2026-08-25,Day,Day,8,5:47 PM,2026-08-25T07:47:00+00:00,2026-08-25T17:47:00+10:00,12,WICKED BERRIES,2026 Qbred Triad 3yo Fillies Consolation,2138,"$22,300",Sr5,Gemma Hewitt,Brendan Barnes,PACERS,Mobile,QLD,,,False,NR50,42358,NDC. NMC. Consolation for 3YO Fillies that finished in the highest finishing position in the Heats but failed to gain a start in the Final. Breeder of winner recieves $610. A 1% deduction for Equine Welfare will be applied to all prizemoney prior to distribution.,3YO Fillies. No NR. RBD. Pacers,7066,/wicked-berries,/gemma-hewitt,/brendan-barnes,"PURPLE, RED YOKE & BRACES, PURPLE STARS",,,AP140826,APC14082620,8,Albion Park,2026-08-14,Albion Park_2138,Albion Park_2138_pacers_mobile,2602,1718,37.5,30.3,30.0,28.2,28.3,albion park,2138,pacers,mobile,556.0,34.0,69.0,6.12,18.53,-23.65
AP250826,AP250826_R8,AP250826_R8_WHATA GOOD FEELING,Albion Park,2026-08-25,Day,Day,8,5:47 PM,2026-08-25T07:47:00+00:00,2026-08-25T17:47:00+10:00,13,WHATA GOOD FEELING,2026 Qbred Triad 3yo Fillies Consolation,2138,"$22,300",Sr6,John McMullen,Taleah McMullen,PACERS,Mobile,QLD,,,False,NR53,15445,NDC. NMC. Consolation for 3YO Fillies that finished in the highest finishing position in the Heats but failed to gain a start in the Final. Breeder of winner recieves $610. A 1% deduction for Equine Welfare will be applied to all prizemoney prior to distribution.,3YO Fillies. No NR. RBD. Pacers,438395,/whata-good-feeling,/john-mcmullen,/taleah-mcmullen,"RED, WHITE BRACES & YOKE, RED STARS",,,AP140826,APC14082612,5,Albion Park,2026-08-14,Albion Park_2138,Albion Park_2138_pacers_mobile,2602,1718,37.5,30.3,30.0,28.2,28.3,albion park,2138,pacers,mobile,47.0,1.0,6.0,2.13,14.89,-65.64
AP250826,AP250826_R9,AP250826_R9_JOHEMIAN,Albion Park,2026-08-25,Day,Day,9,6:14 PM,2026-08-25T08:14:00+00:00,2026-08-25T18:14:00+10:00,1,JOHEMIAN,Racing & sports.com Pace,1660,"$7,880",Fr1,Ron Sallis,Angus Garrard,PACERS,Mobile,QLD,,,False,NR42,43204,NDC. NMC. A 1% deduction for Equine Welfare will be applied to all prizemoney prior to distribution.,3YO and older. NR up to 45. PBD/NR. Pacers,433968,/johemian,/ron-sallis,/angus-garrard,"ORANGE, GREEN SHAMROCK, BLACK SLEEVES",,,AP180826,APC18082607,4,Albion Park,2026-08-18,Albion Park_1660,Albion Park_1660_pacers_mobile,4917,4797,3.4,27.9,30.4,28.3,28.4,albion park,1660,pacers,mobile,4797.0,710.0,1490.0,14.8,45.86,-24.01
AP250826,AP250826_R9,AP250826_R9_VICTREE CHARLIE,Albion Park,2026-08-25,Day,Day,9,6:14 PM,2026-08-25T08:14:00+00:00,2026-08-25T18:14:00+10:00,2,VICTREE CHARLIE,Racing & sports.com Pace,1660,"$7,880",Fr2,Darren McCall,Darren McCall,PACERS,Mobile,QLD,,,False,NR42,22773,NDC. NMC. A 1% deduction for Equine Welfare will be applied to all prizemoney prior to distribution.,3YO and older. NR up to 45. PBD/NR. Pacers,168958,/victree-charlie,/darren-mccall,/darren-mccall,"BLACK, YELLOW YOKE, WHITE STARS, YELLOW SLEEVES, WHITE STAR",,,AP180826,APC18082606,3,Albion Park,2026-08-18,Albion Park_1660,Albion Park_1660_pacers_mobile,4917,4797,3.4,27.9,30.4,28.3,28.4,albion park,1660,pacers,mobile,4797.0,624.0,1068.0,13.01,35.27,-17.93
AP250826,AP250826_R9,AP250826_R9_DOUGS TRIBE,Albion Park,2026-08-25,Day,Day,9,6:14 PM,2026-08-25T08:14:00+00:00,2026-08-25T18:14:00+10:00,3,DOUGS TRIBE,Racing & sports.com Pace,1660,"$7,880",Fr3,Ron Sallis,Adam Sanderson,PACERS,Mobile,QLD,,,False,NR43,50s27,NDC. NMC. A 1% deduction for Equine Welfare will be applied to all prizemoney prior to distribution.,3YO and older. NR up to 45. PBD/NR. Pacers,435702,/dougs-tribe,/ron-sallis,/adam-sanderson,"ORANGE, GREEN SHAMROCK, BLACK SLEEVES",,,RE130826,REC13082604,7,Redcliffe,2026-08-13,Albion Park_1660,Albion Park_1660_pacers_mobile,4917,4797,3.4,27.9,30.4,28.3,28.4,albion park,1660,pacers,mobile,4797.0,667.0,1121.0,13.9,37.27,-8.77
AP250826,AP250826_R9,AP250826_R9_MY ULTIMATE RUDI,Albion Park,2026-08-25,Day,Day,9,6:14 PM,2026-08-25T08:14:00+00:00,2026-08-25T18:14:00+10:00,4,MY ULTIMATE RUDI,Racing & sports.com Pace,1660,"$7,880",Fr4,Matthew Clayton,Pete McMullen,PACERS,Mobile,QLD,,,False,NR43,46441,NDC. NMC. A 1% deduction for Equine Welfare will be applied to all prizemoney prior to distribution.,3YO and older. NR up to 45. PBD/NR. Pacers,2406,/my-ultimate-rudi,/matthew-clayton,/pete-mcmullen,"LIGHT PINK, DARK PINK BRACES & YOKE, WHITE STARS & PIPING, LIGHT PINK SLEEVES",,,AP180826,APC18082607,1,Albion Park,2026-08-18,Albion Park_1660,Albion Park_1660_pacers_mobile,4917,4797,3.4,27.9,30.4,28.3,28.4,albion park,1660,pacers,mobile,4794.0,668.0,1066.0,13.93,36.17,-5.74
AP250826,AP250826_R9,AP250826_R9_POCKET BOOK NZ,Albion Park,2026-08-25,Day,Day,9,6:14 PM,2026-08-25T08:14:00+00:00,2026-08-25T18:14:00+10:00,5,POCKET BOOK NZ,Racing & sports.com Pace,1660,"$7,880",Fr5,Richard Hutchinson,Nathan Dawson,PACERS,Mobile,QLD,,,False,NR44,17223,NDC. NMC. A 1% deduction for Equine Welfare will be applied to all prizemoney prior to distribution.,3YO and older. NR up to 45. PBD/NR. Pacers,3293,/pocket-book-nz,/richard-hutchinson,/nathan-dawson,"BLACK, GOLD QUARTERS",,,AP180826,APC18082616,3,Albion Park,2026-08-18,Albion Park_1660,Albion Park_1660_pacers_mobile,4917,4797,3.4,27.9,30.4,28.3,28.4,albion park,1660,pacers,mobile,4775.0,426.0,884.0,8.92,27.43,-23.85
AP250826,AP250826_R9,AP250826_R9_OCTOBER RACKETEER,Albion Park,2026-08-25,Day,Day,9,6:14 PM,2026-08-25T08:14:00+00:00,2026-08-25T18:14:00+10:00,6,OCTOBER RACKETEER,Racing & sports.com Pace,1660,"$7,880",Fr6,Nathan Rothwell,Will Rothwell,PACERS,Mobile,QLD,,,False,NR44,24122,NDC. NMC. A 1% deduction for Equine Welfare will be applied to all prizemoney prior to distribution.,3YO and older. NR up to 45. PBD/NR. Pacers,1240,/october-racketeer,/nathan-rothwell,/will-rothwell,"BLUE, BLACK BRACES, BLUE YOKE, WHITE DIAMONDS, BLUE SLEEVES, BLACK CUFFS",,,AP180826,APC18082616,2,Albion Park,2026-08-18,Albion Park_1660,Albion Park_1660_pacers_mobile,4917,4797,3.4,27.9,30.4,28.3,28.4,albion park,1660,pacers,mobile,4605.0,395.0,853.0,8.58,27.1,-23.6
AP250826,AP250826_R9,AP250826_R9_ROYAL PRINCESS,Albion Park,2026-08-25,Day,Day,9,6:14 PM,2026-08-25T08:14:00+00:00,2026-08-25T18:14:00+10:00,7,ROYAL PRINCESS,Racing & sports.com Pace,1660,"$7,880",Fr7,Vicki Rasmussen,Taleah McMullen,PACERS,Mobile,QLD,,,False,NR45,83554,NDC. NMC. A 1% deduction for Equine Welfare will be applied to all prizemoney prior to distribution.,3YO and older. NR up to 45. PBD/NR. Pacers,2680,/royal-princess,/vicki-rasmussen,/taleah-mcmullen,"PURPLE, YELLOW QUARTERS",,,AP180826,APC18082616,4,Albion Park,2026-08-18,Albion Park_1660,Albion Park_1660_pacers_mobile,4917,4797,3.4,27.9,30.4,28.3,28.4,albion park,1660,pacers,mobile,3511.0,277.0,553.0,7.89,23.64,-23.29
AP250826,AP250826_R9,AP250826_R9_GOODOLBOYSANDBEER,Albion Park,2026-08-25,Day,Day,9,6:14 PM,2026-08-25T08:14:00+00:00,2026-08-25T18:14:00+10:00,8,GOODOLBOYSANDBEER,Racing & sports.com Pace,1660,"$7,880",Sr1,Jack Chapple,Jack Chapple,PACERS,Mobile,QLD,,,False,NR44,16532,NDC. NMC. A 1% deduction for Equine Welfare will be applied to all prizemoney prior to distribution.,3YO and older. NR up to 45. PBD/NR. Pacers,1470,/goodolboysandbeer,/jack-chapple,/jack-chapple,"BLACK, RED SEAMS, BLACK SLEEVES, RED JC & STRIPE",,,AP180826,APC18082606,2,Albion Park,2026-08-18,Albion Park_1660,Albion Park_1660_pacers_mobile,4917,4797,3.4,27.9,30.4,28.3,28.4,albion park,1660,pacers,mobile,4345.0,384.0,1102.0,8.84,34.2,-26.47
AP250826,AP250826_R9,AP250826_R9_SHE MAYBE BETTOR,Albion Park,2026-08-25,Day,Day,9,6:14 PM,2026-08-25T08:14:00+00:00,2026-08-25T18:14:00+10:00,9,SHE MAYBE BETTOR,Racing & sports.com Pace,1660,"$7,880",Sr2,Richard Hutchinson,Adam Richardson,PACERS,Mobile,QLD,,,False,NR44,23896,NDC. NMC. A 1% deduction for Equine Welfare will be applied to all prizemoney prior to distribution.,3YO and older. NR up to 45. PBD/NR. Pacers,5156,/she-maybe-bettor,/richard-hutchinson,/adam-richardson,"BLACK, GOLD QUARTERS",,,AP180826,APC18082606,6,Albion Park,2026-08-18,Albion Park_1660,Albion Park_1660_pacers_mobile,4917,4797,3.4,27.9,30.4,28.3,28.4,albion park,1660,pacers,mobile,3787.0,343.0,824.0,9.06,30.82,-22.85
AP250826,AP250826_R9,AP250826_R9_PINKCHAMPAGNE,Albion Park,2026-08-25,Day,Day,9,6:14 PM,2026-08-25T08:14:00+00:00,2026-08-25T18:14:00+10:00,10,PINKCHAMPAGNE,Racing & sports.com Pace,1660,"$7,880",Sr3,Gail Geeson,Leonard Cain,PACERS,Mobile,QLD,,,False,NR44,43169,NDC. NMC. A 1% deduction for Equine Welfare will be applied to all prizemoney prior to distribution.,3YO and older. NR up to 45. PBD/NR. Pacers,435372,/pinkchampagne,/gail-geeson,/leonard-cain,"HOT PINK WITH BLACK LETTER G, HOT PINK SLEEVES WITH BLACK ""GG"" ON CUFFS",,,AP180826,APC18082606,9,Albion Park,2026-08-18,Albion Park_1660,Albion Park_1660_pacers_mobile,4917,4797,3.4,27.9,30.4,28.3,28.4,albion park,1660,pacers,mobile,2893.0,294.0,621.0,10.16,31.63,-15.87
AR230826,AR230826_R1,AR230826_R1_QUICK CRUNCH,Ararat,2026-08-23,Night,Night,1,5:36 PM,2026-08-23T07:36:00+00:00,2026-08-23T17:36:00+10:00,1,QUICK CRUNCH,Acacia Caravan Park Vicbred Voucher Mares Pace,2195,"$6,000",Fr1,Taylor Ford,Taylor Ford,PACERS,Mobile,VIC,6.0,6.0,False,NR48,11432,"* Restricted to Vicbred eligible horses only. * Concession Driver Claims apply for eligibility purposes only, not within the barrier draw.",Mares. NR up to 55. PBD/NR. Pacers,156994,/quick-crunch,/taylor-ford,/taylor-ford,"BLUE, BLACK YOLK, BRACE & DIAMONDS, BLACK & WHITE CHECKED SLEEVES",,,AR230826,ARC23082602,9,Ararat,2026-08-23,Ararat_2195,Ararat_2195_pacers_mobile,141,108,43.1,31.4,31.0,29.6,29.5,ararat,2195,pacers,mobile,108.0,10.0,26.0,9.26,33.33,-34.83
AR230826,AR230826_R1,AR230826_R1_JILLIBY KYMY LOU,Ararat,2026-08-23,Night,Night,1,5:36 PM,2026-08-23T07:36:00+00:00,2026-08-23T17:36:00+10:00,2,JILLIBY KYMY LOU,Acacia Caravan Park Vicbred Voucher Mares Pace,2195,"$6,000",Fr2,"M A Lee, P D Lee",Chelsie O'Driscoll,PACERS,Mobile,VIC,7.5,7.5,False,NR49,22896,"* Restricted to Vicbred eligible horses only. * Concession Driver Claims apply for eligibility purposes only, not within the barrier draw.",Mares. NR up to 55. PBD/NR. Pacers,433878,/jilliby-kymy-lou,/m-a-lee-p-lee,/chelsie-o-driscoll,"RED, YELLOW YOKE & BRACES, BLACK DIAMONDS",,,AR230826,ARC23082602,7,Ararat,2026-08-23,Ararat_2195,Ararat_2195_pacers_mobile,141,108,43.1,31.4,31.0,29.6,29.5,ararat,2195,pacers,mobile,108.0,15.0,21.0,13.89,33.33,-7.18
AR230826,AR230826_R1,AR230826_R1_TORQUE INTHEUSA,Ararat,2026-08-23,Night,Night,1,5:36 PM,2026-08-23T07:36:00+00:00,2026-08-23T17:36:00+10:00,3,TORQUE INTHEUSA,Acacia Caravan Park Vicbred Voucher Mares Pace,2195,"$6,000",Fr3,Peter Manning,Luke Sutherland,PACERS,Mobile,VIC,81.0,81.0,False,NR49,99889,"* Restricted to Vicbred eligible horses only. * Concession Driver Claims apply for eligibility purposes only, not within the barrier draw.",Mares. NR up to 55. PBD/NR. Pacers,60355,/torque-intheusa,/peter-manning,/luke-sutherland,"PURPLE, GOLD TREBLE CLEF",,,AR230826,ARC23082602,3,Ararat,2026-08-23,Ararat_2195,Ararat_2195_pacers_mobile,141,108,43.1,31.4,31.0,29.6,29.5,ararat,2195,pacers,mobile,108.0,12.0,30.0,11.11,38.89,-36.52
AR230826,AR230826_R1,AR230826_R1_MEGAWATTS,Ararat,2026-08-23,Night,Night,1,5:36 PM,2026-08-23T07:36:00+00:00,2026-08-23T17:36:00+10:00,4,MEGAWATTS,Acacia Caravan Park Vicbred Voucher Mares Pace,2195,"$6,000",Fr4,Michael Gadsden,Connor Clarke,PACERS,Mobile,VIC,12.0,12.0,False,NR50,41182,"* Restricted to Vicbred eligible horses only. * Concession Driver Claims apply for eligibility purposes only, not within the barrier draw.",Mares. NR up to 55. PBD/NR. Pacers,4689,/megawatts,/michael-gadsden,/connor-clarke,"PURPLE, WHITE & GREEN STARS, PURPLE SLEEVES, WHITE ARM BANDS.",,,AR230826,ARC23082602,5,Ararat,2026-08-23,Ararat_2195,Ararat_2195_pacers_mobile,141,108,43.1,31.4,31.0,29.6,29.5,ararat,2195,pacers,mobile,108.0,19.0,19.0,17.59,35.19,16.43
AR230826,AR230826_R1,AR230826_R1_FAMOUS LABEL,Ararat,2026-08-23,Night,Night,1,5:36 PM,2026-08-23T07:36:00+00:00,2026-08-23T17:36:00+10:00,5,FAMOUS LABEL,Acacia Caravan Park Vicbred Voucher Mares Pace,2195,"$6,000",SCR,Rebecca East,Michael Bellman,PACERS,Mobile,VIC,18.0,18.0,True,NR51,15365,"* Restricted to Vicbred eligible horses only. * Concession Driver Claims apply for eligibility purposes only, not within the barrier draw.",Mares. NR up to 55. PBD/NR. Pacers,418,/famous-label,/rebecca-east,/michael-bellman,"BLACK, RED MALTESE CROSS, BLACK & WHITE HOOPED SLEEVES",,,HM100826,HMC10082603,5,Hamilton,2026-08-10,Ararat_2195,Ararat_2195_pacers_mobile,141,108,43.1,31.4,31.0,29.6,29.5,ararat,2195,pacers,mobile,0.0,0.0,0.0,0.0,0.0,0.0
AR230826,AR230826_R1,AR230826_R1_GOLD IN PARIS,Ararat,2026-08-23,Night,Night,1,5:36 PM,2026-08-23T07:36:00+00:00,2026-08-23T17:36:00+10:00,6,GOLD IN PARIS,Acacia Caravan Park Vicbred Voucher Mares Pace,2195,"$6,000",Fr5,Rebecca East,James Herbertson,PACERS,Mobile,VIC,4.8,4.8,False,NR53,s0851,"* Restricted to Vicbred eligible horses only. * Concession Driver Claims apply for eligibility purposes only, not within the barrier draw.",Mares. NR up to 55. PBD/NR. Pacers,5824,/gold-in-paris,/rebecca-east,/james-herbertson,"RED, NAVY BLUE YOKE WITH YELLOW HORSESHOES, NAVY BLUE BRACES, RED SLEEVES",,,AR230826,ARC23082602,1,Ararat,2026-08-23,Ararat_2195,Ararat_2195_pacers_mobile,141,108,43.1,31.4,31.0,29.6,29.5,ararat,2195,pacers,mobile,107.0,9.0,34.0,8.41,40.19,-30.21
AR230826,AR230826_R1,AR230826_R1_HUXHAM CHUBB,Ararat,2026-08-23,Night,Night,1,5:36 PM,2026-08-23T07:36:00+00:00,2026-08-23T17:36:00+10:00,7,HUXHAM CHUBB,Acacia Caravan Park Vicbred Voucher Mares Pace,2195,"$6,000",Fr6,Peter Manning,Kerryn Manning,PACERS,Mobile,VIC,16.0,16.0,False,NR54,98421,"* Restricted to Vicbred eligible horses only. * Concession Driver Claims apply for eligibility purposes only, not within the barrier draw.",Mares. NR up to 55. PBD/NR. Pacers,60753,/huxham-chubb,/peter-manning,/kerryn-manning,"DARK BLUE, LIGHT BLUE BRACES, HOOPED SLEEVES",,,AR230826,ARC23082602,6,Ararat,2026-08-23,Ararat_2195,Ararat_2195_pacers_mobile,141,108,43.1,31.4,31.0,29.6,29.5,ararat,2195,pacers,mobile,103.0,15.0,17.0,14.56,31.07,-7.03
AR230826,AR230826_R1,AR230826_R1_MIKIS PLEASURE,Ararat,2026-08-23,Night,Night,1,5:36 PM,2026-08-23T07:36:00+00:00,2026-08-23T17:36:00+10:00,8,MIKIS PLEASURE,Acacia Caravan Park Vicbred Voucher Mares Pace,2195,"$6,000",SCR,Freddy Taiba,,PACERS,Mobile,VIC,101.0,101.0,True,NR54,0s967,"* Restricted to Vicbred eligible horses only. * Concession Driver Claims apply for eligibility purposes only, not within the barrier draw.",Mares. NR up to 55. PBD/NR. Pacers,11638,/mikis-pleasure,/freddy-taiba,,"BLACK, GOLD MEDUSA HEAD & CUFFS",,,BA190826,BAC19082611,7,Ballarat,2026-08-19,Ararat_2195,Ararat_2195_pacers_mobile,141,108,43.1,31.4,31.0,29.6,29.5,ararat,2195,pacers,mobile,0.0,0.0,0.0,0.0,0.0,0.0
AR230826,AR230826_R1,AR230826_R1_OUTBACK QUEENIE,Ararat,2026-08-23,Night,Night,1,5:36 PM,2026-08-23T07:36:00+00:00,2026-08-23T17:36:00+10:00,9,OUTBACK QUEENIE,Acacia Caravan Park Vicbred Voucher Mares Pace,2195,"$6,000",Sr1,Tim Mortlock,Trent Fiscalini,PACERS,Mobile,VIC,71.0,71.0,False,NR55,119s7,"* Restricted to Vicbred eligible horses only. * Concession Driver Claims apply for eligibility purposes only, not within the barrier draw.",Mares. NR up to 55. PBD/NR. Pacers,3253,/outback-queenie,/tim-mortlock,/trent-fiscalini,"DARK BLUE , GOLD VERTICAL STRIPE, WHITE SLEEVES",1.0,,AR230826,ARC23082602,8,Ararat,2026-08-23,Ararat_2195,Ararat_2195_pacers_mobile,141,108,43.1,31.4,31.0,29.6,29.5,ararat,2195,pacers,mobile,91.0,8.0,32.0,8.79,43.96,-33.98
AR230826,AR230826_R1,AR230826_R1_ROCKIN GEMMA,Ararat,2026-08-23,Night,Night,1,5:36 PM,2026-08-23T07:36:00+00:00,2026-08-23T17:36:00+10:00,10,ROCKIN GEMMA,Acacia Caravan Park Vicbred Voucher Mares Pace,2195,"$6,000",Sr2,Matthew Horsnell,Ewa Justice,PACERS,Mobile,VIC,2.25,2.25,False,NR58 (A55),7747s,"* Restricted to Vicbred eligible horses only. * Concession Driver Claims apply for eligibility purposes only, not within the barrier draw.",Mares. NR up to 55. PBD/NR. Pacers,4451,/rockin-gemma,/matthew-horsnell,/ewa-justice,"NAVY BLUE, HORSNELL LOGO, RED SEAMS.",,,AR230826,ARC23082602,2,Ararat,2026-08-23,Ararat_2195,Ararat_2195_pacers_mobile,141,108,43.1,31.4,31.0,29.6,29.5,ararat,2195,pacers,mobile,67.0,10.0,15.0,14.93,37.31,2.13
AR230826,AR230826_R1,AR230826_R1_EASTBRO KAZ,Ararat,2026-08-23,Night,Night,1,5:36 PM,2026-08-23T07:36:00+00:00,2026-08-23T17:36:00+10:00,11,EASTBRO KAZ,Acacia Caravan Park Vicbred Voucher Mares Pace,2195,"$6,000",Sr3,Rebecca East,Hannah Lewis,PACERS,Mobile,VIC,7.0,7.0,False,NR58 (A53),51575,"* Restricted to Vicbred eligible horses only. * Concession Driver Claims apply for eligibility purposes only, not within the barrier draw.",Mares. NR up to 55. PBD/NR. Pacers,439134,/eastbro-kaz,/rebecca-east,/hannah-lewis,"WHITE WITH NAVY BLUE YOKE & BRACES, WHITE DIAMONDS, RED SLEEVES, WHITE PIPING",,,AR230826,ARC23082602,4,Ararat,2026-08-23,Ararat_2195,Ararat_2195_pacers_mobile,141,108,43.1,31.4,31.0,29.6,29.5,ararat,2195,pacers,mobile,48.0,2.0,12.0,4.17,29.17,-62.62
AR230826,AR230826_R2,AR230826_R2_BAYSIDE VICTORY,Ararat,2026-08-23,Night,Night,2,6:11 PM,2026-08-23T08:11:00+00:00,2026-08-23T18:11:00+10:00,1,BAYSIDE VICTORY,House of Nai Pace,2195,"$5,000",Fr1,Ken Dihm,Hannah Lewis,PACERS,Mobile,VIC,8.5,8.5,False,NR38,67594,"* Concession Driver Claims and Mares Allowance apply for eligibility purposes only, not within the barrier draw.",NR 38 to 42. PBD/NR. Pacers,319,/bayside-victory,/ken-dihm,/hannah-lewis,"WHITE, RED DIAMONDS & SLEEVES",,,HM100826,HMC10082605,4,Hamilton,2026-08-10,Ararat_2195,Ararat_2195_pacers_mobile,141,108,43.1,31.4,31.0,29.6,29.5,ararat,2195,pacers,mobile,108.0,10.0,26.0,9.26,33.33,-34.83
AR230826,AR230826_R2,AR230826_R2_ICANMOTOR,Ararat,2026-08-23,Night,Night,2,6:11 PM,2026-08-23T08:11:00+00:00,2026-08-23T18:11:00+10:00,2,ICANMOTOR,House of Nai Pace,2195,"$5,000",Fr2,Adam Stephens,Jordan Leedham,PACERS,Mobile,VIC,6.0,6.0,False,NR38,78684,"* Concession Driver Claims and Mares Allowance apply for eligibility purposes only, not within the barrier draw.",NR 38 to 42. PBD/NR. Pacers,390,/icanmotor,/adam-stephens,/jordan-leedham,"RED, WHITE SCORPION, WHITE SLEEVES, RED ARMBANDS",,,SP180826,SPC18082605,4,Shepparton,2026-08-18,Ararat_2195,Ararat_2195_pacers_mobile,141,108,43.1,31.4,31.0,29.6,29.5,ararat,2195,pacers,mobile,108.0,15.0,21.0,13.89,33.33,-7.18
AR230826,AR230826_R2,AR230826_R2_MISSMALACHITE,Ararat,2026-08-23,Night,Night,2,6:11 PM,2026-08-23T08:11:00+00:00,2026-08-23T18:11:00+10:00,3,MISSMALACHITE,House of Nai Pace,2195,"$5,000",Fr3,Michael Bellman,Michael Bellman,PACERS,Mobile,VIC,3.0,3.0,False,NR39 (A38),32042,"* Concession Driver Claims and Mares Allowance apply for eligibility purposes only, not within the barrier draw.",NR 38 to 42. PBD/NR. Pacers,9612,/missmalachite,/michael-bellman,/michael-bellman,"BLACK, RED MALTESE CROSS, BLACK & WHITE HOOPED SLEEVES",,,HM100826,HMC10082605,2,Hamilton,2026-08-10,Ararat_2195,Ararat_2195_pacers_mobile,141,108,43.1,31.4,31.0,29.6,29.5,ararat,2195,pacers,mobile,108.0,12.0,30.0,11.11,38.89,-36.52
AR230826,AR230826_R2,AR230826_R2_ZWICK,Ararat,2026-08-23,Night,Night,2,6:11 PM,2026-08-23T08:11:00+00:00,2026-08-23T18:11:00+10:00,4,ZWICK,House of Nai Pace,2195,"$5,000",Fr4,Toby Ainsworth,Ada Massa,PACERS,Mobile,VIC,8.0,8.0,False,NR39,69574,"* Concession Driver Claims and Mares Allowance apply for eligibility purposes only, not within the barrier draw.",NR 38 to 42. PBD/NR. Pacers,197,/zwick,/toby-ainsworth,/ada-massa,"PURPLE, BLUE YOKE & BRACES, WHITE DIAMONDS, WHITE SLEEVES WITH PURPLE DIAMONDS, PURPLE CUFFS",,,MX120826,MXC12082605,4,Melton,2026-08-12,Ararat_2195,Ararat_2195_pacers_mobile,141,108,43.1,31.4,31.0,29.6,29.5,ararat,2195,pacers,mobile,108.0,19.0,19.0,17.59,35.19,16.43
AR230826,AR230826_R2,AR230826_R2_BLISSFULL LILLY,Ararat,2026-08-23,Night,Night,2,6:11 PM,2026-08-23T08:11:00+00:00,2026-08-23T18:11:00+10:00,5,BLISSFULL LILLY,House of Nai Pace,2195,"$5,000",Fr5,Malcolm Bull,Malcolm Bull,PACERS,Mobile,VIC,31.0,31.0,False,NR39 (A38),1s703,"* Concession Driver Claims and Mares Allowance apply for eligibility purposes only, not within the barrier draw.",NR 38 to 42. PBD/NR. Pacers,3561,/blissfull-lilly,/malcolm-bull,/malcolm-bull,"BLACK, WHITE FERN, ROYAL BLUE SLEEVES",,,MX120826,MXC12082604,3,Melton,2026-08-12,Ararat_2195,Ararat_2195_pacers_mobile,141,108,43.1,31.4,31.0,29.6,29.5,ararat,2195,pacers,mobile,107.0,9.0,34.0,8.41,40.19,-30.21
AR230826,AR230826_R2,AR230826_R2_BETTORPATCHMEUP,Ararat,2026-08-23,Night,Night,2,6:11 PM,2026-08-23T08:11:00+00:00,2026-08-23T18:11:00+10:00,6,BETTORPATCHMEUP,House of Nai Pace,2195,"$5,000",Fr6,Rory Coverdale,Rory Coverdale,PACERS,Mobile,VIC,4.25,4.25,False,NR42,42525,"* Concession Driver Claims and Mares Allowance apply for eligibility purposes only, not within the barrier draw.",NR 38 to 42. PBD/NR. Pacers,11309,/bettorpatchmeup,/rory-coverdale,/rory-coverdale,"WHITE, PURPLE & TEAL TRIANGLE CHECKS, BLACK SLEEVES.",,,HM100826,HMC10082604,5,Hamilton,2026-08-10,Ararat_2195,Ararat_2195_pacers_mobile,141,108,43.1,31.4,31.0,29.6,29.5,ararat,2195,pacers,mobile,103.0,15.0,17.0,14.56,31.07,-7.03
AR230826,AR230826_R2,AR230826_R2_YANKEE RAIN,Ararat,2026-08-23,Night,Night,2,6:11 PM,2026-08-23T08:11:00+00:00,2026-08-23T18:11:00+10:00,7,YANKEE RAIN,House of Nai Pace,2195,"$5,000",Fr7,Tom Rundle,Chelsie O'Driscoll,PACERS,Mobile,VIC,3.75,3.75,False,NR47 (A42),5955s,"* Concession Driver Claims and Mares Allowance apply for eligibility purposes only, not within the barrier draw.",NR 38 to 42. PBD/NR. Pacers,5865,/yankee-rain,/tom-rundle,/chelsie-o-driscoll,"PURPLE, LIGHT BLUE STARS, PURPLE SLEEVES",,,BT010326,BTC01032604,5,Boort,2026-03-01,Ararat_2195,Ararat_2195_pacers_mobile,141,108,43.1,31.4,31.0,29.6,29.5,ararat,2195,pacers,mobile,66.0,6.0,7.0,9.09,19.7,-11.53
AR230826,AR230826_R2,AR230826_R2_LOCHIEL LAD NZ,Ararat,2026-08-23,Night,Night,2,6:11 PM,2026-08-23T08:11:00+00:00,2026-08-23T18:11:00+10:00,8,LOCHIEL LAD NZ,House of Nai Pace,2195,"$5,000",Sr1,Chris Walsh,Chris Walsh,PACERS,Mobile,VIC,91.0,91.0,False,NR42,9s986,"* Concession Driver Claims and Mares Allowance apply for eligibility purposes only, not within the barrier draw.",NR 38 to 42. PBD/NR. Pacers,442050,/lochiel-lad-nz,/chris-walsh,/chris-walsh,"DARK BLUE & ORANGE DIAMONDS, ORANGE SLEEVES",,ODM,CH170826,CHC17082605,6,Charlton,2026-08-17,Ararat_2195,Ararat_2195_pacers_mobile,141,108,43.1,31.4,31.0,29.6,29.5,ararat,2195,pacers,mobile,91.0,8.0,32.0,8.79,43.96,-33.98
AR230826,AR230826_R2,AR230826_R2_SEA FINNIGAN,Ararat,2026-08-23,Night,Night,2,6:11 PM,2026-08-23T08:11:00+00:00,2026-08-23T18:11:00+10:00,9,SEA FINNIGAN,House of Nai Pace,2195,"$5,000",Sr2,Stephen Clarke,Reagan Clarke,PACERS,Mobile,VIC,41.0,41.0,False,NR43 (A38),88870,"* Concession Driver Claims and Mares Allowance apply for eligibility purposes only, not within the barrier draw.",NR 38 to 42. PBD/NR. Pacers,440876,/sea-finnigan,/stephen-clarke,/reagan-clarke,"BLUE, RED YOKE AND BRACES, WHITE DIAMONDS, WHITE SLEEVES, BLUE STRIPE AND CUFFS",,ODM,MX210826,MXC21082604,10,Melton,2026-08-21,Ararat_2195,Ararat_2195_pacers_mobile,141,108,43.1,31.4,31.0,29.6,29.5,ararat,2195,pacers,mobile,67.0,10.0,15.0,14.93,37.31,2.13
AR230826,AR230826_R3,AR230826_R3_TENSION SEEKER,Ararat,2026-08-23,Night,Night,3,6:49 PM,2026-08-23T08:49:00+00:00,2026-08-23T18:49:00+10:00,1,TENSION SEEKER,Hotondo Homes Trotters Handicap,2165,"$4,000",FT Fr1,Scott Torney,Scott Torney,TROTTERS,Stand,VIC,67.0,67.0,False,NR34,27476,* NR 30 to 37 - Front. * NR 38 to 45 - 10 metres. * NR 46 to 50 - 20 metres. * NR 51 to 55 - 30 metres. * Each further 5 point bracket - additional 10 metres. * No Claims or Allowances apply.,No NR. PBD/NR. Trotters,754,/tension-seeker,/scott-torney,/scott-torney,"PURPLE, PINK SASH, GREEN SLEEVES",,,MX120826,MXC12082609,6,Melton,2026-08-12,Ararat_2165,Ararat_2165_trotters_stand,17,17,46.3,31.8,31.5,30.5,30.5,ararat,2165,trotters,stand,0.0,0.0,0.0,0.0,0.0,0.0
AR230826,AR230826_R3,AR230826_R3_ALLAWART BOB,Ararat,2026-08-23,Night,Night,3,6:49 PM,2026-08-23T08:49:00+00:00,2026-08-23T18:49:00+10:00,2,ALLAWART BOB,Hotondo Homes Trotters Handicap,2165,"$4,000",10 Fr1,Laurie Young,Jackie Barker,TROTTERS,Stand,VIC,26.0,26.0,False,NR39,5s917,* NR 30 to 37 - Front. * NR 38 to 45 - 10 metres. * NR 46 to 50 - 20 metres. * NR 51 to 55 - 30 metres. * Each further 5 point bracket - additional 10 metres. * No Claims or Allowances apply.,No NR. PBD/NR. Trotters,726,/allawart-bob,/laurie-young,/jackie-barker,"DARK BLUE, RED HOOPS",,,HM100826,HMC10082609,7,Hamilton,2026-08-10,Ararat_2165,Ararat_2165_trotters_stand,17,17,46.3,31.8,31.5,30.5,30.5,ararat,2165,trotters,stand,0.0,0.0,0.0,0.0,0.0,0.0
AR230826,AR230826_R3,AR230826_R3_BROWN EYED KATE,Ararat,2026-08-23,Night,Night,3,6:49 PM,2026-08-23T08:49:00+00:00,2026-08-23T18:49:00+10:00,3,BROWN EYED KATE,Hotondo Homes Trotters Handicap,2165,"$4,000",10 Fr2,Jonathan O'Connor,Hannah Lewis,TROTTERS,Stand,VIC,15.0,15.0,False,NR41,11569,* NR 30 to 37 - Front. * NR 38 to 45 - 10 metres. * NR 46 to 50 - 20 metres. * NR 51 to 55 - 30 metres. * Each further 5 point bracket - additional 10 metres. * No Claims or Allowances apply.,No NR. PBD/NR. Trotters,555,/brown-eyed-kate,/jonathan-o-connor,/hannah-lewis,"PURPLE, YELLOW BRACES, PINK SLEEVES",,,HM100826,HMC10082609,9,Hamilton,2026-08-10,Ararat_2165,Ararat_2165_trotters_stand,17,17,46.3,31.8,31.5,30.5,30.5,ararat,2165,trotters,stand,0.0,0.0,0.0,0.0,0.0,0.0
AR230826,AR230826_R3,AR230826_R3_ITGETSBETTER,Ararat,2026-08-23,Night,Night,3,6:49 PM,2026-08-23T08:49:00+00:00,2026-08-23T18:49:00+10:00,4,ITGETSBETTER,Hotondo Homes Trotters Handicap,2165,"$4,000",10 Fr3,Jonathan O'Connor,Michael Bellman,TROTTERS,Stand,VIC,15.0,15.0,False,NR41,23446,* NR 30 to 37 - Front. * NR 38 to 45 - 10 metres. * NR 46 to 50 - 20 metres. * NR 51 to 55 - 30 metres. * Each further 5 point bracket - additional 10 metres. * No Claims or Allowances apply.,No NR. PBD/NR. Trotters,436199,/itgetsbetter,/jonathan-o-connor,/michael-bellman,"BLACK, RED MALTESE CROSS, BLACK & WHITE HOOPED SLEEVES",,,HM100826,HMC10082609,6,Hamilton,2026-08-10,Ararat_2165,Ararat_2165_trotters_stand,17,17,46.3,31.8,31.5,30.5,30.5,ararat,2165,trotters,stand,0.0,0.0,0.0,0.0,0.0,0.0
AR230826,AR230826_R3,AR230826_R3_BOUTIKA,Ararat,2026-08-23,Night,Night,3,6:49 PM,2026-08-23T08:49:00+00:00,2026-08-23T18:49:00+10:00,5,BOUTIKA,Hotondo Homes Trotters Handicap,2165,"$4,000",20 Fr1,Ashley Ainsworth,James Herbertson,TROTTERS,Stand,VIC,1.55,1.55,False,NR47,22628,* NR 30 to 37 - Front. * NR 38 to 45 - 10 metres. * NR 46 to 50 - 20 metres. * NR 51 to 55 - 30 metres. * Each further 5 point bracket - additional 10 metres. * No Claims or Allowances apply.,No NR. PBD/NR. Trotters,589,/boutika,/ashley-ainsworth,/james-herbertson,"PURPLE, WHITE YOKE & BRACES, PURPLE DIAMONDS, WHITE SLEEVES WITH PURPLE DIAMONDS, WHITE CUFFS",,,MX150826,MXM15082609,8,Melton,2026-08-15,Ararat_2165,Ararat_2165_trotters_stand,17,17,46.3,31.8,31.5,30.5,30.5,ararat,2165,trotters,stand,0.0,0.0,0.0,0.0,0.0,0.0
AR230826,AR230826_R3,AR230826_R3_BAARLINEE,Ararat,2026-08-23,Night,Night,3,6:49 PM,2026-08-23T08:49:00+00:00,2026-08-23T18:49:00+10:00,6,BAARLINEE,Hotondo Homes Trotters Handicap,2165,"$4,000",20 Fr2,Ashley Ainsworth,Ashley Ainsworth,TROTTERS,Stand,VIC,7.5,7.5,False,NR47,38246,* NR 30 to 37 - Front. * NR 38 to 45 - 10 metres. * NR 46 to 50 - 20 metres. * NR 51 to 55 - 30 metres. * Each further 5 point bracket - additional 10 metres. * No Claims or Allowances apply.,No NR. PBD/NR. Trotters,2891,/baarlinee,/ashley-ainsworth,/ashley-ainsworth,"WHITE, RED POPPY, WHITE SLEEVES WITH RED POPPIES.",,,MX240726,MXC24072613,6,Melton,2026-07-24,Ararat_2165,Ararat_2165_trotters_stand,17,17,46.3,31.8,31.5,30.5,30.5,ararat,2165,trotters,stand,0.0,0.0,0.0,0.0,0.0,0.0
AR230826,AR230826_R3,AR230826_R3_JAKARTA NZ,Ararat,2026-08-23,Night,Night,3,6:49 PM,2026-08-23T08:49:00+00:00,2026-08-23T18:49:00+10:00,7,JAKARTA NZ,Hotondo Homes Trotters Handicap,2165,"$4,000",30 Fr1,"G M Moss, D M Wicks-Moss",Jodi Quinlan,TROTTERS,Stand,VIC,4.2,4.2,False,NR53,18354,* NR 30 to 37 - Front. * NR 38 to 45 - 10 metres. * NR 46 to 50 - 20 metres. * NR 51 to 55 - 30 metres. * Each further 5 point bracket - additional 10 metres. * No Claims or Allowances apply.,No NR. PBD/NR. Trotters,550,/jakarta-nz,/g-m-moss-d-m-wicks-moss,/jodi-quinlan,BLACK & WHITE HALVES,,,GE140826,GEC14082607,4,Geelong,2026-08-14,Ararat_2165,Ararat_2165_trotters_stand,17,17,46.3,31.8,31.5,30.5,30.5,ararat,2165,trotters,stand,0.0,0.0,0.0,0.0,0.0,0.0
AR230826,AR230826_R3,AR230826_R3_DESERT ASSASSIN,Ararat,2026-08-23,Night,Night,3,6:49 PM,2026-08-23T08:49:00+00:00,2026-08-23T18:49:00+10:00,8,DESERT ASSASSIN,Hotondo Homes Trotters Handicap,2165,"$4,000",40 Fr1,Chris Walsh,Chris Walsh,TROTTERS,Stand,VIC,21.0,21.0,False,NR60,67s98,* NR 30 to 37 - Front. * NR 38 to 45 - 10 metres. * NR 46 to 50 - 20 metres. * NR 51 to 55 - 30 metres. * Each further 5 point bracket - additional 10 metres. * No Claims or Allowances apply.,No NR. PBD/NR. Trotters,4772,/desert-assassin,/chris-walsh,/chris-walsh,"DARK BLUE & ORANGE DIAMONDS, ORANGE SLEEVES",,,HM100826,HMC10082609,8,Hamilton,2026-08-10,Ararat_2165,Ararat_2165_trotters_stand,17,17,46.3,31.8,31.5,30.5,30.5,ararat,2165,trotters,stand,0.0,0.0,0.0,0.0,0.0,0.0
AR230826,AR230826_R3,AR230826_R3_SONARMI JOH,Ararat,2026-08-23,Night,Night,3,6:49 PM,2026-08-23T08:49:00+00:00,2026-08-23T18:49:00+10:00,9,SONARMI JOH,Hotondo Homes Trotters Handicap,2165,"$4,000",40 Fr2,Jim Barker,Rod Barker,TROTTERS,Stand,VIC,12.0,12.0,False,NR60,22533,* NR 30 to 37 - Front. * NR 38 to 45 - 10 metres. * NR 46 to 50 - 20 metres. * NR 51 to 55 - 30 metres. * Each further 5 point bracket - additional 10 metres. * No Claims or Allowances apply.,No NR. PBD/NR. Trotters,10145,/sonarmi-joh,/jim-barker,/rod-barker,"WHITE WITH LIGHT BLUE, ORANGE & DARK BLUE HORSE HEAD SILHOUETTE, BLUE & GOLD HOOPED SLEEVES",,,HM100826,HMC10082609,3,Hamilton,2026-08-10,Ararat_2165,Ararat_2165_trotters_stand,17,17,46.3,31.8,31.5,30.5,30.5,ararat,2165,trotters,stand,0.0,0.0,0.0,0.0,0.0,0.0
AR230826,AR230826_R4,AR230826_R4_EASTBRO KOZZY,Ararat,2026-08-23,Night,Night,4,7:25 PM,2026-08-23T09:25:00+00:00,2026-08-23T19:25:00+10:00,1,EASTBRO KOZZY,Ararat Rsl Pace,1790,"$6,000",Fr1,Rebecca East,Michael Bellman,PACERS,Mobile,VIC,9.0,9.0,False,NR55,4556s,* No Claims or Allowances apply.,NR 50 to 55. PBD/L5$. Pacers,3355,/eastbro-kozzy,/rebecca-east,/michael-bellman,"BLACK, RED MALTESE CROSS, BLACK & WHITE HOOPED SLEEVES",,,MG060326,MGC06032610,6,Mount Gambier,2026-03-06,Ararat_1790,Ararat_1790_pacers_mobile,125,120,12.6,30.5,31.0,29.7,29.5,ararat,1790,pacers,mobile,120.0,12.0,32.0,10.0,36.67,-30.1
AR230826,AR230826_R4,AR230826_R4_DIRECT COMMAND NZ,Ararat,2026-08-23,Night,Night,4,7:25 PM,2026-08-23T09:25:00+00:00,2026-08-23T19:25:00+10:00,2,DIRECT COMMAND NZ,Ararat Rsl Pace,1790,"$6,000",Fr2,David Harris,Luke Dunne,PACERS,Mobile,VIC,5.0,5.0,False,NR52,38899,* No Claims or Allowances apply.,NR 50 to 55. PBD/L5$. Pacers,4333,/direct-command-nz,/david-harris,/luke-dunne,"PURPLE, YELLOW HORSESHOES, YELLOW HOOPED SLEEVES & CUFFS, PURPLE ""AB&T CORMACK RACING"" LOGO",,,CH170826,CHC17082602,9,Charlton,2026-08-17,Ararat_1790,Ararat_1790_pacers_mobile,125,120,12.6,30.5,31.0,29.7,29.5,ararat,1790,pacers,mobile,120.0,13.0,33.0,10.83,38.33,-36.79
AR230826,AR230826_R4,AR230826_R4_WE FAVOUR ROSIE,Ararat,2026-08-23,Night,Night,4,7:25 PM,2026-08-23T09:25:00+00:00,2026-08-23T19:25:00+10:00,3,WE FAVOUR ROSIE,Ararat Rsl Pace,1790,"$6,000",Fr3,Rebecca East,Jackie Barker,PACERS,Mobile,VIC,13.0,13.0,False,NR52,s7827,* No Claims or Allowances apply.,NR 50 to 55. PBD/L5$. Pacers,4863,/we-favour-rosie,/rebecca-east,/jackie-barker,"WHITE WITH NAVY BLUE YOKE & BRACES, WHITE DIAMONDS, RED SLEEVES, WHITE PIPING",,,HM100826,HMC10082603,7,Hamilton,2026-08-10,Ararat_1790,Ararat_1790_pacers_mobile,125,120,12.6,30.5,31.0,29.7,29.5,ararat,1790,pacers,mobile,120.0,9.0,30.0,7.5,32.5,-49.54
AR230826,AR230826_R4,AR230826_R4_GRINNING BEACH BOY,Ararat,2026-08-23,Night,Night,4,7:25 PM,2026-08-23T09:25:00+00:00,2026-08-23T19:25:00+10:00,4,GRINNING BEACH BOY,Ararat Rsl Pace,1790,"$6,000",Fr4,Rebecca East,James Herbertson,PACERS,Mobile,VIC,1.66,1.66,False,NR55,s4772,* No Claims or Allowances apply.,NR 50 to 55. PBD/L5$. Pacers,474,/grinning-beach-boy,/rebecca-east,/james-herbertson,"RED, NAVY BLUE YOKE WITH YELLOW HORSESHOES, NAVY BLUE BRACES, RED SLEEVES",,,HM100826,HMC10082603,2,Hamilton,2026-08-10,Ararat_1790,Ararat_1790_pacers_mobile,125,120,12.6,30.5,31.0,29.7,29.5,ararat,1790,pacers,mobile,120.0,20.0,22.0,16.67,35.0,4.98
AR230826,AR230826_R4,AR230826_R4_FIVE CENT,Ararat,2026-08-23,Night,Night,4,7:25 PM,2026-08-23T09:25:00+00:00,2026-08-23T19:25:00+10:00,5,FIVE CENT,Ararat Rsl Pace,1790,"$6,000",Fr5,Peter Manning,Kerryn Manning,PACERS,Mobile,VIC,15.0,15.0,False,NR53,1733r,* No Claims or Allowances apply.,NR 50 to 55. PBD/L5$. Pacers,434929,/five-cent,/peter-manning,/kerryn-manning,"DARK BLUE, LIGHT BLUE BRACES, HOOPED SLEEVES",,,CH170826,CHC17082602,r,Charlton,2026-08-17,Ararat_1790,Ararat_1790_pacers_mobile,125,120,12.6,30.5,31.0,29.7,29.5,ararat,1790,pacers,mobile,120.0,11.0,19.0,9.17,25.0,-24.79
AR230826,AR230826_R4,AR230826_R4_PRECIOUS BELLE NZ,Ararat,2026-08-23,Night,Night,4,7:25 PM,2026-08-23T09:25:00+00:00,2026-08-23T19:25:00+10:00,6,PRECIOUS BELLE NZ,Ararat Rsl Pace,1790,"$6,000",Fr6,Taylor Ford,Taylor Ford,PACERS,Mobile,VIC,10.0,10.0,False,NR50,53123,* No Claims or Allowances apply.,NR 50 to 55. PBD/L5$. Pacers,2752,/precious-belle-nz,/taylor-ford,/taylor-ford,"BLUE, BLACK YOLK, BRACE & DIAMONDS, BLACK & WHITE CHECKED SLEEVES",,,MX120826,MXC12082603,3,Melton,2026-08-12,Ararat_1790,Ararat_1790_pacers_mobile,125,120,12.6,30.5,31.0,29.7,29.5,ararat,1790,pacers,mobile,112.0,13.0,24.0,11.61,33.04,-13.37
AR230826,AR230826_R4,AR230826_R4_BACKBEACH PETER,Ararat,2026-08-23,Night,Night,4,7:25 PM,2026-08-23T09:25:00+00:00,2026-08-23T19:25:00+10:00,7,BACKBEACH PETER,Ararat Rsl Pace,1790,"$6,000",Fr7,Matthew Horsnell,Lochie Cook,PACERS,Mobile,VIC,6.25,6.25,False,NR51,12sn0,* No Claims or Allowances apply.,NR 50 to 55. PBD/L5$. Pacers,11829,/backbeach-peter,/matthew-horsnell,/lochie-cook,"NAVY BLUE, HORSNELL LOGO, RED SEAMS.",,,GD250726,GDC25072603,10,Globe Derby Park,2026-07-25,Ararat_1790,Ararat_1790_pacers_mobile,125,120,12.6,30.5,31.0,29.7,29.5,ararat,1790,pacers,mobile,82.0,8.0,18.0,9.76,31.71,6.14
AR230826,AR230826_R4,AR230826_R4_YNOBE NOVA,Ararat,2026-08-23,Night,Night,4,7:25 PM,2026-08-23T09:25:00+00:00,2026-08-23T19:25:00+10:00,8,YNOBE NOVA,Ararat Rsl Pace,1790,"$6,000",Sr1,Ian Slater,Josh Duggan,PACERS,Mobile,VIC,21.0,21.0,False,NR54,17135,* No Claims or Allowances apply.,NR 50 to 55. PBD/L5$. Pacers,56233,/ynobe-nova,/ian-slater,/josh-duggan,"PURPLE & RED HOOPS, RED COLLAR, PURPLE & RED HOOPED SLEEVES WITH BLACK YNOBE INITIALS",,,GE140826,GEC14082603,5,Geelong,2026-08-14,Ararat_1790,Ararat_1790_pacers_mobile,125,120,12.6,30.5,31.0,29.7,29.5,ararat,1790,pacers,mobile,112.0,13.0,22.0,11.61,31.25,-7.94
AR230826,AR230826_R5,AR230826_R5_COCO MILLER,Ararat,2026-08-23,Night,Night,5,7:59 PM,2026-08-23T09:59:00+00:00,2026-08-23T19:59:00+10:00,1,COCO MILLER,Ararat Advocate 2yo & 3yo Pace,2195,"$6,000",Fr1,Michael Bellman,Michael Bellman,PACERS,Mobile,VIC,3.0,3.0,False,NR45,,* Restricted to horses with no more than 1 lifetime win. * No Claims or Allowances apply.,2&3YO. 0-1 WIN. PBD/LTW/AGE/SEX. Pacers,7548,/coco-miller,/michael-bellman,/michael-bellman,"MAROON, WHITE STARS, WHITE SLEEVES, MAROON STARS",,,,,,,,Ararat_2195,Ararat_2195_pacers_mobile,141,108,43.1,31.4,31.0,29.6,29.5,ararat,2195,pacers,mobile,108.0,10.0,26.0,9.26,33.33,-34.83
AR230826,AR230826_R5,AR230826_R5_WICKED TORQUE,Ararat,2026-08-23,Night,Night,5,7:59 PM,2026-08-23T09:59:00+00:00,2026-08-23T19:59:00+10:00,2,WICKED TORQUE,Ararat Advocate 2yo & 3yo Pace,2195,"$6,000",Fr2,Peter Manning,Kerryn Manning,PACERS,Mobile,VIC,26.0,26.0,False,NR43,458s5,* Restricted to horses with no more than 1 lifetime win. * No Claims or Allowances apply.,2&3YO. 0-1 WIN. PBD/LTW/AGE/SEX. Pacers,157057,/wicked-torque,/peter-manning,/kerryn-manning,"PURPLE, GOLD TREBLE CLEF",,,HS270726,HSC27072607,5,Horsham,2026-07-27,Ararat_2195,Ararat_2195_pacers_mobile,141,108,43.1,31.4,31.0,29.6,29.5,ararat,2195,pacers,mobile,108.0,15.0,21.0,13.89,33.33,-7.18
AR230826,AR230826_R5,AR230826_R5_TORQUE TO FARROH,Ararat,2026-08-23,Night,Night,5,7:59 PM,2026-08-23T09:59:00+00:00,2026-08-23T19:59:00+10:00,3,TORQUE TO FARROH,Ararat Advocate 2yo & 3yo Pace,2195,"$6,000",Fr3,Peter Manning,Ada Massa,PACERS,Mobile,VIC,151.0,151.0,False,NR38,66056,* Restricted to horses with no more than 1 lifetime win. * No Claims or Allowances apply.,2&3YO. 0-1 WIN. PBD/LTW/AGE/SEX. Pacers,156939,/torque-to-farroh,/peter-manning,/ada-massa,"WHITE, ROYAL BLUE A, ROYLE BLUE COLLAR & CUFFS",,,HM100826,HMC10082607,6,Hamilton,2026-08-10,Ararat_2195,Ararat_2195_pacers_mobile,141,108,43.1,31.4,31.0,29.6,29.5,ararat,2195,pacers,mobile,108.0,12.0,30.0,11.11,38.89,-36.52
AR230826,AR230826_R5,AR230826_R5_BETTOR TORQUE,Ararat,2026-08-23,Night,Night,5,7:59 PM,2026-08-23T09:59:00+00:00,2026-08-23T19:59:00+10:00,4,BETTOR TORQUE,Ararat Advocate 2yo & 3yo Pace,2195,"$6,000",Fr4,Peter Manning,Luke Sutherland,PACERS,Mobile,VIC,11.0,11.0,False,NR45,,* Restricted to horses with no more than 1 lifetime win. * No Claims or Allowances apply.,2&3YO. 0-1 WIN. PBD/LTW/AGE/SEX. Pacers,55755,/bettor-torque,/peter-manning,/luke-sutherland,"DARK BLUE, LIGHT BLUE BRACES, HOOPED SLEEVES",,,,,,,,Ararat_2195,Ararat_2195_pacers_mobile,141,108,43.1,31.4,31.0,29.6,29.5,ararat,2195,pacers,mobile,108.0,19.0,19.0,17.59,35.19,16.43
AR230826,AR230826_R5,AR230826_R5_SIMPLY HEAVEN,Ararat,2026-08-23,Night,Night,5,7:59 PM,2026-08-23T09:59:00+00:00,2026-08-23T19:59:00+10:00,5,SIMPLY HEAVEN,Ararat Advocate 2yo & 3yo Pace,2195,"$6,000",SCR,Neil Shepherd,Lochie Cook,PACERS,Mobile,VIC,,,True,NR50,,* Restricted to horses with no more than 1 lifetime win. * No Claims or Allowances apply.,2&3YO. 0-1 WIN. PBD/LTW/AGE/SEX. Pacers,6182,/simply-heaven,/neil-shepherd,/lochie-cook,"BLUE & WHITE DIAMOND CHECK, STRIPED SLEEVES",,,,,,,,Ararat_2195,Ararat_2195_pacers_mobile,141,108,43.1,31.4,31.0,29.6,29.5,ararat,2195,pacers,mobile,0.0,0.0,0.0,0.0,0.0,0.0
AR230826,AR230826_R5,AR230826_R5_RAVISHING ROXY,Ararat,2026-08-23,Night,Night,5,7:59 PM,2026-08-23T09:59:00+00:00,2026-08-23T19:59:00+10:00,6,RAVISHING ROXY,Ararat Advocate 2yo & 3yo Pace,2195,"$6,000",Fr5,Zac Steenhuis,James Herbertson,PACERS,Mobile,VIC,3.0,3.0,False,NR48,15s63,* Restricted to horses with no more than 1 lifetime win. * No Claims or Allowances apply.,2&3YO. 0-1 WIN. PBD/LTW/AGE/SEX. Pacers,110226,/ravishing-roxy,/zac-steenhuis,/james-herbertson,"BLUE WITH BLACK BRACES, STARS & WHITE PIPING, BLUE SLEEVES, BLACK STRIPE & WHITE PIPING",,,CH170826,CHC17082603,3,Charlton,2026-08-17,Ararat_2195,Ararat_2195_pacers_mobile,141,108,43.1,31.4,31.0,29.6,29.5,ararat,2195,pacers,mobile,107.0,9.0,34.0,8.41,40.19,-30.21
AR230826,AR230826_R5,AR230826_R5_SWEET LADY LOU,Ararat,2026-08-23,Night,Night,5,7:59 PM,2026-08-23T09:59:00+00:00,2026-08-23T19:59:00+10:00,7,SWEET LADY LOU,Ararat Advocate 2yo & 3yo Pace,2195,"$6,000",Fr6,Jodi Quinlan,Jodi Quinlan,PACERS,Mobile,VIC,3.6,3.6,False,NR51,561s6,* Restricted to horses with no more than 1 lifetime win. * No Claims or Allowances apply.,2&3YO. 0-1 WIN. PBD/LTW/AGE/SEX. Pacers,440947,/sweet-lady-lou,/jodi-quinlan,/jodi-quinlan,"PINK, ROYAL BLUE DIAMONDS COLLAR & BAND, WHITE STRIPED SLEEVES",,,MH130726,MHC13072604,6,Maryborough,2026-07-13,Ararat_2195,Ararat_2195_pacers_mobile,141,108,43.1,31.4,31.0,29.6,29.5,ararat,2195,pacers,mobile,103.0,15.0,17.0,14.56,31.07,-7.03
AR230826,AR230826_R5,AR230826_R5_BAY LA VILLE,Ararat,2026-08-23,Night,Night,5,7:59 PM,2026-08-23T09:59:00+00:00,2026-08-23T19:59:00+10:00,8,BAY LA VILLE,Ararat Advocate 2yo & 3yo Pace,2195,"$6,000",Sr1,David Harris,Luke Dunne,PACERS,Mobile,VIC,3.7,3.7,False,NR52,10s,* Restricted to horses with no more than 1 lifetime win. * No Claims or Allowances apply.,2&3YO. 0-1 WIN. PBD/LTW/AGE/SEX. Pacers,440945,/bay-la-ville,/david-harris,/luke-dunne,"PURPLE, YELLOW HORSESHOES, YELLOW HOOPED SLEEVES & CUFFS, PURPLE ""AB&T CORMACK RACING"" LOGO",,,BN261125,BNC26112506,10,Bendigo,2025-11-26,Ararat_2195,Ararat_2195_pacers_mobile,141,108,43.1,31.4,31.0,29.6,29.5,ararat,2195,pacers,mobile,91.0,8.0,32.0,8.79,43.96,-33.98
AR230826,AR230826_R6,AR230826_R6_VINCENT ORILEY,Ararat,2026-08-23,Night,Night,6,8:31 PM,2026-08-23T10:31:00+00:00,2026-08-23T20:31:00+10:00,1,VINCENT ORILEY,Ararat Rsl Veterans Race Nov 9 Maiden Pace,1790,"$6,000",Fr1,Jim Barker,Jackie Barker,PACERS,Mobile,VIC,13.0,13.0,False,NR50,4,* Restricted to horses with nil lifetime wins. * No Claims or Allowances apply.,MAIDEN. RBD. Pacers,438301,/vincent-oriley,/jim-barker,/jackie-barker,"BLACK, ORANGE DIAMOND",,,MG300626,MGC30062609,4,Mount Gambier,2026-06-30,Ararat_1790,Ararat_1790_pacers_mobile,125,120,12.6,30.5,31.0,29.7,29.5,ararat,1790,pacers,mobile,120.0,12.0,32.0,10.0,36.67,-30.1
AR230826,AR230826_R6,AR230826_R6_JADES REASON,Ararat,2026-08-23,Night,Night,6,8:31 PM,2026-08-23T10:31:00+00:00,2026-08-23T20:31:00+10:00,2,JADES REASON,Ararat Rsl Veterans Race Nov 9 Maiden Pace,1790,"$6,000",Fr2,Matthew Horsnell,Jordan Leedham,PACERS,Mobile,VIC,7.0,7.0,False,NR45,4s3,* Restricted to horses with nil lifetime wins. * No Claims or Allowances apply.,MAIDEN. RBD. Pacers,137535,/jades-reason,/matthew-horsnell,/jordan-leedham,"NAVY BLUE, HORSNELL LOGO, RED SEAMS.",,,GD100826,GDC10082608,3,Globe Derby Park,2026-08-10,Ararat_1790,Ararat_1790_pacers_mobile,125,120,12.6,30.5,31.0,29.7,29.5,ararat,1790,pacers,mobile,120.0,13.0,33.0,10.83,38.33,-36.79
AR230826,AR230826_R6,AR230826_R6_SPORTY ROCKS,Ararat,2026-08-23,Night,Night,6,8:31 PM,2026-08-23T10:31:00+00:00,2026-08-23T20:31:00+10:00,3,SPORTY ROCKS,Ararat Rsl Veterans Race Nov 9 Maiden Pace,1790,"$6,000",Fr3,Rebecca East,Michael Bellman,PACERS,Mobile,VIC,10.0,10.0,False,NR48,6s439,* Restricted to horses with nil lifetime wins. * No Claims or Allowances apply.,MAIDEN. RBD. Pacers,436035,/sporty-rocks,/rebecca-east,/michael-bellman,"WHITE WITH NAVY BLUE YOKE & BRACES, WHITE DIAMONDS, RED SLEEVES, WHITE PIPING",,,HM100826,HMC10082602,9,Hamilton,2026-08-10,Ararat_1790,Ararat_1790_pacers_mobile,125,120,12.6,30.5,31.0,29.7,29.5,ararat,1790,pacers,mobile,120.0,9.0,30.0,7.5,32.5,-49.54
AR230826,AR230826_R6,AR230826_R6_FASTTALKINPATTI,Ararat,2026-08-23,Night,Night,6,8:31 PM,2026-08-23T10:31:00+00:00,2026-08-23T20:31:00+10:00,4,FASTTALKINPATTI,Ararat Rsl Veterans Race Nov 9 Maiden Pace,1790,"$6,000",Fr4,Tim Mortlock,Kerryn Manning,PACERS,Mobile,VIC,19.0,19.0,False,NR45,2s098,* Restricted to horses with nil lifetime wins. * No Claims or Allowances apply.,MAIDEN. RBD. Pacers,440208,/fasttalkinpatti,/tim-mortlock,/kerryn-manning,"DARK BLUE , GOLD VERTICAL STRIPE, WHITE SLEEVES",,,CH170826,CHC17082608,8,Charlton,2026-08-17,Ararat_1790,Ararat_1790_pacers_mobile,125,120,12.6,30.5,31.0,29.7,29.5,ararat,1790,pacers,mobile,120.0,20.0,22.0,16.67,35.0,4.98
AR230826,AR230826_R6,AR230826_R6_SHEER ME,Ararat,2026-08-23,Night,Night,6,8:31 PM,2026-08-23T10:31:00+00:00,2026-08-23T20:31:00+10:00,5,SHEER ME,Ararat Rsl Veterans Race Nov 9 Maiden Pace,1790,"$6,000",Fr5,David Harris,Luke Dunne,PACERS,Mobile,VIC,3.1,3.1,False,NR49,2647s,* Restricted to horses with nil lifetime wins. * No Claims or Allowances apply.,MAIDEN. RBD. Pacers,11723,/sheer-me,/david-harris,/luke-dunne,FLUORESCENT YELLOW,,,LM300326,LMC30032606,7,Goulburn,2026-03-30,Ararat_1790,Ararat_1790_pacers_mobile,125,120,12.6,30.5,31.0,29.7,29.5,ararat,1790,pacers,mobile,120.0,11.0,19.0,9.17,25.0,-24.79
AR230826,AR230826_R6,AR230826_R6_DREAMTIME LUCKY,Ararat,2026-08-23,Night,Night,6,8:31 PM,2026-08-23T10:31:00+00:00,2026-08-23T20:31:00+10:00,6,DREAMTIME LUCKY,Ararat Rsl Veterans Race Nov 9 Maiden Pace,1790,"$6,000",Fr6,Kenneth Jnr Taylor,Luke Sutherland,PACERS,Mobile,VIC,91.0,91.0,False,NR41,7488s,* Restricted to horses with nil lifetime wins. * No Claims or Allowances apply.,MAIDEN. RBD. Pacers,436293,/dreamtime-lucky,/kenneth-jnr-taylor,/luke-sutherland,"GREEN, YELLOW DIAMOND & SLEEVES, GREEN ARMBANDS",,,SW030426,SWC03042603,8,Stawell,2026-04-03,Ararat_1790,Ararat_1790_pacers_mobile,125,120,12.6,30.5,31.0,29.7,29.5,ararat,1790,pacers,mobile,112.0,13.0,24.0,11.61,33.04,-13.37
AR230826,AR230826_R6,AR230826_R6_SHOWNOFEAR,Ararat,2026-08-23,Night,Night,6,8:31 PM,2026-08-23T10:31:00+00:00,2026-08-23T20:31:00+10:00,7,SHOWNOFEAR,Ararat Rsl Veterans Race Nov 9 Maiden Pace,1790,"$6,000",Fr7,Neil Shepherd,Lochie Cook,PACERS,Mobile,VIC,26.0,26.0,False,NR49,6s,* Restricted to horses with nil lifetime wins. * No Claims or Allowances apply.,MAIDEN. RBD. Pacers,436746,/shownofear,/neil-shepherd,/lochie-cook,"BLUE & WHITE DIAMOND CHECK, STRIPED SLEEVES",,,TE040825,TEC04082506,6,Terang,2025-08-04,Ararat_1790,Ararat_1790_pacers_mobile,125,120,12.6,30.5,31.0,29.7,29.5,ararat,1790,pacers,mobile,82.0,8.0,18.0,9.76,31.71,6.14
AR230826,AR230826_R6,AR230826_R6_JILLIBY ECLIPSE,Ararat,2026-08-23,Night,Night,6,8:31 PM,2026-08-23T10:31:00+00:00,2026-08-23T20:31:00+10:00,8,JILLIBY ECLIPSE,Ararat Rsl Veterans Race Nov 9 Maiden Pace,1790,"$6,000",Sr1,"M A Lee, P D Lee",Annalise Scott,PACERS,Mobile,VIC,1.6,1.6,False,NR50,5s,* Restricted to horses with nil lifetime wins. * No Claims or Allowances apply.,MAIDEN. RBD. Pacers,437940,/jilliby-eclipse,/m-a-lee-p-lee,/annalise-scott,"RED, YELLOW YOKE & BRACES, BLACK DIAMONDS",,,TE130226,TEC13022607,5,Terang,2026-02-13,Ararat_1790,Ararat_1790_pacers_mobile,125,120,12.6,30.5,31.0,29.7,29.5,ararat,1790,pacers,mobile,112.0,13.0,22.0,11.61,31.25,-7.94
AR230826,AR230826_R7,AR230826_R7_PRESIDENTIALCHANGE,Ararat,2026-08-23,Night,Night,7,9:01 PM,2026-08-23T11:01:00+00:00,2026-08-23T21:01:00+10:00,1,PRESIDENTIALCHANGE,Ararat Premix King Pace,2195,"$5,000",Fr1,Jim Barker,Jackie Barker,PACERS,Mobile,VIC,4.5,4.5,False,NR45,36164,* No Claims or Allowances apply.,NR 43 to 46. RBD. Pacers,3845,/presidentialchange,/jim-barker,/jackie-barker,"TEAL, BLACK LIGHTNING BOLT & SLEEVES,WHITE DIAMONDS ON SLEEVES, RED COLLAR & WAISTBAND",,,HM100826,HMC10082604,4,Hamilton,2026-08-10,Ararat_2195,Ararat_2195_pacers_mobile,141,108,43.1,31.4,31.0,29.6,29.5,ararat,2195,pacers,mobile,108.0,10.0,26.0,9.26,33.33,-34.83
AR230826,AR230826_R7,AR230826_R7_IAMAWINGATE,Ararat,2026-08-23,Night,Night,7,9:01 PM,2026-08-23T11:01:00+00:00,2026-08-23T21:01:00+10:00,2,IAMAWINGATE,Ararat Premix King Pace,2195,"$5,000",Fr2,Adam Stephens,James Herbertson,PACERS,Mobile,VIC,4.33,4.33,False,NR45,18556,* No Claims or Allowances apply.,NR 43 to 46. RBD. Pacers,101,/iamawingate,/adam-stephens,/james-herbertson,"RED, WHITE SCORPION, WHITE SLEEVES, RED ARMBANDS",,,SP180826,SPC18082603,6,Shepparton,2026-08-18,Ararat_2195,Ararat_2195_pacers_mobile,141,108,43.1,31.4,31.0,29.6,29.5,ararat,2195,pacers,mobile,108.0,15.0,21.0,13.89,33.33,-7.18
AR230826,AR230826_R7,AR230826_R7_EASTBRO MIKA,Ararat,2026-08-23,Night,Night,7,9:01 PM,2026-08-23T11:01:00+00:00,2026-08-23T21:01:00+10:00,3,EASTBRO MIKA,Ararat Premix King Pace,2195,"$5,000",Fr3,Rebecca East,Michael Bellman,PACERS,Mobile,VIC,17.0,17.0,False,NR43,2368s,* No Claims or Allowances apply.,NR 43 to 46. RBD. Pacers,157060,/eastbro-mika,/rebecca-east,/michael-bellman,"WHITE WITH NAVY BLUE YOKE & BRACES, WHITE DIAMONDS, RED SLEEVES, WHITE PIPING",,,TE130226,TEC13022604,8,Terang,2026-02-13,Ararat_2195,Ararat_2195_pacers_mobile,141,108,43.1,31.4,31.0,29.6,29.5,ararat,2195,pacers,mobile,108.0,12.0,30.0,11.11,38.89,-36.52
AR230826,AR230826_R7,AR230826_R7_JUST LIKE NUGGET,Ararat,2026-08-23,Night,Night,7,9:01 PM,2026-08-23T11:01:00+00:00,2026-08-23T21:01:00+10:00,4,JUST LIKE NUGGET,Ararat Premix King Pace,2195,"$5,000",Fr4,Kate Hargreaves,Ewa Justice,PACERS,Mobile,VIC,3.0,3.0,False,NR45,42541,* No Claims or Allowances apply.,NR 43 to 46. RBD. Pacers,435937,/just-like-nugget,/kate-hargreaves,/ewa-justice,"YELLOW, PURPLE BAND",,,CH170826,CHC17082608,1,Charlton,2026-08-17,Ararat_2195,Ararat_2195_pacers_mobile,141,108,43.1,31.4,31.0,29.6,29.5,ararat,2195,pacers,mobile,108.0,19.0,19.0,17.59,35.19,16.43
AR230826,AR230826_R7,AR230826_R7_THE HEATS ON LEXY,Ararat,2026-08-23,Night,Night,7,9:01 PM,2026-08-23T11:01:00+00:00,2026-08-23T21:01:00+10:00,5,THE HEATS ON LEXY,Ararat Premix King Pace,2195,"$5,000",Fr5,Brandon Bonavia,Jodi Quinlan,PACERS,Mobile,VIC,11.0,11.0,False,NR46,2241s,* No Claims or Allowances apply.,NR 43 to 46. RBD. Pacers,48802,/the-heats-on-lexy,/brandon-bonavia,/jodi-quinlan,"WHITE, RED YOKE & WAISTBAND, WHITE SLEEVES WITH RED STRIPE & CUFFS",,,CB010626,CBC01062602,1,Canberra,2026-06-01,Ararat_2195,Ararat_2195_pacers_mobile,141,108,43.1,31.4,31.0,29.6,29.5,ararat,2195,pacers,mobile,107.0,9.0,34.0,8.41,40.19,-30.21
AR230826,AR230826_R7,AR230826_R7_IMALLATTITUDE,Ararat,2026-08-23,Night,Night,7,9:01 PM,2026-08-23T11:01:00+00:00,2026-08-23T21:01:00+10:00,6,IMALLATTITUDE,Ararat Premix King Pace,2195,"$5,000",Fr6,Kenneth Jnr Taylor,Luke Sutherland,PACERS,Mobile,VIC,3.3,3.3,False,NR46,42122,* No Claims or Allowances apply.,NR 43 to 46. RBD. Pacers,438847,/imallattitude,/kenneth-jnr-taylor,/luke-sutherland,"GREEN, YELLOW DIAMOND & SLEEVES, GREEN ARMBANDS",,,CH170826,CHC17082605,2,Charlton,2026-08-17,Ararat_2195,Ararat_2195_pacers_mobile,141,108,43.1,31.4,31.0,29.6,29.5,ararat,2195,pacers,mobile,103.0,15.0,17.0,14.56,31.07,-7.03
AR230826,AR230826_R7,AR230826_R7_WINGATE GUY,Ararat,2026-08-23,Night,Night,7,9:01 PM,2026-08-23T11:01:00+00:00,2026-08-23T21:01:00+10:00,7,WINGATE GUY,Ararat Premix King Pace,2195,"$5,000",Fr7,Adam Stephens,Jordan Leedham,PACERS,Mobile,VIC,9.0,9.0,False,NR44,43284,* No Claims or Allowances apply.,NR 43 to 46. RBD. Pacers,292,/wingate-guy,/adam-stephens,/jordan-leedham,"WHITE, BLACK SCORPION, RED SLEEVES, WHITE ARMBANDS",,,SP180826,SPC18082604,4,Shepparton,2026-08-18,Ararat_2195,Ararat_2195_pacers_mobile,141,108,43.1,31.4,31.0,29.6,29.5,ararat,2195,pacers,mobile,66.0,6.0,7.0,9.09,19.7,-11.53
AR230826,AR230826_R8,AR230826_R8_DANCIN WITH ELVIS,Ararat,2026-08-23,Night,Night,8,9:32 PM,2026-08-23T11:32:00+00:00,2026-08-23T21:32:00+10:00,1,DANCIN WITH ELVIS,Vale Charlie Martin Pace,1790,"$4,000",Fr1,Chris Walsh,Chris Walsh,PACERS,Mobile,VIC,8.0,8.0,False,NR30,76654,* No Claims or Allowances apply.,NR up to 37. PBD/NR. Pacers,9330,/dancin-with-elvis,/chris-walsh,/chris-walsh,"DARK BLUE & ORANGE DIAMONDS, ORANGE SLEEVES",,,CH170826,CHC17082605,4,Charlton,2026-08-17,Ararat_1790,Ararat_1790_pacers_mobile,125,120,12.6,30.5,31.0,29.7,29.5,ararat,1790,pacers,mobile,120.0,12.0,32.0,10.0,36.67,-30.1
AR230826,AR230826_R8,AR230826_R8_ALLTHEWAYTOROYALTY,Ararat,2026-08-23,Night,Night,8,9:32 PM,2026-08-23T11:32:00+00:00,2026-08-23T21:32:00+10:00,2,ALLTHEWAYTOROYALTY,Vale Charlie Martin Pace,1790,"$4,000",Fr2,John Tormey,Ellen Tormey,PACERS,Mobile,VIC,5.0,5.0,False,NR30,80s27,* No Claims or Allowances apply.,NR up to 37. PBD/NR. Pacers,170,/allthewaytoroyalty,/john-tormey,/ellen-tormey,"BLACK, GREEN STARS, BLACK SLEEVES, GREEN STRIPE",,,ML140826,MLC14082610,7,Mildura,2026-08-14,Ararat_1790,Ararat_1790_pacers_mobile,125,120,12.6,30.5,31.0,29.7,29.5,ararat,1790,pacers,mobile,120.0,13.0,33.0,10.83,38.33,-36.79
AR230826,AR230826_R8,AR230826_R8_ETIZ AMODEL,Ararat,2026-08-23,Night,Night,8,9:32 PM,2026-08-23T11:32:00+00:00,2026-08-23T21:32:00+10:00,3,ETIZ AMODEL,Vale Charlie Martin Pace,1790,"$4,000",Fr3,"G M Moss, D M Wicks-Moss",Taylor Ford,PACERS,Mobile,VIC,7.5,7.5,False,NR30,78466,* No Claims or Allowances apply.,NR up to 37. PBD/NR. Pacers,2809,/etiz-amodel,/g-m-moss-d-m-wicks-moss,/taylor-ford,BLACK & WHITE HALVES,,,BA190826,BAC19082606,6,Ballarat,2026-08-19,Ararat_1790,Ararat_1790_pacers_mobile,125,120,12.6,30.5,31.0,29.7,29.5,ararat,1790,pacers,mobile,120.0,9.0,30.0,7.5,32.5,-49.54
AR230826,AR230826_R8,AR230826_R8_DI ANGELO,Ararat,2026-08-23,Night,Night,8,9:32 PM,2026-08-23T11:32:00+00:00,2026-08-23T21:32:00+10:00,4,DI ANGELO,Vale Charlie Martin Pace,1790,"$4,000",Fr4,Toby Ainsworth,Ada Massa,PACERS,Mobile,VIC,6.5,6.5,False,NR30,56237,* No Claims or Allowances apply.,NR up to 37. PBD/NR. Pacers,856,/di-angelo,/toby-ainsworth,/ada-massa,"PURPLE, BLUE YOKE & BRACES, WHITE DIAMONDS, WHITE SLEEVES WITH PURPLE DIAMONDS, PURPLE CUFFS",,,MX120826,MXC12082606,7,Melton,2026-08-12,Ararat_1790,Ararat_1790_pacers_mobile,125,120,12.6,30.5,31.0,29.7,29.5,ararat,1790,pacers,mobile,120.0,20.0,22.0,16.67,35.0,4.98
AR230826,AR230826_R8,AR230826_R8_SIR CANDY CLOUD,Ararat,2026-08-23,Night,Night,8,9:32 PM,2026-08-23T11:32:00+00:00,2026-08-23T21:32:00+10:00,5,SIR CANDY CLOUD,Vale Charlie Martin Pace,1790,"$4,000",Fr5,Malcolm Bull,Michael Bellman,PACERS,Mobile,VIC,3.25,3.25,False,NR34,s6768,* No Claims or Allowances apply.,NR up to 37. PBD/NR. Pacers,3529,/sir-candy-cloud,/malcolm-bull,/michael-bellman,"BLACK, WHITE FERN, ROYAL BLUE SLEEVES",,,MX120826,MXC12082606,8,Melton,2026-08-12,Ararat_1790,Ararat_1790_pacers_mobile,125,120,12.6,30.5,31.0,29.7,29.5,ararat,1790,pacers,mobile,120.0,11.0,19.0,9.17,25.0,-24.79
AR230826,AR230826_R8,AR230826_R8_COOPER CHUBB,Ararat,2026-08-23,Night,Night,8,9:32 PM,2026-08-23T11:32:00+00:00,2026-08-23T21:32:00+10:00,6,COOPER CHUBB,Vale Charlie Martin Pace,1790,"$4,000",Fr6,Peter Manning,Kerryn Manning,PACERS,Mobile,VIC,7.0,7.0,False,NR35,04687,* No Claims or Allowances apply.,NR up to 37. PBD/NR. Pacers,440216,/cooper-chubb,/peter-manning,/kerryn-manning,"DARK BLUE, LIGHT BLUE BRACES, HOOPED SLEEVES",,,HM100826,HMC10082607,7,Hamilton,2026-08-10,Ararat_1790,Ararat_1790_pacers_mobile,125,120,12.6,30.5,31.0,29.7,29.5,ararat,1790,pacers,mobile,112.0,13.0,24.0,11.61,33.04,-13.37
AR230826,AR230826_R8,AR230826_R8_DOCTOR GO JOH,Ararat,2026-08-23,Night,Night,8,9:32 PM,2026-08-23T11:32:00+00:00,2026-08-23T21:32:00+10:00,7,DOCTOR GO JOH,Vale Charlie Martin Pace,1790,"$4,000",Fr7,Jim Barker,Jackie Barker,PACERS,Mobile,VIC,3.3,3.3,False,NR37,37486,* No Claims or Allowances apply.,NR up to 37. PBD/NR. Pacers,414,/doctor-go-joh,/jim-barker,/jackie-barker,"WHITE WITH LIGHT BLUE, ORANGE & DARK BLUE HORSE HEAD SILHOUETTE, BLUE & GOLD HOOPED SLEEVES",,,HM100826,HMC10082605,6,Hamilton,2026-08-10,Ararat_1790,Ararat_1790_pacers_mobile,125,120,12.6,30.5,31.0,29.7,29.5,ararat,1790,pacers,mobile,82.0,8.0,18.0,9.76,31.71,6.14
BA260826,BA260826_R1,BA260826_R1_THE TROUT COD,Ballarat,2026-08-26,Night,Night,1,5:33 PM,2026-08-26T07:33:00+00:00,2026-08-26T17:33:00+10:00,1,THE TROUT COD,ballarattrottingclub.com.au Maiden Trot,2200,"$6,000",Fr1,Ross Graham,James Herbertson,TROTTERS,Mobile,VIC,,,False,NR47,07s35,* Restricted to horses with nil lifetime wins. * No Claims or Allowances apply.,MAIDEN. RBD. Trotters,438351,/the-trout-cod,/ross-graham,/james-herbertson,"PINK, BLACK BAND, BLACK SLEEVES",,,BA190826,BAC19082610,5,Ballarat,2026-08-19,Ballarat_2200,Ballarat_2200_trotters_mobile,778,287,44.6,31.9,31.4,29.9,29.7,ballarat,2200,trotters,mobile,287.0,24.0,61.0,8.36,29.62,-20.75
BA260826,BA260826_R1,BA260826_R1_LITTLER,Ballarat,2026-08-26,Night,Night,1,5:33 PM,2026-08-26T07:33:00+00:00,2026-08-26T17:33:00+10:00,2,LITTLER,ballarattrottingclub.com.au Maiden Trot,2200,"$6,000",Fr2,Tarah McNamara,Scott Torney,TROTTERS,Mobile,VIC,,,False,NR41,60965,* Restricted to horses with nil lifetime wins. * No Claims or Allowances apply.,MAIDEN. RBD. Trotters,128514,/littler,/tarah-mcnamara,/scott-torney,"BLUE, WHITE LIGHTING BOLT, RED SLEEVES COLLAR & WAISTBAND",,,CH170826,CHC17082609,5,Charlton,2026-08-17,Ballarat_2200,Ballarat_2200_trotters_mobile,778,287,44.6,31.9,31.4,29.9,29.7,ballarat,2200,trotters,mobile,287.0,22.0,69.0,7.67,31.71,-30.77
BA260826,BA260826_R1,BA260826_R1_GREAT HORIZON,Ballarat,2026-08-26,Night,Night,1,5:33 PM,2026-08-26T07:33:00+00:00,2026-08-26T17:33:00+10:00,3,GREAT HORIZON,ballarattrottingclub.com.au Maiden Trot,2200,"$6,000",Fr3,Heather Morrissey,Neil McCallum,TROTTERS,Mobile,VIC,,,False,NR45,43432,* Restricted to horses with nil lifetime wins. * No Claims or Allowances apply.,MAIDEN. RBD. Trotters,2977,/great-horizon,/heather-morrissey,/neil-mccallum,"GREEN & WHITE QUARTERS, GREEN SLEEVES",,,CH170826,CHC17082609,2,Charlton,2026-08-17,Ballarat_2200,Ballarat_2200_trotters_mobile,778,287,44.6,31.9,31.4,29.9,29.7,ballarat,2200,trotters,mobile,287.0,35.0,58.0,12.2,32.4,-9.87
BA260826,BA260826_R1,BA260826_R1_BROTHER THOMAS,Ballarat,2026-08-26,Night,Night,1,5:33 PM,2026-08-26T07:33:00+00:00,2026-08-26T17:33:00+10:00,4,BROTHER THOMAS,ballarattrottingclub.com.au Maiden Trot,2200,"$6,000",Fr4,Zac Steenhuis,Jack Laugher,TROTTERS,Mobile,VIC,,,False,NR45,3,* Restricted to horses with nil lifetime wins. * No Claims or Allowances apply.,MAIDEN. RBD. Trotters,442799,/brother-thomas,/zac-steenhuis,/jack-laugher,"BLUE WITH BLACK BRACES, STARS & WHITE PIPING, BLUE SLEEVES, BLACK STRIPE & WHITE PIPING",,,CH170826,CHC17082609,3,Charlton,2026-08-17,Ballarat_2200,Ballarat_2200_trotters_mobile,778,287,44.6,31.9,31.4,29.9,29.7,ballarat,2200,trotters,mobile,287.0,42.0,60.0,14.63,35.54,-14.06
BA260826,BA260826_R1,BA260826_R1_DANCE WITH ROXY,Ballarat,2026-08-26,Night,Night,1,5:33 PM,2026-08-26T07:33:00+00:00,2026-08-26T17:33:00+10:00,5,DANCE WITH ROXY,ballarattrottingclub.com.au Maiden Trot,2200,"$6,000",Fr5,Tyrone Abela,Kyle Marshall,TROTTERS,Mobile,VIC,,,False,NR46,84634,* Restricted to horses with nil lifetime wins. * No Claims or Allowances apply.,MAIDEN. RBD. Trotters,435477,/dance-with-roxy,/tyrone-abela,/kyle-marshall,"BLUE, YELLOW & RED V, EVOLUTION LODGE LOGO, YELLOW COLLAR & SLEEVES, RED ARMBAND.",,,MX120826,MXC12082611,4,Melton,2026-08-12,Ballarat_2200,Ballarat_2200_trotters_mobile,778,287,44.6,31.9,31.4,29.9,29.7,ballarat,2200,trotters,mobile,284.0,37.0,77.0,13.03,40.14,-15.1
BA260826,BA260826_R1,BA260826_R1_KYVALLEY REEVA NZ,Ballarat,2026-08-26,Night,Night,1,5:33 PM,2026-08-26T07:33:00+00:00,2026-08-26T17:33:00+10:00,6,KYVALLEY REEVA NZ,ballarattrottingclub.com.au Maiden Trot,2200,"$6,000",Fr6,Brent Lilley,Chris Alford,TROTTERS,Mobile,VIC,,,False,NR47,97555,* Restricted to horses with nil lifetime wins. * No Claims or Allowances apply.,MAIDEN. RBD. Trotters,441984,/kyvalley-reeva-nz,/brent-lilley,/chris-alford,"GOLD, GREEN V",,,KI130826,KIC13082610,5,Kilmore,2026-08-13,Ballarat_2200,Ballarat_2200_trotters_mobile,778,287,44.6,31.9,31.4,29.9,29.7,ballarat,2200,trotters,mobile,261.0,43.0,51.0,16.48,36.02,5.48
BA260826,BA260826_R1,BA260826_R1_DELIGHTFUL REYNA,Ballarat,2026-08-26,Night,Night,1,5:33 PM,2026-08-26T07:33:00+00:00,2026-08-26T17:33:00+10:00,7,DELIGHTFUL REYNA,ballarattrottingclub.com.au Maiden Trot,2200,"$6,000",Fr7,Alison Alford,Chris Alford,TROTTERS,Mobile,VIC,,,False,NR45,54524,* Restricted to horses with nil lifetime wins. * No Claims or Allowances apply.,MAIDEN. RBD. Trotters,12972,/delightful-reyna,/alison-alford,/chris-alford,"WHITE, RED YOKE, WAISTBAND & BRACES, WHITE DIAMONDS, SILVER OUTLINE, WHITE SLEEVES, RED A & CUFFS",,,SP180826,SPC18082610,4,Shepparton,2026-08-18,Ballarat_2200,Ballarat_2200_trotters_mobile,778,287,44.6,31.9,31.4,29.9,29.7,ballarat,2200,trotters,mobile,179.0,17.0,38.0,9.5,30.73,-28.59
BA260826,BA260826_R1,BA260826_R1_HEAVENLY GLOW,Ballarat,2026-08-26,Night,Night,1,5:33 PM,2026-08-26T07:33:00+00:00,2026-08-26T17:33:00+10:00,8,HEAVENLY GLOW,ballarattrottingclub.com.au Maiden Trot,2200,"$6,000",Sr-,Tyrone Abela,Chris Alford,TROTTERS,Mobile,VIC,,,False,NR42,55064,* Restricted to horses with nil lifetime wins. * No Claims or Allowances apply.,MAIDEN. RBD. Trotters,439594,/heavenly-glow,/tyrone-abela,/chris-alford,"BLUE, YELLOW & RED V, EVOLUTION LODGE LOGO, YELLOW COLLAR & SLEEVES, RED ARMBAND.",1.0,ODM,MX240726,MXC24072611,4,Melton,2026-07-24,Ballarat_2200,Ballarat_2200_trotters_mobile,778,287,44.6,31.9,31.4,29.9,29.7,ballarat,2200,trotters,mobile,0.0,0.0,0.0,0.0,0.0,0.0
BA260826,BA260826_R1,BA260826_R1_ALECTRONA,Ballarat,2026-08-26,Night,Night,1,5:33 PM,2026-08-26T07:33:00+00:00,2026-08-26T17:33:00+10:00,9,ALECTRONA,ballarattrottingclub.com.au Maiden Trot,2200,"$6,000",Sr1,Justin Livingstone,,TROTTERS,Mobile,VIC,,,False,NR49,4042,* Restricted to horses with nil lifetime wins. * No Claims or Allowances apply.,MAIDEN. RBD. Trotters,435484,/alectrona,/justin-livingstone,,"RED, DARK BLUE YOKE, GOLD TJ, DARK BLUE SLEEVES",,ODM,SP180826,SPC18082610,2,Shepparton,2026-08-18,Ballarat_2200,Ballarat_2200_trotters_mobile,778,287,44.6,31.9,31.4,29.9,29.7,ballarat,2200,trotters,mobile,256.0,20.0,62.0,7.81,32.03,-32.81
BA260826,BA260826_R1,BA260826_R1_MAJORETTE NZ,Ballarat,2026-08-26,Night,Night,1,5:33 PM,2026-08-26T07:33:00+00:00,2026-08-26T17:33:00+10:00,10,MAJORETTE NZ,ballarattrottingclub.com.au Maiden Trot,2200,"$6,000",Sr2,Janet Exell,Luke Sutherland,TROTTERS,Mobile,VIC,,,False,NR38,8s888,* Restricted to horses with nil lifetime wins. * No Claims or Allowances apply.,MAIDEN. RBD. Trotters,437543,/majorette-nz,/janet-exell,/luke-sutherland,EMERALD GREEN,,ODM,CH170826,CHC17082609,8,Charlton,2026-08-17,Ballarat_2200,Ballarat_2200_trotters_mobile,778,287,44.6,31.9,31.4,29.9,29.7,ballarat,2200,trotters,mobile,204.0,19.0,43.0,9.31,30.39,-27.26
BA260826,BA260826_R1,BA260826_R1_SERIOUSLY SAL,Ballarat,2026-08-26,Night,Night,1,5:33 PM,2026-08-26T07:33:00+00:00,2026-08-26T17:33:00+10:00,11,SERIOUSLY SAL,ballarattrottingclub.com.au Maiden Trot,2200,"$6,000",Sr3,Bill White,Lauren White,TROTTERS,Mobile,VIC,,,False,NR43,66,* Restricted to horses with nil lifetime wins. * No Claims or Allowances apply.,MAIDEN. RBD. Trotters,441473,/seriously-sal,/bill-white,/lauren-white,"DARK BLUE, LIGHT BLUE HOOPS",,ODM,CH170826,CHC17082609,6,Charlton,2026-08-17,Ballarat_2200,Ballarat_2200_trotters_mobile,778,287,44.6,31.9,31.4,29.9,29.7,ballarat,2200,trotters,mobile,151.0,17.0,31.0,11.26,31.79,-13.79
BA260826,BA260826_R2,BA260826_R2_RAPTA,Ballarat,2026-08-26,Night,Night,2,5:58 PM,2026-08-26T07:58:00+00:00,2026-08-26T17:58:00+10:00,1,RAPTA,Asahi Beverages 3yo Maiden Trot,2200,"$6,000",Fr1,D'Arne Bellman,Michael Bellman,TROTTERS,Mobile,VIC,,,False,NR47,68s8s,* Restricted to horses with nil lifetime wins. * No Claims or Allowances apply.,3YO. MAIDEN. RBD. Trotters,440849,/rapta,/d-arne-bellman,/michael-bellman,"BLUE, BLACK COLLAR, BLACK, YELLOW & RED HOOPS",,,MH200426,MHC20042608,8,Maryborough,2026-04-20,Ballarat_2200,Ballarat_2200_trotters_mobile,778,287,44.6,31.9,31.4,29.9,29.7,ballarat,2200,trotters,mobile,287.0,24.0,61.0,8.36,29.62,-20.75
BA260826,BA260826_R2,BA260826_R2_PARDRAY,Ballarat,2026-08-26,Night,Night,2,5:58 PM,2026-08-26T07:58:00+00:00,2026-08-26T17:58:00+10:00,2,PARDRAY,Asahi Beverages 3yo Maiden Trot,2200,"$6,000",Fr2,David Van Ryn,James Herbertson,TROTTERS,Mobile,VIC,,,False,NR48,43430,* Restricted to horses with nil lifetime wins. * No Claims or Allowances apply.,3YO. MAIDEN. RBD. Trotters,439098,/pardray,/david-van-ryn,/james-herbertson,"DARK GREEN, WHITE YOKE & BRACES, BLACK COLLAR & DIAMONDS",,,MX240726,MXC24072611,10,Melton,2026-07-24,Ballarat_2200,Ballarat_2200_trotters_mobile,778,287,44.6,31.9,31.4,29.9,29.7,ballarat,2200,trotters,mobile,287.0,22.0,69.0,7.67,31.71,-30.77
BA260826,BA260826_R2,BA260826_R2_BIG RAIN,Ballarat,2026-08-26,Night,Night,2,5:58 PM,2026-08-26T07:58:00+00:00,2026-08-26T17:58:00+10:00,3,BIG RAIN,Asahi Beverages 3yo Maiden Trot,2200,"$6,000",Fr3,Alison Alford,Chris Alford,TROTTERS,Mobile,VIC,,,False,NR48,22436,* Restricted to horses with nil lifetime wins. * No Claims or Allowances apply.,3YO. MAIDEN. RBD. Trotters,439260,/big-rain,/alison-alford,/chris-alford,"WHITE, RED YOKE, WAISTBAND & BRACES, WHITE DIAMONDS, SILVER OUTLINE, WHITE SLEEVES, RED A & CUFFS",,,KI130826,KIC13082610,6,Kilmore,2026-08-13,Ballarat_2200,Ballarat_2200_trotters_mobile,778,287,44.6,31.9,31.4,29.9,29.7,ballarat,2200,trotters,mobile,287.0,35.0,58.0,12.2,32.4,-9.87
BA260826,BA260826_R2,BA260826_R2_HIGH RELIABILITY,Ballarat,2026-08-26,Night,Night,2,5:58 PM,2026-08-26T07:58:00+00:00,2026-08-26T17:58:00+10:00,4,HIGH RELIABILITY,Asahi Beverages 3yo Maiden Trot,2200,"$6,000",Fr4,Brent Murphy,Brent Murphy,TROTTERS,Mobile,VIC,,,False,NR49,83,* Restricted to horses with nil lifetime wins. * No Claims or Allowances apply.,3YO. MAIDEN. RBD. Trotters,440137,/high-reliability,/brent-murphy,/brent-murphy,"WHITE WITH GREEN SHAMROCKS & TWO STRIPES, ROYAL BLUE SLEEVES, COLLAR AND WAISTBAND, INITIALS BM.",,,BA190826,BAC19082610,3,Ballarat,2026-08-19,Ballarat_2200,Ballarat_2200_trotters_mobile,778,287,44.6,31.9,31.4,29.9,29.7,ballarat,2200,trotters,mobile,287.0,42.0,60.0,14.63,35.54,-14.06
BA260826,BA260826_R2,BA260826_R2_NO REPENTANCE,Ballarat,2026-08-26,Night,Night,2,5:58 PM,2026-08-26T07:58:00+00:00,2026-08-26T17:58:00+10:00,5,NO REPENTANCE,Asahi Beverages 3yo Maiden Trot,2200,"$6,000",Fr5,"E Brosnan, R J Brosnan",Emmett Brosnan,TROTTERS,Mobile,VIC,,,False,NR50,3542,* Restricted to horses with nil lifetime wins. * No Claims or Allowances apply.,3YO. MAIDEN. RBD. Trotters,439281,/no-repentance,/e-brosnan-r-j-brosnan,/emmett-brosnan,"GREEN, GOLD BRACES & THREE GOLD STARS, BLUE SLEEVES",,,BA190826,BAC19082610,2,Ballarat,2026-08-19,Ballarat_2200,Ballarat_2200_trotters_mobile,778,287,44.6,31.9,31.4,29.9,29.7,ballarat,2200,trotters,mobile,284.0,37.0,77.0,13.03,40.14,-15.1
BA260826,BA260826_R2,BA260826_R2_GLOBAL ELITE,Ballarat,2026-08-26,Night,Night,2,5:58 PM,2026-08-26T07:58:00+00:00,2026-08-26T17:58:00+10:00,6,GLOBAL ELITE,Asahi Beverages 3yo Maiden Trot,2200,"$6,000",Fr6,Nathan Cahir,Nathan Cahir,TROTTERS,Mobile,VIC,,,False,NR50,,* Restricted to horses with nil lifetime wins. * No Claims or Allowances apply.,3YO. MAIDEN. RBD. Trotters,438269,/global-elite,/nathan-cahir,/nathan-cahir,"ROYAL BLUE, WHITE YOKE, GOLD BRACES & PIPING, ROYAL BLUE SLEEVES, GOLD CUFFS",,,,,,,,Ballarat_2200,Ballarat_2200_trotters_mobile,778,287,44.6,31.9,31.4,29.9,29.7,ballarat,2200,trotters,mobile,261.0,43.0,51.0,16.48,36.02,5.48
BA260826,BA260826_R2,BA260826_R2_FREMARKS ELITE,Ballarat,2026-08-26,Night,Night,2,5:58 PM,2026-08-26T07:58:00+00:00,2026-08-26T17:58:00+10:00,7,FREMARKS ELITE,Asahi Beverages 3yo Maiden Trot,2200,"$6,000",Fr7,Courtney Slater,Josh Duggan,TROTTERS,Mobile,VIC,,,False,NR50,4,* Restricted to horses with nil lifetime wins. * No Claims or Allowances apply.,3YO. MAIDEN. RBD. Trotters,438797,/fremarks-elite,/courtney-slater,/josh-duggan,"GREEN, GOLD F, GOLD & BLACK COLLAR, CUFFS & WAISTBAND, GOLD 'FREMARKE' LOGO ON SLEEVES",,,BA190826,BAC19082610,4,Ballarat,2026-08-19,Ballarat_2200,Ballarat_2200_trotters_mobile,778,287,44.6,31.9,31.4,29.9,29.7,ballarat,2200,trotters,mobile,179.0,17.0,38.0,9.5,30.73,-28.59
BA260826,BA260826_R2,BA260826_R2_MYRNIONG SKYE,Ballarat,2026-08-26,Night,Night,2,5:58 PM,2026-08-26T07:58:00+00:00,2026-08-26T17:58:00+10:00,8,MYRNIONG SKYE,Asahi Beverages 3yo Maiden Trot,2200,"$6,000",Sr1,David Murphy,Liam Older,TROTTERS,Mobile,VIC,,,False,NR50,54,* Restricted to horses with nil lifetime wins. * No Claims or Allowances apply.,3YO. MAIDEN. RBD. Trotters,439262,/myrniong-skye,/david-murphy,/liam-older,"WHITE, GREEN SHAMROCK, DARK BLUE SLEEVES",,,KI130826,KIC13082610,4,Kilmore,2026-08-13,Ballarat_2200,Ballarat_2200_trotters_mobile,778,287,44.6,31.9,31.4,29.9,29.7,ballarat,2200,trotters,mobile,256.0,20.0,62.0,7.81,32.03,-32.81
BA260826,BA260826_R2,BA260826_R2_UNCLE BILL NZ,Ballarat,2026-08-26,Night,Night,2,5:58 PM,2026-08-26T07:58:00+00:00,2026-08-26T17:58:00+10:00,9,UNCLE BILL NZ,Asahi Beverages 3yo Maiden Trot,2200,"$6,000",Sr2,Brent Lilley,John Caldow,TROTTERS,Mobile,VIC,,,False,NR50,2,* Restricted to horses with nil lifetime wins. * No Claims or Allowances apply.,3YO. MAIDEN. RBD. Trotters,449081,/uncle-bill-nz,/brent-lilley,/john-caldow,"GREEN, GOLD & PURPLE CHECKED SASH",,,KI130826,KIC13082610,2,Kilmore,2026-08-13,Ballarat_2200,Ballarat_2200_trotters_mobile,778,287,44.6,31.9,31.4,29.9,29.7,ballarat,2200,trotters,mobile,204.0,19.0,43.0,9.31,30.39,-27.26
BA260826,BA260826_R2,BA260826_R2_MABIOR,Ballarat,2026-08-26,Night,Night,2,5:58 PM,2026-08-26T07:58:00+00:00,2026-08-26T17:58:00+10:00,10,MABIOR,Asahi Beverages 3yo Maiden Trot,2200,"$6,000",Sr3,Trevor Ralph,Peter Sanderson,TROTTERS,Mobile,VIC,,,False,NR50,4,* Restricted to horses with nil lifetime wins. * No Claims or Allowances apply.,3YO. MAIDEN. RBD. Trotters,438017,/mabior,/trevor-ralph,/peter-sanderson,"DARK BLUE & PINK QUARTERS, DARK BLUE SLEEVES",,ODM,CH170826,CHC17082609,4,Charlton,2026-08-17,Ballarat_2200,Ballarat_2200_trotters_mobile,778,287,44.6,31.9,31.4,29.9,29.7,ballarat,2200,trotters,mobile,151.0,17.0,31.0,11.26,31.79,-13.79
BA260826,BA260826_R2,BA260826_R2_HEAVENLY GLOW,Ballarat,2026-08-26,Night,Night,2,5:58 PM,2026-08-26T07:58:00+00:00,2026-08-26T17:58:00+10:00,11,HEAVENLY GLOW,Asahi Beverages 3yo Maiden Trot,2200,"$6,000",Sr-,Tyrone Abela,Chris Alford,TROTTERS,Mobile,VIC,,,False,NR42,55064,* Restricted to horses with nil lifetime wins. * No Claims or Allowances apply.,3YO. MAIDEN. RBD. Trotters,439594,/heavenly-glow,/tyrone-abela,/chris-alford,"BLUE, YELLOW & RED V, EVOLUTION LODGE LOGO, YELLOW COLLAR & SLEEVES, RED ARMBAND.",1.0,ODM,MX240726,MXC24072611,4,Melton,2026-07-24,Ballarat_2200,Ballarat_2200_trotters_mobile,778,287,44.6,31.9,31.4,29.9,29.7,ballarat,2200,trotters,mobile,0.0,0.0,0.0,0.0,0.0,0.0
BA260826,BA260826_R3,BA260826_R3_ESPERANZA,Ballarat,2026-08-26,Night,Night,3,6:29 PM,2026-08-26T08:29:00+00:00,2026-08-26T18:29:00+10:00,1,ESPERANZA,7+ Concession Drivers Pace,1710,"$7,000",Fr1,Nick Youngson,Olivia Jardine,PACERS,Mobile,VIC,,,False,NR38,22862,* Restricted to Concession Drivers who have not driven more than 25 lifetime wins at Driver Notification Time. * No Claims or Allowances apply.,NR up to 45. PBD/NR. Pacers,2142,/esperanza,/nick-youngson,/olivia-jardine,"BLACK, RED YOKE, BLACK & GOLD STRIPED SLEEVES",,,BA190826,BAC19082606,2,Ballarat,2026-08-19,Ballarat_1710,Ballarat_1710_pacers_mobile,556,450,6.6,29.2,31.0,28.9,28.5,ballarat,1710,pacers,mobile,450.0,51.0,118.0,11.33,37.56,-24.38
BA260826,BA260826_R3,BA260826_R3_FIRESIDE,Ballarat,2026-08-26,Night,Night,3,6:29 PM,2026-08-26T08:29:00+00:00,2026-08-26T18:29:00+10:00,2,FIRESIDE,7+ Concession Drivers Pace,1710,"$7,000",Fr2,Nicholas O'Connor,Nicholas O'Connor,PACERS,Mobile,VIC,,,False,NR39,67743,* Restricted to Concession Drivers who have not driven more than 25 lifetime wins at Driver Notification Time. * No Claims or Allowances apply.,NR up to 45. PBD/NR. Pacers,431019,/fireside,/nicholas-o-connor,/nicholas-o-connor,"PURPLE, WHITE SASH & ARMBANDS",,,GE140826,GEC14082606,3,Geelong,2026-08-14,Ballarat_1710,Ballarat_1710_pacers_mobile,556,450,6.6,29.2,31.0,28.9,28.5,ballarat,1710,pacers,mobile,450.0,41.0,109.0,9.11,33.33,-32.15
BA260826,BA260826_R3,BA260826_R3_CINQUANTA,Ballarat,2026-08-26,Night,Night,3,6:29 PM,2026-08-26T08:29:00+00:00,2026-08-26T18:29:00+10:00,3,CINQUANTA,7+ Concession Drivers Pace,1710,"$7,000",Fr3,Rob O'Connell,Louis Emerson,PACERS,Mobile,VIC,,,False,NR39,67782,* Restricted to Concession Drivers who have not driven more than 25 lifetime wins at Driver Notification Time. * No Claims or Allowances apply.,NR up to 45. PBD/NR. Pacers,12313,/cinquanta,/rob-o-connell,/louis-emerson,"BLACK, LIGHT BLUE STRIPE, GREY ARMBAND",,,MX210826,MXC21082603,2,Melton,2026-08-21,Ballarat_1710,Ballarat_1710_pacers_mobile,556,450,6.6,29.2,31.0,28.9,28.5,ballarat,1710,pacers,mobile,450.0,47.0,106.0,10.44,34.0,-27.27
BA260826,BA260826_R3,BA260826_R3_THE IRISHMAN NZ,Ballarat,2026-08-26,Night,Night,3,6:29 PM,2026-08-26T08:29:00+00:00,2026-08-26T18:29:00+10:00,4,THE IRISHMAN NZ,7+ Concession Drivers Pace,1710,"$7,000",Fr4,Chris Walsh,Hannah Parish,PACERS,Mobile,VIC,,,False,NR40,43731,* Restricted to Concession Drivers who have not driven more than 25 lifetime wins at Driver Notification Time. * No Claims or Allowances apply.,NR up to 45. PBD/NR. Pacers,889,/the-irishman-nz,/chris-walsh,/hannah-parish,"DARK BLUE & ORANGE DIAMONDS, PURPLE SLEEVES",,,SP180826,SPC18082605,1,Shepparton,2026-08-18,Ballarat_1710,Ballarat_1710_pacers_mobile,556,450,6.6,29.2,31.0,28.9,28.5,ballarat,1710,pacers,mobile,450.0,59.0,115.0,13.11,38.67,-14.27
BA260826,BA260826_R3,BA260826_R3_THE DEMOCRAT,Ballarat,2026-08-26,Night,Night,3,6:29 PM,2026-08-26T08:29:00+00:00,2026-08-26T18:29:00+10:00,5,THE DEMOCRAT,7+ Concession Drivers Pace,1710,"$7,000",Fr5,Ashley Ainsworth,Trent Fiscalini,PACERS,Mobile,VIC,,,False,NR40,26212,* Restricted to Concession Drivers who have not driven more than 25 lifetime wins at Driver Notification Time. * No Claims or Allowances apply.,NR up to 45. PBD/NR. Pacers,1643,/the-democrat,/ashley-ainsworth,/trent-fiscalini,"PURPLE, WHITE YOKE & BRACES, PURPLE DIAMONDS, WHITE SLEEVES WITH PURPLE DIAMONDS, WHITE CUFFS",,,AL110826,ALC11082610,2,Albury,2026-08-11,Ballarat_1710,Ballarat_1710_pacers_mobile,556,450,6.6,29.2,31.0,28.9,28.5,ballarat,1710,pacers,mobile,449.0,67.0,103.0,14.92,37.86,-5.0
BA260826,BA260826_R3,BA260826_R3_PICKLE IT,Ballarat,2026-08-26,Night,Night,3,6:29 PM,2026-08-26T08:29:00+00:00,2026-08-26T18:29:00+10:00,6,PICKLE IT,7+ Concession Drivers Pace,1710,"$7,000",Fr6,Joanne Pengelly,Jack Barton,PACERS,Mobile,VIC,,,False,NR43,26161,* Restricted to Concession Drivers who have not driven more than 25 lifetime wins at Driver Notification Time. * No Claims or Allowances apply.,NR up to 45. PBD/NR. Pacers,2816,/pickle-it,/joanne-pengelly,/jack-barton,"BLACK, WHITE DIAMONDS, COLLAR AND WAISTBAND, WHITE SLEEVES WITH BLACK HORSESHOES AND CUFFS",,,CR160826,CRC16082605,1,Cranbourne,2026-08-16,Ballarat_1710,Ballarat_1710_pacers_mobile,556,450,6.6,29.2,31.0,28.9,28.5,ballarat,1710,pacers,mobile,417.0,42.0,85.0,10.07,30.46,-20.78
BA260826,BA260826_R3,BA260826_R3_RETRO FIT,Ballarat,2026-08-26,Night,Night,3,6:29 PM,2026-08-26T08:29:00+00:00,2026-08-26T18:29:00+10:00,7,RETRO FIT,7+ Concession Drivers Pace,1710,"$7,000",Fr7,Jodie Justice,Stacie Carbone,PACERS,Mobile,VIC,,,False,NR44,0s79s,* Restricted to Concession Drivers who have not driven more than 25 lifetime wins at Driver Notification Time. * No Claims or Allowances apply.,NR up to 45. PBD/NR. Pacers,436453,/retro-fit,/jodie-justice,/stacie-carbone,"BLUE, ORANGE YOKE WITH BLUE DIAMONDS, ORANGE BRACES, BLUE SLEEVES WITH JJ ON SHOULDER, ORANGE CUFFS",,,GE050626,GEC05062607,9,Geelong,2026-06-05,Ballarat_1710,Ballarat_1710_pacers_mobile,556,450,6.6,29.2,31.0,28.9,28.5,ballarat,1710,pacers,mobile,237.0,24.0,41.0,10.13,27.43,-16.88
BA260826,BA260826_R3,BA260826_R3_KIMCHI,Ballarat,2026-08-26,Night,Night,3,6:29 PM,2026-08-26T08:29:00+00:00,2026-08-26T18:29:00+10:00,8,KIMCHI,7+ Concession Drivers Pace,1710,"$7,000",Sr1,Derrick Krafft,Luke Sutherland,PACERS,Mobile,VIC,,,False,NR44,23243,* Restricted to Concession Drivers who have not driven more than 25 lifetime wins at Driver Notification Time. * No Claims or Allowances apply.,NR up to 45. PBD/NR. Pacers,661,/kimchi,/derrick-krafft,/luke-sutherland,"BLACK & WHITE QUARTERS, RED SLEEVES",,,CH170826,CHC17082605,3,Charlton,2026-08-17,Ballarat_1710,Ballarat_1710_pacers_mobile,556,450,6.6,29.2,31.0,28.9,28.5,ballarat,1710,pacers,mobile,378.0,42.0,78.0,11.11,31.75,-15.71
BA260826,BA260826_R3,BA260826_R3_MAGIC MIKE NZ,Ballarat,2026-08-26,Night,Night,3,6:29 PM,2026-08-26T08:29:00+00:00,2026-08-26T18:29:00+10:00,9,MAGIC MIKE NZ,7+ Concession Drivers Pace,1710,"$7,000",Sr2,Joanne Justice,Joey Sharp,PACERS,Mobile,VIC,,,False,NR45,87449,* Restricted to Concession Drivers who have not driven more than 25 lifetime wins at Driver Notification Time. * No Claims or Allowances apply.,NR up to 45. PBD/NR. Pacers,16,/magic-mike-nz,/joanne-justice,/joey-sharp,"RED, GOLD STAR",,,BA190826,BAC19082605,9,Ballarat,2026-08-19,Ballarat_1710,Ballarat_1710_pacers_mobile,556,450,6.6,29.2,31.0,28.9,28.5,ballarat,1710,pacers,mobile,307.0,36.0,79.0,11.73,37.46,-25.16
BA260826,BA260826_R3,BA260826_R3_JUSTLIKEDAVE,Ballarat,2026-08-26,Night,Night,3,6:29 PM,2026-08-26T08:29:00+00:00,2026-08-26T18:29:00+10:00,10,JUSTLIKEDAVE,7+ Concession Drivers Pace,1710,"$7,000",Sr3,Taylor Ford,Riley Pace,PACERS,Mobile,VIC,,,False,NR45,49053,* Restricted to Concession Drivers who have not driven more than 25 lifetime wins at Driver Notification Time. * No Claims or Allowances apply.,NR up to 45. PBD/NR. Pacers,156993,/justlikedave,/taylor-ford,/riley-pace,"BLUE, BLACK YOLK, BRACE & DIAMONDS, BLACK & WHITE CHECKED SLEEVES",,,CR160826,CRC16082604,3,Cranbourne,2026-08-16,Ballarat_1710,Ballarat_1710_pacers_mobile,556,450,6.6,29.2,31.0,28.9,28.5,ballarat,1710,pacers,mobile,206.0,23.0,42.0,11.17,31.55,-7.08
BA260826,BA260826_R4,BA260826_R4_VIVA STORM,Ballarat,2026-08-26,Night,Night,4,7:00 PM,2026-08-26T09:00:00+00:00,2026-08-26T19:00:00+10:00,1,VIVA STORM,Ballarat Vet Practice Pace,1710,"$5,000",Fr1,Joe Fenech,Darren Pace,PACERS,Mobile,VIC,,,False,NR45,79s55,* No Claims or Allowances apply.,NR up to 49. PBD/L4$. Pacers,60704,/viva-storm,/joe-fenech,/darren-pace,"BLACK, WHITE MALTESE CROSS, RED SLEEVES",,,CR160826,CRC16082604,5,Cranbourne,2026-08-16,Ballarat_1710,Ballarat_1710_pacers_mobile,556,450,6.6,29.2,31.0,28.9,28.5,ballarat,1710,pacers,mobile,450.0,51.0,118.0,11.33,37.56,-24.38
BA260826,BA260826_R4,BA260826_R4_TRAILBLAZER,Ballarat,2026-08-26,Night,Night,4,7:00 PM,2026-08-26T09:00:00+00:00,2026-08-26T19:00:00+10:00,2,TRAILBLAZER,Ballarat Vet Practice Pace,1710,"$5,000",Fr-,Dianne Giles,,PACERS,Mobile,VIC,,,False,NR48,78907,* No Claims or Allowances apply.,NR up to 49. PBD/L4$. Pacers,12078,/trailblazer,/dianne-giles,,"WHITE, BLUE SPADES & SLEEVES",1.0,,BA190826,BAC19082605,7,Ballarat,2026-08-19,Ballarat_1710,Ballarat_1710_pacers_mobile,556,450,6.6,29.2,31.0,28.9,28.5,ballarat,1710,pacers,mobile,0.0,0.0,0.0,0.0,0.0,0.0
BA260826,BA260826_R4,BA260826_R4_LETS WENT,Ballarat,2026-08-26,Night,Night,4,7:00 PM,2026-08-26T09:00:00+00:00,2026-08-26T19:00:00+10:00,3,LETS WENT,Ballarat Vet Practice Pace,1710,"$5,000",Fr2,Laurie Wills,Taylor Youl,PACERS,Mobile,VIC,,,False,NR48,0875s,* No Claims or Allowances apply.,NR up to 49. PBD/L4$. Pacers,12999,/lets-went,/laurie-wills,/taylor-youl,"PURPLE & YELLOW STRIPES, PURPLE SLEEVES",,,BN240626,BNC24062611,5,Bendigo,2026-06-24,Ballarat_1710,Ballarat_1710_pacers_mobile,556,450,6.6,29.2,31.0,28.9,28.5,ballarat,1710,pacers,mobile,450.0,41.0,109.0,9.11,33.33,-32.15
BA260826,BA260826_R4,BA260826_R4_TEX GOES BANG,Ballarat,2026-08-26,Night,Night,4,7:00 PM,2026-08-26T09:00:00+00:00,2026-08-26T19:00:00+10:00,4,TEX GOES BANG,Ballarat Vet Practice Pace,1710,"$5,000",Fr3,Ross Graham,Liam Older,PACERS,Mobile,VIC,,,False,NR44,44767,* No Claims or Allowances apply.,NR up to 49. PBD/L4$. Pacers,3652,/tex-goes-bang,/ross-graham,/liam-older,"GREEN, YELLOW CROSSED SASHES, YELLOW STRIPED SLEEVES & CUFFS",,,KI200826,KIC20082604,7,Kilmore,2026-08-20,Ballarat_1710,Ballarat_1710_pacers_mobile,556,450,6.6,29.2,31.0,28.9,28.5,ballarat,1710,pacers,mobile,450.0,47.0,106.0,10.44,34.0,-27.27
BA260826,BA260826_R4,BA260826_R4_HIGHVIEW HAMMER,Ballarat,2026-08-26,Night,Night,4,7:00 PM,2026-08-26T09:00:00+00:00,2026-08-26T19:00:00+10:00,5,HIGHVIEW HAMMER,Ballarat Vet Practice Pace,1710,"$5,000",Fr4,Corey Bell,Corey Bell,PACERS,Mobile,VIC,,,False,NR47,44504,* No Claims or Allowances apply.,NR up to 49. PBD/L4$. Pacers,12042,/highview-hammer,/corey-bell,/corey-bell,"PINK, BLUE BRACES, FOUR PINK HORSESHOES, BLUE CUFFS.",,,KI200826,KIC20082604,4,Kilmore,2026-08-20,Ballarat_1710,Ballarat_1710_pacers_mobile,556,450,6.6,29.2,31.0,28.9,28.5,ballarat,1710,pacers,mobile,450.0,59.0,115.0,13.11,38.67,-14.27
BA260826,BA260826_R4,BA260826_R4_BETTORSWEETVICTORY,Ballarat,2026-08-26,Night,Night,4,7:00 PM,2026-08-26T09:00:00+00:00,2026-08-26T19:00:00+10:00,6,BETTORSWEETVICTORY,Ballarat Vet Practice Pace,1710,"$5,000",Fr5,Ross Graham,James Herbertson,PACERS,Mobile,VIC,,,False,NR48,42658,* No Claims or Allowances apply.,NR up to 49. PBD/L4$. Pacers,11065,/bettorsweetvictory,/ross-graham,/james-herbertson,"GREEN, YELLOW CROSSED SASHES, YELLOW STRIPED SLEEVES & CUFFS",,,BA190826,BAC19082605,8,Ballarat,2026-08-19,Ballarat_1710,Ballarat_1710_pacers_mobile,556,450,6.6,29.2,31.0,28.9,28.5,ballarat,1710,pacers,mobile,449.0,67.0,103.0,14.92,37.86,-5.0
BA260826,BA260826_R4,BA260826_R4_SKIPPYS DELIGHT NZ,Ballarat,2026-08-26,Night,Night,4,7:00 PM,2026-08-26T09:00:00+00:00,2026-08-26T19:00:00+10:00,7,SKIPPYS DELIGHT NZ,Ballarat Vet Practice Pace,1710,"$5,000",Fr6,"D P Barnes, B D Barnes",Ryan Sanderson,PACERS,Mobile,VIC,,,False,NR48,58532,* No Claims or Allowances apply.,NR up to 49. PBD/L4$. Pacers,11878,/skippys-delight-nz,/d-p-barnes-b-d-barnes,/ryan-sanderson,"NAVY BLUE, WHITE BAND V, NAVY BLUE SLEEVES WITH TWO WHITE ARMBANDS",,,GE140826,GEC14082605,2,Geelong,2026-08-14,Ballarat_1710,Ballarat_1710_pacers_mobile,556,450,6.6,29.2,31.0,28.9,28.5,ballarat,1710,pacers,mobile,417.0,42.0,85.0,10.07,30.46,-20.78
BA260826,BA260826_R4,BA260826_R4_BLUE MIKI,Ballarat,2026-08-26,Night,Night,4,7:00 PM,2026-08-26T09:00:00+00:00,2026-08-26T19:00:00+10:00,8,BLUE MIKI,Ballarat Vet Practice Pace,1710,"$5,000",Sr1,David Murphy,Brent Murphy,PACERS,Mobile,VIC,,,False,NR44,43425,* No Claims or Allowances apply.,NR up to 49. PBD/L4$. Pacers,12254,/blue-miki,/david-murphy,/brent-murphy,"WHITE, GREEN SHAMROCK, DARK BLUE SLEEVES",,,KI200826,KIC20082604,5,Kilmore,2026-08-20,Ballarat_1710,Ballarat_1710_pacers_mobile,556,450,6.6,29.2,31.0,28.9,28.5,ballarat,1710,pacers,mobile,378.0,42.0,78.0,11.11,31.75,-15.71
BA260826,BA260826_R4,BA260826_R4_TOPHUT JOHNY,Ballarat,2026-08-26,Night,Night,4,7:00 PM,2026-08-26T09:00:00+00:00,2026-08-26T19:00:00+10:00,9,TOPHUT JOHNY,Ballarat Vet Practice Pace,1710,"$5,000",Sr2,Ross Graham,Chris Alford,PACERS,Mobile,VIC,,,False,NR43,73842,* No Claims or Allowances apply.,NR up to 49. PBD/L4$. Pacers,3484,/tophut-johny,/ross-graham,/chris-alford,"GREEN, YELLOW CROSSED SASHES, YELLOW STRIPED SLEEVES & CUFFS",,,CR160826,CRC16082604,2,Cranbourne,2026-08-16,Ballarat_1710,Ballarat_1710_pacers_mobile,556,450,6.6,29.2,31.0,28.9,28.5,ballarat,1710,pacers,mobile,307.0,36.0,79.0,11.73,37.46,-25.16
BA260826,BA260826_R4,BA260826_R4_SPEEDY HEALEY,Ballarat,2026-08-26,Night,Night,4,7:00 PM,2026-08-26T09:00:00+00:00,2026-08-26T19:00:00+10:00,10,SPEEDY HEALEY,Ballarat Vet Practice Pace,1710,"$5,000",Sr3,Shannon Debnam,Blake Pace,PACERS,Mobile,VIC,,,False,NR44,6222s,* No Claims or Allowances apply.,NR up to 49. PBD/L4$. Pacers,27702,/speedy-healey,/shannon-debnam,/blake-pace,"WHITE, RED DIAMOND",,,BN060226,BNC06022611,2,Bendigo,2026-02-06,Ballarat_1710,Ballarat_1710_pacers_mobile,556,450,6.6,29.2,31.0,28.9,28.5,ballarat,1710,pacers,mobile,206.0,23.0,42.0,11.17,31.55,-7.08
BA260826,BA260826_R4,BA260826_R4_SUPER CODE,Ballarat,2026-08-26,Night,Night,4,7:00 PM,2026-08-26T09:00:00+00:00,2026-08-26T19:00:00+10:00,11,SUPER CODE,Ballarat Vet Practice Pace,1710,"$5,000",Sr4,Colin Holloway,Brett Holloway,PACERS,Mobile,VIC,,,False,NR45,71476,* No Claims or Allowances apply.,NR up to 49. PBD/L4$. Pacers,10550,/super-code,/colin-holloway,/brett-holloway,"BLACK, WHITE YOKE, BRACES & PINSTIPE ON CUFFS",,,BA190826,BAC19082603,6,Ballarat,2026-08-19,Ballarat_1710,Ballarat_1710_pacers_mobile,556,450,6.6,29.2,31.0,28.9,28.5,ballarat,1710,pacers,mobile,93.0,13.0,19.0,13.98,34.41,-0.63
BA260826,BA260826_R5,BA260826_R5_NO TELLING HEATHER,Ballarat,2026-08-26,Night,Night,5,7:35 PM,2026-08-26T09:35:00+00:00,2026-08-26T19:35:00+10:00,1,NO TELLING HEATHER,Easy Waste Mares Trot,1710,"$6,000",Fr1,Colin Holloway,Brett Holloway,TROTTERS,Mobile,VIC,,,False,NR49,14623,"* Concession Driver Claims apply for eligibility purposes only, not within the barrier draw.",Trotting Mares. NR up to 55. PBD/NR. Trotters,7110,/no-telling-heather,/colin-holloway,/brett-holloway,"BLACK, WHITE YOKE, BRACES & PINSTIPE ON CUFFS",,,BA190826,BAC19082612,3,Ballarat,2026-08-19,Ballarat_1710,Ballarat_1710_trotters_mobile,556,106,6.9,30.1,31.5,29.8,29.7,ballarat,1710,trotters,mobile,106.0,10.0,30.0,9.43,37.74,-10.76
BA260826,BA260826_R5,BA260826_R5_SILENT REVERIE,Ballarat,2026-08-26,Night,Night,5,7:35 PM,2026-08-26T09:35:00+00:00,2026-08-26T19:35:00+10:00,2,SILENT REVERIE,Easy Waste Mares Trot,1710,"$6,000",Fr2,Joe Vassallo,John Caldow,TROTTERS,Mobile,VIC,,,False,NR50,32618,"* Concession Driver Claims apply for eligibility purposes only, not within the barrier draw.",Trotting Mares. NR up to 55. PBD/NR. Trotters,8810,/silent-reverie,/joe-vassallo,/john-caldow,"YELLOW, BLACK DIAMONDS, RED SLEEVES",,,BA190826,BAC19082608,8,Ballarat,2026-08-19,Ballarat_1710,Ballarat_1710_trotters_mobile,556,106,6.9,30.1,31.5,29.8,29.7,ballarat,1710,trotters,mobile,106.0,18.0,27.0,16.98,42.45,23.43
BA260826,BA260826_R5,BA260826_R5_CADENCE LANE,Ballarat,2026-08-26,Night,Night,5,7:35 PM,2026-08-26T09:35:00+00:00,2026-08-26T19:35:00+10:00,3,CADENCE LANE,Easy Waste Mares Trot,1710,"$6,000",Fr3,Nick Youngson,Scott Torney,TROTTERS,Mobile,VIC,,,False,NR50,58735,"* Concession Driver Claims apply for eligibility purposes only, not within the barrier draw.",Trotting Mares. NR up to 55. PBD/NR. Trotters,5815,/cadence-lane,/nick-youngson,/scott-torney,"WHITE, BLUE STARS, YELLOW SLEEVES",,,BA190826,BAC19082608,5,Ballarat,2026-08-19,Ballarat_1710,Ballarat_1710_trotters_mobile,556,106,6.9,30.1,31.5,29.8,29.7,ballarat,1710,trotters,mobile,106.0,12.0,18.0,11.32,28.3,-27.51
BA260826,BA260826_R5,BA260826_R5_CONSTANT,Ballarat,2026-08-26,Night,Night,5,7:35 PM,2026-08-26T09:35:00+00:00,2026-08-26T19:35:00+10:00,4,CONSTANT,Easy Waste Mares Trot,1710,"$6,000",Fr4,Anne-Maree Conroy,Anne-Maree Conroy,TROTTERS,Mobile,VIC,,,False,NR51,67s24,"* Concession Driver Claims apply for eligibility purposes only, not within the barrier draw.",Trotting Mares. NR up to 55. PBD/NR. Trotters,4470,/constant,/anne-maree-conroy,/anne-maree-conroy,"YELLOW, BLACK V, PURPLE SLEEVES WITH YELLOW STARS",,,BA190826,BAC19082608,4,Ballarat,2026-08-19,Ballarat_1710,Ballarat_1710_trotters_mobile,556,106,6.9,30.1,31.5,29.8,29.7,ballarat,1710,trotters,mobile,106.0,9.0,28.0,8.49,34.91,-46.55
BA260826,BA260826_R5,BA260826_R5_BLACK AND GOLD,Ballarat,2026-08-26,Night,Night,5,7:35 PM,2026-08-26T09:35:00+00:00,2026-08-26T19:35:00+10:00,5,BLACK AND GOLD,Easy Waste Mares Trot,1710,"$6,000",Fr5,Brett Shipway,Brett Shipway,TROTTERS,Mobile,VIC,,,False,NR54,59551,"* Concession Driver Claims apply for eligibility purposes only, not within the barrier draw.",Trotting Mares. NR up to 55. PBD/NR. Trotters,2929,/black-and-gold,/brett-shipway,/brett-shipway,"BROWN, PINK MALTESE CROSS, BROWN SLEEVES WITH PINK PIN STRIPE",,,BA190826,BAC19082608,1,Ballarat,2026-08-19,Ballarat_1710,Ballarat_1710_trotters_mobile,556,106,6.9,30.1,31.5,29.8,29.7,ballarat,1710,trotters,mobile,106.0,13.0,28.0,12.26,38.68,-23.34
BA260826,BA260826_R5,BA260826_R5_CALABASAS,Ballarat,2026-08-26,Night,Night,5,7:35 PM,2026-08-26T09:35:00+00:00,2026-08-26T19:35:00+10:00,6,CALABASAS,Easy Waste Mares Trot,1710,"$6,000",Fr6,Warren Greene,Emmett Brosnan,TROTTERS,Mobile,VIC,,,False,NR55,2513s,"* Concession Driver Claims apply for eligibility purposes only, not within the barrier draw.",Trotting Mares. NR up to 55. PBD/NR. Trotters,59822,/calabasas,/warren-greene,/emmett-brosnan,"WHITE, PURPLE YOKE WITH WHITE DIAMONDS, TWO PURPLE VERTICAL STRIPES, MAROON SLEEVES.",,,BN100626,BNC10062609,3,Bendigo,2026-06-10,Ballarat_1710,Ballarat_1710_trotters_mobile,556,106,6.9,30.1,31.5,29.8,29.7,ballarat,1710,trotters,mobile,102.0,15.0,18.0,14.71,32.35,-1.34
BA260826,BA260826_R5,BA260826_R5_MANDA KYVALLEY,Ballarat,2026-08-26,Night,Night,5,7:35 PM,2026-08-26T09:35:00+00:00,2026-08-26T19:35:00+10:00,7,MANDA KYVALLEY,Easy Waste Mares Trot,1710,"$6,000",Fr7,Brent Lilley,Joey Sharp,TROTTERS,Mobile,VIC,,,False,NR57 (A52),55387,"* Concession Driver Claims apply for eligibility purposes only, not within the barrier draw.",Trotting Mares. NR up to 55. PBD/NR. Trotters,4690,/manda-kyvalley,/brent-lilley,/joey-sharp,"GOLD, GREEN V",,,MX070826,MXC07082607,7,Melton,2026-08-07,Ballarat_1710,Ballarat_1710_trotters_mobile,556,106,6.9,30.1,31.5,29.8,29.7,ballarat,1710,trotters,mobile,70.0,8.0,18.0,11.43,37.14,-15.72
BA260826,BA260826_R5,BA260826_R5_SHONEE,Ballarat,2026-08-26,Night,Night,5,7:35 PM,2026-08-26T09:35:00+00:00,2026-08-26T19:35:00+10:00,8,SHONEE,Easy Waste Mares Trot,1710,"$6,000",Sr1,Anthony O'Connor,Anthony O'Connor,TROTTERS,Mobile,VIC,,,False,NR51,13326,"* Concession Driver Claims apply for eligibility purposes only, not within the barrier draw.",Trotting Mares. NR up to 55. PBD/NR. Trotters,436702,/shonee,/anthony-o-connor,/anthony-o-connor,"ROYAL BLUE, GREEN SHAMROCK, WHITE ARM BANDS",,ODM,BA190826,BAC19082612,6,Ballarat,2026-08-19,Ballarat_1710,Ballarat_1710_trotters_mobile,556,106,6.9,30.1,31.5,29.8,29.7,ballarat,1710,trotters,mobile,96.0,8.0,16.0,8.33,25.0,-23.29
BA260826,BA260826_R5,BA260826_R5_CHAMPAGNES,Ballarat,2026-08-26,Night,Night,5,7:35 PM,2026-08-26T09:35:00+00:00,2026-08-26T19:35:00+10:00,9,CHAMPAGNES,Easy Waste Mares Trot,1710,"$6,000",Sr2,Nick Youngson,James Herbertson,TROTTERS,Mobile,VIC,,,False,NR51,11317,"* Concession Driver Claims apply for eligibility purposes only, not within the barrier draw.",Trotting Mares. NR up to 55. PBD/NR. Trotters,9198,/champagnes,/nick-youngson,/james-herbertson,"BLACK, RED YOKE, BLACK & GOLD STRIPED SLEEVES",,ODM,BA190826,BAC19082612,7,Ballarat,2026-08-19,Ballarat_1710,Ballarat_1710_trotters_mobile,556,106,6.9,30.1,31.5,29.8,29.7,ballarat,1710,trotters,mobile,80.0,7.0,17.0,8.75,30.0,-38.12
BA260826,BA260826_R5,BA260826_R5_KISS AT MIDNIGHT,Ballarat,2026-08-26,Night,Night,5,7:35 PM,2026-08-26T09:35:00+00:00,2026-08-26T19:35:00+10:00,10,KISS AT MIDNIGHT,Easy Waste Mares Trot,1710,"$6,000",Sr3,Tyrone Abela,Chris Alford,TROTTERS,Mobile,VIC,,,False,NR54,15279,"* Concession Driver Claims apply for eligibility purposes only, not within the barrier draw.",Trotting Mares. NR up to 55. PBD/NR. Trotters,436329,/kiss-at-midnight,/tyrone-abela,/chris-alford,"BLUE, YELLOW & RED V, EVOLUTION LODGE LOGO, YELLOW COLLAR & SLEEVES, RED ARMBAND.",,ODM,KI300726,KIC30072606,9,Kilmore,2026-07-30,Ballarat_1710,Ballarat_1710_trotters_mobile,556,106,6.9,30.1,31.5,29.8,29.7,ballarat,1710,trotters,mobile,51.0,5.0,9.0,9.8,27.45,-3.39
BA260826,BA260826_R6,BA260826_R6_HURRIKANE DUSTY,Ballarat,2026-08-26,Night,Night,6,8:05 PM,2026-08-26T10:05:00+00:00,2026-08-26T20:05:00+10:00,1,HURRIKANE DUSTY,Interpath Pace,1710,"$7,000",Fr1,Rob Brown,Brent Murphy,PACERS,Mobile,VIC,,,False,NR56,16717,"* Concession Driver Claims and Mares Allowance apply for eligibility purposes only, not within the barrier draw.",NR 56 to 64. PBD/NR. Pacers,3588,/hurrikane-dusty,/rob-brown,/brent-murphy,"ROYAL BLUE, WHITE HORSESHOES, BLACK SLEEVES",,,CH170826,CHC17082601,7,Charlton,2026-08-17,Ballarat_1710,Ballarat_1710_pacers_mobile,556,450,6.6,29.2,31.0,28.9,28.5,ballarat,1710,pacers,mobile,450.0,51.0,118.0,11.33,37.56,-24.38
BA260826,BA260826_R6,BA260826_R6_JUST AS WELL NZ,Ballarat,2026-08-26,Night,Night,6,8:05 PM,2026-08-26T10:05:00+00:00,2026-08-26T20:05:00+10:00,2,JUST AS WELL NZ,Interpath Pace,1710,"$7,000",Fr2,Jeff Tabone,Liam Older,PACERS,Mobile,VIC,,,False,NR57 (A56),56874,"* Concession Driver Claims and Mares Allowance apply for eligibility purposes only, not within the barrier draw.",NR 56 to 64. PBD/NR. Pacers,5332,/just-as-well-nz,/jeff-tabone,/liam-older,"DARK BLUE, WHITE DIAMOND SASH & WHITE DIAMONDS ON SLEEVES",,,SP110826,SPC11082601,4,Shepparton,2026-08-11,Ballarat_1710,Ballarat_1710_pacers_mobile,556,450,6.6,29.2,31.0,28.9,28.5,ballarat,1710,pacers,mobile,450.0,41.0,109.0,9.11,33.33,-32.15
BA260826,BA260826_R6,BA260826_R6_KISS ME MINI NZ,Ballarat,2026-08-26,Night,Night,6,8:05 PM,2026-08-26T10:05:00+00:00,2026-08-26T20:05:00+10:00,3,KISS ME MINI NZ,Interpath Pace,1710,"$7,000",Fr3,Adam Kelly,Jordan Leedham,PACERS,Mobile,VIC,,,False,NR62 (A57),15258,"* Concession Driver Claims and Mares Allowance apply for eligibility purposes only, not within the barrier draw.",NR 56 to 64. PBD/NR. Pacers,447015,/kiss-me-mini-nz,/adam-kelly,/jordan-leedham,"WHITE, BLACK BRACES, YOKE & CUFFS, YELLOW STARS & PIPING.",,,MX120826,MXC12082601,8,Melton,2026-08-12,Ballarat_1710,Ballarat_1710_pacers_mobile,556,450,6.6,29.2,31.0,28.9,28.5,ballarat,1710,pacers,mobile,450.0,47.0,106.0,10.44,34.0,-27.27
BA260826,BA260826_R6,BA260826_R6_SHAZZA LOVE,Ballarat,2026-08-26,Night,Night,6,8:05 PM,2026-08-26T10:05:00+00:00,2026-08-26T20:05:00+10:00,4,SHAZZA LOVE,Interpath Pace,1710,"$7,000",Fr4,Alison Alford,Chris Alford,PACERS,Mobile,VIC,,,False,NR63 (A58),64116,"* Concession Driver Claims and Mares Allowance apply for eligibility purposes only, not within the barrier draw.",NR 56 to 64. PBD/NR. Pacers,4321,/shazza-love,/alison-alford,/chris-alford,"WHITE, RED YOKE, WAISTBAND & BRACES, WHITE DIAMONDS, SILVER OUTLINE, WHITE SLEEVES, RED A & CUFFS",,,MX210826,MXC21082602,6,Melton,2026-08-21,Ballarat_1710,Ballarat_1710_pacers_mobile,556,450,6.6,29.2,31.0,28.9,28.5,ballarat,1710,pacers,mobile,450.0,59.0,115.0,13.11,38.67,-14.27
BA260826,BA260826_R6,BA260826_R6_KEILOR BABY SHARK,Ballarat,2026-08-26,Night,Night,6,8:05 PM,2026-08-26T10:05:00+00:00,2026-08-26T20:05:00+10:00,5,KEILOR BABY SHARK,Interpath Pace,1710,"$7,000",Fr5,Nick Youngson,Scott Torney,PACERS,Mobile,VIC,,,False,NR63 (A58),49586,"* Concession Driver Claims and Mares Allowance apply for eligibility purposes only, not within the barrier draw.",NR 56 to 64. PBD/NR. Pacers,3701,/keilor-baby-shark,/nick-youngson,/scott-torney,"BLACK, RED YOKE, BLACK & GOLD STRIPED SLEEVES",,,BA190826,BAC19082611,6,Ballarat,2026-08-19,Ballarat_1710,Ballarat_1710_pacers_mobile,556,450,6.6,29.2,31.0,28.9,28.5,ballarat,1710,pacers,mobile,449.0,67.0,103.0,14.92,37.86,-5.0
BA260826,BA260826_R6,BA260826_R6_GOODTIME LIBBY,Ballarat,2026-08-26,Night,Night,6,8:05 PM,2026-08-26T10:05:00+00:00,2026-08-26T20:05:00+10:00,6,GOODTIME LIBBY,Interpath Pace,1710,"$7,000",Fr6,Courtney Slater,Josh Duggan,PACERS,Mobile,VIC,,,False,NR66 (A61),77s63,"* Concession Driver Claims and Mares Allowance apply for eligibility purposes only, not within the barrier draw.",NR 56 to 64. PBD/NR. Pacers,3005,/goodtime-libby,/courtney-slater,/josh-duggan,"BLACK, GOODTIME LOGO, PINK WAISTBAND COLLAR & CUFFS",,,CH170826,CHC17082601,3,Charlton,2026-08-17,Ballarat_1710,Ballarat_1710_pacers_mobile,556,450,6.6,29.2,31.0,28.9,28.5,ballarat,1710,pacers,mobile,417.0,42.0,85.0,10.07,30.46,-20.78
BA260826,BA260826_R6,BA260826_R6_KEAYANG PAYTON,Ballarat,2026-08-26,Night,Night,6,8:05 PM,2026-08-26T10:05:00+00:00,2026-08-26T20:05:00+10:00,7,KEAYANG PAYTON,Interpath Pace,1710,"$7,000",Fr7,"M A Lee, P D Lee",Jason Lee,PACERS,Mobile,VIC,,,False,NR67 (A62),15757,"* Concession Driver Claims and Mares Allowance apply for eligibility purposes only, not within the barrier draw.",NR 56 to 64. PBD/NR. Pacers,187178,/keayang-payton,/m-a-lee-p-lee,/jason-lee,"RED, YELLOW YOKE & BRACES, BLACK DIAMONDS",,,MX220826,MXM22082605,7,Melton,2026-08-22,Ballarat_1710,Ballarat_1710_pacers_mobile,556,450,6.6,29.2,31.0,28.9,28.5,ballarat,1710,pacers,mobile,237.0,24.0,41.0,10.13,27.43,-16.88
BA260826,BA260826_R6,BA260826_R6_AMERICAN MICHI,Ballarat,2026-08-26,Night,Night,6,8:05 PM,2026-08-26T10:05:00+00:00,2026-08-26T20:05:00+10:00,8,AMERICAN MICHI,Interpath Pace,1710,"$7,000",Sr1,Brendan Said,Chris Svanosio,PACERS,Mobile,VIC,,,False,NR53 (A56),1s635,"* Concession Driver Claims and Mares Allowance apply for eligibility purposes only, not within the barrier draw.",NR 56 to 64. PBD/NR. Pacers,59485,/american-michi,/brendan-said,/chris-svanosio,"NAVY BLUE, ORANGE CHECKED SASH, WHITE STARS ON SLEEVES",,ODM,SP180826,SPC18082602,5,Shepparton,2026-08-18,Ballarat_1710,Ballarat_1710_pacers_mobile,556,450,6.6,29.2,31.0,28.9,28.5,ballarat,1710,pacers,mobile,378.0,42.0,78.0,11.11,31.75,-15.71
BA260826,BA260826_R6,BA260826_R6_CARRAMAR TITMUS,Ballarat,2026-08-26,Night,Night,6,8:05 PM,2026-08-26T10:05:00+00:00,2026-08-26T20:05:00+10:00,9,CARRAMAR TITMUS,Interpath Pace,1710,"$7,000",Sr2,Robert McCartney,John Justice,PACERS,Mobile,VIC,,,False,NR59 (A56),s8854,"* Concession Driver Claims and Mares Allowance apply for eligibility purposes only, not within the barrier draw.",NR 56 to 64. PBD/NR. Pacers,436507,/carramar-titmus,/robert-mccartney,/john-justice,"RED, BLACK & WHITE HOOPED SLEEVES",,ODM,BA190826,BAC19082611,4,Ballarat,2026-08-19,Ballarat_1710,Ballarat_1710_pacers_mobile,556,450,6.6,29.2,31.0,28.9,28.5,ballarat,1710,pacers,mobile,307.0,36.0,79.0,11.73,37.46,-25.16
BA260826,BA260826_R7,BA260826_R7_THEROUX,Ballarat,2026-08-26,Night,Night,7,8:35 PM,2026-08-26T10:35:00+00:00,2026-08-26T20:35:00+10:00,1,THEROUX,Palmerbet Vicbred Voucher Concession Drivers Pace,2200,"$8,000",Fr1,Nathan Cahir,Luke Sutherland,PACERS,Mobile,VIC,,,False,NR44,11152,* Restricted to Vicbred eligible horses only. * Restricted to Concession Drivers who have not driven more than 25 lifetime wins at Driver Notification Time. * No Claims or Allowances apply.,NR up to 55. PBD/NR. Pacers,56255,/theroux,/nathan-cahir,/luke-sutherland,"ROYAL BLUE, WHITE YOKE, GOLD BRACES & PIPING, ROYAL BLUE SLEEVES, GOLD CUFFS",,,MX120826,MXC12082605,2,Melton,2026-08-12,Ballarat_2200,Ballarat_2200_pacers_mobile,778,446,43.2,31.2,30.8,28.9,28.7,ballarat,2200,pacers,mobile,446.0,42.0,106.0,9.42,33.18,-23.6
BA260826,BA260826_R7,BA260826_R7_WOW YOU CAN DANCE,Ballarat,2026-08-26,Night,Night,7,8:35 PM,2026-08-26T10:35:00+00:00,2026-08-26T20:35:00+10:00,2,WOW YOU CAN DANCE,Palmerbet Vicbred Voucher Concession Drivers Pace,2200,"$8,000",Fr2,Chris Walsh,Hannah Parish,PACERS,Mobile,VIC,,,False,NR46,54765,* Restricted to Vicbred eligible horses only. * Restricted to Concession Drivers who have not driven more than 25 lifetime wins at Driver Notification Time. * No Claims or Allowances apply.,NR up to 55. PBD/NR. Pacers,7100,/wow-you-can-dance,/chris-walsh,/hannah-parish,"DARK BLUE & ORANGE DIAMONDS, PURPLE SLEEVES",,,SP180826,SPC18082603,5,Shepparton,2026-08-18,Ballarat_2200,Ballarat_2200_pacers_mobile,778,446,43.2,31.2,30.8,28.9,28.7,ballarat,2200,pacers,mobile,446.0,37.0,108.0,8.3,32.51,-38.91
BA260826,BA260826_R7,BA260826_R7_GUARANTEED TROUBLE,Ballarat,2026-08-26,Night,Night,7,8:35 PM,2026-08-26T10:35:00+00:00,2026-08-26T20:35:00+10:00,3,GUARANTEED TROUBLE,Palmerbet Vicbred Voucher Concession Drivers Pace,2200,"$8,000",Fr3,Courtney Slater,Nicholas O'Connor,PACERS,Mobile,VIC,,,False,NR47,520s3,* Restricted to Vicbred eligible horses only. * Restricted to Concession Drivers who have not driven more than 25 lifetime wins at Driver Notification Time. * No Claims or Allowances apply.,NR up to 55. PBD/NR. Pacers,435683,/guaranteed-trouble,/courtney-slater,/nicholas-o-connor,"WHITE, BLACK TROWEL & LIGHTNING BOLT",,,GE140826,GEC14082605,3,Geelong,2026-08-14,Ballarat_2200,Ballarat_2200_pacers_mobile,778,446,43.2,31.2,30.8,28.9,28.7,ballarat,2200,pacers,mobile,446.0,46.0,103.0,10.31,33.41,-24.21
BA260826,BA260826_R7,BA260826_R7_FOREGONE CONCLUSION NZ,Ballarat,2026-08-26,Night,Night,7,8:35 PM,2026-08-26T10:35:00+00:00,2026-08-26T20:35:00+10:00,4,FOREGONE CONCLUSION NZ,Palmerbet Vicbred Voucher Concession Drivers Pace,2200,"$8,000",Fr4,Stephen Clarke,Grace Bilney,PACERS,Mobile,VIC,,,False,NR48,11121,* Restricted to Vicbred eligible horses only. * Restricted to Concession Drivers who have not driven more than 25 lifetime wins at Driver Notification Time. * No Claims or Allowances apply.,NR up to 55. PBD/NR. Pacers,3190,/foregone-conclusion-nz,/stephen-clarke,/grace-bilney,"DARK BLUE, RED STARS & SLEEVES, DARK BLUE ARMBAND",,,MX120826,MXC12082603,1,Melton,2026-08-12,Ballarat_2200,Ballarat_2200_pacers_mobile,778,446,43.2,31.2,30.8,28.9,28.7,ballarat,2200,pacers,mobile,446.0,68.0,102.0,15.25,38.12,-4.61
BA260826,BA260826_R7,BA260826_R7_CALEDONIAN RANGER,Ballarat,2026-08-26,Night,Night,7,8:35 PM,2026-08-26T10:35:00+00:00,2026-08-26T20:35:00+10:00,5,CALEDONIAN RANGER,Palmerbet Vicbred Voucher Concession Drivers Pace,2200,"$8,000",Fr5,James Warnock,Olivia Jardine,PACERS,Mobile,VIC,,,False,NR50,23632,* Restricted to Vicbred eligible horses only. * Restricted to Concession Drivers who have not driven more than 25 lifetime wins at Driver Notification Time. * No Claims or Allowances apply.,NR up to 55. PBD/NR. Pacers,387,/caledonian-ranger,/james-warnock,/olivia-jardine,"TARTAN, WHITE SLEEVES",,,GE140826,GEC14082603,2,Geelong,2026-08-14,Ballarat_2200,Ballarat_2200_pacers_mobile,778,446,43.2,31.2,30.8,28.9,28.7,ballarat,2200,pacers,mobile,442.0,57.0,88.0,12.9,32.81,-11.91
BA260826,BA260826_R7,BA260826_R7_MONSIEUR FLAMEL,Ballarat,2026-08-26,Night,Night,7,8:35 PM,2026-08-26T10:35:00+00:00,2026-08-26T20:35:00+10:00,6,MONSIEUR FLAMEL,Palmerbet Vicbred Voucher Concession Drivers Pace,2200,"$8,000",Fr6,Stephen Clarke,Stacie Carbone,PACERS,Mobile,VIC,,,False,NR50,47522,* Restricted to Vicbred eligible horses only. * Restricted to Concession Drivers who have not driven more than 25 lifetime wins at Driver Notification Time. * No Claims or Allowances apply.,NR up to 55. PBD/NR. Pacers,2842,/monsieur-flamel,/stephen-clarke,/stacie-carbone,"WHITE, RED DIAMOND & CROSSED SASHES, RED & WHITE STRIPED SLEEVES, RED CUFFS",,,SP180826,SPC18082603,2,Shepparton,2026-08-18,Ballarat_2200,Ballarat_2200_pacers_mobile,778,446,43.2,31.2,30.8,28.9,28.7,ballarat,2200,pacers,mobile,406.0,47.0,85.0,11.58,32.51,-17.46
BA260826,BA260826_R7,BA260826_R7_MAXBECA,Ballarat,2026-08-26,Night,Night,7,8:35 PM,2026-08-26T10:35:00+00:00,2026-08-26T20:35:00+10:00,7,MAXBECA,Palmerbet Vicbred Voucher Concession Drivers Pace,2200,"$8,000",Fr7,Ben Pell,Riley Pace,PACERS,Mobile,VIC,,,False,NR51,31s42,* Restricted to Vicbred eligible horses only. * Restricted to Concession Drivers who have not driven more than 25 lifetime wins at Driver Notification Time. * No Claims or Allowances apply.,NR up to 55. PBD/NR. Pacers,436030,/maxbeca,/ben-pell,/riley-pace,"WHITE WITH ROYAL BLUE DIAMONDS, LIGHTNING BOLTS AND CUFFS.",,,MX120826,MXC12082602,2,Melton,2026-08-12,Ballarat_2200,Ballarat_2200_pacers_mobile,778,446,43.2,31.2,30.8,28.9,28.7,ballarat,2200,pacers,mobile,281.0,27.0,46.0,9.61,25.98,-13.25
BA260826,BA260826_R7,BA260826_R7_KHANS CREED,Ballarat,2026-08-26,Night,Night,7,8:35 PM,2026-08-26T10:35:00+00:00,2026-08-26T20:35:00+10:00,8,KHANS CREED,Palmerbet Vicbred Voucher Concession Drivers Pace,2200,"$8,000",Sr1,Phillip Attard,Riley Mitchell,PACERS,Mobile,VIC,,,False,NR53,70s57,* Restricted to Vicbred eligible horses only. * Restricted to Concession Drivers who have not driven more than 25 lifetime wins at Driver Notification Time. * No Claims or Allowances apply.,NR up to 55. PBD/NR. Pacers,2757,/khans-creed,/phillip-attard,/riley-mitchell,"GREEN, YELLOW MALTESE CROSS, HOOPED SLEEVES",,,GE140826,GEC14082603,7,Geelong,2026-08-14,Ballarat_2200,Ballarat_2200_pacers_mobile,778,446,43.2,31.2,30.8,28.9,28.7,ballarat,2200,pacers,mobile,379.0,37.0,97.0,9.76,35.36,-19.34
BA260826,BA260826_R8,BA260826_R8_EL TORNADO,Ballarat,2026-08-26,Night,Night,8,9:05 PM,2026-08-26T11:05:00+00:00,2026-08-26T21:05:00+10:00,1,EL TORNADO,Alfredton Laundry Trot,2200,"$6,000",Fr1,Damien Burns,Damien Burns,TROTTERS,Mobile,VIC,,,False,NR51,89384,"* Concession Driver Claims and Mares Allowance apply for eligibility purposes only, not within the barrier draw.",NR up to 59. PBD/NR. Trotters,10872,/el-tornado,/damien-burns,/damien-burns,"ALL BLACK, GREEN STARS, BURNS RACING STABLES LOGO.",,,BA230726,BAC23072608,4,Ballarat,2026-07-23,Ballarat_2200,Ballarat_2200_trotters_mobile,778,287,44.6,31.9,31.4,29.9,29.7,ballarat,2200,trotters,mobile,287.0,24.0,61.0,8.36,29.62,-20.75
BA260826,BA260826_R8,BA260826_R8_PIESRIDINGSHOTGUN,Ballarat,2026-08-26,Night,Night,8,9:05 PM,2026-08-26T11:05:00+00:00,2026-08-26T21:05:00+10:00,2,PIESRIDINGSHOTGUN,Alfredton Laundry Trot,2200,"$6,000",Fr2,Brad Angove,Jordan Leedham,TROTTERS,Mobile,VIC,,,False,NR53,2475s,"* Concession Driver Claims and Mares Allowance apply for eligibility purposes only, not within the barrier draw.",NR up to 59. PBD/NR. Trotters,934,/piesridingshotgun,/brad-angove,/jordan-leedham,"LIGHT BLUE, WHITE DIAMONDS, LIGHT BLUE SLEEVES",,,KI040626,KIC04062607,5,Kilmore,2026-06-04,Ballarat_2200,Ballarat_2200_trotters_mobile,778,287,44.6,31.9,31.4,29.9,29.7,ballarat,2200,trotters,mobile,287.0,22.0,69.0,7.67,31.71,-30.77
BA260826,BA260826_R8,BA260826_R8_DOSSIER,Ballarat,2026-08-26,Night,Night,8,9:05 PM,2026-08-26T11:05:00+00:00,2026-08-26T21:05:00+10:00,3,DOSSIER,Alfredton Laundry Trot,2200,"$6,000",Fr3,Ross Graham,James Herbertson,TROTTERS,Mobile,VIC,,,False,NR55 (A50),85307,"* Concession Driver Claims and Mares Allowance apply for eligibility purposes only, not within the barrier draw.",NR up to 59. PBD/NR. Trotters,432102,/dossier,/ross-graham,/james-herbertson,"GREEN, YELLOW CROSSED SASHES, YELLOW STRIPED SLEEVES & CUFFS",,,KI060826,KIC06082606,7,Kilmore,2026-08-06,Ballarat_2200,Ballarat_2200_trotters_mobile,778,287,44.6,31.9,31.4,29.9,29.7,ballarat,2200,trotters,mobile,287.0,35.0,58.0,12.2,32.4,-9.87
BA260826,BA260826_R8,BA260826_R8_ZARSKI,Ballarat,2026-08-26,Night,Night,8,9:05 PM,2026-08-26T11:05:00+00:00,2026-08-26T21:05:00+10:00,4,ZARSKI,Alfredton Laundry Trot,2200,"$6,000",Fr4,Michael Bellman,Michael Bellman,TROTTERS,Mobile,VIC,,,False,NR56,470s2,"* Concession Driver Claims and Mares Allowance apply for eligibility purposes only, not within the barrier draw.",NR up to 59. PBD/NR. Trotters,436636,/zarski,/michael-bellman,/michael-bellman,"RED, WHITE YOKE & BRACES",,,KI130826,KIC13082606,2,Kilmore,2026-08-13,Ballarat_2200,Ballarat_2200_trotters_mobile,778,287,44.6,31.9,31.4,29.9,29.7,ballarat,2200,trotters,mobile,287.0,42.0,60.0,14.63,35.54,-14.06
BA260826,BA260826_R8,BA260826_R8_SCAR,Ballarat,2026-08-26,Night,Night,8,9:05 PM,2026-08-26T11:05:00+00:00,2026-08-26T21:05:00+10:00,5,SCAR,Alfredton Laundry Trot,2200,"$6,000",Fr5,Robert Young,Robert Young,TROTTERS,Mobile,VIC,,,False,NR58,13123,"* Concession Driver Claims and Mares Allowance apply for eligibility purposes only, not within the barrier draw.",NR up to 59. PBD/NR. Trotters,10927,/scar,/robert-young,/robert-young,"DARK BLUE, WHITE DIAMOND & ARMBANDS",,,MX210826,MXC21082607,3,Melton,2026-08-21,Ballarat_2200,Ballarat_2200_trotters_mobile,778,287,44.6,31.9,31.4,29.9,29.7,ballarat,2200,trotters,mobile,284.0,37.0,77.0,13.03,40.14,-15.1
BA260826,BA260826_R8,BA260826_R8_DESERT ASSASSIN,Ballarat,2026-08-26,Night,Night,8,9:05 PM,2026-08-26T11:05:00+00:00,2026-08-26T21:05:00+10:00,6,DESERT ASSASSIN,Alfredton Laundry Trot,2200,"$6,000",Fr6,Chris Walsh,Hannah Parish,TROTTERS,Mobile,VIC,,,False,NR60 (A55),67s98,"* Concession Driver Claims and Mares Allowance apply for eligibility purposes only, not within the barrier draw.",NR up to 59. PBD/NR. Trotters,4772,/desert-assassin,/chris-walsh,/hannah-parish,"DARK BLUE & ORANGE DIAMONDS, PURPLE SLEEVES",,,HM100826,HMC10082609,8,Hamilton,2026-08-10,Ballarat_2200,Ballarat_2200_trotters_mobile,778,287,44.6,31.9,31.4,29.9,29.7,ballarat,2200,trotters,mobile,261.0,43.0,51.0,16.48,36.02,5.48
BA260826,BA260826_R8,BA260826_R8_IM HAVINTOTROT,Ballarat,2026-08-26,Night,Night,8,9:05 PM,2026-08-26T11:05:00+00:00,2026-08-26T21:05:00+10:00,7,IM HAVINTOTROT,Alfredton Laundry Trot,2200,"$6,000",Fr7,Chris Svanosio,Taylor Youl,TROTTERS,Mobile,VIC,,,False,NR62 (A59),1331s,"* Concession Driver Claims and Mares Allowance apply for eligibility purposes only, not within the barrier draw.",NR up to 59. PBD/NR. Trotters,438603,/im-havintotrot,/chris-svanosio,/taylor-youl,"BLACK & GREEN CHECKS, GREEN SLEEVES",,,BN290426,BNC29042608,1,Bendigo,2026-04-29,Ballarat_2200,Ballarat_2200_trotters_mobile,778,287,44.6,31.9,31.4,29.9,29.7,ballarat,2200,trotters,mobile,179.0,17.0,38.0,9.5,30.73,-28.59
BA260826,BA260826_R8,BA260826_R8_OFF YOUR FACESKI,Ballarat,2026-08-26,Night,Night,8,9:05 PM,2026-08-26T11:05:00+00:00,2026-08-26T21:05:00+10:00,8,OFF YOUR FACESKI,Alfredton Laundry Trot,2200,"$6,000",Sr1,John Hurrell,Ewa Justice,TROTTERS,Mobile,VIC,,,False,NR60 (A57),54419,"* Concession Driver Claims and Mares Allowance apply for eligibility purposes only, not within the barrier draw.",NR up to 59. PBD/NR. Trotters,2740,/off-your-faceski,/john-hurrell,/ewa-justice,"ORANGE, BLACK STAR",,ODM,MX150826,MXM15082609,9,Melton,2026-08-15,Ballarat_2200,Ballarat_2200_trotters_mobile,778,287,44.6,31.9,31.4,29.9,29.7,ballarat,2200,trotters,mobile,256.0,20.0,62.0,7.81,32.03,-32.81
BA260826,BA260826_R9,BA260826_R9_PIPALICIOUS,Ballarat,2026-08-26,Night,Night,9,9:35 PM,2026-08-26T11:35:00+00:00,2026-08-26T21:35:00+10:00,1,PIPALICIOUS,Cooke & Foley Accountants Trot,1710,"$6,000",Fr1,David Van Ryn,John Caldow,TROTTERS,Mobile,VIC,,,False,NR47,59s21,* Restricted to horses with no more than 1 lifetime win. * No Claims or Allowances apply.,0-1 WIN. PBD/LTW. Trotters,440681,/pipalicious,/david-van-ryn,/john-caldow,"DARK GREEN, WHITE YOKE & BRACES, BLACK COLLAR & DIAMONDS",,,MH030826,MHC03082608,1,Maryborough,2026-08-03,Ballarat_1710,Ballarat_1710_trotters_mobile,556,106,6.9,30.1,31.5,29.8,29.7,ballarat,1710,trotters,mobile,106.0,10.0,30.0,9.43,37.74,-10.76
BA260826,BA260826_R9,BA260826_R9_ARZALI,Ballarat,2026-08-26,Night,Night,9,9:35 PM,2026-08-26T11:35:00+00:00,2026-08-26T21:35:00+10:00,2,ARZALI,Cooke & Foley Accountants Trot,1710,"$6,000",Fr2,"D P Barnes, B D Barnes",Ryan Sanderson,TROTTERS,Mobile,VIC,,,False,NR44,04576,* Restricted to horses with no more than 1 lifetime win. * No Claims or Allowances apply.,0-1 WIN. PBD/LTW. Trotters,11012,/arzali,/d-p-barnes-b-d-barnes,/ryan-sanderson,"NAVY BLUE, WHITE BAND V, NAVY BLUE SLEEVES WITH TWO WHITE ARMBANDS",,,GE140826,GEC14082609,6,Geelong,2026-08-14,Ballarat_1710,Ballarat_1710_trotters_mobile,556,106,6.9,30.1,31.5,29.8,29.7,ballarat,1710,trotters,mobile,106.0,18.0,27.0,16.98,42.45,23.43
BA260826,BA260826_R9,BA260826_R9_ROSE ALL DAY,Ballarat,2026-08-26,Night,Night,9,9:35 PM,2026-08-26T11:35:00+00:00,2026-08-26T21:35:00+10:00,3,ROSE ALL DAY,Cooke & Foley Accountants Trot,1710,"$6,000",Fr3,Brent Lilley,Chris Alford,TROTTERS,Mobile,VIC,,,False,NR47,66s34,* Restricted to horses with no more than 1 lifetime win. * No Claims or Allowances apply.,0-1 WIN. PBD/LTW. Trotters,440586,/rose-all-day,/brent-lilley,/chris-alford,"FAWN, DARK BROWN ""B"" LOGO & SLEEVES",,,GE140826,GEC14082608,4,Geelong,2026-08-14,Ballarat_1710,Ballarat_1710_trotters_mobile,556,106,6.9,30.1,31.5,29.8,29.7,ballarat,1710,trotters,mobile,106.0,12.0,18.0,11.32,28.3,-27.51
BA260826,BA260826_R9,BA260826_R9_SAMBEZIA,Ballarat,2026-08-26,Night,Night,9,9:35 PM,2026-08-26T11:35:00+00:00,2026-08-26T21:35:00+10:00,4,SAMBEZIA,Cooke & Foley Accountants Trot,1710,"$6,000",Fr4,Len Maher,Ellen Tormey,TROTTERS,Mobile,VIC,,,False,NR49,6s251,* Restricted to horses with no more than 1 lifetime win. * No Claims or Allowances apply.,0-1 WIN. PBD/LTW. Trotters,436660,/sambezia,/len-maher,/ellen-tormey,"GREEN, PINK BRACES & ARMBANDS",,,MX120826,MXC12082611,1,Melton,2026-08-12,Ballarat_1710,Ballarat_1710_trotters_mobile,556,106,6.9,30.1,31.5,29.8,29.7,ballarat,1710,trotters,mobile,106.0,9.0,28.0,8.49,34.91,-46.55
BA260826,BA260826_R9,BA260826_R9_RAMA SAIGO,Ballarat,2026-08-26,Night,Night,9,9:35 PM,2026-08-26T11:35:00+00:00,2026-08-26T21:35:00+10:00,5,RAMA SAIGO,Cooke & Foley Accountants Trot,1710,"$6,000",Fr5,"M A Lee, P D Lee",Jason Lee,TROTTERS,Mobile,VIC,,,False,NR54,3212,* Restricted to horses with no more than 1 lifetime win. * No Claims or Allowances apply.,0-1 WIN. PBD/LTW. Trotters,438246,/rama-saigo,/m-a-lee-p-lee,/jason-lee,,,,GE140826,GEC14082609,2,Geelong,2026-08-14,Ballarat_1710,Ballarat_1710_trotters_mobile,556,106,6.9,30.1,31.5,29.8,29.7,ballarat,1710,trotters,mobile,106.0,13.0,28.0,12.26,38.68,-23.34
BA260826,BA260826_R9,BA260826_R9_CARTACALHA,Ballarat,2026-08-26,Night,Night,9,9:35 PM,2026-08-26T11:35:00+00:00,2026-08-26T21:35:00+10:00,6,CARTACALHA,Cooke & Foley Accountants Trot,1710,"$6,000",Fr6,Brent Lilley,Tristan Larsen,TROTTERS,Mobile,VIC,,,False,NR51,65524,* Restricted to horses with no more than 1 lifetime win. * No Claims or Allowances apply.,0-1 WIN. PBD/LTW. Trotters,439878,/cartacalha,/brent-lilley,/tristan-larsen,"GREEN, GOLD & PURPLE CHECKED SASH",,,MX070826,MXC07082608,4,Melton,2026-08-07,Ballarat_1710,Ballarat_1710_trotters_mobile,556,106,6.9,30.1,31.5,29.8,29.7,ballarat,1710,trotters,mobile,102.0,15.0,18.0,14.71,32.35,-1.34
BA260826,BA260826_R9,BA260826_R9_THE FASHIONISTA,Ballarat,2026-08-26,Night,Night,9,9:35 PM,2026-08-26T11:35:00+00:00,2026-08-26T21:35:00+10:00,7,THE FASHIONISTA,Cooke & Foley Accountants Trot,1710,"$6,000",Fr7,Michael Barby,Josh Duggan,TROTTERS,Mobile,VIC,,,False,NR49,54025,* Restricted to horses with no more than 1 lifetime win. * No Claims or Allowances apply.,0-1 WIN. PBD/LTW. Trotters,436392,/the-fashionista,/michael-barby,/josh-duggan,"WHITE, BLACK HORSE, PURPLE COLLAR, WAISTBAND & SLEEVES",,ODM,MX240726,MXC24072613,5,Melton,2026-07-24,Ballarat_1710,Ballarat_1710_trotters_mobile,556,106,6.9,30.1,31.5,29.8,29.7,ballarat,1710,trotters,mobile,70.0,8.0,18.0,11.43,37.14,-15.72
BA260826,BA260826_R9,BA260826_R9_I AM SKYE CHIOLA,Ballarat,2026-08-26,Night,Night,9,9:35 PM,2026-08-26T11:35:00+00:00,2026-08-26T21:35:00+10:00,8,I AM SKYE CHIOLA,Cooke & Foley Accountants Trot,1710,"$6,000",Sr1,Janet Exell,Luke Sutherland,TROTTERS,Mobile,VIC,,,False,NR45,92124,* Restricted to horses with no more than 1 lifetime win. * No Claims or Allowances apply.,0-1 WIN. PBD/LTW. Trotters,435487,/i-am-skye-chiola,/janet-exell,/luke-sutherland,EMERALD GREEN,,ODM,BA190826,BAC19082609,4,Ballarat,2026-08-19,Ballarat_1710,Ballarat_1710_trotters_mobile,556,106,6.9,30.1,31.5,29.8,29.7,ballarat,1710,trotters,mobile,96.0,8.0,16.0,8.33,25.0,-23.29
BA260826,BA260826_R10,BA260826_R10_ARGYLE MUSE,Ballarat,2026-08-26,Night,Night,10,10:04 PM,2026-08-26T12:04:00+00:00,2026-08-26T22:04:00+10:00,1,ARGYLE MUSE,Ferndale Foods Australia Trot,1710,"$6,000",Fr1,Jason Ainsworth,Jason Ainsworth,TROTTERS,Mobile,VIC,,,False,NR51,35353,* Restricted to horses with no more than 1 lifetime win. * No Claims or Allowances apply.,0-1 WIN. PBD/LTW. Trotters,440859,/argyle-muse,/jason-ainsworth,/jason-ainsworth,"TEAL, HOT PINK DIAMOND, HOT PINK SLEEVES.",,,BA190826,BAC19082608,3,Ballarat,2026-08-19,Ballarat_1710,Ballarat_1710_trotters_mobile,556,106,6.9,30.1,31.5,29.8,29.7,ballarat,1710,trotters,mobile,106.0,10.0,30.0,9.43,37.74,-10.76
BA260826,BA260826_R10,BA260826_R10_DANCE FIGHTER,Ballarat,2026-08-26,Night,Night,10,10:04 PM,2026-08-26T12:04:00+00:00,2026-08-26T22:04:00+10:00,2,DANCE FIGHTER,Ferndale Foods Australia Trot,1710,"$6,000",Fr2,Anne-Maree Conroy,Anne-Maree Conroy,TROTTERS,Mobile,VIC,,,False,NR52,6s353,* Restricted to horses with no more than 1 lifetime win. * No Claims or Allowances apply.,0-1 WIN. PBD/LTW. Trotters,59398,/dance-fighter,/anne-maree-conroy,/anne-maree-conroy,"YELLOW, BLACK V",,,GE140826,GEC14082609,3,Geelong,2026-08-14,Ballarat_1710,Ballarat_1710_trotters_mobile,556,106,6.9,30.1,31.5,29.8,29.7,ballarat,1710,trotters,mobile,106.0,18.0,27.0,16.98,42.45,23.43
BA260826,BA260826_R10,BA260826_R10_COOPER KAI,Ballarat,2026-08-26,Night,Night,10,10:04 PM,2026-08-26T12:04:00+00:00,2026-08-26T22:04:00+10:00,3,COOPER KAI,Ferndale Foods Australia Trot,1710,"$6,000",Fr3,Joe Attard,Joe Attard,TROTTERS,Mobile,VIC,,,False,NR47,0160s,* Restricted to horses with no more than 1 lifetime win. * No Claims or Allowances apply.,0-1 WIN. PBD/LTW. Trotters,439449,/cooper-kai,/joe-attard,/joe-attard,"LIGHT BLUE, BLACK HORSESHOE & SLEEVES",,,MX131225,MXM13122509,12,Melton,2025-12-13,Ballarat_1710,Ballarat_1710_trotters_mobile,556,106,6.9,30.1,31.5,29.8,29.7,ballarat,1710,trotters,mobile,106.0,12.0,18.0,11.32,28.3,-27.51
BA260826,BA260826_R10,BA260826_R10_FAR AS POSSIBLE,Ballarat,2026-08-26,Night,Night,10,10:04 PM,2026-08-26T12:04:00+00:00,2026-08-26T22:04:00+10:00,4,FAR AS POSSIBLE,Ferndale Foods Australia Trot,1710,"$6,000",Fr4,Scott Torney,Scott Torney,TROTTERS,Mobile,VIC,,,False,NR44,00957,* Restricted to horses with no more than 1 lifetime win. * No Claims or Allowances apply.,0-1 WIN. PBD/LTW. Trotters,128467,/far-as-possible,/scott-torney,/scott-torney,"PURPLE, PINK SASH, GREEN SLEEVES",,,BA190826,BAC19082609,7,Ballarat,2026-08-19,Ballarat_1710,Ballarat_1710_trotters_mobile,556,106,6.9,30.1,31.5,29.8,29.7,ballarat,1710,trotters,mobile,106.0,9.0,28.0,8.49,34.91,-46.55
BA260826,BA260826_R10,BA260826_R10_I CHOOSE YOU,Ballarat,2026-08-26,Night,Night,10,10:04 PM,2026-08-26T12:04:00+00:00,2026-08-26T22:04:00+10:00,5,I CHOOSE YOU,Ferndale Foods Australia Trot,1710,"$6,000",Fr5,Billy Muscat,Michael Stanley,TROTTERS,Mobile,VIC,,,False,NR48,6047s,* Restricted to horses with no more than 1 lifetime win. * No Claims or Allowances apply.,0-1 WIN. PBD/LTW. Trotters,440939,/i-choose-you,/billy-muscat,/michael-stanley,"YELLOW, PURPLE BAND & SLEEVES",,,PC210426,PCC21042610,7,Tabcorp Pk Menangle,2026-04-21,Ballarat_1710,Ballarat_1710_trotters_mobile,556,106,6.9,30.1,31.5,29.8,29.7,ballarat,1710,trotters,mobile,106.0,13.0,28.0,12.26,38.68,-23.34
BA260826,BA260826_R10,BA260826_R10_LOVE ME AGAIN NZ,Ballarat,2026-08-26,Night,Night,10,10:04 PM,2026-08-26T12:04:00+00:00,2026-08-26T22:04:00+10:00,6,LOVE ME AGAIN NZ,Ferndale Foods Australia Trot,1710,"$6,000",Fr6,Brent Lilley,Tristan Larsen,TROTTERS,Mobile,VIC,,,False,NR47,52790,* Restricted to horses with no more than 1 lifetime win. * No Claims or Allowances apply.,0-1 WIN. PBD/LTW. Trotters,6139,/love-me-again-nz,/brent-lilley,/tristan-larsen,"GREEN, GOLD & PURPLE CHECKED SASH",,ODM,KI200826,KIC20082609,10,Kilmore,2026-08-20,Ballarat_1710,Ballarat_1710_trotters_mobile,556,106,6.9,30.1,31.5,29.8,29.7,ballarat,1710,trotters,mobile,102.0,15.0,18.0,14.71,32.35,-1.34
BA260826,BA260826_R10,BA260826_R10_JUST ME AND YOU,Ballarat,2026-08-26,Night,Night,10,10:04 PM,2026-08-26T12:04:00+00:00,2026-08-26T22:04:00+10:00,7,JUST ME AND YOU,Ferndale Foods Australia Trot,1710,"$6,000",Fr7,Brent Lilley,Chris Alford,TROTTERS,Mobile,VIC,,,False,NR50,27173,* Restricted to horses with no more than 1 lifetime win. * No Claims or Allowances apply.,0-1 WIN. PBD/LTW. Trotters,438903,/just-me-and-you,/brent-lilley,/chris-alford,"GREEN, GOLD & PURPLE CHECKED SASH",,ODM,KI060826,KIC06082608,3,Kilmore,2026-08-06,Ballarat_1710,Ballarat_1710_trotters_mobile,556,106,6.9,30.1,31.5,29.8,29.7,ballarat,1710,trotters,mobile,70.0,8.0,18.0,11.43,37.14,-15.72
BH260826,BH260826_R1,BH260826_R1_RUNKLE,Bathurst,2026-08-26,Night,Night,1,5:12 PM,2026-08-26T07:12:00+00:00,2026-08-26T17:12:00+10:00,1,RUNKLE,Little Wych Premium Spelling Pace,1730,"$9,792",Fr1,Aaron Williams,Jett Turnbull,PACERS,Mobile,NSW,,,False,NR58,09645,"Dual Concessions apply (Driver, Mare). Also eligible Claimers with a Claiming Price of $5, 000 (GST Inclusive). A 1% deduction for Equine Rehoming will be applied to all prizemoney prior to distribution.",NR up to 58. PBD/LTW. Pacers,147067,/runkle,/aaron-williams,/jett-turnbull,"ORANGE, WHITE YOKE & BRACES, ORANGE STARS, BLACK SLEEVES,WHITE STARS",,,BH190826,BHC19082606,5,Bathurst,2026-08-19,Bathurst_1730,Bathurst_1730_pacers_mobile,2266,2248,8.2,29.1,30.8,28.8,28.8,bathurst,1730,pacers,mobile,2248.0,281.0,633.0,12.5,40.66,-23.71
BH260826,BH260826_R1,BH260826_R1_HOPPALONGPOG,Bathurst,2026-08-26,Night,Night,1,5:12 PM,2026-08-26T07:12:00+00:00,2026-08-26T17:12:00+10:00,2,HOPPALONGPOG,Little Wych Premium Spelling Pace,1730,"$9,792",Fr2,Mat Rue,Blake Medlyn,PACERS,Mobile,NSW,,,False,NR61 (A58),46453,"Dual Concessions apply (Driver, Mare). Also eligible Claimers with a Claiming Price of $5, 000 (GST Inclusive). A 1% deduction for Equine Rehoming will be applied to all prizemoney prior to distribution.",NR up to 58. PBD/LTW. Pacers,435436,/hoppalongpog,/mat-rue,/blake-medlyn,"RED, TWO WHITE FLOWING RIVERS",,,BH120826,BHC12082605,3,Bathurst,2026-08-12,Bathurst_1730,Bathurst_1730_pacers_mobile,2266,2248,8.2,29.1,30.8,28.8,28.8,bathurst,1730,pacers,mobile,2247.0,225.0,515.0,10.01,32.93,-31.67
BH260826,BH260826_R1,BH260826_R1_D J ROCK NZ,Bathurst,2026-08-26,Night,Night,1,5:12 PM,2026-08-26T07:12:00+00:00,2026-08-26T17:12:00+10:00,3,D J ROCK NZ,Little Wych Premium Spelling Pace,1730,"$9,792",Fr3,Simon Jnr Bigeni,Jake Bigeni,PACERS,Mobile,NSW,,,False,NR63 (A58),61189,"Dual Concessions apply (Driver, Mare). Also eligible Claimers with a Claiming Price of $5, 000 (GST Inclusive). A 1% deduction for Equine Rehoming will be applied to all prizemoney prior to distribution.",NR up to 58. PBD/LTW. Pacers,433723,/d-j-rock-nz-433723,/simon-jnr-bigeni,/jake-bigeni,"BLACK & WHITE STRIPES, DARK BLUE SLEEVES",,,PC110826,PCC11082603,9,Tabcorp Pk Menangle,2026-08-11,Bathurst_1730,Bathurst_1730_pacers_mobile,2266,2248,8.2,29.1,30.8,28.8,28.8,bathurst,1730,pacers,mobile,2247.0,231.0,423.0,10.28,29.11,-26.23
BH260826,BH260826_R1,BH260826_R1_NOSAER,Bathurst,2026-08-26,Night,Night,1,5:12 PM,2026-08-26T07:12:00+00:00,2026-08-26T17:12:00+10:00,4,NOSAER,Little Wych Premium Spelling Pace,1730,"$9,792",Fr4,Nathan Turnbull,,PACERS,Mobile,NSW,,,False,NR63 (A58),63398,"Dual Concessions apply (Driver, Mare). Also eligible Claimers with a Claiming Price of $5, 000 (GST Inclusive). A 1% deduction for Equine Rehoming will be applied to all prizemoney prior to distribution.",NR up to 58. PBD/LTW. Pacers,3342,/nosaer,/nathan-turnbull,,"DARK BLUE, RED YOKE & SLEEVES, DARK BLUE STARS & T",,,BH190826,BHC19082606,8,Bathurst,2026-08-19,Bathurst_1730,Bathurst_1730_pacers_mobile,2266,2248,8.2,29.1,30.8,28.8,28.8,bathurst,1730,pacers,mobile,2246.0,259.0,504.0,11.53,33.97,-20.49
BH260826,BH260826_R1,BH260826_R1_ALWAYSBMINNIE,Bathurst,2026-08-26,Night,Night,1,5:12 PM,2026-08-26T07:12:00+00:00,2026-08-26T17:12:00+10:00,5,ALWAYSBMINNIE,Little Wych Premium Spelling Pace,1730,"$9,792",Fr5,Justin Reynolds,Vaughan Duncan,PACERS,Mobile,NSW,,,False,NR67 (A57),6990s,"Dual Concessions apply (Driver, Mare). Also eligible Claimers with a Claiming Price of $5, 000 (GST Inclusive). A 1% deduction for Equine Rehoming will be applied to all prizemoney prior to distribution.",NR up to 58. PBD/LTW. Pacers,9017,/alwaysbminnie,/justin-reynolds,/vaughan-duncan,"BLUE, WHITE YOKE & ORANGE STARS, BLUE & ORANGE & WHITE DIAGONAL STRIPES, WHITE SLEEVES, BLUE HALF",,,BH250226,BHC25022608,10,Bathurst,2026-02-25,Bathurst_1730,Bathurst_1730_pacers_mobile,2266,2248,8.2,29.1,30.8,28.8,28.8,bathurst,1730,pacers,mobile,2245.0,295.0,495.0,13.14,35.19,-5.12
BH260826,BH260826_R1,BH260826_R1_JEKAMIAS NZ,Bathurst,2026-08-26,Night,Night,1,5:12 PM,2026-08-26T07:12:00+00:00,2026-08-26T17:12:00+10:00,6,JEKAMIAS NZ,Little Wych Premium Spelling Pace,1730,"$9,792",Fr6,Josh Powderly,Harrison Ross,PACERS,Mobile,NSW,,,False,NR58,03875,"Dual Concessions apply (Driver, Mare). Also eligible Claimers with a Claiming Price of $5, 000 (GST Inclusive). A 1% deduction for Equine Rehoming will be applied to all prizemoney prior to distribution.",NR up to 58. PBD/LTW. Pacers,2161,/jekamias-nz,/josh-powderly,/harrison-ross,"BLUE, ORANGE YOKE & BRACES, BLUE STARS, BLUE SLEEVES, ORANGE CUFFS, ORANGE ""HR"" INITIALS",,,BH120826,BHC12082605,5,Bathurst,2026-08-12,Bathurst_1730,Bathurst_1730_pacers_mobile,2266,2248,8.2,29.1,30.8,28.8,28.8,bathurst,1730,pacers,mobile,2215.0,258.0,440.0,11.65,31.51,-9.28
BH260826,BH260826_R1,BH260826_R1_RONZEL SONNY,Bathurst,2026-08-26,Night,Night,1,5:12 PM,2026-08-26T07:12:00+00:00,2026-08-26T17:12:00+10:00,7,RONZEL SONNY,Little Wych Premium Spelling Pace,1730,"$9,792",Fr7,Nathan Turnbull,Jett Turnbull,PACERS,Mobile,NSW,,,False,NR58,18983,"Dual Concessions apply (Driver, Mare). Also eligible Claimers with a Claiming Price of $5, 000 (GST Inclusive). A 1% deduction for Equine Rehoming will be applied to all prizemoney prior to distribution.",NR up to 58. PBD/LTW. Pacers,393,/ronzel-sonny,/nathan-turnbull,/jett-turnbull,"DARK BLUE, RED YOKE & SLEEVES, DARK BLUE STARS & T",,,BH190826,BHC19082606,3,Bathurst,2026-08-19,Bathurst_1730,Bathurst_1730_pacers_mobile,2266,2248,8.2,29.1,30.8,28.8,28.8,bathurst,1730,pacers,mobile,2076.0,187.0,375.0,9.01,27.07,-14.26
BH260826,BH260826_R1,BH260826_R1_HOLY CAMP DILLON,Bathurst,2026-08-26,Night,Night,1,5:12 PM,2026-08-26T07:12:00+00:00,2026-08-26T17:12:00+10:00,8,HOLY CAMP DILLON,Little Wych Premium Spelling Pace,1730,"$9,792",Fr8,Josh Turnbull,Ella Turnbull,PACERS,Mobile,NSW,,,False,NR62 (A57),75938,"Dual Concessions apply (Driver, Mare). Also eligible Claimers with a Claiming Price of $5, 000 (GST Inclusive). A 1% deduction for Equine Rehoming will be applied to all prizemoney prior to distribution.",NR up to 58. PBD/LTW. Pacers,2560,/holy-camp-dillon,/josh-turnbull,/ella-turnbull,"RED, DARK BLUE YOKE & BRACES, STRIPED SLEEVES",,,PK210826,PKC21082605,8,Parkes,2026-08-21,Bathurst_1730,Bathurst_1730_pacers_mobile,2266,2248,8.2,29.1,30.8,28.8,28.8,bathurst,1730,pacers,mobile,1445.0,114.0,226.0,7.89,23.53,-15.63
BH260826,BH260826_R1,BH260826_R1_IM DESIRABLE,Bathurst,2026-08-26,Night,Night,1,5:12 PM,2026-08-26T07:12:00+00:00,2026-08-26T17:12:00+10:00,9,IM DESIRABLE,Little Wych Premium Spelling Pace,1730,"$9,792",Sr1,Mitch Turnbull,Chloe Formosa,PACERS,Mobile,NSW,,,False,NR63 (A58),36894,"Dual Concessions apply (Driver, Mare). Also eligible Claimers with a Claiming Price of $5, 000 (GST Inclusive). A 1% deduction for Equine Rehoming will be applied to all prizemoney prior to distribution.",NR up to 58. PBD/LTW. Pacers,3441,/im-desirable,/mitch-turnbull,/chloe-formosa,"RED, BLUE CHEVRONS WITH WHITE BORDER, RED SLEEVES WITH LETTER ""T"", BLUE CUFFS WITH WHITE BORDER",,,BH120826,BHC12082606,4,Bathurst,2026-08-12,Bathurst_1730,Bathurst_1730_pacers_mobile,2266,2248,8.2,29.1,30.8,28.8,28.8,bathurst,1730,pacers,mobile,1885.0,189.0,514.0,10.03,37.29,-23.28
BH260826,BH260826_R1,BH260826_R1_BUTTER CUP,Bathurst,2026-08-26,Night,Night,1,5:12 PM,2026-08-26T07:12:00+00:00,2026-08-26T17:12:00+10:00,10,BUTTER CUP,Little Wych Premium Spelling Pace,1730,"$9,792",Sr2,Nathan Townsend,Paula Sapio,PACERS,Mobile,NSW,,,False,NR65 (A57),41353,"Dual Concessions apply (Driver, Mare). Also eligible Claimers with a Claiming Price of $5, 000 (GST Inclusive). A 1% deduction for Equine Rehoming will be applied to all prizemoney prior to distribution.",NR up to 58. PBD/LTW. Pacers,221,/butter-cup,/nathan-townsend,/paula-sapio,,,,BH190826,BHC19082605,3,Bathurst,2026-08-19,Bathurst_1730,Bathurst_1730_pacers_mobile,2266,2248,8.2,29.1,30.8,28.8,28.8,bathurst,1730,pacers,mobile,1504.0,179.0,321.0,11.9,33.24,-15.19
BH260826,BH260826_R2,BH260826_R2_HASHTAG HECTOR,Bathurst,2026-08-26,Night,Night,2,5:40 PM,2026-08-26T07:40:00+00:00,2026-08-26T17:40:00+10:00,1,HASHTAG HECTOR,Bedwells Feed Barn Blended Stockfeed 3yo Pace,1730,"$15,300",Fr1,Darryl Munro,Cindy Bourke,PACERS,Mobile,NSW,,,False,NR43,09n76,No Concessions. First Preference for 3YO Pacers eligible for NSW Breeders Challenge. A 1% deduction for Equine Rehoming will be applied to all prizemoney prior to distribution.,3YO. NR up to 58. PBD/NR. Pacers,439821,/hashtag-hector,/darryl-munro,/cindy-bourke,"BROWN & LIGHT GREEN DIAMONDS, HOOPED SLEEVES",,,BH050826,BHC05082601,6,Bathurst,2026-08-05,Bathurst_1730,Bathurst_1730_pacers_mobile,2266,2248,8.2,29.1,30.8,28.8,28.8,bathurst,1730,pacers,mobile,2248.0,281.0,633.0,12.5,40.66,-23.71
BH260826,BH260826_R2,BH260826_R2_CHEVAL TIGER,Bathurst,2026-08-26,Night,Night,2,5:40 PM,2026-08-26T07:40:00+00:00,2026-08-26T17:40:00+10:00,2,CHEVAL TIGER,Bedwells Feed Barn Blended Stockfeed 3yo Pace,1730,"$15,300",Fr2,Steve Turnbull,,PACERS,Mobile,NSW,,,False,NR48,75217,No Concessions. First Preference for 3YO Pacers eligible for NSW Breeders Challenge. A 1% deduction for Equine Rehoming will be applied to all prizemoney prior to distribution.,3YO. NR up to 58. PBD/NR. Pacers,440123,/cheval-tiger,/steve-turnbull,,"RED, DARK BLUE SPOTS, HOOPED SLEEVES",,,BH190826,BHC19082613,7,Bathurst,2026-08-19,Bathurst_1730,Bathurst_1730_pacers_mobile,2266,2248,8.2,29.1,30.8,28.8,28.8,bathurst,1730,pacers,mobile,2247.0,225.0,515.0,10.01,32.93,-31.67
BH260826,BH260826_R2,BH260826_R2_CHEVAL JULIA,Bathurst,2026-08-26,Night,Night,2,5:40 PM,2026-08-26T07:40:00+00:00,2026-08-26T17:40:00+10:00,3,CHEVAL JULIA,Bedwells Feed Barn Blended Stockfeed 3yo Pace,1730,"$15,300",Fr3,Steve Turnbull,,PACERS,Mobile,NSW,,,False,NR48,75372,No Concessions. First Preference for 3YO Pacers eligible for NSW Breeders Challenge. A 1% deduction for Equine Rehoming will be applied to all prizemoney prior to distribution.,3YO. NR up to 58. PBD/NR. Pacers,438406,/cheval-julia,/steve-turnbull,,"RED, DARK BLUE SPOTS, HOOPED SLEEVES",,,BH190826,BHC19082604,2,Bathurst,2026-08-19,Bathurst_1730,Bathurst_1730_pacers_mobile,2266,2248,8.2,29.1,30.8,28.8,28.8,bathurst,1730,pacers,mobile,2247.0,231.0,423.0,10.28,29.11,-26.23
BH260826,BH260826_R2,BH260826_R2_TIGER JEWEL,Bathurst,2026-08-26,Night,Night,2,5:40 PM,2026-08-26T07:40:00+00:00,2026-08-26T17:40:00+10:00,4,TIGER JEWEL,Bedwells Feed Barn Blended Stockfeed 3yo Pace,1730,"$15,300",Fr4,Bernie Hewitt,Jason Hewitt,PACERS,Mobile,NSW,,,False,NR49,31588,No Concessions. First Preference for 3YO Pacers eligible for NSW Breeders Challenge. A 1% deduction for Equine Rehoming will be applied to all prizemoney prior to distribution.,3YO. NR up to 58. PBD/NR. Pacers,438704,/tiger-jewel,/bernie-hewitt,/jason-hewitt,"WHITE, RED HORSESHOES, WHITE SLEEVES WITH RED VERTICAL STRIPES",,,PC150826,PCM15082610,8,Tabcorp Pk Menangle,2026-08-15,Bathurst_1730,Bathurst_1730_pacers_mobile,2266,2248,8.2,29.1,30.8,28.8,28.8,bathurst,1730,pacers,mobile,2246.0,259.0,504.0,11.53,33.97,-20.49
BH260826,BH260826_R2,BH260826_R2_HEARTOF KINGSCLAIR,Bathurst,2026-08-26,Night,Night,2,5:40 PM,2026-08-26T07:40:00+00:00,2026-08-26T17:40:00+10:00,5,HEARTOF KINGSCLAIR,Bedwells Feed Barn Blended Stockfeed 3yo Pace,1730,"$15,300",Fr5,Bernie Hewitt,Paula Sapio,PACERS,Mobile,NSW,,,False,NR52,31443,No Concessions. First Preference for 3YO Pacers eligible for NSW Breeders Challenge. A 1% deduction for Equine Rehoming will be applied to all prizemoney prior to distribution.,3YO. NR up to 58. PBD/NR. Pacers,438547,/heartof-kingsclair,/bernie-hewitt,/paula-sapio,"PINK & GREY HALVES, PINK & GREY SLEEVES",,,BH190826,BHC19082613,3,Bathurst,2026-08-19,Bathurst_1730,Bathurst_1730_pacers_mobile,2266,2248,8.2,29.1,30.8,28.8,28.8,bathurst,1730,pacers,mobile,2245.0,295.0,495.0,13.14,35.19,-5.12
BH260826,BH260826_R2,BH260826_R2_STAY LUCKY,Bathurst,2026-08-26,Night,Night,2,5:40 PM,2026-08-26T07:40:00+00:00,2026-08-26T17:40:00+10:00,6,STAY LUCKY,Bedwells Feed Barn Blended Stockfeed 3yo Pace,1730,"$15,300",Fr6,Mat Rue,Mat Rue,PACERS,Mobile,NSW,,,False,NR52,26959,No Concessions. First Preference for 3YO Pacers eligible for NSW Breeders Challenge. A 1% deduction for Equine Rehoming will be applied to all prizemoney prior to distribution.,3YO. NR up to 58. PBD/NR. Pacers,439421,/stay-lucky,/mat-rue,/mat-rue,"DARK BLUE, WHITE STARS, HOOPED SLEEVES",,,BH190826,BHC19082613,9,Bathurst,2026-08-19,Bathurst_1730,Bathurst_1730_pacers_mobile,2266,2248,8.2,29.1,30.8,28.8,28.8,bathurst,1730,pacers,mobile,2215.0,258.0,440.0,11.65,31.51,-9.28
BH260826,BH260826_R2,BH260826_R2_INTERESTINME,Bathurst,2026-08-26,Night,Night,2,5:40 PM,2026-08-26T07:40:00+00:00,2026-08-26T17:40:00+10:00,7,INTERESTINME,Bedwells Feed Barn Blended Stockfeed 3yo Pace,1730,"$15,300",Fr-,Nathan Turnbull,Jett Turnbull,PACERS,Mobile,NSW,,,False,NR55,31224,No Concessions. First Preference for 3YO Pacers eligible for NSW Breeders Challenge. A 1% deduction for Equine Rehoming will be applied to all prizemoney prior to distribution.,3YO. NR up to 58. PBD/NR. Pacers,438760,/interestinme,/nathan-turnbull,/jett-turnbull,"DARK BLUE, RED YOKE & SLEEVES, DARK BLUE STARS & T",1.0,,BH190826,BHC19082613,4,Bathurst,2026-08-19,Bathurst_1730,Bathurst_1730_pacers_mobile,2266,2248,8.2,29.1,30.8,28.8,28.8,bathurst,1730,pacers,mobile,0.0,0.0,0.0,0.0,0.0,0.0
BH260826,BH260826_R2,BH260826_R2_CALL ME BILLY,Bathurst,2026-08-26,Night,Night,2,5:40 PM,2026-08-26T07:40:00+00:00,2026-08-26T17:40:00+10:00,8,CALL ME BILLY,Bedwells Feed Barn Blended Stockfeed 3yo Pace,1730,"$15,300",Fr7,Nathan Hurst,Nathan Hurst,PACERS,Mobile,NSW,,,False,NR56,s1328,No Concessions. First Preference for 3YO Pacers eligible for NSW Breeders Challenge. A 1% deduction for Equine Rehoming will be applied to all prizemoney prior to distribution.,3YO. NR up to 58. PBD/NR. Pacers,439244,/call-me-billy,/nathan-hurst,/nathan-hurst,"RED, WHITE DIAGONAL STRIPES, WHITE SLEEVES, RED ARMBANDS",,,BH190826,BHC19082613,8,Bathurst,2026-08-19,Bathurst_1730,Bathurst_1730_pacers_mobile,2266,2248,8.2,29.1,30.8,28.8,28.8,bathurst,1730,pacers,mobile,2076.0,187.0,375.0,9.01,27.07,-14.26
BH260826,BH260826_R2,BH260826_R2_BETTORS CREATION,Bathurst,2026-08-26,Night,Night,2,5:40 PM,2026-08-26T07:40:00+00:00,2026-08-26T17:40:00+10:00,9,BETTORS CREATION,Bedwells Feed Barn Blended Stockfeed 3yo Pace,1730,"$15,300",Sr1,Jarrod Alchin,Cameron Hart,PACERS,Mobile,NSW,,,False,NR56,11s,No Concessions. First Preference for 3YO Pacers eligible for NSW Breeders Challenge. A 1% deduction for Equine Rehoming will be applied to all prizemoney prior to distribution.,3YO. NR up to 58. PBD/NR. Pacers,438593,/bettors-creation,/jarrod-alchin,/cameron-hart,"BLUE WITH YELLOW YOKE & BRACES, BLUE STARS, BLUE SLEEVES WITH YELLOW ""H"" AND YELLOW CUFFS",,,PC140625,PCM14062508,1,Tabcorp Pk Menangle,2025-06-14,Bathurst_1730,Bathurst_1730_pacers_mobile,2266,2248,8.2,29.1,30.8,28.8,28.8,bathurst,1730,pacers,mobile,1885.0,189.0,514.0,10.03,37.29,-23.28
BH260826,BH260826_R2,BH260826_R2_AWICKED WOMAN,Bathurst,2026-08-26,Night,Night,2,5:40 PM,2026-08-26T07:40:00+00:00,2026-08-26T17:40:00+10:00,10,AWICKED WOMAN,Bedwells Feed Barn Blended Stockfeed 3yo Pace,1730,"$15,300",Sr2,Nathan Turnbull,Jett Turnbull,PACERS,Mobile,NSW,,,False,NR57,11616,No Concessions. First Preference for 3YO Pacers eligible for NSW Breeders Challenge. A 1% deduction for Equine Rehoming will be applied to all prizemoney prior to distribution.,3YO. NR up to 58. PBD/NR. Pacers,438180,/awicked-woman,/nathan-turnbull,/jett-turnbull,"DARK BLUE, RED YOKE & SLEEVES, DARK BLUE STARS & T",,,BH190826,BHC19082613,6,Bathurst,2026-08-19,Bathurst_1730,Bathurst_1730_pacers_mobile,2266,2248,8.2,29.1,30.8,28.8,28.8,bathurst,1730,pacers,mobile,1504.0,179.0,321.0,11.9,33.24,-15.19
BH260826,BH260826_R2,BH260826_R2_AURORA MIGHTY ROB,Bathurst,2026-08-26,Night,Night,2,5:40 PM,2026-08-26T07:40:00+00:00,2026-08-26T17:40:00+10:00,11,AURORA MIGHTY ROB,Bedwells Feed Barn Blended Stockfeed 3yo Pace,1730,"$15,300",Sr3,Amanda Turnbull,Amanda Turnbull,PACERS,Mobile,NSW,,,False,NR58,3119s,No Concessions. First Preference for 3YO Pacers eligible for NSW Breeders Challenge. A 1% deduction for Equine Rehoming will be applied to all prizemoney prior to distribution.,3YO. NR up to 58. PBD/NR. Pacers,439836,/aurora-mighty-rob,/amanda-turnbull,/amanda-turnbull,"RED, WHITE YOKE, BLUE STARS, BRACES & SLEEVES",,,BH060526,BHC06052601,9,Bathurst,2026-05-06,Bathurst_1730,Bathurst_1730_pacers_mobile,2266,2248,8.2,29.1,30.8,28.8,28.8,bathurst,1730,pacers,mobile,185.0,16.0,46.0,8.65,33.51,-34.41
BH260826,BH260826_R3,BH260826_R3_BETTER SHUSH,Bathurst,2026-08-26,Night,Night,3,6:12 PM,2026-08-26T08:12:00+00:00,2026-08-26T18:12:00+10:00,1,BETTER SHUSH,Vale Allan Ross,1730,"$9,792",Fr1,Josh Turnbull,Ella Turnbull,PACERS,Mobile,NSW,,,False,NR64,98697,"Dual Concessions apply (Driver, Mare). A 1% deduction for Equine Rehoming will be applied to all prizemoney prior to distribution.",NR up to 65. PBD/L5$. Pacers,10961,/better-shush,/josh-turnbull,/ella-turnbull,"RED, BLUE YOKE & BRACES, FOUR RED STARS, BLUE SLEEVES, RED CUFFS, LETTER ""T""",,,BH120826,BHC12082616,7,Bathurst,2026-08-12,Bathurst_1730,Bathurst_1730_pacers_mobile,2266,2248,8.2,29.1,30.8,28.8,28.8,bathurst,1730,pacers,mobile,2248.0,281.0,633.0,12.5,40.66,-23.71
BH260826,BH260826_R3,BH260826_R3_HES CHIMING,Bathurst,2026-08-26,Night,Night,3,6:12 PM,2026-08-26T08:12:00+00:00,2026-08-26T18:12:00+10:00,2,HES CHIMING,Vale Allan Ross,1730,"$9,792",Fr2,Nathan Turnbull,Jett Turnbull,PACERS,Mobile,NSW,,,False,NR84,809s4,"Dual Concessions apply (Driver, Mare). A 1% deduction for Equine Rehoming will be applied to all prizemoney prior to distribution.",NR up to 65. PBD/L5$. Pacers,9307,/hes-chiming,/nathan-turnbull,/jett-turnbull,"DARK BLUE, RED YOKE & SLEEVES, DARK BLUE STARS & T",,,YU040826,YUC04082608,4,Young,2026-08-04,Bathurst_1730,Bathurst_1730_pacers_mobile,2266,2248,8.2,29.1,30.8,28.8,28.8,bathurst,1730,pacers,mobile,2247.0,225.0,515.0,10.01,32.93,-31.67
BH260826,BH260826_R3,BH260826_R3_SABELLA SHANNON,Bathurst,2026-08-26,Night,Night,3,6:12 PM,2026-08-26T08:12:00+00:00,2026-08-26T18:12:00+10:00,3,SABELLA SHANNON,Vale Allan Ross,1730,"$9,792",Fr3,Peter Bullock,Travis Bullock,PACERS,Mobile,NSW,,,False,NR62 (A57),68387,"Dual Concessions apply (Driver, Mare). A 1% deduction for Equine Rehoming will be applied to all prizemoney prior to distribution.",NR up to 65. PBD/L5$. Pacers,3187,/sabella-shannon,/peter-bullock,/travis-bullock,"DARK GREEN & RED HOOPS, DARK GREEN SLEEVES",,,BH120826,BHC12082606,7,Bathurst,2026-08-12,Bathurst_1730,Bathurst_1730_pacers_mobile,2266,2248,8.2,29.1,30.8,28.8,28.8,bathurst,1730,pacers,mobile,2247.0,231.0,423.0,10.28,29.11,-26.23
BH260826,BH260826_R3,BH260826_R3_BETTOR KEPPEL,Bathurst,2026-08-26,Night,Night,3,6:12 PM,2026-08-26T08:12:00+00:00,2026-08-26T18:12:00+10:00,4,BETTOR KEPPEL,Vale Allan Ross,1730,"$9,792",Fr4,Mitch Turnbull,Chloe Formosa,PACERS,Mobile,NSW,,,False,NR66 (A63),25849,"Dual Concessions apply (Driver, Mare). A 1% deduction for Equine Rehoming will be applied to all prizemoney prior to distribution.",NR up to 65. PBD/L5$. Pacers,9082,/bettor-keppel,/mitch-turnbull,/chloe-formosa,"RED, BLUE CHEVRONS WITH WHITE BORDER, RED SLEEVES WITH LETTER ""T"", BLUE CUFFS WITH WHITE BORDER",,,BH190826,BHC19082608,9,Bathurst,2026-08-19,Bathurst_1730,Bathurst_1730_pacers_mobile,2266,2248,8.2,29.1,30.8,28.8,28.8,bathurst,1730,pacers,mobile,2246.0,259.0,504.0,11.53,33.97,-20.49
BH260826,BH260826_R3,BH260826_R3_STUDLEIGH PUNTER,Bathurst,2026-08-26,Night,Night,3,6:12 PM,2026-08-26T08:12:00+00:00,2026-08-26T18:12:00+10:00,5,STUDLEIGH PUNTER,Vale Allan Ross,1730,"$9,792",Fr5,Jake Davis,Blake Medlyn,PACERS,Mobile,NSW,,,False,NR66 (A63),7280s,"Dual Concessions apply (Driver, Mare). A 1% deduction for Equine Rehoming will be applied to all prizemoney prior to distribution.",NR up to 65. PBD/L5$. Pacers,11788,/studleigh-punter,/jake-davis,/blake-medlyn,,,,BH110326,BHC11032606,10,Bathurst,2026-03-11,Bathurst_1730,Bathurst_1730_pacers_mobile,2266,2248,8.2,29.1,30.8,28.8,28.8,bathurst,1730,pacers,mobile,2245.0,295.0,495.0,13.14,35.19,-5.12
BH260826,BH260826_R3,BH260826_R3_FLIPTOP BOTTLESHOP,Bathurst,2026-08-26,Night,Night,3,6:12 PM,2026-08-26T08:12:00+00:00,2026-08-26T18:12:00+10:00,6,FLIPTOP BOTTLESHOP,Vale Allan Ross,1730,"$9,792",Fr6,Nathan Turnbull,Jett Turnbull,PACERS,Mobile,NSW,,,False,NR63,2677s,"Dual Concessions apply (Driver, Mare). A 1% deduction for Equine Rehoming will be applied to all prizemoney prior to distribution.",NR up to 65. PBD/L5$. Pacers,3116,/fliptop-bottleshop,/nathan-turnbull,/jett-turnbull,"DARK BLUE, RED YOKE & SLEEVES, DARK BLUE STARS & T",,,BH240626,BHC24062617,7,Bathurst,2026-06-24,Bathurst_1730,Bathurst_1730_pacers_mobile,2266,2248,8.2,29.1,30.8,28.8,28.8,bathurst,1730,pacers,mobile,2215.0,258.0,440.0,11.65,31.51,-9.28
BH260826,BH260826_R3,BH260826_R3_RIKIBREAL,Bathurst,2026-08-26,Night,Night,3,6:12 PM,2026-08-26T08:12:00+00:00,2026-08-26T18:12:00+10:00,7,RIKIBREAL,Vale Allan Ross,1730,"$9,792",Fr7,Luke Battle,Jason Hewitt,PACERS,Mobile,NSW,,,False,NR66 (A61),96522,"Dual Concessions apply (Driver, Mare). A 1% deduction for Equine Rehoming will be applied to all prizemoney prior to distribution.",NR up to 65. PBD/L5$. Pacers,435300,/rikibreal,/luke-battle,/jason-hewitt,"LIGHT BLUE, LIGHT BLUE WITH NAVY BLUE BRACES, LIGHT BLUE WITH NAVY BLUE HOOPS ON SLEEVES",,,BH120826,BHC12082616,2,Bathurst,2026-08-12,Bathurst_1730,Bathurst_1730_pacers_mobile,2266,2248,8.2,29.1,30.8,28.8,28.8,bathurst,1730,pacers,mobile,2076.0,187.0,375.0,9.01,27.07,-14.26
BH260826,BH260826_R3,BH260826_R3_TOORAM CEE CEE,Bathurst,2026-08-26,Night,Night,3,6:12 PM,2026-08-26T08:12:00+00:00,2026-08-26T18:12:00+10:00,8,TOORAM CEE CEE,Vale Allan Ross,1730,"$9,792",Fr8,Simon Jnr Bigeni,Klayton Bigeni,PACERS,Mobile,NSW,,,False,NR69 (A64),88711,"Dual Concessions apply (Driver, Mare). A 1% deduction for Equine Rehoming will be applied to all prizemoney prior to distribution.",NR up to 65. PBD/L5$. Pacers,10992,/tooram-cee-cee,/simon-jnr-bigeni,/klayton-bigeni,"BLACK & WHITE STRIPES, DARK BLUE SLEEVES",,,PC110826,PCC11082611,1,Tabcorp Pk Menangle,2026-08-11,Bathurst_1730,Bathurst_1730_pacers_mobile,2266,2248,8.2,29.1,30.8,28.8,28.8,bathurst,1730,pacers,mobile,1445.0,114.0,226.0,7.89,23.53,-15.63
BH260826,BH260826_R3,BH260826_R3_PAS DE CHEVAL,Bathurst,2026-08-26,Night,Night,3,6:12 PM,2026-08-26T08:12:00+00:00,2026-08-26T18:12:00+10:00,9,PAS DE CHEVAL,Vale Allan Ross,1730,"$9,792",Sr1,Steve Turnbull,,PACERS,Mobile,NSW,,,False,NR72 (A64),21917,"Dual Concessions apply (Driver, Mare). A 1% deduction for Equine Rehoming will be applied to all prizemoney prior to distribution.",NR up to 65. PBD/L5$. Pacers,1965,/pas-de-cheval,/steve-turnbull,,"RED, DARK BLUE SPOTS, HOOPED SLEEVES",,,BH120826,BHC12082608,7,Bathurst,2026-08-12,Bathurst_1730,Bathurst_1730_pacers_mobile,2266,2248,8.2,29.1,30.8,28.8,28.8,bathurst,1730,pacers,mobile,1885.0,189.0,514.0,10.03,37.29,-23.28
BH260826,BH260826_R3,BH260826_R3_LINCOLN SKIPPER NZ,Bathurst,2026-08-26,Night,Night,3,6:12 PM,2026-08-26T08:12:00+00:00,2026-08-26T18:12:00+10:00,10,LINCOLN SKIPPER NZ,Vale Allan Ross,1730,"$9,792",Sr2,John Davis,Owen Shea,PACERS,Mobile,NSW,,,False,NR60,s1391,"Dual Concessions apply (Driver, Mare). A 1% deduction for Equine Rehoming will be applied to all prizemoney prior to distribution.",NR up to 65. PBD/L5$. Pacers,2921,/lincoln-skipper-nz,/john-davis,/owen-shea,"DARK GREEN & WHITE HOOPS, DARK GREEN SLEEVES",,,BH190826,BHC19082605,1,Bathurst,2026-08-19,Bathurst_1730,Bathurst_1730_pacers_mobile,2266,2248,8.2,29.1,30.8,28.8,28.8,bathurst,1730,pacers,mobile,1504.0,179.0,321.0,11.9,33.24,-15.19
BH260826,BH260826_R4,BH260826_R4_THE SWIFT ONE,Bathurst,2026-08-26,Night,Night,4,6:43 PM,2026-08-26T08:43:00+00:00,2026-08-26T18:43:00+10:00,1,THE SWIFT ONE,Alabar Farms a Tradition of Excellence Pace,2260,"$11,832",Fr1,Darrell Dwyer,Vaughan Duncan,PACERS,Mobile,NSW,,,False,NR70 (A62),42068,"Dual Concessions apply (Driver, Mare). Also eligible Claimers with a Claiming Price of $10,000 (GST Inclusive). A 1% deduction for Equine Rehoming will be applied to all prizemoney prior to distribution.",NR up to 80. PBD/NR. Pacers,56079,/the-swift-one,/darrell-dwyer,/vaughan-duncan,"BROWN, YELLOW DIAMOND & SLEEVES",,,BH190826,BHC19082608,8,Bathurst,2026-08-19,Bathurst_2260,Bathurst_2260_pacers_mobile,488,488,47.8,31.1,30.3,28.9,29.1,bathurst,2260,pacers,mobile,488.0,58.0,112.0,11.89,34.84,-28.16
BH260826,BH260826_R4,BH260826_R4_IBBIN NADIA,Bathurst,2026-08-26,Night,Night,4,6:43 PM,2026-08-26T08:43:00+00:00,2026-08-26T18:43:00+10:00,2,IBBIN NADIA,Alabar Farms a Tradition of Excellence Pace,2260,"$11,832",Fr2,Steve Turnbull,,PACERS,Mobile,NSW,,,False,NR64,66442,"Dual Concessions apply (Driver, Mare). Also eligible Claimers with a Claiming Price of $10,000 (GST Inclusive). A 1% deduction for Equine Rehoming will be applied to all prizemoney prior to distribution.",NR up to 80. PBD/NR. Pacers,10982,/ibbin-nadia,/steve-turnbull,,"RED, DARK BLUE SPOTS, HOOPED SLEEVES",,,BH190826,BHC19082608,2,Bathurst,2026-08-19,Bathurst_2260,Bathurst_2260_pacers_mobile,488,488,47.8,31.1,30.3,28.9,29.1,bathurst,2260,pacers,mobile,488.0,53.0,89.0,10.86,29.1,-21.61
BH260826,BH260826_R4,BH260826_R4_SAINT VERAN,Bathurst,2026-08-26,Night,Night,4,6:43 PM,2026-08-26T08:43:00+00:00,2026-08-26T18:43:00+10:00,3,SAINT VERAN,Alabar Farms a Tradition of Excellence Pace,2260,"$11,832",Fr3,Mitch Turnbull,Chloe Formosa,PACERS,Mobile,NSW,,,False,NR64,46737,"Dual Concessions apply (Driver, Mare). Also eligible Claimers with a Claiming Price of $10,000 (GST Inclusive). A 1% deduction for Equine Rehoming will be applied to all prizemoney prior to distribution.",NR up to 80. PBD/NR. Pacers,3976,/saint-veran,/mitch-turnbull,/chloe-formosa,"RED, BLUE CHEVRONS WITH WHITE BORDER, RED SLEEVES WITH LETTER ""T"", BLUE CUFFS WITH WHITE BORDER",,,BH190826,BHC19082608,7,Bathurst,2026-08-19,Bathurst_2260,Bathurst_2260_pacers_mobile,488,488,47.8,31.1,30.3,28.9,29.1,bathurst,2260,pacers,mobile,488.0,46.0,103.0,9.43,30.53,-30.48
BH260826,BH260826_R4,BH260826_R4_DIVINE GIRL,Bathurst,2026-08-26,Night,Night,4,6:43 PM,2026-08-26T08:43:00+00:00,2026-08-26T18:43:00+10:00,4,DIVINE GIRL,Alabar Farms a Tradition of Excellence Pace,2260,"$11,832",Fr4,Josh Turnbull,Jett Turnbull,PACERS,Mobile,NSW,,,False,NR71 (A66),39710,"Dual Concessions apply (Driver, Mare). Also eligible Claimers with a Claiming Price of $10,000 (GST Inclusive). A 1% deduction for Equine Rehoming will be applied to all prizemoney prior to distribution.",NR up to 80. PBD/NR. Pacers,5018,/divine-girl,/josh-turnbull,/jett-turnbull,"RED, DARK BLUE YOKE & BRACES, STRIPED SLEEVES",,,PC080826,PCM08082609,10,Tabcorp Pk Menangle,2026-08-08,Bathurst_2260,Bathurst_2260_pacers_mobile,488,488,47.8,31.1,30.3,28.9,29.1,bathurst,2260,pacers,mobile,488.0,55.0,128.0,11.27,37.5,-21.4
BH260826,BH260826_R4,BH260826_R4_AUNTIE LOU,Bathurst,2026-08-26,Night,Night,4,6:43 PM,2026-08-26T08:43:00+00:00,2026-08-26T18:43:00+10:00,5,AUNTIE LOU,Alabar Farms a Tradition of Excellence Pace,2260,"$11,832",Fr5,Steve Turnbull,Isobel Ross,PACERS,Mobile,NSW,,,False,NR72 (A67),84461,"Dual Concessions apply (Driver, Mare). Also eligible Claimers with a Claiming Price of $10,000 (GST Inclusive). A 1% deduction for Equine Rehoming will be applied to all prizemoney prior to distribution.",NR up to 80. PBD/NR. Pacers,7839,/auntie-lou,/steve-turnbull,/isobel-ross,"RED, DARK BLUE SPOTS, HOOPED SLEEVES",,,BH190826,BHC19082608,1,Bathurst,2026-08-19,Bathurst_2260,Bathurst_2260_pacers_mobile,488,488,47.8,31.1,30.3,28.9,29.1,bathurst,2260,pacers,mobile,488.0,57.0,102.0,11.68,32.58,-7.28
BH260826,BH260826_R4,BH260826_R4_NICELY SPOKEN,Bathurst,2026-08-26,Night,Night,4,6:43 PM,2026-08-26T08:43:00+00:00,2026-08-26T18:43:00+10:00,6,NICELY SPOKEN,Alabar Farms a Tradition of Excellence Pace,2260,"$11,832",Fr6,Nathan Turnbull,Jett Turnbull,PACERS,Mobile,NSW,,,False,NR68,58558,"Dual Concessions apply (Driver, Mare). Also eligible Claimers with a Claiming Price of $10,000 (GST Inclusive). A 1% deduction for Equine Rehoming will be applied to all prizemoney prior to distribution.",NR up to 80. PBD/NR. Pacers,3888,/nicely-spoken,/nathan-turnbull,/jett-turnbull,"DARK BLUE, RED YOKE & SLEEVES, DARK BLUE STARS & T",,,BH050826,BHC05082615,8,Bathurst,2026-08-05,Bathurst_2260,Bathurst_2260_pacers_mobile,488,488,47.8,31.1,30.3,28.9,29.1,bathurst,2260,pacers,mobile,488.0,47.0,105.0,9.63,31.15,-22.58
BH260826,BH260826_R4,BH260826_R4_HUNTER SHANNON,Bathurst,2026-08-26,Night,Night,4,6:43 PM,2026-08-26T08:43:00+00:00,2026-08-26T18:43:00+10:00,7,HUNTER SHANNON,Alabar Farms a Tradition of Excellence Pace,2260,"$11,832",Fr7,Peter Bullock,Travis Bullock,PACERS,Mobile,NSW,,,False,NR69,77s29,"Dual Concessions apply (Driver, Mare). Also eligible Claimers with a Claiming Price of $10,000 (GST Inclusive). A 1% deduction for Equine Rehoming will be applied to all prizemoney prior to distribution.",NR up to 80. PBD/NR. Pacers,5808,/hunter-shannon,/peter-bullock,/travis-bullock,"DARK GREEN & RED HOOPS, DARK GREEN SLEEVES",,,BH190826,BHC19082612,9,Bathurst,2026-08-19,Bathurst_2260,Bathurst_2260_pacers_mobile,488,488,47.8,31.1,30.3,28.9,29.1,bathurst,2260,pacers,mobile,471.0,43.0,82.0,9.13,26.54,-8.48
BH260826,BH260826_R4,BH260826_R4_ALWAYSBMYPONY,Bathurst,2026-08-26,Night,Night,4,6:43 PM,2026-08-26T08:43:00+00:00,2026-08-26T18:43:00+10:00,8,ALWAYSBMYPONY,Alabar Farms a Tradition of Excellence Pace,2260,"$11,832",Fr8,Steve Turnbull,Amanda Turnbull,PACERS,Mobile,NSW,,,False,NR72,49856,"Dual Concessions apply (Driver, Mare). Also eligible Claimers with a Claiming Price of $10,000 (GST Inclusive). A 1% deduction for Equine Rehoming will be applied to all prizemoney prior to distribution.",NR up to 80. PBD/NR. Pacers,10990,/alwaysbmypony,/steve-turnbull,/amanda-turnbull,"RED, DARK BLUE SPOTS, HOOPED SLEEVES",,,BH120826,BHC12082616,6,Bathurst,2026-08-12,Bathurst_2260,Bathurst_2260_pacers_mobile,488,488,47.8,31.1,30.3,28.9,29.1,bathurst,2260,pacers,mobile,367.0,27.0,61.0,7.36,23.98,-24.83
BH260826,BH260826_R5,BH260826_R5_REASON TO BE HAPPY,Bathurst,2026-08-26,Night,Night,5,7:10 PM,2026-08-26T09:10:00+00:00,2026-08-26T19:10:00+10:00,1,REASON TO BE HAPPY,Nutrien Gold Crown Sale Graduate Final,1730,"$50,000",Fr1,Steve Turnbull,Isobel Ross,PACERS,Mobile,NSW,,,False,NR44,5s752,No Concessions. For Pacers that qualified from the Heats conducted at Bathirst on 19/08/2026. A 1% deduction for Equine Rehoming will be applied to all prizemoney prior to distribution.,2YO. No NR. PBD/SEX. Pacers,59740,/reason-to-be-happy,/steve-turnbull,/isobel-ross,"RED, DARK BLUE SPOTS, HOOPED SLEEVES",,,BH190826,BHC19082614,2,Bathurst,2026-08-19,Bathurst_1730,Bathurst_1730_pacers_mobile,2266,2248,8.2,29.1,30.8,28.8,28.8,bathurst,1730,pacers,mobile,2248.0,281.0,633.0,12.5,40.66,-23.71
BH260826,BH260826_R5,BH260826_R5_SHOWEMHOW,Bathurst,2026-08-26,Night,Night,5,7:10 PM,2026-08-26T09:10:00+00:00,2026-08-26T19:10:00+10:00,2,SHOWEMHOW,Nutrien Gold Crown Sale Graduate Final,1730,"$50,000",Fr2,Bernie Hewitt,Bernie Hewitt,PACERS,Mobile,NSW,,,False,NR46,32s63,No Concessions. For Pacers that qualified from the Heats conducted at Bathirst on 19/08/2026. A 1% deduction for Equine Rehoming will be applied to all prizemoney prior to distribution.,2YO. No NR. PBD/SEX. Pacers,24283,/showemhow,/bernie-hewitt,/bernie-hewitt,"PURPLE, RED SPOTS",,,BH190826,BHC19082614,3,Bathurst,2026-08-19,Bathurst_1730,Bathurst_1730_pacers_mobile,2266,2248,8.2,29.1,30.8,28.8,28.8,bathurst,1730,pacers,mobile,2247.0,225.0,515.0,10.01,32.93,-31.67
BH260826,BH260826_R5,BH260826_R5_HIGHVIEW BONNIE,Bathurst,2026-08-26,Night,Night,5,7:10 PM,2026-08-26T09:10:00+00:00,2026-08-26T19:10:00+10:00,3,HIGHVIEW BONNIE,Nutrien Gold Crown Sale Graduate Final,1730,"$50,000",Fr3,Josh Powderly,Harrison Ross,PACERS,Mobile,NSW,,,False,NR48,22s21,No Concessions. For Pacers that qualified from the Heats conducted at Bathirst on 19/08/2026. A 1% deduction for Equine Rehoming will be applied to all prizemoney prior to distribution.,2YO. No NR. PBD/SEX. Pacers,441312,/highview-bonnie,/josh-powderly,/harrison-ross,"BLUE, ORANGE YOKE & BRACES, BLUE STARS, BLUE SLEEVES, ORANGE CUFFS, ORANGE ""HR"" INITIALS",,,BH190826,BHC19082615,1,Bathurst,2026-08-19,Bathurst_1730,Bathurst_1730_pacers_mobile,2266,2248,8.2,29.1,30.8,28.8,28.8,bathurst,1730,pacers,mobile,2247.0,231.0,423.0,10.28,29.11,-26.23
BH260826,BH260826_R5,BH260826_R5_DANCE THE NITEAWAY,Bathurst,2026-08-26,Night,Night,5,7:10 PM,2026-08-26T09:10:00+00:00,2026-08-26T19:10:00+10:00,4,DANCE THE NITEAWAY,Nutrien Gold Crown Sale Graduate Final,1730,"$50,000",Fr4,Phillip Thurston,Blake Medlyn,PACERS,Mobile,NSW,,,False,NR43,6s8s4,No Concessions. For Pacers that qualified from the Heats conducted at Bathirst on 19/08/2026. A 1% deduction for Equine Rehoming will be applied to all prizemoney prior to distribution.,2YO. No NR. PBD/SEX. Pacers,186896,/dance-the-niteaway,/phillip-thurston,/blake-medlyn,"ORANGE & WHITE CHECK, ORANGE SLEEVES",,,BH190826,BHC19082615,4,Bathurst,2026-08-19,Bathurst_1730,Bathurst_1730_pacers_mobile,2266,2248,8.2,29.1,30.8,28.8,28.8,bathurst,1730,pacers,mobile,2246.0,259.0,504.0,11.53,33.97,-20.49
BH260826,BH260826_R5,BH260826_R5_NANGARA TULHURST,Bathurst,2026-08-26,Night,Night,5,7:10 PM,2026-08-26T09:10:00+00:00,2026-08-26T19:10:00+10:00,5,NANGARA TULHURST,Nutrien Gold Crown Sale Graduate Final,1730,"$50,000",Fr5,Nathan Hurst,Nathan Hurst,PACERS,Mobile,NSW,,,False,NR45,43s76,No Concessions. For Pacers that qualified from the Heats conducted at Bathirst on 19/08/2026. A 1% deduction for Equine Rehoming will be applied to all prizemoney prior to distribution.,2YO. No NR. PBD/SEX. Pacers,187063,/nangara-tulhurst,/nathan-hurst,/nathan-hurst,"RED, WHITE DIAMOND SASH & SLEEVES",,,BH190826,BHC19082615,6,Bathurst,2026-08-19,Bathurst_1730,Bathurst_1730_pacers_mobile,2266,2248,8.2,29.1,30.8,28.8,28.8,bathurst,1730,pacers,mobile,2245.0,295.0,495.0,13.14,35.19,-5.12
BH260826,BH260826_R5,BH260826_R5_COMPLIMENTRY DRINK,Bathurst,2026-08-26,Night,Night,5,7:10 PM,2026-08-26T09:10:00+00:00,2026-08-26T19:10:00+10:00,6,COMPLIMENTRY DRINK,Nutrien Gold Crown Sale Graduate Final,1730,"$50,000",Fr6,Darryl Munro,Paula Sapio,PACERS,Mobile,NSW,,,False,NR39,20354,No Concessions. For Pacers that qualified from the Heats conducted at Bathirst on 19/08/2026. A 1% deduction for Equine Rehoming will be applied to all prizemoney prior to distribution.,2YO. No NR. PBD/SEX. Pacers,56036,/complimentry-drink,/darryl-munro,/paula-sapio,"GREY & YELLOW CHECK, GREY SLEEVES",,,BH190826,BHC19082614,4,Bathurst,2026-08-19,Bathurst_1730,Bathurst_1730_pacers_mobile,2266,2248,8.2,29.1,30.8,28.8,28.8,bathurst,1730,pacers,mobile,2215.0,258.0,440.0,11.65,31.51,-9.28
BH260826,BH260826_R5,BH260826_R5_CUSTOMBUILT,Bathurst,2026-08-26,Night,Night,5,7:10 PM,2026-08-26T09:10:00+00:00,2026-08-26T19:10:00+10:00,7,CUSTOMBUILT,Nutrien Gold Crown Sale Graduate Final,1730,"$50,000",Fr7,Ellen Jones,Mat Rue,PACERS,Mobile,NSW,,,False,NR43,6s935,No Concessions. For Pacers that qualified from the Heats conducted at Bathirst on 19/08/2026. A 1% deduction for Equine Rehoming will be applied to all prizemoney prior to distribution.,2YO. No NR. PBD/SEX. Pacers,157176,/custombuilt,/ellen-jones,/mat-rue,"DARK BLUE, WHITE STARS, HOOPED SLEEVES",,,BH190826,BHC19082614,5,Bathurst,2026-08-19,Bathurst_1730,Bathurst_1730_pacers_mobile,2266,2248,8.2,29.1,30.8,28.8,28.8,bathurst,1730,pacers,mobile,2076.0,187.0,375.0,9.01,27.07,-14.26
BH260826,BH260826_R5,BH260826_R5_CUT OF THE CASH,Bathurst,2026-08-26,Night,Night,5,7:10 PM,2026-08-26T09:10:00+00:00,2026-08-26T19:10:00+10:00,8,CUT OF THE CASH,Nutrien Gold Crown Sale Graduate Final,1730,"$50,000",Fr8,Nathan Hurst,Nathan Hurst,PACERS,Mobile,NSW,,,False,NR42,050s7,No Concessions. For Pacers that qualified from the Heats conducted at Bathirst on 19/08/2026. A 1% deduction for Equine Rehoming will be applied to all prizemoney prior to distribution.,2YO. No NR. PBD/SEX. Pacers,128476,/cut-of-the-cash,/nathan-hurst,/nathan-hurst,"RED, WHITE DIAGONAL STRIPES, WHITE SLEEVES, RED ARMBANDS",2.0,ODM,BH190826,BHC19082614,7,Bathurst,2026-08-19,Bathurst_1730,Bathurst_1730_pacers_mobile,2266,2248,8.2,29.1,30.8,28.8,28.8,bathurst,1730,pacers,mobile,1445.0,114.0,226.0,7.89,23.53,-15.63
BH260826,BH260826_R5,BH260826_R5_WARRAWEE WAY BACK,Bathurst,2026-08-26,Night,Night,5,7:10 PM,2026-08-26T09:10:00+00:00,2026-08-26T19:10:00+10:00,9,WARRAWEE WAY BACK,Nutrien Gold Crown Sale Graduate Final,1730,"$50,000",Sr1,Simon Jnr Bigeni,Jake Bigeni,PACERS,Mobile,NSW,,,False,NR50,5181,No Concessions. For Pacers that qualified from the Heats conducted at Bathirst on 19/08/2026. A 1% deduction for Equine Rehoming will be applied to all prizemoney prior to distribution.,2YO. No NR. PBD/SEX. Pacers,59813,/warrawee-way-back,/simon-jnr-bigeni,/jake-bigeni,"BLACK & WHITE STRIPES, DARK BLUE SLEEVES",,,BH190826,BHC19082614,1,Bathurst,2026-08-19,Bathurst_1730,Bathurst_1730_pacers_mobile,2266,2248,8.2,29.1,30.8,28.8,28.8,bathurst,1730,pacers,mobile,1885.0,189.0,514.0,10.03,37.29,-23.28
BH260826,BH260826_R5,BH260826_R5_HARALAMBOS,Bathurst,2026-08-26,Night,Night,5,7:10 PM,2026-08-26T09:10:00+00:00,2026-08-26T19:10:00+10:00,10,HARALAMBOS,Nutrien Gold Crown Sale Graduate Final,1730,"$50,000",Sr2,Cindy Bourke,Cindy Bourke,PACERS,Mobile,NSW,,,False,NR44,95,No Concessions. For Pacers that qualified from the Heats conducted at Bathirst on 19/08/2026. A 1% deduction for Equine Rehoming will be applied to all prizemoney prior to distribution.,2YO. No NR. PBD/SEX. Pacers,442018,/haralambos,/cindy-bourke,/cindy-bourke,"LIGHT BLUE, BLACK STAR INSIDE BLACK HORSESHOE, BLACK SLEEVES, LIGHT BLUE STARS",,,BH190826,BHC19082615,5,Bathurst,2026-08-19,Bathurst_1730,Bathurst_1730_pacers_mobile,2266,2248,8.2,29.1,30.8,28.8,28.8,bathurst,1730,pacers,mobile,1504.0,179.0,321.0,11.9,33.24,-15.19
BH260826,BH260826_R5,BH260826_R5_FLINCENT,Bathurst,2026-08-26,Night,Night,5,7:10 PM,2026-08-26T09:10:00+00:00,2026-08-26T19:10:00+10:00,11,FLINCENT,Nutrien Gold Crown Sale Graduate Final,1730,"$50,000",Sr3,Bernie Hewitt,Jason Hewitt,PACERS,Mobile,NSW,,,False,NR44,045s3,No Concessions. For Pacers that qualified from the Heats conducted at Bathirst on 19/08/2026. A 1% deduction for Equine Rehoming will be applied to all prizemoney prior to distribution.,2YO. No NR. PBD/SEX. Pacers,442320,/flincent,/bernie-hewitt,/jason-hewitt,"PURPLE, RED SPOTS, PURPLE SLEEVES",,,BH190826,BHC19082615,3,Bathurst,2026-08-19,Bathurst_1730,Bathurst_1730_pacers_mobile,2266,2248,8.2,29.1,30.8,28.8,28.8,bathurst,1730,pacers,mobile,185.0,16.0,46.0,8.65,33.51,-34.41
BH260826,BH260826_R5,BH260826_R5_LUCIENDO BIEN,Bathurst,2026-08-26,Night,Night,5,7:10 PM,2026-08-26T09:10:00+00:00,2026-08-26T19:10:00+10:00,12,LUCIENDO BIEN,Nutrien Gold Crown Sale Graduate Final,1730,"$50,000",Sr4,KerryAnn Morris,Joshua Gallagher,PACERS,Mobile,NSW,,,False,NR43,23926,No Concessions. For Pacers that qualified from the Heats conducted at Bathirst on 19/08/2026. A 1% deduction for Equine Rehoming will be applied to all prizemoney prior to distribution.,2YO. No NR. PBD/SEX. Pacers,24280,/luciendo-bien,/kerryann-morris,/joshua-gallagher,"BLACK, ORANGE SEAMS",,,BH190826,BHC19082614,6,Bathurst,2026-08-19,Bathurst_1730,Bathurst_1730_pacers_mobile,2266,2248,8.2,29.1,30.8,28.8,28.8,bathurst,1730,pacers,mobile,35.0,5.0,4.0,14.29,25.71,68.06
BH260826,BH260826_R5,BH260826_R5_THE MYTEE DUCK,Bathurst,2026-08-26,Night,Night,5,7:10 PM,2026-08-26T09:10:00+00:00,2026-08-26T19:10:00+10:00,13,THE MYTEE DUCK,Nutrien Gold Crown Sale Graduate Final,1730,"$50,000",Sr5,Amanda Turnbull,Amanda Turnbull,PACERS,Mobile,NSW,,,False,NR52,140s2,No Concessions. For Pacers that qualified from the Heats conducted at Bathirst on 19/08/2026. A 1% deduction for Equine Rehoming will be applied to all prizemoney prior to distribution.,2YO. No NR. PBD/SEX. Pacers,59844,/the-mytee-duck,/amanda-turnbull,/amanda-turnbull,"RED, WHITE YOKE, BLUE STARS, BRACES & SLEEVES",,,BH190826,BHC19082615,2,Bathurst,2026-08-19,Bathurst_1730,Bathurst_1730_pacers_mobile,2266,2248,8.2,29.1,30.8,28.8,28.8,bathurst,1730,pacers,mobile,2.0,0.0,0.0,0.0,0.0,-100.0
BH260826,BH260826_R5,BH260826_R5_FLINGAMINGO,Bathurst,2026-08-26,Night,Night,5,7:10 PM,2026-08-26T09:10:00+00:00,2026-08-26T19:10:00+10:00,14,FLINGAMINGO,Nutrien Gold Crown Sale Graduate Final,1730,"$50,000",Sr-,Wade Judd,,PACERS,Mobile,NSW,,,False,NR43,07,No Concessions. For Pacers that qualified from the Heats conducted at Bathirst on 19/08/2026. A 1% deduction for Equine Rehoming will be applied to all prizemoney prior to distribution.,2YO. No NR. PBD/SEX. Pacers,186713,/flingamingo,/wade-judd,,"ROYAL BLUE, ORANGE CROSSED SASHES, ORANGE HOOPED SLEEVES",1.0,,BH190826,BHC19082615,7,Bathurst,2026-08-19,Bathurst_1730,Bathurst_1730_pacers_mobile,2266,2248,8.2,29.1,30.8,28.8,28.8,bathurst,1730,pacers,mobile,0.0,0.0,0.0,0.0,0.0,0.0
BH260826,BH260826_R6,BH260826_R6_LUCKY PUNT,Bathurst,2026-08-26,Night,Night,6,7:45 PM,2026-08-26T09:45:00+00:00,2026-08-26T19:45:00+10:00,1,LUCKY PUNT,Success Stud Celebrating 59 Years of Breeding Pace,2260,"$6,936",Fr1,Josh Turnbull,Ella Turnbull,PACERS,Mobile,NSW,,,False,NR55 (A47),77737,"Dual Concessions apply (Driver, Mare). A 1% deduction for Equine Rehoming will be applied to all prizemoney prior to distribution.",NR up to 53. PBD/NR. Pacers,11440,/lucky-punt,/josh-turnbull,/ella-turnbull,"RED, DARK BLUE YOKE & BRACES, STRIPED SLEEVES",,,BH120826,BHC12082604,7,Bathurst,2026-08-12,Bathurst_2260,Bathurst_2260_pacers_mobile,488,488,47.8,31.1,30.3,28.9,29.1,bathurst,2260,pacers,mobile,488.0,58.0,112.0,11.89,34.84,-28.16
BH260826,BH260826_R6,BH260826_R6_DUN SPRUIKIN,Bathurst,2026-08-26,Night,Night,6,7:45 PM,2026-08-26T09:45:00+00:00,2026-08-26T19:45:00+10:00,2,DUN SPRUIKIN,Success Stud Celebrating 59 Years of Breeding Pace,2260,"$6,936",Fr2,Peter Keogh,Vaughan Duncan,PACERS,Mobile,NSW,,,False,NR56 (A51),13564,"Dual Concessions apply (Driver, Mare). A 1% deduction for Equine Rehoming will be applied to all prizemoney prior to distribution.",NR up to 53. PBD/NR. Pacers,5320,/dun-spruikin,/peter-keogh,/vaughan-duncan,"BLACK, RED MALTESE CROSS",,,BH190826,BHC19082605,4,Bathurst,2026-08-19,Bathurst_2260,Bathurst_2260_pacers_mobile,488,488,47.8,31.1,30.3,28.9,29.1,bathurst,2260,pacers,mobile,488.0,53.0,89.0,10.86,29.1,-21.61
BH260826,BH260826_R6,BH260826_R6_ROWLEY MINT,Bathurst,2026-08-26,Night,Night,6,7:45 PM,2026-08-26T09:45:00+00:00,2026-08-26T19:45:00+10:00,3,ROWLEY MINT,Success Stud Celebrating 59 Years of Breeding Pace,2260,"$6,936",Fr3,Peter Wood,Peter Wood,PACERS,Mobile,NSW,,,False,NR51,13830,"Dual Concessions apply (Driver, Mare). A 1% deduction for Equine Rehoming will be applied to all prizemoney prior to distribution.",NR up to 53. PBD/NR. Pacers,435306,/rowley-mint,/peter-wood,/peter-wood,"PINK, WHITE STRIPES, PINK SLEEVES",,,BH120826,BHC12082615,10,Bathurst,2026-08-12,Bathurst_2260,Bathurst_2260_pacers_mobile,488,488,47.8,31.1,30.3,28.9,29.1,bathurst,2260,pacers,mobile,488.0,46.0,103.0,9.43,30.53,-30.48
BH260826,BH260826_R6,BH260826_R6_STARLIGHT SASS,Bathurst,2026-08-26,Night,Night,6,7:45 PM,2026-08-26T09:45:00+00:00,2026-08-26T19:45:00+10:00,4,STARLIGHT SASS,Success Stud Celebrating 59 Years of Breeding Pace,2260,"$6,936",Fr4,Nathan Turnbull,,PACERS,Mobile,NSW,,,False,NR61 (A51),98330,"Dual Concessions apply (Driver, Mare). A 1% deduction for Equine Rehoming will be applied to all prizemoney prior to distribution.",NR up to 53. PBD/NR. Pacers,1045,/starlight-sass,/nathan-turnbull,,"DARK BLUE, RED YOKE & SLEEVES, DARK BLUE STARS & T",,,BH190826,BHC19082606,10,Bathurst,2026-08-19,Bathurst_2260,Bathurst_2260_pacers_mobile,488,488,47.8,31.1,30.3,28.9,29.1,bathurst,2260,pacers,mobile,488.0,55.0,128.0,11.27,37.5,-21.4
BH260826,BH260826_R6,BH260826_R6_SHE THE DEVIL,Bathurst,2026-08-26,Night,Night,6,7:45 PM,2026-08-26T09:45:00+00:00,2026-08-26T19:45:00+10:00,5,SHE THE DEVIL,Success Stud Celebrating 59 Years of Breeding Pace,2260,"$6,936",Fr5,Amanda Turnbull,Paula Sapio,PACERS,Mobile,NSW,,,False,NR62 (A52),26644,"Dual Concessions apply (Driver, Mare). A 1% deduction for Equine Rehoming will be applied to all prizemoney prior to distribution.",NR up to 53. PBD/NR. Pacers,109176,/she-the-devil,/amanda-turnbull,/paula-sapio,"RED, WHITE YOKE, BLUE STARS, BRACES & SLEEVES",,,BH120826,BHC12082604,4,Bathurst,2026-08-12,Bathurst_2260,Bathurst_2260_pacers_mobile,488,488,47.8,31.1,30.3,28.9,29.1,bathurst,2260,pacers,mobile,488.0,57.0,102.0,11.68,32.58,-7.28
BH260826,BH260826_R6,BH260826_R6_BEANCOUNTER,Bathurst,2026-08-26,Night,Night,6,7:45 PM,2026-08-26T09:45:00+00:00,2026-08-26T19:45:00+10:00,6,BEANCOUNTER,Success Stud Celebrating 59 Years of Breeding Pace,2260,"$6,936",Fr6,Nathan Turnbull,Blake Medlyn,PACERS,Mobile,NSW,,,False,NR58 (A53),66922,"Dual Concessions apply (Driver, Mare). A 1% deduction for Equine Rehoming will be applied to all prizemoney prior to distribution.",NR up to 53. PBD/NR. Pacers,2114,/beancounter,/nathan-turnbull,/blake-medlyn,"DARK BLUE, RED YOKE & SLEEVES, DARK BLUE STARS & T",,,BH190826,BHC19082605,2,Bathurst,2026-08-19,Bathurst_2260,Bathurst_2260_pacers_mobile,488,488,47.8,31.1,30.3,28.9,29.1,bathurst,2260,pacers,mobile,488.0,47.0,105.0,9.63,31.15,-22.58
BH260826,BH260826_R6,BH260826_R6_FIRESTORM RED,Bathurst,2026-08-26,Night,Night,6,7:45 PM,2026-08-26T09:45:00+00:00,2026-08-26T19:45:00+10:00,7,FIRESTORM RED,Success Stud Celebrating 59 Years of Breeding Pace,2260,"$6,936",Fr7,Steve Turnbull,,PACERS,Mobile,NSW,,,False,NR58 (A53),84507,"Dual Concessions apply (Driver, Mare). A 1% deduction for Equine Rehoming will be applied to all prizemoney prior to distribution.",NR up to 53. PBD/NR. Pacers,5140,/firestorm-red,/steve-turnbull,,"RED, DARK BLUE SPOTS, HOOPED SLEEVES",,,BH120826,BHC12082605,7,Bathurst,2026-08-12,Bathurst_2260,Bathurst_2260_pacers_mobile,488,488,47.8,31.1,30.3,28.9,29.1,bathurst,2260,pacers,mobile,471.0,43.0,82.0,9.13,26.54,-8.48
BH260826,BH260826_R6,BH260826_R6_SUNSET JAY JAY,Bathurst,2026-08-26,Night,Night,6,7:45 PM,2026-08-26T09:45:00+00:00,2026-08-26T19:45:00+10:00,8,SUNSET JAY JAY,Success Stud Celebrating 59 Years of Breeding Pace,2260,"$6,936",Fr8,Nathan Turnbull,,PACERS,Mobile,NSW,,,False,NR63 (A53),1637r,"Dual Concessions apply (Driver, Mare). A 1% deduction for Equine Rehoming will be applied to all prizemoney prior to distribution.",NR up to 53. PBD/NR. Pacers,2602,/sunset-jay-jay,/nathan-turnbull,,"DARK BLUE, RED YOKE & SLEEVES, DARK BLUE STARS & T",,,BH220726,BHC22072604,r,Bathurst,2026-07-22,Bathurst_2260,Bathurst_2260_pacers_mobile,488,488,47.8,31.1,30.3,28.9,29.1,bathurst,2260,pacers,mobile,367.0,27.0,61.0,7.36,23.98,-24.83
BH260826,BH260826_R6,BH260826_R6_SMOOTH CHAKRA,Bathurst,2026-08-26,Night,Night,6,7:45 PM,2026-08-26T09:45:00+00:00,2026-08-26T19:45:00+10:00,9,SMOOTH CHAKRA,Success Stud Celebrating 59 Years of Breeding Pace,2260,"$6,936",Sr1,Mat Rue,Blake Medlyn,PACERS,Mobile,NSW,,,False,NR63 (A53),67221,"Dual Concessions apply (Driver, Mare). A 1% deduction for Equine Rehoming will be applied to all prizemoney prior to distribution.",NR up to 53. PBD/NR. Pacers,58098,/smooth-chakra,/mat-rue,/blake-medlyn,"DARK BLUE, WHITE STARS, HOOPED SLEEVES",,,BH190826,BHC19082604,1,Bathurst,2026-08-19,Bathurst_2260,Bathurst_2260_pacers_mobile,488,488,47.8,31.1,30.3,28.9,29.1,bathurst,2260,pacers,mobile,420.0,59.0,110.0,14.05,40.24,-1.64
BH260826,BH260826_R6,BH260826_R6_FAKISTRA,Bathurst,2026-08-26,Night,Night,6,7:45 PM,2026-08-26T09:45:00+00:00,2026-08-26T19:45:00+10:00,10,FAKISTRA,Success Stud Celebrating 59 Years of Breeding Pace,2260,"$6,936",Sr2,Amanda Turnbull,Chloe Formosa,PACERS,Mobile,NSW,,,False,NR56 (A53),33772,"Dual Concessions apply (Driver, Mare). A 1% deduction for Equine Rehoming will be applied to all prizemoney prior to distribution.",NR up to 53. PBD/NR. Pacers,56319,/fakistra,/amanda-turnbull,/chloe-formosa,"RED, WHITE YOKE, BLUE STARS, BRACES & SLEEVES",,,BH050826,BHC05082604,2,Bathurst,2026-08-05,Bathurst_2260,Bathurst_2260_pacers_mobile,488,488,47.8,31.1,30.3,28.9,29.1,bathurst,2260,pacers,mobile,331.0,38.0,71.0,11.48,32.93,-24.05
BH260826,BH260826_R7,BH260826_R7_SHAUN SHANNON,Bathurst,2026-08-26,Night,Night,7,8:15 PM,2026-08-26T10:15:00+00:00,2026-08-26T20:15:00+10:00,1,SHAUN SHANNON,Moorhead Cranes the Friendly Crane People Pace,1730,"$9,792",Fr1,Peter Bullock,Travis Bullock,PACERS,Mobile,NSW,,,False,NR54,52216,"Also eligible NR57 which have not won more than $5000 in the last 5 starts. Dual Concessions apply (Driver, Mare). Also eligible Claimers with a Claiming Price of $5, 000 (GST Inclusive). A 1% deduction for Equine Rehoming will be applied to all prizemoney prior to distribution.",NR up to 56. PBD/LTW. Pacers,187104,/shaun-shannon,/peter-bullock,/travis-bullock,"DARK GREEN & RED HOOPS, DARK GREEN SLEEVES",,,BH190826,BHC19082605,6,Bathurst,2026-08-19,Bathurst_1730,Bathurst_1730_pacers_mobile,2266,2248,8.2,29.1,30.8,28.8,28.8,bathurst,1730,pacers,mobile,2248.0,281.0,633.0,12.5,40.66,-23.71
BH260826,BH260826_R7,BH260826_R7_PRINCESS BALLERINA,Bathurst,2026-08-26,Night,Night,7,8:15 PM,2026-08-26T10:15:00+00:00,2026-08-26T20:15:00+10:00,2,PRINCESS BALLERINA,Moorhead Cranes the Friendly Crane People Pace,1730,"$9,792",Fr2,Amanda Turnbull,Chloe Formosa,PACERS,Mobile,NSW,,,False,NR64 (A56),35150,"Also eligible NR57 which have not won more than $5000 in the last 5 starts. Dual Concessions apply (Driver, Mare). Also eligible Claimers with a Claiming Price of $5, 000 (GST Inclusive). A 1% deduction for Equine Rehoming will be applied to all prizemoney prior to distribution.",NR up to 56. PBD/LTW. Pacers,109208,/princess-ballerina,/amanda-turnbull,/chloe-formosa,"RED, WHITE YOKE, BLUE STARS, BRACES & SLEEVES",,,BH190826,BHC19082605,10,Bathurst,2026-08-19,Bathurst_1730,Bathurst_1730_pacers_mobile,2266,2248,8.2,29.1,30.8,28.8,28.8,bathurst,1730,pacers,mobile,2247.0,225.0,515.0,10.01,32.93,-31.67
BH260826,BH260826_R7,BH260826_R7_SHAZADELE,Bathurst,2026-08-26,Night,Night,7,8:15 PM,2026-08-26T10:15:00+00:00,2026-08-26T20:15:00+10:00,3,SHAZADELE,Moorhead Cranes the Friendly Crane People Pace,1730,"$9,792",Fr3,Steve Turnbull,Ella Turnbull,PACERS,Mobile,NSW,,,False,NR67 (A57),62424,"Also eligible NR57 which have not won more than $5000 in the last 5 starts. Dual Concessions apply (Driver, Mare). Also eligible Claimers with a Claiming Price of $5, 000 (GST Inclusive). A 1% deduction for Equine Rehoming will be applied to all prizemoney prior to distribution.",NR up to 56. PBD/LTW. Pacers,10138,/shazadele,/steve-turnbull,/ella-turnbull,"RED, DARK BLUE SPOTS, HOOPED SLEEVES",,,BH190826,BHC19082608,4,Bathurst,2026-08-19,Bathurst_1730,Bathurst_1730_pacers_mobile,2266,2248,8.2,29.1,30.8,28.8,28.8,bathurst,1730,pacers,mobile,2247.0,231.0,423.0,10.28,29.11,-26.23
BH260826,BH260826_R7,BH260826_R7_MARYVILLE ALFIE,Bathurst,2026-08-26,Night,Night,7,8:15 PM,2026-08-26T10:15:00+00:00,2026-08-26T20:15:00+10:00,4,MARYVILLE ALFIE,Moorhead Cranes the Friendly Crane People Pace,1730,"$9,792",Fr4,Nathan Turnbull,,PACERS,Mobile,NSW,,,False,NR60 (A57),54709,"Also eligible NR57 which have not won more than $5000 in the last 5 starts. Dual Concessions apply (Driver, Mare). Also eligible Claimers with a Claiming Price of $5, 000 (GST Inclusive). A 1% deduction for Equine Rehoming will be applied to all prizemoney prior to distribution.",NR up to 56. PBD/LTW. Pacers,436246,/maryville-alfie,/nathan-turnbull,,"DARK BLUE, RED YOKE & SLEEVES, DARK BLUE STARS & T",,,BH050826,BHC05082605,9,Bathurst,2026-08-05,Bathurst_1730,Bathurst_1730_pacers_mobile,2266,2248,8.2,29.1,30.8,28.8,28.8,bathurst,1730,pacers,mobile,2246.0,259.0,504.0,11.53,33.97,-20.49
BH260826,BH260826_R7,BH260826_R7_DEEPWATER CAM,Bathurst,2026-08-26,Night,Night,7,8:15 PM,2026-08-26T10:15:00+00:00,2026-08-26T20:15:00+10:00,5,DEEPWATER CAM,Moorhead Cranes the Friendly Crane People Pace,1730,"$9,792",Fr5,Mat Rue,Blake Medlyn,PACERS,Mobile,NSW,,,False,NR59 (A56),28086,"Also eligible NR57 which have not won more than $5000 in the last 5 starts. Dual Concessions apply (Driver, Mare). Also eligible Claimers with a Claiming Price of $5, 000 (GST Inclusive). A 1% deduction for Equine Rehoming will be applied to all prizemoney prior to distribution.",NR up to 56. PBD/LTW. Pacers,3763,/deepwater-cam,/mat-rue,/blake-medlyn,"WHITE, RED HORSESHOES, WHITE SLEEVES WITH RED VERTICAL STRIPES",,,BH120826,BHC12082605,6,Bathurst,2026-08-12,Bathurst_1730,Bathurst_1730_pacers_mobile,2266,2248,8.2,29.1,30.8,28.8,28.8,bathurst,1730,pacers,mobile,2245.0,295.0,495.0,13.14,35.19,-5.12
BH260826,BH260826_R7,BH260826_R7_SOMETHING FOR LEXY,Bathurst,2026-08-26,Night,Night,7,8:15 PM,2026-08-26T10:15:00+00:00,2026-08-26T20:15:00+10:00,6,SOMETHING FOR LEXY,Moorhead Cranes the Friendly Crane People Pace,1730,"$9,792",Fr6,Grant Jones,Bernie Hewitt,PACERS,Mobile,NSW,,,False,NR61 (A56),96357,"Also eligible NR57 which have not won more than $5000 in the last 5 starts. Dual Concessions apply (Driver, Mare). Also eligible Claimers with a Claiming Price of $5, 000 (GST Inclusive). A 1% deduction for Equine Rehoming will be applied to all prizemoney prior to distribution.",NR up to 56. PBD/LTW. Pacers,48801,/something-for-lexy,/grant-jones,/bernie-hewitt,"WHITE, YELLOW MALTESE CROSS, PURPLE SLEEVES",,,RE120826,REC12082602,7,Redcliffe,2026-08-12,Bathurst_1730,Bathurst_1730_pacers_mobile,2266,2248,8.2,29.1,30.8,28.8,28.8,bathurst,1730,pacers,mobile,2215.0,258.0,440.0,11.65,31.51,-9.28
BH260826,BH260826_R7,BH260826_R7_THE ROGUE I AM,Bathurst,2026-08-26,Night,Night,7,8:15 PM,2026-08-26T10:15:00+00:00,2026-08-26T20:15:00+10:00,7,THE ROGUE I AM,Moorhead Cranes the Friendly Crane People Pace,1730,"$9,792",Fr7,Nathan Hurst,,PACERS,Mobile,NSW,,,False,NR66 (A56),60768,"Also eligible NR57 which have not won more than $5000 in the last 5 starts. Dual Concessions apply (Driver, Mare). Also eligible Claimers with a Claiming Price of $5, 000 (GST Inclusive). A 1% deduction for Equine Rehoming will be applied to all prizemoney prior to distribution.",NR up to 56. PBD/LTW. Pacers,1793,/the-rogue-i-am,/nathan-hurst,,"RED, WHITE DIAGONAL STRIPES, WHITE SLEEVES, RED ARMBANDS",,,BH120826,BHC12082606,8,Bathurst,2026-08-12,Bathurst_1730,Bathurst_1730_pacers_mobile,2266,2248,8.2,29.1,30.8,28.8,28.8,bathurst,1730,pacers,mobile,2076.0,187.0,375.0,9.01,27.07,-14.26
BH260826,BH260826_R7,BH260826_R7_DUFFY HOLLOW NZ,Bathurst,2026-08-26,Night,Night,7,8:15 PM,2026-08-26T10:15:00+00:00,2026-08-26T20:15:00+10:00,8,DUFFY HOLLOW NZ,Moorhead Cranes the Friendly Crane People Pace,1730,"$9,792",Fr8,Nathan Turnbull,Jett Turnbull,PACERS,Mobile,NSW,,,False,NR57,55625,"Also eligible NR57 which have not won more than $5000 in the last 5 starts. Dual Concessions apply (Driver, Mare). Also eligible Claimers with a Claiming Price of $5, 000 (GST Inclusive). A 1% deduction for Equine Rehoming will be applied to all prizemoney prior to distribution.",NR up to 56. PBD/LTW. Pacers,2672,/duffy-hollow-nz,/nathan-turnbull,/jett-turnbull,"DARK BLUE, RED YOKE & SLEEVES, DARK BLUE STARS & T",,,BH190826,BHC19082605,5,Bathurst,2026-08-19,Bathurst_1730,Bathurst_1730_pacers_mobile,2266,2248,8.2,29.1,30.8,28.8,28.8,bathurst,1730,pacers,mobile,1445.0,114.0,226.0,7.89,23.53,-15.63
BH260826,BH260826_R7,BH260826_R7_DRIVE TO THE BEACH,Bathurst,2026-08-26,Night,Night,7,8:15 PM,2026-08-26T10:15:00+00:00,2026-08-26T20:15:00+10:00,9,DRIVE TO THE BEACH,Moorhead Cranes the Friendly Crane People Pace,1730,"$9,792",Sr1,Mitch Turnbull,Chloe Formosa,PACERS,Mobile,NSW,,,False,NR59 (A56),87489,"Also eligible NR57 which have not won more than $5000 in the last 5 starts. Dual Concessions apply (Driver, Mare). Also eligible Claimers with a Claiming Price of $5, 000 (GST Inclusive). A 1% deduction for Equine Rehoming will be applied to all prizemoney prior to distribution.",NR up to 56. PBD/LTW. Pacers,2127,/drive-to-the-beach,/mitch-turnbull,/chloe-formosa,"RED, BLUE CHEVRONS WITH WHITE BORDER, RED SLEEVES WITH LETTER ""T"", BLUE CUFFS WITH WHITE BORDER",,,BH120826,BHC12082606,9,Bathurst,2026-08-12,Bathurst_1730,Bathurst_1730_pacers_mobile,2266,2248,8.2,29.1,30.8,28.8,28.8,bathurst,1730,pacers,mobile,1885.0,189.0,514.0,10.03,37.29,-23.28
BH260826,BH260826_R8,BH260826_R8_SERGEANT PEE JAY,Bathurst,2026-08-26,Night,Night,8,8:45 PM,2026-08-26T10:45:00+00:00,2026-08-26T20:45:00+10:00,1,SERGEANT PEE JAY,Hynash Group Civil Construction Specialists Pace,1730,"$6,936",Fr1,Wade Judd,Claire Judd,PACERS,Mobile,NSW,,,False,NR49 (A46),01083,"One Concession Only (Driver, Mare). A 1% deduction for Equine Rehoming will be applied to all prizemoney prior to distribution.",NR up to 48. RBD. Pacers,432488,/sergeant-pee-jay,/wade-judd,/claire-judd,"ROYAL BLUE, ORANGE CROSSED SASHES, ORANGE HOOPED SLEEVES",,,BH190826,BHC19082603,3,Bathurst,2026-08-19,Bathurst_1730,Bathurst_1730_pacers_mobile,2266,2248,8.2,29.1,30.8,28.8,28.8,bathurst,1730,pacers,mobile,2248.0,281.0,633.0,12.5,40.66,-23.71
BH260826,BH260826_R8,BH260826_R8_MIA ON,Bathurst,2026-08-26,Night,Night,8,8:45 PM,2026-08-26T10:45:00+00:00,2026-08-26T20:45:00+10:00,2,MIA ON,Hynash Group Civil Construction Specialists Pace,1730,"$6,936",Fr2,Wendy Turnbull,Emma Turnbull,PACERS,Mobile,NSW,,,False,NR51 (A46),7s316,"One Concession Only (Driver, Mare). A 1% deduction for Equine Rehoming will be applied to all prizemoney prior to distribution.",NR up to 48. RBD. Pacers,15047,/mia-on,/wendy-turnbull,/emma-turnbull,"DARK BLUE, RED HORSESHOES",,,BH120826,BHC12082603,6,Bathurst,2026-08-12,Bathurst_1730,Bathurst_1730_pacers_mobile,2266,2248,8.2,29.1,30.8,28.8,28.8,bathurst,1730,pacers,mobile,2247.0,225.0,515.0,10.01,32.93,-31.67
BH260826,BH260826_R8,BH260826_R8_JASPERSTIMETOSHINE,Bathurst,2026-08-26,Night,Night,8,8:45 PM,2026-08-26T10:45:00+00:00,2026-08-26T20:45:00+10:00,3,JASPERSTIMETOSHINE,Hynash Group Civil Construction Specialists Pace,1730,"$6,936",Fr3,Nathan Turnbull,,PACERS,Mobile,NSW,,,False,NR51 (A48),6s503,"One Concession Only (Driver, Mare). A 1% deduction for Equine Rehoming will be applied to all prizemoney prior to distribution.",NR up to 48. RBD. Pacers,191958,/jasperstimetoshine,/nathan-turnbull,,"DARK BLUE, RED YOKE & SLEEVES, DARK BLUE STARS & T",,,BH120826,BHC12082615,3,Bathurst,2026-08-12,Bathurst_1730,Bathurst_1730_pacers_mobile,2266,2248,8.2,29.1,30.8,28.8,28.8,bathurst,1730,pacers,mobile,2247.0,231.0,423.0,10.28,29.11,-26.23
BH260826,BH260826_R8,BH260826_R8_TERRYRAMA,Bathurst,2026-08-26,Night,Night,8,8:45 PM,2026-08-26T10:45:00+00:00,2026-08-26T20:45:00+10:00,4,TERRYRAMA,Hynash Group Civil Construction Specialists Pace,1730,"$6,936",Fr4,Malcolm Hutchings,Vaughan Duncan,PACERS,Mobile,NSW,,,False,NR50 (A47),0s662,"One Concession Only (Driver, Mare). A 1% deduction for Equine Rehoming will be applied to all prizemoney prior to distribution.",NR up to 48. RBD. Pacers,2181,/terryrama,/malcolm-hutchings,/vaughan-duncan,"DARK BLUE, RED SPOTS, WHITE SLEEVES",,,BH190826,BHC19082603,2,Bathurst,2026-08-19,Bathurst_1730,Bathurst_1730_pacers_mobile,2266,2248,8.2,29.1,30.8,28.8,28.8,bathurst,1730,pacers,mobile,2246.0,259.0,504.0,11.53,33.97,-20.49
BH260826,BH260826_R8,BH260826_R8_MY LINE OF FIRE,Bathurst,2026-08-26,Night,Night,8,8:45 PM,2026-08-26T10:45:00+00:00,2026-08-26T20:45:00+10:00,5,MY LINE OF FIRE,Hynash Group Civil Construction Specialists Pace,1730,"$6,936",Fr5,Ellen Jones,Ella Turnbull,PACERS,Mobile,NSW,,,False,NR49 (A46),6s385,"One Concession Only (Driver, Mare). A 1% deduction for Equine Rehoming will be applied to all prizemoney prior to distribution.",NR up to 48. RBD. Pacers,413,/my-line-of-fire,/ellen-jones,/ella-turnbull,"RED, BLUE YOKE & BRACES, FOUR RED STARS, BLUE SLEEVES, RED CUFFS, LETTER ""T""",,,BH190826,BHC19082603,5,Bathurst,2026-08-19,Bathurst_1730,Bathurst_1730_pacers_mobile,2266,2248,8.2,29.1,30.8,28.8,28.8,bathurst,1730,pacers,mobile,2245.0,295.0,495.0,13.14,35.19,-5.12
BH260826,BH260826_R8,BH260826_R8_A TRUE PHENOMENON,Bathurst,2026-08-26,Night,Night,8,8:45 PM,2026-08-26T10:45:00+00:00,2026-08-26T20:45:00+10:00,6,A TRUE PHENOMENON,Hynash Group Civil Construction Specialists Pace,1730,"$6,936",Fr6,Trent Rue,Jett Turnbull,PACERS,Mobile,NSW,,,False,NR50 (A45),41504,"One Concession Only (Driver, Mare). A 1% deduction for Equine Rehoming will be applied to all prizemoney prior to distribution.",NR up to 48. RBD. Pacers,436812,/a-true-phenomenon,/trent-rue,/jett-turnbull,"DARK BLUE, WHITE STAR, STRIPED SLEEVES",,,BH190826,BHC19082603,4,Bathurst,2026-08-19,Bathurst_1730,Bathurst_1730_pacers_mobile,2266,2248,8.2,29.1,30.8,28.8,28.8,bathurst,1730,pacers,mobile,2215.0,258.0,440.0,11.65,31.51,-9.28
BH260826,BH260826_R8,BH260826_R8_MAKES YOU WONDER,Bathurst,2026-08-26,Night,Night,8,8:45 PM,2026-08-26T10:45:00+00:00,2026-08-26T20:45:00+10:00,7,MAKES YOU WONDER,Hynash Group Civil Construction Specialists Pace,1730,"$6,936",Fr7,Nathan Turnbull,Jett Turnbull,PACERS,Mobile,NSW,,,False,NR48,56s71,"One Concession Only (Driver, Mare). A 1% deduction for Equine Rehoming will be applied to all prizemoney prior to distribution.",NR up to 48. RBD. Pacers,59900,/makes-you-wonder,/nathan-turnbull,/jett-turnbull,"DARK BLUE, RED YOKE & SLEEVES, DARK BLUE STARS & T",,,PK140826,PKC14082602,1,Parkes,2026-08-14,Bathurst_1730,Bathurst_1730_pacers_mobile,2266,2248,8.2,29.1,30.8,28.8,28.8,bathurst,1730,pacers,mobile,2076.0,187.0,375.0,9.01,27.07,-14.26
BH260826,BH260826_R8,BH260826_R8_HOOKED ON WINNING NZ,Bathurst,2026-08-26,Night,Night,8,8:45 PM,2026-08-26T10:45:00+00:00,2026-08-26T20:45:00+10:00,8,HOOKED ON WINNING NZ,Hynash Group Civil Construction Specialists Pace,1730,"$6,936",Fr8,Wendy Turnbull,Jason Turnbull,PACERS,Mobile,NSW,,,False,NR44,5800s,"One Concession Only (Driver, Mare). A 1% deduction for Equine Rehoming will be applied to all prizemoney prior to distribution.",NR up to 48. RBD. Pacers,3023,/hooked-on-winning-nz,/wendy-turnbull,/jason-turnbull,"DARK BLUE, RED HORSESHOES",,ODM,YU240326,YUC24032614,10,Young,2026-03-24,Bathurst_1730,Bathurst_1730_pacers_mobile,2266,2248,8.2,29.1,30.8,28.8,28.8,bathurst,1730,pacers,mobile,1445.0,114.0,226.0,7.89,23.53,-15.63
BH260826,BH260826_R8,BH260826_R8_LIVE VANCE,Bathurst,2026-08-26,Night,Night,8,8:45 PM,2026-08-26T10:45:00+00:00,2026-08-26T20:45:00+10:00,9,LIVE VANCE,Hynash Group Civil Construction Specialists Pace,1730,"$6,936",Sr1,Jason Vella,Travis Bullock,PACERS,Mobile,NSW,,,False,NR37 (A32),68437,"One Concession Only (Driver, Mare). A 1% deduction for Equine Rehoming will be applied to all prizemoney prior to distribution.",NR up to 48. RBD. Pacers,17349,/live-vance,/jason-vella,/travis-bullock,"DARK BLUE & LIGHT BLUE HALVES, STRIPED SLEEVES",,,BH190826,BHC19082603,7,Bathurst,2026-08-19,Bathurst_1730,Bathurst_1730_pacers_mobile,2266,2248,8.2,29.1,30.8,28.8,28.8,bathurst,1730,pacers,mobile,1885.0,189.0,514.0,10.03,37.29,-23.28
BH260826,BH260826_R8,BH260826_R8_MADAZALWAYS,Bathurst,2026-08-26,Night,Night,8,8:45 PM,2026-08-26T10:45:00+00:00,2026-08-26T20:45:00+10:00,10,MADAZALWAYS,Hynash Group Civil Construction Specialists Pace,1730,"$6,936",Sr2,Simon Jnr Bigeni,Klayton Bigeni,PACERS,Mobile,NSW,,,False,NR47,74617,"One Concession Only (Driver, Mare). A 1% deduction for Equine Rehoming will be applied to all prizemoney prior to distribution.",NR up to 48. RBD. Pacers,5549,/madazalways,/simon-jnr-bigeni,/klayton-bigeni,"WHITE, BLUE YOKE & BRACES, WHITE STARS, BLACK SLEEVES, WHITE ""KB"" INITIALS",,,PE130826,PEC13082617,7,Penrith,2026-08-13,Bathurst_1730,Bathurst_1730_pacers_mobile,2266,2248,8.2,29.1,30.8,28.8,28.8,bathurst,1730,pacers,mobile,1504.0,179.0,321.0,11.9,33.24,-15.19
BH260826,BH260826_R9,BH260826_R9_DREAM TO CURE,Bathurst,2026-08-26,Night,Night,9,9:15 PM,2026-08-26T11:15:00+00:00,2026-08-26T21:15:00+10:00,1,DREAM TO CURE,Download the TAB App Today Maiden Pace,1730,"$6,936",Fr1,Wendy Turnbull,Emma Turnbull,PACERS,Mobile,NSW,,,False,NR46,26238,No Concessions. A 1% deduction for Equine Rehoming will be applied to all prizemoney prior to distribution.,MAIDEN. PBD/SEX. Pacers,60653,/dream-to-cure,/wendy-turnbull,/emma-turnbull,"DARK BLUE, RED HORSESHOES",,,BH190826,BHC19082601,8,Bathurst,2026-08-19,Bathurst_1730,Bathurst_1730_pacers_mobile,2266,2248,8.2,29.1,30.8,28.8,28.8,bathurst,1730,pacers,mobile,2248.0,281.0,633.0,12.5,40.66,-23.71
BH260826,BH260826_R9,BH260826_R9_FOR A DREAM,Bathurst,2026-08-26,Night,Night,9,9:15 PM,2026-08-26T11:15:00+00:00,2026-08-26T21:15:00+10:00,2,FOR A DREAM,Download the TAB App Today Maiden Pace,1730,"$6,936",Fr2,Robert Anderson,Paula Sapio,PACERS,Mobile,NSW,,,False,NR41,86288,No Concessions. A 1% deduction for Equine Rehoming will be applied to all prizemoney prior to distribution.,MAIDEN. PBD/SEX. Pacers,437046,/for-a-dream,/robert-anderson,/paula-sapio,"WHITE, RED DIAMOND SASH & ARMBAND",,,PK140826,PKC14082602,8,Parkes,2026-08-14,Bathurst_1730,Bathurst_1730_pacers_mobile,2266,2248,8.2,29.1,30.8,28.8,28.8,bathurst,1730,pacers,mobile,2247.0,225.0,515.0,10.01,32.93,-31.67
BH260826,BH260826_R9,BH260826_R9_EMILYS PRINCE,Bathurst,2026-08-26,Night,Night,9,9:15 PM,2026-08-26T11:15:00+00:00,2026-08-26T21:15:00+10:00,3,EMILYS PRINCE,Download the TAB App Today Maiden Pace,1730,"$6,936",Fr3,Peter Wood,Peter Wood,PACERS,Mobile,NSW,,,False,NR30,37999,No Concessions. A 1% deduction for Equine Rehoming will be applied to all prizemoney prior to distribution.,MAIDEN. PBD/SEX. Pacers,11205,/emilys-prince,/peter-wood,/peter-wood,"PINK, WHITE STRIPES, PINK SLEEVES",,,BH120826,BHC12082601,9,Bathurst,2026-08-12,Bathurst_1730,Bathurst_1730_pacers_mobile,2266,2248,8.2,29.1,30.8,28.8,28.8,bathurst,1730,pacers,mobile,2247.0,231.0,423.0,10.28,29.11,-26.23
BH260826,BH260826_R9,BH260826_R9_GRANT FOR LEXY,Bathurst,2026-08-26,Night,Night,9,9:15 PM,2026-08-26T11:15:00+00:00,2026-08-26T21:15:00+10:00,4,GRANT FOR LEXY,Download the TAB App Today Maiden Pace,1730,"$6,936",Fr4,Mat Rue,Mat Rue,PACERS,Mobile,NSW,,,False,NR42,33829,No Concessions. A 1% deduction for Equine Rehoming will be applied to all prizemoney prior to distribution.,MAIDEN. PBD/SEX. Pacers,60280,/grant-for-lexy,/mat-rue,/mat-rue,"WHITE, YELLOW MALTESE CROSS, PURPLE SLEEVES",,,BH190826,BHC19082601,9,Bathurst,2026-08-19,Bathurst_1730,Bathurst_1730_pacers_mobile,2266,2248,8.2,29.1,30.8,28.8,28.8,bathurst,1730,pacers,mobile,2246.0,259.0,504.0,11.53,33.97,-20.49
BH260826,BH260826_R9,BH260826_R9_MONSTER MINT,Bathurst,2026-08-26,Night,Night,9,9:15 PM,2026-08-26T11:15:00+00:00,2026-08-26T21:15:00+10:00,5,MONSTER MINT,Download the TAB App Today Maiden Pace,1730,"$6,936",Fr5,Michael Wood,Michael Wood,PACERS,Mobile,NSW,,,False,NR30,58762,No Concessions. A 1% deduction for Equine Rehoming will be applied to all prizemoney prior to distribution.,MAIDEN. PBD/SEX. Pacers,60571,/monster-mint,/michael-wood,/michael-wood,"PINK, WHITE STRIPES, PINK SLEEVES",,,BH190826,BHC19082601,2,Bathurst,2026-08-19,Bathurst_1730,Bathurst_1730_pacers_mobile,2266,2248,8.2,29.1,30.8,28.8,28.8,bathurst,1730,pacers,mobile,2245.0,295.0,495.0,13.14,35.19,-5.12
BH260826,BH260826_R9,BH260826_R9_FOGWATCH,Bathurst,2026-08-26,Night,Night,9,9:15 PM,2026-08-26T11:15:00+00:00,2026-08-26T21:15:00+10:00,6,FOGWATCH,Download the TAB App Today Maiden Pace,1730,"$6,936",Fr6,Peter Davis,Blake Medlyn,PACERS,Mobile,NSW,,,False,NR30,57656,No Concessions. A 1% deduction for Equine Rehoming will be applied to all prizemoney prior to distribution.,MAIDEN. PBD/SEX. Pacers,2922,/fogwatch,/peter-davis,/blake-medlyn,"LIGHT BLUE & YELLOW CHECK, YELLOW SLEEVES",,,BH190826,BHC19082601,6,Bathurst,2026-08-19,Bathurst_1730,Bathurst_1730_pacers_mobile,2266,2248,8.2,29.1,30.8,28.8,28.8,bathurst,1730,pacers,mobile,2215.0,258.0,440.0,11.65,31.51,-9.28
BH260826,BH260826_R9,BH260826_R9_BOOMER SHANNON,Bathurst,2026-08-26,Night,Night,9,9:15 PM,2026-08-26T11:15:00+00:00,2026-08-26T21:15:00+10:00,7,BOOMER SHANNON,Download the TAB App Today Maiden Pace,1730,"$6,936",Fr7,Peter Bullock,Travis Bullock,PACERS,Mobile,NSW,,,False,NR34,55445,No Concessions. A 1% deduction for Equine Rehoming will be applied to all prizemoney prior to distribution.,MAIDEN. PBD/SEX. Pacers,1843,/boomer-shannon,/peter-bullock,/travis-bullock,"DARK GREEN & RED HOOPS, DARK GREEN SLEEVES",,,BH190826,BHC19082601,5,Bathurst,2026-08-19,Bathurst_1730,Bathurst_1730_pacers_mobile,2266,2248,8.2,29.1,30.8,28.8,28.8,bathurst,1730,pacers,mobile,2076.0,187.0,375.0,9.01,27.07,-14.26
BH260826,BH260826_R9,BH260826_R9_LITTLE ADELAIDE,Bathurst,2026-08-26,Night,Night,9,9:15 PM,2026-08-26T11:15:00+00:00,2026-08-26T21:15:00+10:00,8,LITTLE ADELAIDE,Download the TAB App Today Maiden Pace,1730,"$6,936",Fr8,McKayler Barnes,Amanda Turnbull,PACERS,Mobile,NSW,,,False,NR40,69800,No Concessions. A 1% deduction for Equine Rehoming will be applied to all prizemoney prior to distribution.,MAIDEN. PBD/SEX. Pacers,3024,/little-adelaide,/mckayler-barnes,/amanda-turnbull,"MAROON, BLACK YOKE & BRACES, MAROON DIAMONDS, BLACK SLEEVES, MAROON STRIPE",,ODM,BH120826,BHC12082601,10,Bathurst,2026-08-12,Bathurst_1730,Bathurst_1730_pacers_mobile,2266,2248,8.2,29.1,30.8,28.8,28.8,bathurst,1730,pacers,mobile,1445.0,114.0,226.0,7.89,23.53,-15.63
EY250826,EY250826_R1,EY250826_R1_STIPULATING,Wagga,2026-08-25,Night,Night,1,5:03 PM,2026-08-25T07:03:00+00:00,2026-08-25T17:03:00+10:00,1,STIPULATING,The TAB App Pace,1740,"$6,936",Fr1,Trevor White,George Lee,PACERS,Mobile,NSW,,,False,NR44,38213,No Concessions.,NR 44 to 45. RBD. Pacers,435198,/stipulating,/trevor-white,/george-lee,"BROWN, WHITE SPOTS, YELLOW SLEEVES",,,EY140826,EYC14082617,3,Riverina Paceway,2026-08-14,Wagga_1740,Wagga_1740_pacers_mobile,1759,1753,8.7,29.2,30.4,28.7,28.2,wagga,1740,pacers,mobile,1755.0,214.0,414.0,12.19,35.78,-22.05
EY250826,EY250826_R1,EY250826_R1_DIDNT I,Wagga,2026-08-25,Night,Night,1,5:03 PM,2026-08-25T07:03:00+00:00,2026-08-25T17:03:00+10:00,2,DIDNT I,The TAB App Pace,1740,"$6,936",Fr2,Peter McRae,Peter McRae,PACERS,Mobile,NSW,,,False,NR44,43221,No Concessions.,NR 44 to 45. RBD. Pacers,442,/didnt-i,/peter-mcrae,/peter-mcrae,"NAVY BLUE, BROWN YOKES & BRACES, 4 NAVY BLUE DIAMONDS & COLLAR, NAVY BLUE SLEEVES WITH BROWN CUFFS",,,AL110826,ALC11082610,1,Albury,2026-08-11,Wagga_1740,Wagga_1740_pacers_mobile,1759,1753,8.7,29.2,30.4,28.7,28.2,wagga,1740,pacers,mobile,1754.0,208.0,407.0,11.86,35.06,-22.09
EY250826,EY250826_R1,EY250826_R1_OUR GIRL ECHO,Wagga,2026-08-25,Night,Night,1,5:03 PM,2026-08-25T07:03:00+00:00,2026-08-25T17:03:00+10:00,3,OUR GIRL ECHO,The TAB App Pace,1740,"$6,936",Fr3,Michael Jnr Day,Michael Jnr Day,PACERS,Mobile,NSW,,,False,NR45,17857,No Concessions.,NR 44 to 45. RBD. Pacers,114013,/our-girl-echo,/michael-jnr-day,/michael-jnr-day,"DARK GREEN, YELLOW STAR & STRIPED SLEEVES",,,YU180826,YUC18082606,7,Young,2026-08-18,Wagga_1740,Wagga_1740_pacers_mobile,1759,1753,8.7,29.2,30.4,28.7,28.2,wagga,1740,pacers,mobile,1755.0,181.0,350.0,10.31,30.26,-22.39
EY250826,EY250826_R1,EY250826_R1_SOPHIES SCOOTER,Wagga,2026-08-25,Night,Night,1,5:03 PM,2026-08-25T07:03:00+00:00,2026-08-25T17:03:00+10:00,4,SOPHIES SCOOTER,The TAB App Pace,1740,"$6,936",Fr4,Darrell Hillier,Jackson Painting,PACERS,Mobile,NSW,,,False,NR45,83146,No Concessions.,NR 44 to 45. RBD. Pacers,12376,/sophies-scooter,/darrell-hillier,/jackson-painting,"SKY BLUE, DARK BLUE YOKE, BRACES & SLEEVES, SKY BLUE STARS",,,EY280726,EYC28072602,6,Riverina Paceway,2026-07-28,Wagga_1740,Wagga_1740_pacers_mobile,1759,1753,8.7,29.2,30.4,28.7,28.2,wagga,1740,pacers,mobile,1755.0,238.0,438.0,13.56,38.52,-10.98
EY250826,EY250826_R1,EY250826_R1_CENTREFIRE,Wagga,2026-08-25,Night,Night,1,5:03 PM,2026-08-25T07:03:00+00:00,2026-08-25T17:03:00+10:00,5,CENTREFIRE,The TAB App Pace,1740,"$6,936",Fr5,Dean Atkinson,Matthew Atkinson,PACERS,Mobile,NSW,,,False,NR44,s1450,No Concessions.,NR 44 to 45. RBD. Pacers,434285,/centrefire,/dean-atkinson,/matthew-atkinson,,,,PC180826,PCC18082601,10,Tabcorp Pk Menangle,2026-08-18,Wagga_1740,Wagga_1740_pacers_mobile,1759,1753,8.7,29.2,30.4,28.7,28.2,wagga,1740,pacers,mobile,1751.0,218.0,408.0,12.45,35.75,-16.24
EY250826,EY250826_R1,EY250826_R1_ZEUSS,Wagga,2026-08-25,Night,Night,1,5:03 PM,2026-08-25T07:03:00+00:00,2026-08-25T17:03:00+10:00,6,ZEUSS,The TAB App Pace,1740,"$6,936",Fr6,Ellen Jones,Ellen Jones,PACERS,Mobile,NSW,,,False,NR45,78rs6,No Concessions.,NR 44 to 45. RBD. Pacers,168080,/zeuss,/ellen-jones,/ellen-jones,"PURPLE, NAVY BLUE YOKE, BRACES & SLEEVES, PURPLE STARS & STARRED SLEEVES",,,AL110826,ALC11082602,6,Albury,2026-08-11,Wagga_1740,Wagga_1740_pacers_mobile,1759,1753,8.7,29.2,30.4,28.7,28.2,wagga,1740,pacers,mobile,1733.0,192.0,360.0,11.08,31.85,-10.35
EY250826,EY250826_R1,EY250826_R1_VALENTINI,Wagga,2026-08-25,Night,Night,1,5:03 PM,2026-08-25T07:03:00+00:00,2026-08-25T17:03:00+10:00,7,VALENTINI,The TAB App Pace,1740,"$6,936",Fr7,David Micallef,Blake Micallef,PACERS,Mobile,NSW,,,False,NR44,48734,No Concessions.,NR 44 to 45. RBD. Pacers,7720,/valentini,/david-micallef,/blake-micallef,"DARK GREEN, YELLOW MALTESE CROSS, STRIPED SLEEVES",,,YU180826,YUC18082605,4,Young,2026-08-18,Wagga_1740,Wagga_1740_pacers_mobile,1759,1753,8.7,29.2,30.4,28.7,28.2,wagga,1740,pacers,mobile,1632.0,142.0,302.0,8.7,27.21,-21.35
EY250826,EY250826_R1,EY250826_R1_TROUBLE IN HEAVEN,Wagga,2026-08-25,Night,Night,1,5:03 PM,2026-08-25T07:03:00+00:00,2026-08-25T17:03:00+10:00,8,TROUBLE IN HEAVEN,The TAB App Pace,1740,"$6,936",Fr8,Michael Hawke,Scott Hewitt,PACERS,Mobile,NSW,,,False,NR45,14777,No Concessions.,NR 44 to 45. RBD. Pacers,137509,/trouble-in-heaven,/michael-hawke,/scott-hewitt,"RED, WHITE STAR, BLACK SLEEVES",,ODM,EY140826,EYC14082617,7,Riverina Paceway,2026-08-14,Wagga_1740,Wagga_1740_pacers_mobile,1759,1753,8.7,29.2,30.4,28.7,28.2,wagga,1740,pacers,mobile,1202.0,93.0,192.0,7.74,23.71,-18.29
EY250826,EY250826_R1,EY250826_R1_AVA LEANNE,Wagga,2026-08-25,Night,Night,1,5:03 PM,2026-08-25T07:03:00+00:00,2026-08-25T17:03:00+10:00,9,AVA LEANNE,The TAB App Pace,1740,"$6,936",Sr1,Garry Harpley,Garry Harpley,PACERS,Mobile,NSW,,,False,NR45,36728,No Concessions.,NR 44 to 45. RBD. Pacers,24269,/ava-leanne,/garry-harpley,/garry-harpley,"PINK, DARK BLUE DIAMOND",,,YU180826,YUC18082610,8,Young,2026-08-18,Wagga_1740,Wagga_1740_pacers_mobile,1759,1753,8.7,29.2,30.4,28.7,28.2,wagga,1740,pacers,mobile,1498.0,132.0,362.0,8.81,32.98,-25.39
EY250826,EY250826_R1,EY250826_R1_PENCIL ME IN,Wagga,2026-08-25,Night,Night,1,5:03 PM,2026-08-25T07:03:00+00:00,2026-08-25T17:03:00+10:00,10,PENCIL ME IN,The TAB App Pace,1740,"$6,936",Sr2,Michael Hawke,Harrison Ross,PACERS,Mobile,NSW,,,False,NR44,209s7,No Concessions.,NR 44 to 45. RBD. Pacers,1001,/pencil-me-in,/michael-hawke,/harrison-ross,"RED, WHITE STAR, BLACK SLEEVES",,,YU180826,YUC18082610,7,Young,2026-08-18,Wagga_1740,Wagga_1740_pacers_mobile,1759,1753,8.7,29.2,30.4,28.7,28.2,wagga,1740,pacers,mobile,1176.0,130.0,268.0,11.05,33.84,-24.29
EY250826,EY250826_R2,EY250826_R2_IM NO TROUBLE,Wagga,2026-08-25,Night,Night,2,5:28 PM,2026-08-25T07:28:00+00:00,2026-08-25T17:28:00+10:00,1,IM NO TROUBLE,Carnival of Cups November 6 3yo Pace,1740,"$11,832",Fr1,Michael Hawke,Harrison Ross,PACERS,Mobile,NSW,,,False,NR56,488s2,No Concessions.,3YO. 0Ws/TS. RBD. Pacers,438991,/im-no-trouble,/michael-hawke,/harrison-ross,"RED, WHITE STAR, BLACK SLEEVES",,,EY140826,EYC14082613,2,Riverina Paceway,2026-08-14,Wagga_1740,Wagga_1740_pacers_mobile,1759,1753,8.7,29.2,30.4,28.7,28.2,wagga,1740,pacers,mobile,1755.0,214.0,414.0,12.19,35.78,-22.05
EY250826,EY250826_R2,EY250826_R2_SNIPERS FIRE,Wagga,2026-08-25,Night,Night,2,5:28 PM,2026-08-25T07:28:00+00:00,2026-08-25T17:28:00+10:00,2,SNIPERS FIRE,Carnival of Cups November 6 3yo Pace,1740,"$11,832",Fr2,Brad Hewitt,Scott Hewitt,PACERS,Mobile,NSW,,,False,NR55,55352,No Concessions.,3YO. 0Ws/TS. RBD. Pacers,440570,/snipers-fire,/brad-hewitt,/scott-hewitt,"DARK GREEN & YELLOW DIAMONDS, BROWN SLEEVES",,,YU180826,YUC18082614,2,Young,2026-08-18,Wagga_1740,Wagga_1740_pacers_mobile,1759,1753,8.7,29.2,30.4,28.7,28.2,wagga,1740,pacers,mobile,1754.0,208.0,407.0,11.86,35.06,-22.09
EY250826,EY250826_R2,EY250826_R2_A WISH GRANTED,Wagga,2026-08-25,Night,Night,2,5:28 PM,2026-08-25T07:28:00+00:00,2026-08-25T17:28:00+10:00,3,A WISH GRANTED,Carnival of Cups November 6 3yo Pace,1740,"$11,832",Fr3,Matthew Harris,Matthew Harris,PACERS,Mobile,NSW,,,False,NR52,1s,No Concessions.,3YO. 0Ws/TS. RBD. Pacers,438013,/a-wish-granted,/matthew-harris,/matthew-harris,"BLUE, BLACK SPOTS",,,CB120525,CBC12052502,1,Canberra,2025-05-12,Wagga_1740,Wagga_1740_pacers_mobile,1759,1753,8.7,29.2,30.4,28.7,28.2,wagga,1740,pacers,mobile,1755.0,181.0,350.0,10.31,30.26,-22.39
EY250826,EY250826_R2,EY250826_R2_SHE SHIMMERS,Wagga,2026-08-25,Night,Night,2,5:28 PM,2026-08-25T07:28:00+00:00,2026-08-25T17:28:00+10:00,4,SHE SHIMMERS,Carnival of Cups November 6 3yo Pace,1740,"$11,832",Fr4,Kristie O'Sullivan,Dean Cernovskis,PACERS,Mobile,NSW,,,False,NR48,566s,No Concessions.,3YO. 0Ws/TS. RBD. Pacers,438048,/she-shimmers,/kristie-o-sullivan,/dean-cernovskis,"PINK, BROWN SASH",,,LM221225,LMC22122514,6,Goulburn,2025-12-22,Wagga_1740,Wagga_1740_pacers_mobile,1759,1753,8.7,29.2,30.4,28.7,28.2,wagga,1740,pacers,mobile,1755.0,238.0,438.0,13.56,38.52,-10.98
EY250826,EY250826_R2,EY250826_R2_GOOD TALK,Wagga,2026-08-25,Night,Night,2,5:28 PM,2026-08-25T07:28:00+00:00,2026-08-25T17:28:00+10:00,5,GOOD TALK,Carnival of Cups November 6 3yo Pace,1740,"$11,832",Fr5,Ellen Jones,Peter McRae,PACERS,Mobile,NSW,,,False,NR47,543s3,No Concessions.,3YO. 0Ws/TS. RBD. Pacers,437905,/good-talk,/ellen-jones,/peter-mcrae,"NAVY BLUE, BROWN YOKES & BRACES, 4 NAVY BLUE DIAMONDS & COLLAR, NAVY BLUE SLEEVES WITH BROWN CUFFS",,,AL110826,ALC11082605,3,Albury,2026-08-11,Wagga_1740,Wagga_1740_pacers_mobile,1759,1753,8.7,29.2,30.4,28.7,28.2,wagga,1740,pacers,mobile,1751.0,218.0,408.0,12.45,35.75,-16.24
EY250826,EY250826_R2,EY250826_R2_ESCAPE PLAN,Wagga,2026-08-25,Night,Night,2,5:28 PM,2026-08-25T07:28:00+00:00,2026-08-25T17:28:00+10:00,6,ESCAPE PLAN,Carnival of Cups November 6 3yo Pace,1740,"$11,832",Fr6,Dennis Picker,Dennis Picker,PACERS,Mobile,NSW,,,False,NR50,,No Concessions.,3YO. 0Ws/TS. RBD. Pacers,439013,/escape-plan,/dennis-picker,/dennis-picker,"GREY & LIGHT BLUE DIAMONDS, LIGHT BLUE SLEEVES",,,,,,,,Wagga_1740,Wagga_1740_pacers_mobile,1759,1753,8.7,29.2,30.4,28.7,28.2,wagga,1740,pacers,mobile,1733.0,192.0,360.0,11.08,31.85,-10.35
EY250826,EY250826_R2,EY250826_R2_PIER PRESSURE,Wagga,2026-08-25,Night,Night,2,5:28 PM,2026-08-25T07:28:00+00:00,2026-08-25T17:28:00+10:00,7,PIER PRESSURE,Carnival of Cups November 6 3yo Pace,1740,"$11,832",Fr7,Paul Symes,Taylah Osmond,PACERS,Mobile,NSW,,,False,NR48,s7583,No Concessions.,3YO. 0Ws/TS. RBD. Pacers,438600,/pier-pressure,/paul-symes,/taylah-osmond,,,,EY070826,EYC07082615,3,Riverina Paceway,2026-08-07,Wagga_1740,Wagga_1740_pacers_mobile,1759,1753,8.7,29.2,30.4,28.7,28.2,wagga,1740,pacers,mobile,1632.0,142.0,302.0,8.7,27.21,-21.35
EY250826,EY250826_R2,EY250826_R2_CAPTAIN AMELIAH,Wagga,2026-08-25,Night,Night,2,5:28 PM,2026-08-25T07:28:00+00:00,2026-08-25T17:28:00+10:00,8,CAPTAIN AMELIAH,Carnival of Cups November 6 3yo Pace,1740,"$11,832",Fr-,Ellen Jones,Ellen Jones,PACERS,Mobile,NSW,,,False,NR47,999,No Concessions.,3YO. 0Ws/TS. RBD. Pacers,178820,/captain-ameliah,/ellen-jones,/ellen-jones,"PURPLE, NAVY BLUE YOKE, BRACES & SLEEVES, PURPLE STARS & STARRED SLEEVES",1.0,,PC210726,PCC21072610,9,Tabcorp Pk Menangle,2026-07-21,Wagga_1740,Wagga_1740_pacers_mobile,1759,1753,8.7,29.2,30.4,28.7,28.2,wagga,1740,pacers,mobile,0.0,0.0,0.0,0.0,0.0,0.0
EY250826,EY250826_R2,EY250826_R2_BIG FROST,Wagga,2026-08-25,Night,Night,2,5:28 PM,2026-08-25T07:28:00+00:00,2026-08-25T17:28:00+10:00,9,BIG FROST,Carnival of Cups November 6 3yo Pace,1740,"$11,832",Sr1,Matthew McCaffery,Matthew McCaffery,PACERS,Mobile,NSW,,,False,NR44,s6443,No Concessions.,3YO. 0Ws/TS. RBD. Pacers,439708,/big-frost,/matthew-mccaffery,/matthew-mccaffery,"PURPLE, DARK GREEN STRIPES",,,YU180826,YUC18082614,3,Young,2026-08-18,Wagga_1740,Wagga_1740_pacers_mobile,1759,1753,8.7,29.2,30.4,28.7,28.2,wagga,1740,pacers,mobile,1498.0,132.0,362.0,8.81,32.98,-25.39
EY250826,EY250826_R2,EY250826_R2_HOW YA POPPIN,Wagga,2026-08-25,Night,Night,2,5:28 PM,2026-08-25T07:28:00+00:00,2026-08-25T17:28:00+10:00,10,HOW YA POPPIN,Carnival of Cups November 6 3yo Pace,1740,"$11,832",Sr2,Paul Symes,Ky Bloomfield,PACERS,Mobile,NSW,,,False,NR49,9,No Concessions.,3YO. 0Ws/TS. RBD. Pacers,439071,/how-ya-poppin,/paul-symes,/ky-bloomfield,"BLACK, RED DIAMOND SASH",,,AL210726,ALC21072605,9,Albury,2026-07-21,Wagga_1740,Wagga_1740_pacers_mobile,1759,1753,8.7,29.2,30.4,28.7,28.2,wagga,1740,pacers,mobile,1176.0,130.0,268.0,11.05,33.84,-24.29
EY250826,EY250826_R2,EY250826_R2_OPAS GIRL NZ,Wagga,2026-08-25,Night,Night,2,5:28 PM,2026-08-25T07:28:00+00:00,2026-08-25T17:28:00+10:00,11,OPAS GIRL NZ,Carnival of Cups November 6 3yo Pace,1740,"$11,832",Sr3,Dean Atkinson,Matthew Atkinson,PACERS,Mobile,NSW,,,False,NR51,84s23,No Concessions.,3YO. 0Ws/TS. RBD. Pacers,449258,/opas-girl-nz,/dean-atkinson,/matthew-atkinson,,,,PC110826,PCC11082609,3,Tabcorp Pk Menangle,2026-08-11,Wagga_1740,Wagga_1740_pacers_mobile,1759,1753,8.7,29.2,30.4,28.7,28.2,wagga,1740,pacers,mobile,64.0,6.0,13.0,9.38,29.69,-21.55
EY250826,EY250826_R3,EY250826_R3_MAJOR HAYLEY,Wagga,2026-08-25,Night,Night,3,5:57 PM,2026-08-25T07:57:00+00:00,2026-08-25T17:57:00+10:00,1,MAJOR HAYLEY,Nijinksy @ Yirribee Stud Pace,1740,"$9,792",Fr1,Brooke McPherson,Tom Gilligan,PACERS,Mobile,NSW,,,False,NR52 (A47),81457,"One Concession only (Driver, Mare).Also eligible Claimers with a Claiming Price of $5,000 (GST Inclusive).",NR up to 58. PBD/NR. Pacers,436893,/major-hayley,/brooke-mcpherson,/tom-gilligan,"PINK, NAVY BLUE YOKE & BRACES, PINK STARS, STRIPED SLEEVES",,,EY140826,EYC14082603,7,Riverina Paceway,2026-08-14,Wagga_1740,Wagga_1740_pacers_mobile,1759,1753,8.7,29.2,30.4,28.7,28.2,wagga,1740,pacers,mobile,1755.0,214.0,414.0,12.19,35.78,-22.05
EY250826,EY250826_R3,EY250826_R3_MOP NZ,Wagga,2026-08-25,Night,Night,3,5:57 PM,2026-08-25T07:57:00+00:00,2026-08-25T17:57:00+10:00,2,MOP NZ,Nijinksy @ Yirribee Stud Pace,1740,"$9,792",Fr2,Michael Towers,Mikayla Towers,PACERS,Mobile,NSW,,,False,NR55 (A50),2566s,"One Concession only (Driver, Mare).Also eligible Claimers with a Claiming Price of $5,000 (GST Inclusive).",NR up to 58. PBD/NR. Pacers,2241,/mop-nz,/michael-towers,/mikayla-towers,"NAVY BLUE, LIGHT BLUE YOKES & BRACES, NAVY BLUE STARS, NAVY BLUE SLEEVES WITH LIGHT BLUE STARS",,,CL190426,CLC19042605,6,Coolamon,2026-04-19,Wagga_1740,Wagga_1740_pacers_mobile,1759,1753,8.7,29.2,30.4,28.7,28.2,wagga,1740,pacers,mobile,1754.0,208.0,407.0,11.86,35.06,-22.09
EY250826,EY250826_R3,EY250826_R3_ARENDELLE,Wagga,2026-08-25,Night,Night,3,5:57 PM,2026-08-25T07:57:00+00:00,2026-08-25T17:57:00+10:00,3,ARENDELLE,Nijinksy @ Yirribee Stud Pace,1740,"$9,792",Fr3,Darryl Pitt,Codi Rauchenberger,PACERS,Mobile,NSW,,,False,NR52,25532,"One Concession only (Driver, Mare).Also eligible Claimers with a Claiming Price of $5,000 (GST Inclusive).",NR up to 58. PBD/NR. Pacers,5219,/arendelle,/darryl-pitt,/codi-rauchenberger,"BLACK, WHITE MALTESE CROSS, HOOPED SLEEVES",,,EY140826,EYC14082603,2,Riverina Paceway,2026-08-14,Wagga_1740,Wagga_1740_pacers_mobile,1759,1753,8.7,29.2,30.4,28.7,28.2,wagga,1740,pacers,mobile,1755.0,181.0,350.0,10.31,30.26,-22.39
EY250826,EY250826_R3,EY250826_R3_BERRYLICIOUS,Wagga,2026-08-25,Night,Night,3,5:57 PM,2026-08-25T07:57:00+00:00,2026-08-25T17:57:00+10:00,4,BERRYLICIOUS,Nijinksy @ Yirribee Stud Pace,1740,"$9,792",Fr4,Dennis Picker,Dennis Picker,PACERS,Mobile,NSW,,,False,NR57 (A52),35311,"One Concession only (Driver, Mare).Also eligible Claimers with a Claiming Price of $5,000 (GST Inclusive).",NR up to 58. PBD/NR. Pacers,431985,/berrylicious,/dennis-picker,/dennis-picker,"GREY & LIGHT BLUE DIAMONDS, LIGHT BLUE SLEEVES",,,YU180826,YUC18082606,1,Young,2026-08-18,Wagga_1740,Wagga_1740_pacers_mobile,1759,1753,8.7,29.2,30.4,28.7,28.2,wagga,1740,pacers,mobile,1755.0,238.0,438.0,13.56,38.52,-10.98
EY250826,EY250826_R3,EY250826_R3_WAITANDSEE,Wagga,2026-08-25,Night,Night,3,5:57 PM,2026-08-25T07:57:00+00:00,2026-08-25T17:57:00+10:00,5,WAITANDSEE,Nijinksy @ Yirribee Stud Pace,1740,"$9,792",Fr5,James Rattray,Taylah Osmond,PACERS,Mobile,NSW,,,False,NR57 (A54),31341,"One Concession only (Driver, Mare).Also eligible Claimers with a Claiming Price of $5,000 (GST Inclusive).",NR up to 58. PBD/NR. Pacers,137442,/waitandsee,/james-rattray,/taylah-osmond,"RED, WHITE YOKE, BLUE BRACES, DIAMONDS & WAISTBAND, RED SLEEVES, WHITE ""R"" & CUFFS",,,YU040826,YUC04082602,1,Young,2026-08-04,Wagga_1740,Wagga_1740_pacers_mobile,1759,1753,8.7,29.2,30.4,28.7,28.2,wagga,1740,pacers,mobile,1751.0,218.0,408.0,12.45,35.75,-16.24
EY250826,EY250826_R3,EY250826_R3_HEAVENS BADGIRL,Wagga,2026-08-25,Night,Night,3,5:57 PM,2026-08-25T07:57:00+00:00,2026-08-25T17:57:00+10:00,6,HEAVENS BADGIRL,Nijinksy @ Yirribee Stud Pace,1740,"$9,792",Fr6,Liam Armstrong,Blake Micallef,PACERS,Mobile,NSW,,,False,NR60 (A55),37324,"One Concession only (Driver, Mare).Also eligible Claimers with a Claiming Price of $5,000 (GST Inclusive).",NR up to 58. PBD/NR. Pacers,2259,/heavens-badgirl,/liam-armstrong,/blake-micallef,"LIGHT BLUE, BROWN MALTESE CROSS & SLEEVES",,,EY140826,EYC14082619,4,Riverina Paceway,2026-08-14,Wagga_1740,Wagga_1740_pacers_mobile,1759,1753,8.7,29.2,30.4,28.7,28.2,wagga,1740,pacers,mobile,1733.0,192.0,360.0,11.08,31.85,-10.35
EY250826,EY250826_R3,EY250826_R3_WATCH ME RAIDER,Wagga,2026-08-25,Night,Night,3,5:57 PM,2026-08-25T07:57:00+00:00,2026-08-25T17:57:00+10:00,7,WATCH ME RAIDER,Nijinksy @ Yirribee Stud Pace,1740,"$9,792",Fr7,Mark Hewitt,Oliver Arentz,PACERS,Mobile,NSW,,,False,NR60 (A55),93619,"One Concession only (Driver, Mare).Also eligible Claimers with a Claiming Price of $5,000 (GST Inclusive).",NR up to 58. PBD/NR. Pacers,59909,/watch-me-raider,/mark-hewitt,/oliver-arentz,"BLACK, LIGHT GREEN DIAMOND SASH & SLEEVES",,,BH190826,BHC19082606,9,Bathurst,2026-08-19,Wagga_1740,Wagga_1740_pacers_mobile,1759,1753,8.7,29.2,30.4,28.7,28.2,wagga,1740,pacers,mobile,1632.0,142.0,302.0,8.7,27.21,-21.35
EY250826,EY250826_R3,EY250826_R3_AROMET GIRL,Wagga,2026-08-25,Night,Night,3,5:57 PM,2026-08-25T07:57:00+00:00,2026-08-25T17:57:00+10:00,8,AROMET GIRL,Nijinksy @ Yirribee Stud Pace,1740,"$9,792",Fr8,Garry Harpley,Garry Harpley,PACERS,Mobile,NSW,,,False,NR61 (A56),01808,"One Concession only (Driver, Mare).Also eligible Claimers with a Claiming Price of $5,000 (GST Inclusive).",NR up to 58. PBD/NR. Pacers,5004,/aromet-girl,/garry-harpley,/garry-harpley,"PINK, DARK BLUE DIAMOND",,,EY140826,EYC14082619,8,Riverina Paceway,2026-08-14,Wagga_1740,Wagga_1740_pacers_mobile,1759,1753,8.7,29.2,30.4,28.7,28.2,wagga,1740,pacers,mobile,1202.0,93.0,192.0,7.74,23.71,-18.29
EY250826,EY250826_R3,EY250826_R3_OUR REBEL YELL,Wagga,2026-08-25,Night,Night,3,5:57 PM,2026-08-25T07:57:00+00:00,2026-08-25T17:57:00+10:00,9,OUR REBEL YELL,Nijinksy @ Yirribee Stud Pace,1740,"$9,792",Sr1,Brett Woodhouse,Jack Stockton,PACERS,Mobile,NSW,,,False,NR63 (A58),22565,"One Concession only (Driver, Mare).Also eligible Claimers with a Claiming Price of $5,000 (GST Inclusive).",NR up to 58. PBD/NR. Pacers,2232,/our-rebel-yell,/brett-woodhouse,/jack-stockton,"BROWN, WHITE SPOTS, HALF SLEEVES",,,EY140826,EYC14082604,5,Riverina Paceway,2026-08-14,Wagga_1740,Wagga_1740_pacers_mobile,1759,1753,8.7,29.2,30.4,28.7,28.2,wagga,1740,pacers,mobile,1498.0,132.0,362.0,8.81,32.98,-25.39
EY250826,EY250826_R3,EY250826_R3_CARBINEER,Wagga,2026-08-25,Night,Night,3,5:57 PM,2026-08-25T07:57:00+00:00,2026-08-25T17:57:00+10:00,10,CARBINEER,Nijinksy @ Yirribee Stud Pace,1740,"$9,792",Sr2,Dennis Day,Matthew Atkinson,PACERS,Mobile,NSW,,,False,NR63 (A58),55654,"One Concession only (Driver, Mare).Also eligible Claimers with a Claiming Price of $5,000 (GST Inclusive).",NR up to 58. PBD/NR. Pacers,14366,/carbineer,/dennis-day,/matthew-atkinson,"DARK BLUE, RED SASH",,,PC180826,PCC18082612,4,Tabcorp Pk Menangle,2026-08-18,Wagga_1740,Wagga_1740_pacers_mobile,1759,1753,8.7,29.2,30.4,28.7,28.2,wagga,1740,pacers,mobile,1176.0,130.0,268.0,11.05,33.84,-24.29
EY250826,EY250826_R4,EY250826_R4_MILLWOOD GRACE NZ,Wagga,2026-08-25,Night,Night,4,6:31 PM,2026-08-25T08:31:00+00:00,2026-08-25T18:31:00+10:00,1,MILLWOOD GRACE NZ,Jacinta Bodel Homes Pace,1740,"$6,936",Fr1,David Micallef,Blake Micallef,PACERS,Mobile,NSW,,,False,NR56 (A51),37974,"One Concession only (Driver, Mare).",NR up to 53. PBD/L5$. Pacers,6024,/millwood-grace-nz,/david-micallef,/blake-micallef,"DARK GREEN, YELLOW MALTESE CROSS, STRIPED SLEEVES",,,EY140826,EYC14082603,4,Riverina Paceway,2026-08-14,Wagga_1740,Wagga_1740_pacers_mobile,1759,1753,8.7,29.2,30.4,28.7,28.2,wagga,1740,pacers,mobile,1755.0,214.0,414.0,12.19,35.78,-22.05
EY250826,EY250826_R4,EY250826_R4_MACHX THE STRANGER,Wagga,2026-08-25,Night,Night,4,6:31 PM,2026-08-25T08:31:00+00:00,2026-08-25T18:31:00+10:00,2,MACHX THE STRANGER,Jacinta Bodel Homes Pace,1740,"$6,936",Fr2,Michael Hawke,Harrison Ross,PACERS,Mobile,NSW,,,False,NR51 (A46),39535,"One Concession only (Driver, Mare).",NR up to 53. PBD/L5$. Pacers,438555,/machx-the-stranger,/michael-hawke,/harrison-ross,"RED, WHITE STAR, BLACK SLEEVES",,,EY140826,EYC14082617,5,Riverina Paceway,2026-08-14,Wagga_1740,Wagga_1740_pacers_mobile,1759,1753,8.7,29.2,30.4,28.7,28.2,wagga,1740,pacers,mobile,1754.0,208.0,407.0,11.86,35.06,-22.09
EY250826,EY250826_R4,EY250826_R4_PIRANI PRINCESS,Wagga,2026-08-25,Night,Night,4,6:31 PM,2026-08-25T08:31:00+00:00,2026-08-25T18:31:00+10:00,3,PIRANI PRINCESS,Jacinta Bodel Homes Pace,1740,"$6,936",Fr3,Ellen Jones,Ky Bloomfield,PACERS,Mobile,NSW,,,False,NR54 (A49),45927,"One Concession only (Driver, Mare).",NR up to 53. PBD/L5$. Pacers,11520,/pirani-princess,/ellen-jones,/ky-bloomfield,"NAVY BLUE, WHITE STAR, LIGHT BLUE OUTLINE, NAVY BLUE SLEEVES, WHITES STARS, LIGHT BLUE OUTLINES",,,AL110826,ALC11082603,7,Albury,2026-08-11,Wagga_1740,Wagga_1740_pacers_mobile,1759,1753,8.7,29.2,30.4,28.7,28.2,wagga,1740,pacers,mobile,1755.0,181.0,350.0,10.31,30.26,-22.39
EY250826,EY250826_R4,EY250826_R4_SWEDISH MEATBALLS,Wagga,2026-08-25,Night,Night,4,6:31 PM,2026-08-25T08:31:00+00:00,2026-08-25T18:31:00+10:00,4,SWEDISH MEATBALLS,Jacinta Bodel Homes Pace,1740,"$6,936",Fr4,Darrell Hillier,Jackson Painting,PACERS,Mobile,NSW,,,False,NR56 (A51),93926,"One Concession only (Driver, Mare).",NR up to 53. PBD/L5$. Pacers,5208,/swedish-meatballs,/darrell-hillier,/jackson-painting,"SKY BLUE, DARK BLUE YOKE, BRACES & SLEEVES, SKY BLUE STARS",,,EY280726,EYC28072603,6,Riverina Paceway,2026-07-28,Wagga_1740,Wagga_1740_pacers_mobile,1759,1753,8.7,29.2,30.4,28.7,28.2,wagga,1740,pacers,mobile,1755.0,238.0,438.0,13.56,38.52,-10.98
EY250826,EY250826_R4,EY250826_R4_MAJOR ISSUES,Wagga,2026-08-25,Night,Night,4,6:31 PM,2026-08-25T08:31:00+00:00,2026-08-25T18:31:00+10:00,5,MAJOR ISSUES,Jacinta Bodel Homes Pace,1740,"$6,936",Fr5,Michael Hawke,Scott Hewitt,PACERS,Mobile,NSW,,,False,NR55 (A50),26853,"One Concession only (Driver, Mare).",NR up to 53. PBD/L5$. Pacers,7021,/major-issues,/michael-hawke,/scott-hewitt,"RED, WHITE STAR, BLACK SLEEVES",,,YU180826,YUC18082606,3,Young,2026-08-18,Wagga_1740,Wagga_1740_pacers_mobile,1759,1753,8.7,29.2,30.4,28.7,28.2,wagga,1740,pacers,mobile,1751.0,218.0,408.0,12.45,35.75,-16.24
EY250826,EY250826_R4,EY250826_R4_WAT ON EARTH,Wagga,2026-08-25,Night,Night,4,6:31 PM,2026-08-25T08:31:00+00:00,2026-08-25T18:31:00+10:00,6,WAT ON EARTH,Jacinta Bodel Homes Pace,1740,"$6,936",Fr6,Joe DeMamiel,Michael Jnr Day,PACERS,Mobile,NSW,,,False,NR52 (A47),42785,"One Concession only (Driver, Mare).",NR up to 53. PBD/L5$. Pacers,438651,/wat-on-earth,/joe-demamiel,/michael-jnr-day,"LIGHT BLUE, BLACK STAR & SLEEVES, LIGHT BLUE STARS",,,PK140826,PKC14082605,5,Parkes,2026-08-14,Wagga_1740,Wagga_1740_pacers_mobile,1759,1753,8.7,29.2,30.4,28.7,28.2,wagga,1740,pacers,mobile,1733.0,192.0,360.0,11.08,31.85,-10.35
EY250826,EY250826_R4,EY250826_R4_EYEDIDNTLOSEIT,Wagga,2026-08-25,Night,Night,4,6:31 PM,2026-08-25T08:31:00+00:00,2026-08-25T18:31:00+10:00,7,EYEDIDNTLOSEIT,Jacinta Bodel Homes Pace,1740,"$6,936",Fr7,Steven Lee,George Lee,PACERS,Mobile,NSW,,,False,NR49 (A44),24042,"One Concession only (Driver, Mare).",NR up to 53. PBD/L5$. Pacers,1275,/eyedidntloseit,/steven-lee,/george-lee,"DARK BLUE, YELLOW BAND & SLEEVES",,,YU180826,YUC18082610,2,Young,2026-08-18,Wagga_1740,Wagga_1740_pacers_mobile,1759,1753,8.7,29.2,30.4,28.7,28.2,wagga,1740,pacers,mobile,1632.0,142.0,302.0,8.7,27.21,-21.35
EY250826,EY250826_R4,EY250826_R4_IDEAL ANDY,Wagga,2026-08-25,Night,Night,4,6:31 PM,2026-08-25T08:31:00+00:00,2026-08-25T18:31:00+10:00,8,IDEAL ANDY,Jacinta Bodel Homes Pace,1740,"$6,936",Fr8,James Rattray,Taylah Osmond,PACERS,Mobile,NSW,,,False,NR54 (A51),129s2,"One Concession only (Driver, Mare).",NR up to 53. PBD/L5$. Pacers,11515,/ideal-andy,/james-rattray,/taylah-osmond,"RED, WHITE YOKE, BLUE BRACES, DIAMONDS & WAISTBAND, RED SLEEVES, WHITE ""R"" & CUFFS",,,YU040826,YUC04082615,2,Young,2026-08-04,Wagga_1740,Wagga_1740_pacers_mobile,1759,1753,8.7,29.2,30.4,28.7,28.2,wagga,1740,pacers,mobile,1202.0,93.0,192.0,7.74,23.71,-18.29
EY250826,EY250826_R4,EY250826_R4_STINSON,Wagga,2026-08-25,Night,Night,4,6:31 PM,2026-08-25T08:31:00+00:00,2026-08-25T18:31:00+10:00,9,STINSON,Jacinta Bodel Homes Pace,1740,"$6,936",Sr1,Dean Cernovskis,Mikayla Towers,PACERS,Mobile,NSW,,,False,NR58 (A53),167s1,"One Concession only (Driver, Mare).",NR up to 53. PBD/L5$. Pacers,439843,/stinson,/dean-cernovskis,/mikayla-towers,"DARK BLUE, YOKE & SLEEVES, BLACK BRACES & DIAMONDS",,,AL110826,ALC11082603,1,Albury,2026-08-11,Wagga_1740,Wagga_1740_pacers_mobile,1759,1753,8.7,29.2,30.4,28.7,28.2,wagga,1740,pacers,mobile,1498.0,132.0,362.0,8.81,32.98,-25.39
EY250826,EY250826_R4,EY250826_R4_BELIEVE IN DREAMS,Wagga,2026-08-25,Night,Night,4,6:31 PM,2026-08-25T08:31:00+00:00,2026-08-25T18:31:00+10:00,10,BELIEVE IN DREAMS,Jacinta Bodel Homes Pace,1740,"$6,936",Sr2,Bruce Harpley,Jack Stockton,PACERS,Mobile,NSW,,,False,NR54 (A51),s2117,"One Concession only (Driver, Mare).",NR up to 53. PBD/L5$. Pacers,439225,/believe-in-dreams,/bruce-harpley,/jack-stockton,"YELLOW WITH BLACK SPOTS & BLACK COLLAR, BLACK SLEEVES",,,EY140826,EYC14082613,7,Riverina Paceway,2026-08-14,Wagga_1740,Wagga_1740_pacers_mobile,1759,1753,8.7,29.2,30.4,28.7,28.2,wagga,1740,pacers,mobile,1176.0,130.0,268.0,11.05,33.84,-24.29
EY250826,EY250826_R5,EY250826_R5_UNCLE CRAIGO,Wagga,2026-08-25,Night,Night,5,7:01 PM,2026-08-25T09:01:00+00:00,2026-08-25T19:01:00+10:00,1,UNCLE CRAIGO,Pete Murray @ Carnival of Cups Pace,1740,"$6,936",Fr1,Dean Cernovskis,Dean Cernovskis,PACERS,Mobile,NSW,,,False,NR46,82383,No Concessions.,NR 46 to 48. RBD. Pacers,2950,/uncle-craigo,/dean-cernovskis,/dean-cernovskis,"DARK BLUE, YOKE & SLEEVES, BLACK BRACES & DIAMONDS",,,AL110826,ALC11082602,3,Albury,2026-08-11,Wagga_1740,Wagga_1740_pacers_mobile,1759,1753,8.7,29.2,30.4,28.7,28.2,wagga,1740,pacers,mobile,1755.0,214.0,414.0,12.19,35.78,-22.05
EY250826,EY250826_R5,EY250826_R5_BURTON,Wagga,2026-08-25,Night,Night,5,7:01 PM,2026-08-25T09:01:00+00:00,2026-08-25T19:01:00+10:00,2,BURTON,Pete Murray @ Carnival of Cups Pace,1740,"$6,936",Fr2,Amy Diebert,Mal Diebert,PACERS,Mobile,NSW,,,False,NR47,39863,No Concessions.,NR 46 to 48. RBD. Pacers,2176,/burton,/amy-diebert,/mal-diebert,"YELLOW, RED DIAMONDS, BLACK SLEEVES",,,EY140826,EYC14082602,3,Riverina Paceway,2026-08-14,Wagga_1740,Wagga_1740_pacers_mobile,1759,1753,8.7,29.2,30.4,28.7,28.2,wagga,1740,pacers,mobile,1754.0,208.0,407.0,11.86,35.06,-22.09
EY250826,EY250826_R5,EY250826_R5_ALWAYSATTHEBEACH,Wagga,2026-08-25,Night,Night,5,7:01 PM,2026-08-25T09:01:00+00:00,2026-08-25T19:01:00+10:00,3,ALWAYSATTHEBEACH,Pete Murray @ Carnival of Cups Pace,1740,"$6,936",Fr3,David Micallef,Harrison Ross,PACERS,Mobile,NSW,,,False,NR48,42628,No Concessions.,NR 46 to 48. RBD. Pacers,7680,/alwaysatthebeach,/david-micallef,/harrison-ross,"DARK GREEN, YELLOW MALTESE CROSS, STRIPED SLEEVES",,,YU180826,YUC18082608,8,Young,2026-08-18,Wagga_1740,Wagga_1740_pacers_mobile,1759,1753,8.7,29.2,30.4,28.7,28.2,wagga,1740,pacers,mobile,1755.0,181.0,350.0,10.31,30.26,-22.39
EY250826,EY250826_R5,EY250826_R5_KIRPHILBRI,Wagga,2026-08-25,Night,Night,5,7:01 PM,2026-08-25T09:01:00+00:00,2026-08-25T19:01:00+10:00,4,KIRPHILBRI,Pete Murray @ Carnival of Cups Pace,1740,"$6,936",Fr4,Michael Jnr Day,Michael Jnr Day,PACERS,Mobile,NSW,,,False,NR47,99658,No Concessions.,NR 46 to 48. RBD. Pacers,438862,/kirphilbri,/michael-jnr-day,/michael-jnr-day,"DARK GREEN, YELLOW STAR & STRIPED SLEEVES",,,YU180826,YUC18082606,8,Young,2026-08-18,Wagga_1740,Wagga_1740_pacers_mobile,1759,1753,8.7,29.2,30.4,28.7,28.2,wagga,1740,pacers,mobile,1755.0,238.0,438.0,13.56,38.52,-10.98
EY250826,EY250826_R5,EY250826_R5_DANCINGONSTARLIGHT,Wagga,2026-08-25,Night,Night,5,7:01 PM,2026-08-25T09:01:00+00:00,2026-08-25T19:01:00+10:00,5,DANCINGONSTARLIGHT,Pete Murray @ Carnival of Cups Pace,1740,"$6,936",Fr5,David Micallef,Blake Micallef,PACERS,Mobile,NSW,,,False,NR47,56241,No Concessions.,NR 46 to 48. RBD. Pacers,11091,/dancingonstarlight,/david-micallef,/blake-micallef,"DARK GREEN, YELLOW MALTESE CROSS, STRIPED SLEEVES",,,EY310726,EYC31072618,1,Riverina Paceway,2026-07-31,Wagga_1740,Wagga_1740_pacers_mobile,1759,1753,8.7,29.2,30.4,28.7,28.2,wagga,1740,pacers,mobile,1751.0,218.0,408.0,12.45,35.75,-16.24
EY250826,EY250826_R5,EY250826_R5_GALLICO,Wagga,2026-08-25,Night,Night,5,7:01 PM,2026-08-25T09:01:00+00:00,2026-08-25T19:01:00+10:00,6,GALLICO,Pete Murray @ Carnival of Cups Pace,1740,"$6,936",Fr6,Wayne Anderson,Wayne Anderson,PACERS,Mobile,NSW,,,False,NR48,78879,No Concessions.,NR 46 to 48. RBD. Pacers,56090,/gallico,/wayne-anderson,/wayne-anderson,"ROYAL BLUE, TARTAN V, ROYAL BLUE & WHITE STRIPED SLEEVES",,,SP110826,SPC11082603,9,Shepparton,2026-08-11,Wagga_1740,Wagga_1740_pacers_mobile,1759,1753,8.7,29.2,30.4,28.7,28.2,wagga,1740,pacers,mobile,1733.0,192.0,360.0,11.08,31.85,-10.35
EY250826,EY250826_R5,EY250826_R5_JILLIBY TOMCAT,Wagga,2026-08-25,Night,Night,5,7:01 PM,2026-08-25T09:01:00+00:00,2026-08-25T19:01:00+10:00,7,JILLIBY TOMCAT,Pete Murray @ Carnival of Cups Pace,1740,"$6,936",Fr7,Scott Hewitt,Scott Hewitt,PACERS,Mobile,NSW,,,False,NR48,5s730,No Concessions.,NR 46 to 48. RBD. Pacers,433851,/jilliby-tomcat,/scott-hewitt,/scott-hewitt,"BROWN, WHITE YOKE & BRACES, WHITE DIAMONDS ON SLEEVE",,,PE130826,PEC13082604,10,Penrith,2026-08-13,Wagga_1740,Wagga_1740_pacers_mobile,1759,1753,8.7,29.2,30.4,28.7,28.2,wagga,1740,pacers,mobile,1632.0,142.0,302.0,8.7,27.21,-21.35
EY250826,EY250826_R5,EY250826_R5_TUFFASOLDBOOTS,Wagga,2026-08-25,Night,Night,5,7:01 PM,2026-08-25T09:01:00+00:00,2026-08-25T19:01:00+10:00,8,TUFFASOLDBOOTS,Pete Murray @ Carnival of Cups Pace,1740,"$6,936",Fr8,Trevor White,Peter McRae,PACERS,Mobile,NSW,,,False,NR46,43500,No Concessions.,NR 46 to 48. RBD. Pacers,200831,/tuffasoldboots,/trevor-white,/peter-mcrae,"BROWN, WHITE SPOTS, YELLOW SLEEVES",,,EY140826,EYC14082617,10,Riverina Paceway,2026-08-14,Wagga_1740,Wagga_1740_pacers_mobile,1759,1753,8.7,29.2,30.4,28.7,28.2,wagga,1740,pacers,mobile,1202.0,93.0,192.0,7.74,23.71,-18.29
EY250826,EY250826_R5,EY250826_R5_SOKYS FALCON,Wagga,2026-08-25,Night,Night,5,7:01 PM,2026-08-25T09:01:00+00:00,2026-08-25T19:01:00+10:00,9,SOKYS FALCON,Pete Murray @ Carnival of Cups Pace,1740,"$6,936",Sr1,Trevor Rutland,Bruce Harpley,PACERS,Mobile,NSW,,,False,NR46,16s88,No Concessions.,NR 46 to 48. RBD. Pacers,1989,/sokys-falcon,/trevor-rutland,/bruce-harpley,"LIGHT BLUE, BLACK SHAMROCK, STRIPED SLEEVES",,,EY240726,EYC24072602,8,Riverina Paceway,2026-07-24,Wagga_1740,Wagga_1740_pacers_mobile,1759,1753,8.7,29.2,30.4,28.7,28.2,wagga,1740,pacers,mobile,1498.0,132.0,362.0,8.81,32.98,-25.39
EY250826,EY250826_R5,EY250826_R5_MAJORS CREEK,Wagga,2026-08-25,Night,Night,5,7:01 PM,2026-08-25T09:01:00+00:00,2026-08-25T19:01:00+10:00,10,MAJORS CREEK,Pete Murray @ Carnival of Cups Pace,1740,"$6,936",Sr2,Steven Lee,James Locke,PACERS,Mobile,NSW,,,False,NR46,81250,No Concessions.,NR 46 to 48. RBD. Pacers,109159,/majors-creek,/steven-lee,/james-locke,"DARK BLUE, YELLOW BAND & SLEEVES",,,PC110826,PCC11082601,10,Tabcorp Pk Menangle,2026-08-11,Wagga_1740,Wagga_1740_pacers_mobile,1759,1753,8.7,29.2,30.4,28.7,28.2,wagga,1740,pacers,mobile,1176.0,130.0,268.0,11.05,33.84,-24.29
EY250826,EY250826_R6,EY250826_R6_NOOGALEEK OFFKILTA,Wagga,2026-08-25,Night,Night,6,7:35 PM,2026-08-25T09:35:00+00:00,2026-08-25T19:35:00+10:00,1,NOOGALEEK OFFKILTA,Poseidon Digestive Hp 2yo Pace,1740,"$11,832",Fr1,Matthew McCaffery,Matthew McCaffery,PACERS,Mobile,NSW,,,False,NR44,58s34,No Concessions. A 1% deduction for Equine Rehoming will be applied to all prizemoney prior to distribution.,2YO. 1 WIN. PBD/LTW. Pacers,186979,/noogaleek-offkilta,/matthew-mccaffery,/matthew-mccaffery,"PURPLE, DARK GREEN STRIPES",,,YU180826,YUC18082612,4,Young,2026-08-18,Wagga_1740,Wagga_1740_pacers_mobile,1759,1753,8.7,29.2,30.4,28.7,28.2,wagga,1740,pacers,mobile,1755.0,214.0,414.0,12.19,35.78,-22.05
EY250826,EY250826_R6,EY250826_R6_DEXTERS DONE,Wagga,2026-08-25,Night,Night,6,7:35 PM,2026-08-25T09:35:00+00:00,2026-08-25T19:35:00+10:00,2,DEXTERS DONE,Poseidon Digestive Hp 2yo Pace,1740,"$11,832",Fr2,Martelle Maguire,Reece Maguire,PACERS,Mobile,NSW,,,False,NR44,27,No Concessions. A 1% deduction for Equine Rehoming will be applied to all prizemoney prior to distribution.,2YO. 1 WIN. PBD/LTW. Pacers,442062,/dexters-done,/martelle-maguire,/reece-maguire,"EMERALD GREEN, PURPLE YOKE & BRACES, WHITE M & STARS",,,EY070826,EYC07082615,7,Riverina Paceway,2026-08-07,Wagga_1740,Wagga_1740_pacers_mobile,1759,1753,8.7,29.2,30.4,28.7,28.2,wagga,1740,pacers,mobile,1754.0,208.0,407.0,11.86,35.06,-22.09
EY250826,EY250826_R6,EY250826_R6_NUGGETGOTAREASON,Wagga,2026-08-25,Night,Night,6,7:35 PM,2026-08-25T09:35:00+00:00,2026-08-25T19:35:00+10:00,3,NUGGETGOTAREASON,Poseidon Digestive Hp 2yo Pace,1740,"$11,832",Fr3,Leanne Staunton,Mark Hewitt,PACERS,Mobile,NSW,,,False,NR44,3247s,No Concessions. A 1% deduction for Equine Rehoming will be applied to all prizemoney prior to distribution.,2YO. 1 WIN. PBD/LTW. Pacers,53128,/nuggetgotareason,/leanne-staunton,/mark-hewitt,"BLACK, DARK BLUE SASH, PINK SLEEVES",,,YU120526,YUC12052609,7,Young,2026-05-12,Wagga_1740,Wagga_1740_pacers_mobile,1759,1753,8.7,29.2,30.4,28.7,28.2,wagga,1740,pacers,mobile,1755.0,181.0,350.0,10.31,30.26,-22.39
EY250826,EY250826_R6,EY250826_R6_SLOWBURN,Wagga,2026-08-25,Night,Night,6,7:35 PM,2026-08-25T09:35:00+00:00,2026-08-25T19:35:00+10:00,4,SLOWBURN,Poseidon Digestive Hp 2yo Pace,1740,"$11,832",Fr4,Jackson Painting,Jackson Painting,PACERS,Mobile,NSW,,,False,NR45,,No Concessions. A 1% deduction for Equine Rehoming will be applied to all prizemoney prior to distribution.,2YO. 1 WIN. PBD/LTW. Pacers,441860,/slowburn,/jackson-painting,/jackson-painting,"LIME GREEN, BLACK BUTTERFLY, BLACK SLEEVES",,,,,,,,Wagga_1740,Wagga_1740_pacers_mobile,1759,1753,8.7,29.2,30.4,28.7,28.2,wagga,1740,pacers,mobile,1755.0,238.0,438.0,13.56,38.52,-10.98
EY250826,EY250826_R6,EY250826_R6_INTIMATE DANGER,Wagga,2026-08-25,Night,Night,6,7:35 PM,2026-08-25T09:35:00+00:00,2026-08-25T19:35:00+10:00,5,INTIMATE DANGER,Poseidon Digestive Hp 2yo Pace,1740,"$11,832",Fr5,Scott Hewitt,Scott Hewitt,PACERS,Mobile,NSW,,,False,NR45,48s,No Concessions. A 1% deduction for Equine Rehoming will be applied to all prizemoney prior to distribution.,2YO. 1 WIN. PBD/LTW. Pacers,187020,/intimate-danger,/scott-hewitt,/scott-hewitt,"BROWN, WHITE YOKE & BRACES, WHITE DIAMONDS ON SLEEVE",,,BH280326,BHC28032605,8,Bathurst,2026-03-28,Wagga_1740,Wagga_1740_pacers_mobile,1759,1753,8.7,29.2,30.4,28.7,28.2,wagga,1740,pacers,mobile,1751.0,218.0,408.0,12.45,35.75,-16.24
EY250826,EY250826_R6,EY250826_R6_MYOLA STORM,Wagga,2026-08-25,Night,Night,6,7:35 PM,2026-08-25T09:35:00+00:00,2026-08-25T19:35:00+10:00,6,MYOLA STORM,Poseidon Digestive Hp 2yo Pace,1740,"$11,832",Fr6,Jane Walker,Raymond Walker,PACERS,Mobile,NSW,,,False,NR43,78,No Concessions. A 1% deduction for Equine Rehoming will be applied to all prizemoney prior to distribution.,2YO. 1 WIN. PBD/LTW. Pacers,59745,/myola-storm,/jane-walker,/raymond-walker,"DARK BLUE, YELLOW SPOTS",,,YU180826,YUC18082612,8,Young,2026-08-18,Wagga_1740,Wagga_1740_pacers_mobile,1759,1753,8.7,29.2,30.4,28.7,28.2,wagga,1740,pacers,mobile,1733.0,192.0,360.0,11.08,31.85,-10.35
EY250826,EY250826_R6,EY250826_R6_YELLOW RIVER,Wagga,2026-08-25,Night,Night,6,7:35 PM,2026-08-25T09:35:00+00:00,2026-08-25T19:35:00+10:00,7,YELLOW RIVER,Poseidon Digestive Hp 2yo Pace,1740,"$11,832",Fr7,Ellen Jones,Peter McRae,PACERS,Mobile,NSW,,,False,NR45,4s,No Concessions. A 1% deduction for Equine Rehoming will be applied to all prizemoney prior to distribution.,2YO. 1 WIN. PBD/LTW. Pacers,59771,/yellow-river,/ellen-jones,/peter-mcrae,"NAVY BLUE, BROWN YOKES & BRACES, 4 NAVY BLUE DIAMONDS & COLLAR, NAVY BLUE SLEEVES WITH BROWN CUFFS",,,LE100326,LEC10032610,4,Leeton,2026-03-10,Wagga_1740,Wagga_1740_pacers_mobile,1759,1753,8.7,29.2,30.4,28.7,28.2,wagga,1740,pacers,mobile,1632.0,142.0,302.0,8.7,27.21,-21.35
EY250826,EY250826_R6,EY250826_R6_MAMMALS DUDLEY,Wagga,2026-08-25,Night,Night,6,7:35 PM,2026-08-25T09:35:00+00:00,2026-08-25T19:35:00+10:00,8,MAMMALS DUDLEY,Poseidon Digestive Hp 2yo Pace,1740,"$11,832",Fr8,Joe DeMamiel,,PACERS,Mobile,NSW,,,False,NR43,8s0,No Concessions. A 1% deduction for Equine Rehoming will be applied to all prizemoney prior to distribution.,2YO. 1 WIN. PBD/LTW. Pacers,441915,/mammals-dudley,/joe-demamiel,,"LIGHT BLUE, BLACK STAR & SLEEVES, LIGHT BLUE STARS",1.0,ODM,PK210826,PKC21082602,10,Parkes,2026-08-21,Wagga_1740,Wagga_1740_pacers_mobile,1759,1753,8.7,29.2,30.4,28.7,28.2,wagga,1740,pacers,mobile,1202.0,93.0,192.0,7.74,23.71,-18.29
EY250826,EY250826_R6,EY250826_R6_BIG NELSON,Wagga,2026-08-25,Night,Night,6,7:35 PM,2026-08-25T09:35:00+00:00,2026-08-25T19:35:00+10:00,9,BIG NELSON,Poseidon Digestive Hp 2yo Pace,1740,"$11,832",Sr-,Nicholas Hargraves,Harrison Ross,PACERS,Mobile,NSW,,,False,NR45,,No Concessions. A 1% deduction for Equine Rehoming will be applied to all prizemoney prior to distribution.,2YO. 1 WIN. PBD/LTW. Pacers,17855,/big-nelson,/nicholas-hargraves,/harrison-ross,"PURPLE, WHITE CROSSED SASHES",,,,,,,,Wagga_1740,Wagga_1740_pacers_mobile,1759,1753,8.7,29.2,30.4,28.7,28.2,wagga,1740,pacers,mobile,0.0,0.0,0.0,0.0,0.0,0.0
EY250826,EY250826_R6,EY250826_R6_HEAR NO EVIL,Wagga,2026-08-25,Night,Night,6,7:35 PM,2026-08-25T09:35:00+00:00,2026-08-25T19:35:00+10:00,10,HEAR NO EVIL,Poseidon Digestive Hp 2yo Pace,1740,"$11,832",Sr-,Brett Woodhouse,Blake Micallef,PACERS,Mobile,NSW,,,False,NR44,49s4,No Concessions. A 1% deduction for Equine Rehoming will be applied to all prizemoney prior to distribution.,2YO. 1 WIN. PBD/LTW. Pacers,157134,/hear-no-evil,/brett-woodhouse,/blake-micallef,"BLACK, YELLOW STAR & ARMBANDS",,,EY140826,EYC14082616,4,Riverina Paceway,2026-08-14,Wagga_1740,Wagga_1740_pacers_mobile,1759,1753,8.7,29.2,30.4,28.7,28.2,wagga,1740,pacers,mobile,0.0,0.0,0.0,0.0,0.0,0.0
EY250826,EY250826_R6,EY250826_R6_FRITH IN FLIGHT,Wagga,2026-08-25,Night,Night,6,7:35 PM,2026-08-25T09:35:00+00:00,2026-08-25T19:35:00+10:00,11,FRITH IN FLIGHT,Poseidon Digestive Hp 2yo Pace,1740,"$11,832",Sr-,Bruce Harpley,Bruce Harpley,PACERS,Mobile,NSW,,,False,NR48,6613,No Concessions. A 1% deduction for Equine Rehoming will be applied to all prizemoney prior to distribution.,2YO. 1 WIN. PBD/LTW. Pacers,187034,/frith-in-flight,/bruce-harpley,/bruce-harpley,"YELLOW WITH BLACK SPOTS & BLACK COLLAR, BLACK SLEEVES",,,EY100726,EYC10072616,3,Riverina Paceway,2026-07-10,Wagga_1740,Wagga_1740_pacers_mobile,1759,1753,8.7,29.2,30.4,28.7,28.2,wagga,1740,pacers,mobile,0.0,0.0,0.0,0.0,0.0,0.0
EY250826,EY250826_R7,EY250826_R7_WARRAWEES SHOUT,Wagga,2026-08-25,Night,Night,7,8:09 PM,2026-08-25T10:09:00+00:00,2026-08-25T20:09:00+10:00,1,WARRAWEES SHOUT,Settlers Village Pace,1740,"$6,936",Fr1,Steven Lee,George Lee,PACERS,Mobile,NSW,,,False,NR48,401s5,First preference for Pacers with 0 lifetime wins. No Concessions.,0-1 WIN. PBD/LTW. Pacers,191912,/warrawees-shout,/steven-lee,/george-lee,"DARK BLUE, YELLOW BAND & SLEEVES",,,EY140826,EYC14082618,5,Riverina Paceway,2026-08-14,Wagga_1740,Wagga_1740_pacers_mobile,1759,1753,8.7,29.2,30.4,28.7,28.2,wagga,1740,pacers,mobile,1755.0,214.0,414.0,12.19,35.78,-22.05
EY250826,EY250826_R7,EY250826_R7_CLAUDES DESIRE,Wagga,2026-08-25,Night,Night,7,8:09 PM,2026-08-25T10:09:00+00:00,2026-08-25T20:09:00+10:00,2,CLAUDES DESIRE,Settlers Village Pace,1740,"$6,936",Fr2,Brian Smith,Bruce Harpley,PACERS,Mobile,NSW,,,False,NR50,87198,First preference for Pacers with 0 lifetime wins. No Concessions.,0-1 WIN. PBD/LTW. Pacers,438612,/claudes-desire,/brian-smith,/bruce-harpley,"YELLOW, DARK GREEN SPOTS & SLEEVES",,,YU180826,YUC18082611,8,Young,2026-08-18,Wagga_1740,Wagga_1740_pacers_mobile,1759,1753,8.7,29.2,30.4,28.7,28.2,wagga,1740,pacers,mobile,1754.0,208.0,407.0,11.86,35.06,-22.09
EY250826,EY250826_R7,EY250826_R7_MARINNA MONSOON,Wagga,2026-08-25,Night,Night,7,8:09 PM,2026-08-25T10:09:00+00:00,2026-08-25T20:09:00+10:00,3,MARINNA MONSOON,Settlers Village Pace,1740,"$6,936",Fr3,Trevor Allamby,Peter McRae,PACERS,Mobile,NSW,,,False,NR51,21788,First preference for Pacers with 0 lifetime wins. No Concessions.,0-1 WIN. PBD/LTW. Pacers,436093,/marinna-monsoon,/trevor-allamby,/peter-mcrae,"YELLOW, DARK GREEN SASH, STRIPED SLEEVES",,,EY140826,EYC14082618,8,Riverina Paceway,2026-08-14,Wagga_1740,Wagga_1740_pacers_mobile,1759,1753,8.7,29.2,30.4,28.7,28.2,wagga,1740,pacers,mobile,1755.0,181.0,350.0,10.31,30.26,-22.39
EY250826,EY250826_R7,EY250826_R7_WICKED VICTREE,Wagga,2026-08-25,Night,Night,7,8:09 PM,2026-08-25T10:09:00+00:00,2026-08-25T20:09:00+10:00,4,WICKED VICTREE,Settlers Village Pace,1740,"$6,936",Fr4,Scott Hewitt,Scott Hewitt,PACERS,Mobile,NSW,,,False,NR48,51984,First preference for Pacers with 0 lifetime wins. No Concessions.,0-1 WIN. PBD/LTW. Pacers,200672,/wicked-victree,/scott-hewitt,/scott-hewitt,,,,YU180826,YUC18082611,4,Young,2026-08-18,Wagga_1740,Wagga_1740_pacers_mobile,1759,1753,8.7,29.2,30.4,28.7,28.2,wagga,1740,pacers,mobile,1755.0,238.0,438.0,13.56,38.52,-10.98
EY250826,EY250826_R7,EY250826_R7_DIVA BON VIVA,Wagga,2026-08-25,Night,Night,7,8:09 PM,2026-08-25T10:09:00+00:00,2026-08-25T20:09:00+10:00,5,DIVA BON VIVA,Settlers Village Pace,1740,"$6,936",Fr5,Dennis Picker,Dennis Picker,PACERS,Mobile,NSW,,,False,NR47,20487,First preference for Pacers with 0 lifetime wins. No Concessions.,0-1 WIN. PBD/LTW. Pacers,439776,/diva-bon-viva,/dennis-picker,/dennis-picker,"GREY & LIGHT BLUE DIAMONDS, LIGHT BLUE SLEEVES",,,YU180826,YUC18082614,7,Young,2026-08-18,Wagga_1740,Wagga_1740_pacers_mobile,1759,1753,8.7,29.2,30.4,28.7,28.2,wagga,1740,pacers,mobile,1751.0,218.0,408.0,12.45,35.75,-16.24
EY250826,EY250826_R7,EY250826_R7_IN THE SUMMERTIME NZ,Wagga,2026-08-25,Night,Night,7,8:09 PM,2026-08-25T10:09:00+00:00,2026-08-25T20:09:00+10:00,6,IN THE SUMMERTIME NZ,Settlers Village Pace,1740,"$6,936",Fr6,Jackson Painting,Jackson Painting,PACERS,Mobile,NSW,,,False,NR51,5s442,First preference for Pacers with 0 lifetime wins. No Concessions.,0-1 WIN. PBD/LTW. Pacers,437328,/in-the-summertime-nz-437328,/jackson-painting,/jackson-painting,"SKY BLUE, DARK BLUE YOKE, BRACES & SLEEVES, SKY BLUE STARS",,,YU180826,YUC18082606,2,Young,2026-08-18,Wagga_1740,Wagga_1740_pacers_mobile,1759,1753,8.7,29.2,30.4,28.7,28.2,wagga,1740,pacers,mobile,1733.0,192.0,360.0,11.08,31.85,-10.35
EY250826,EY250826_R7,EY250826_R7_BETTORBYTHESEA,Wagga,2026-08-25,Night,Night,7,8:09 PM,2026-08-25T10:09:00+00:00,2026-08-25T20:09:00+10:00,7,BETTORBYTHESEA,Settlers Village Pace,1740,"$6,936",Fr7,Michael Jnr Day,Michael Jnr Day,PACERS,Mobile,NSW,,,False,NR48,12365,First preference for Pacers with 0 lifetime wins. No Concessions.,0-1 WIN. PBD/LTW. Pacers,438275,/bettorbythesea,/michael-jnr-day,/michael-jnr-day,"DARK GREEN, YELLOW STAR & STRIPED SLEEVES",,,YU180826,YUC18082614,5,Young,2026-08-18,Wagga_1740,Wagga_1740_pacers_mobile,1759,1753,8.7,29.2,30.4,28.7,28.2,wagga,1740,pacers,mobile,1632.0,142.0,302.0,8.7,27.21,-21.35
EY250826,EY250826_R7,EY250826_R7_ALIGHIERI,Wagga,2026-08-25,Night,Night,7,8:09 PM,2026-08-25T10:09:00+00:00,2026-08-25T20:09:00+10:00,8,ALIGHIERI,Settlers Village Pace,1740,"$6,936",Fr8,Jane Walker,Raymond Walker,PACERS,Mobile,NSW,,,False,NR43,33632,First preference for Pacers with 0 lifetime wins. No Concessions.,0-1 WIN. PBD/LTW. Pacers,5903,/alighieri,/jane-walker,/raymond-walker,"DARK BLUE, YELLOW SPOTS",,,AL110826,ALC11082601,2,Albury,2026-08-11,Wagga_1740,Wagga_1740_pacers_mobile,1759,1753,8.7,29.2,30.4,28.7,28.2,wagga,1740,pacers,mobile,1202.0,93.0,192.0,7.74,23.71,-18.29
EY250826,EY250826_R7,EY250826_R7_SHADY TREE,Wagga,2026-08-25,Night,Night,7,8:09 PM,2026-08-25T10:09:00+00:00,2026-08-25T20:09:00+10:00,9,SHADY TREE,Settlers Village Pace,1740,"$6,936",Sr1,David Micallef,Blake Micallef,PACERS,Mobile,NSW,,,False,NR47,16882,First preference for Pacers with 0 lifetime wins. No Concessions.,0-1 WIN. PBD/LTW. Pacers,11388,/shady-tree,/david-micallef,/blake-micallef,"DARK GREEN, YELLOW MALTESE CROSS, STRIPED SLEEVES",,,YU180826,YUC18082602,2,Young,2026-08-18,Wagga_1740,Wagga_1740_pacers_mobile,1759,1753,8.7,29.2,30.4,28.7,28.2,wagga,1740,pacers,mobile,1498.0,132.0,362.0,8.81,32.98,-25.39
EY250826,EY250826_R7,EY250826_R7_BIGWHEEL BOMBA,Wagga,2026-08-25,Night,Night,7,8:09 PM,2026-08-25T10:09:00+00:00,2026-08-25T20:09:00+10:00,10,BIGWHEEL BOMBA,Settlers Village Pace,1740,"$6,936",Sr2,Gerald Painting,Roger Strong,PACERS,Mobile,NSW,,,False,NR49,13629,First preference for Pacers with 0 lifetime wins. No Concessions.,0-1 WIN. PBD/LTW. Pacers,60751,/bigwheel-bomba,/gerald-painting,/roger-strong,"DARK GREEN, BLACK HOOPED SLEEVES",,,EY070826,EYC07082618,9,Riverina Paceway,2026-08-07,Wagga_1740,Wagga_1740_pacers_mobile,1759,1753,8.7,29.2,30.4,28.7,28.2,wagga,1740,pacers,mobile,1176.0,130.0,268.0,11.05,33.84,-24.29
EY250826,EY250826_R8,EY250826_R8_HES A TERROR,Wagga,2026-08-25,Night,Night,8,8:43 PM,2026-08-25T10:43:00+00:00,2026-08-25T20:43:00+10:00,1,HES A TERROR,Riverina Ensuite Hire Pace,1740,"$6,936",Fr1,Trevor White,Peter McRae,PACERS,Mobile,NSW,,,False,NR40,75382,No Concessions.,NR 39 to 43. RBD. Pacers,2221,/hes-a-terror,/trevor-white,/peter-mcrae,"BROWN, WHITE SPOTS, YELLOW SLEEVES",,,YU180826,YUC18082613,2,Young,2026-08-18,Wagga_1740,Wagga_1740_pacers_mobile,1759,1753,8.7,29.2,30.4,28.7,28.2,wagga,1740,pacers,mobile,1755.0,214.0,414.0,12.19,35.78,-22.05
EY250826,EY250826_R8,EY250826_R8_ANGELIC ATTITUDE,Wagga,2026-08-25,Night,Night,8,8:43 PM,2026-08-25T10:43:00+00:00,2026-08-25T20:43:00+10:00,2,ANGELIC ATTITUDE,Riverina Ensuite Hire Pace,1740,"$6,936",Fr2,Jackson Painting,Jackson Painting,PACERS,Mobile,NSW,,,False,NR43,23101,No Concessions.,NR 39 to 43. RBD. Pacers,435790,/angelic-attitude,/jackson-painting,/jackson-painting,"SKY BLUE, DARK BLUE YOKE, BRACES & SLEEVES, SKY BLUE STARS",,,AL110826,ALC11082611,1,Albury,2026-08-11,Wagga_1740,Wagga_1740_pacers_mobile,1759,1753,8.7,29.2,30.4,28.7,28.2,wagga,1740,pacers,mobile,1754.0,208.0,407.0,11.86,35.06,-22.09
EY250826,EY250826_R8,EY250826_R8_SYNCOPATED SHUFFLE,Wagga,2026-08-25,Night,Night,8,8:43 PM,2026-08-25T10:43:00+00:00,2026-08-25T20:43:00+10:00,3,SYNCOPATED SHUFFLE,Riverina Ensuite Hire Pace,1740,"$6,936",Fr3,Steven Lee,James Locke,PACERS,Mobile,NSW,,,False,NR42,45746,No Concessions.,NR 39 to 43. RBD. Pacers,6931,/syncopated-shuffle,/steven-lee,/james-locke,"GREEN & GOLD WITH ""BPM"" LOGO, GOLD SLEEVES WITH GREEN STRIPE, GREEN CUFFS WITH ""BPM"" LOGO",,,YU180826,YUC18082610,6,Young,2026-08-18,Wagga_1740,Wagga_1740_pacers_mobile,1759,1753,8.7,29.2,30.4,28.7,28.2,wagga,1740,pacers,mobile,1755.0,181.0,350.0,10.31,30.26,-22.39
EY250826,EY250826_R8,EY250826_R8_JUNGLE SHARK,Wagga,2026-08-25,Night,Night,8,8:43 PM,2026-08-25T10:43:00+00:00,2026-08-25T20:43:00+10:00,4,JUNGLE SHARK,Riverina Ensuite Hire Pace,1740,"$6,936",Fr4,Terry Powter,Roger Strong,PACERS,Mobile,NSW,,,False,NR41,41933,No Concessions.,NR 39 to 43. RBD. Pacers,7055,/jungle-shark,/terry-powter,/roger-strong,"BLACK, PURPLE SASH",,,EY310726,EYC31072619,3,Riverina Paceway,2026-07-31,Wagga_1740,Wagga_1740_pacers_mobile,1759,1753,8.7,29.2,30.4,28.7,28.2,wagga,1740,pacers,mobile,1755.0,238.0,438.0,13.56,38.52,-10.98
EY250826,EY250826_R8,EY250826_R8_KEAYANG ALEX,Wagga,2026-08-25,Night,Night,8,8:43 PM,2026-08-25T10:43:00+00:00,2026-08-25T20:43:00+10:00,5,KEAYANG ALEX,Riverina Ensuite Hire Pace,1740,"$6,936",Fr5,Michael Towers,Abby Towers,PACERS,Mobile,NSW,,,False,NR39,41549,No Concessions.,NR 39 to 43. RBD. Pacers,3962,/keayang-alex,/michael-towers,/abby-towers,"DARK BLUE, LIGHT BLUE YOKE & STRIPES, DARK BLUE DIAMONDS, LIGHT BLUE SLEEVES",,,EY280726,EYC28072619,9,Riverina Paceway,2026-07-28,Wagga_1740,Wagga_1740_pacers_mobile,1759,1753,8.7,29.2,30.4,28.7,28.2,wagga,1740,pacers,mobile,1751.0,218.0,408.0,12.45,35.75,-16.24
EY250826,EY250826_R8,EY250826_R8_LETSTACOBOUTIT,Wagga,2026-08-25,Night,Night,8,8:43 PM,2026-08-25T10:43:00+00:00,2026-08-25T20:43:00+10:00,6,LETSTACOBOUTIT,Riverina Ensuite Hire Pace,1740,"$6,936",Fr6,Dean Cernovskis,Dean Cernovskis,PACERS,Mobile,NSW,,,False,NR42,95271,No Concessions.,NR 39 to 43. RBD. Pacers,137505,/letstacoboutit,/dean-cernovskis,/dean-cernovskis,"DARK BLUE, YOKE & SLEEVES, BLACK BRACES & DIAMONDS",,,AL110826,ALC11082612,1,Albury,2026-08-11,Wagga_1740,Wagga_1740_pacers_mobile,1759,1753,8.7,29.2,30.4,28.7,28.2,wagga,1740,pacers,mobile,1733.0,192.0,360.0,11.08,31.85,-10.35
EY250826,EY250826_R8,EY250826_R8_JAKRYAN,Wagga,2026-08-25,Night,Night,8,8:43 PM,2026-08-25T10:43:00+00:00,2026-08-25T20:43:00+10:00,7,JAKRYAN,Riverina Ensuite Hire Pace,1740,"$6,936",Fr7,Michael Jnr Day,Michael Jnr Day,PACERS,Mobile,NSW,,,False,NR39,13854,No Concessions.,NR 39 to 43. RBD. Pacers,3189,/jakryan,/michael-jnr-day,/michael-jnr-day,"DARK GREEN, YELLOW STAR & STRIPED SLEEVES",,,YU180826,YUC18082613,4,Young,2026-08-18,Wagga_1740,Wagga_1740_pacers_mobile,1759,1753,8.7,29.2,30.4,28.7,28.2,wagga,1740,pacers,mobile,1632.0,142.0,302.0,8.7,27.21,-21.35
EY250826,EY250826_R8,EY250826_R8_NIFTY AMBITION,Wagga,2026-08-25,Night,Night,8,8:43 PM,2026-08-25T10:43:00+00:00,2026-08-25T20:43:00+10:00,8,NIFTY AMBITION,Riverina Ensuite Hire Pace,1740,"$6,936",Fr8,Corey Parker,Taylah Osmond,PACERS,Mobile,NSW,,,False,NR39,64292,No Concessions.,NR 39 to 43. RBD. Pacers,1026,/nifty-ambition,/corey-parker,/taylah-osmond,"RED, YELLOW SASH, DARK BLUE SLEEVES",,,AL110826,ALC11082611,2,Albury,2026-08-11,Wagga_1740,Wagga_1740_pacers_mobile,1759,1753,8.7,29.2,30.4,28.7,28.2,wagga,1740,pacers,mobile,1202.0,93.0,192.0,7.74,23.71,-18.29
EY250826,EY250826_R8,EY250826_R8_BIDGEE BABE,Wagga,2026-08-25,Night,Night,8,8:43 PM,2026-08-25T10:43:00+00:00,2026-08-25T20:43:00+10:00,9,BIDGEE BABE,Riverina Ensuite Hire Pace,1740,"$6,936",Sr1,Shane Hallcroft,Rebecca Brewer,PACERS,Mobile,NSW,,,False,NR43,31748,No Concessions.,NR 39 to 43. RBD. Pacers,1812,/bidgee-babe,/shane-hallcroft,/rebecca-brewer,"DARK BLUE & PINK DIAGONAL STRIPES, STRIPED SLEEVES",,,EY140826,EYC14082602,8,Riverina Paceway,2026-08-14,Wagga_1740,Wagga_1740_pacers_mobile,1759,1753,8.7,29.2,30.4,28.7,28.2,wagga,1740,pacers,mobile,1498.0,132.0,362.0,8.81,32.98,-25.39
EY250826,EY250826_R8,EY250826_R8_NIFTY SCHOOBEE,Wagga,2026-08-25,Night,Night,8,8:43 PM,2026-08-25T10:43:00+00:00,2026-08-25T20:43:00+10:00,10,NIFTY SCHOOBEE,Riverina Ensuite Hire Pace,1740,"$6,936",Sr2,Corey Parker,George Lee,PACERS,Mobile,NSW,,,False,NR40,27154,No Concessions.,NR 39 to 43. RBD. Pacers,6910,/nifty-schoobee,/corey-parker,/george-lee,"RED, YELLOW SASH, DARK BLUE SLEEVES",,,AL110826,ALC11082610,4,Albury,2026-08-11,Wagga_1740,Wagga_1740_pacers_mobile,1759,1753,8.7,29.2,30.4,28.7,28.2,wagga,1740,pacers,mobile,1176.0,130.0,268.0,11.05,33.84,-24.29
EY250826,EY250826_R9,EY250826_R9_BARWEN STORM,Wagga,2026-08-25,Night,Night,9,9:17 PM,2026-08-25T11:17:00+00:00,2026-08-25T21:17:00+10:00,1,BARWEN STORM,Hertz Car Rental Pace,1740,"$6,936",Fr1,Barry Healey,Mikayla Towers,PACERS,Mobile,NSW,,,False,NR39,22775,Also eligible NR39 which have not won more than $2750 in the last 5 starts. No Concessions. A 1% deduction for Equine Rehoming will be applied to all prizemoney prior to distribution.,NR up to 38. RBD. Pacers,2581,/barwen-storm,/barry-healey,/mikayla-towers,"RED, WHITE BRACES",,,AL110826,ALC11082611,5,Albury,2026-08-11,Wagga_1740,Wagga_1740_pacers_mobile,1759,1753,8.7,29.2,30.4,28.7,28.2,wagga,1740,pacers,mobile,1755.0,214.0,414.0,12.19,35.78,-22.05
EY250826,EY250826_R9,EY250826_R9_SIR VINCENT,Wagga,2026-08-25,Night,Night,9,9:17 PM,2026-08-25T11:17:00+00:00,2026-08-25T21:17:00+10:00,2,SIR VINCENT,Hertz Car Rental Pace,1740,"$6,936",Fr2,Nicholas Hargraves,Harrison Ross,PACERS,Mobile,NSW,,,False,NR37,776s9,Also eligible NR39 which have not won more than $2750 in the last 5 starts. No Concessions. A 1% deduction for Equine Rehoming will be applied to all prizemoney prior to distribution.,NR up to 38. RBD. Pacers,397,/sir-vincent,/nicholas-hargraves,/harrison-ross,"PURPLE, WHITE CROSSED SASHES",,,YU040826,YUC04082613,9,Young,2026-08-04,Wagga_1740,Wagga_1740_pacers_mobile,1759,1753,8.7,29.2,30.4,28.7,28.2,wagga,1740,pacers,mobile,1754.0,208.0,407.0,11.86,35.06,-22.09
EY250826,EY250826_R9,EY250826_R9_NO MORE PROMISES,Wagga,2026-08-25,Night,Night,9,9:17 PM,2026-08-25T11:17:00+00:00,2026-08-25T21:17:00+10:00,3,NO MORE PROMISES,Hertz Car Rental Pace,1740,"$6,936",Fr3,Paul Kahlefeldt,George Lee,PACERS,Mobile,NSW,,,False,NR30,79830,Also eligible NR39 which have not won more than $2750 in the last 5 starts. No Concessions. A 1% deduction for Equine Rehoming will be applied to all prizemoney prior to distribution.,NR up to 38. RBD. Pacers,2046,/no-more-promises,/paul-kahlefeldt,/george-lee,"GREY, BLACK DIAMONDS & SLEEVES, GREY DIAMONDS",,,EY280726,EYC28072621,10,Riverina Paceway,2026-07-28,Wagga_1740,Wagga_1740_pacers_mobile,1759,1753,8.7,29.2,30.4,28.7,28.2,wagga,1740,pacers,mobile,1755.0,181.0,350.0,10.31,30.26,-22.39
EY250826,EY250826_R9,EY250826_R9_SPORTS LINER,Wagga,2026-08-25,Night,Night,9,9:17 PM,2026-08-25T11:17:00+00:00,2026-08-25T21:17:00+10:00,4,SPORTS LINER,Hertz Car Rental Pace,1740,"$6,936",Fr4,Terry Powter,Roger Strong,PACERS,Mobile,NSW,,,False,NR30,s0077,Also eligible NR39 which have not won more than $2750 in the last 5 starts. No Concessions. A 1% deduction for Equine Rehoming will be applied to all prizemoney prior to distribution.,NR up to 38. RBD. Pacers,7684,/sports-liner,/terry-powter,/roger-strong,"BLACK, PURPLE SASH",,,EY280726,EYC28072621,7,Riverina Paceway,2026-07-28,Wagga_1740,Wagga_1740_pacers_mobile,1759,1753,8.7,29.2,30.4,28.7,28.2,wagga,1740,pacers,mobile,1755.0,238.0,438.0,13.56,38.52,-10.98
EY250826,EY250826_R9,EY250826_R9_SPREAD THE FEAR,Wagga,2026-08-25,Night,Night,9,9:17 PM,2026-08-25T11:17:00+00:00,2026-08-25T21:17:00+10:00,5,SPREAD THE FEAR,Hertz Car Rental Pace,1740,"$6,936",Fr5,Trevor White,Peter McRae,PACERS,Mobile,NSW,,,False,NR36,78343,Also eligible NR39 which have not won more than $2750 in the last 5 starts. No Concessions. A 1% deduction for Equine Rehoming will be applied to all prizemoney prior to distribution.,NR up to 38. RBD. Pacers,10184,/spread-the-fear,/trevor-white,/peter-mcrae,"BROWN, WHITE SPOTS, YELLOW SLEEVES",,,YU180826,YUC18082613,3,Young,2026-08-18,Wagga_1740,Wagga_1740_pacers_mobile,1759,1753,8.7,29.2,30.4,28.7,28.2,wagga,1740,pacers,mobile,1751.0,218.0,408.0,12.45,35.75,-16.24
EY250826,EY250826_R9,EY250826_R9_SHOOBEES SUNSET,Wagga,2026-08-25,Night,Night,9,9:17 PM,2026-08-25T11:17:00+00:00,2026-08-25T21:17:00+10:00,6,SHOOBEES SUNSET,Hertz Car Rental Pace,1740,"$6,936",Fr6,Amanda Dean,Jack Stockton,PACERS,Mobile,NSW,,,False,NR38,81039,Also eligible NR39 which have not won more than $2750 in the last 5 starts. No Concessions. A 1% deduction for Equine Rehoming will be applied to all prizemoney prior to distribution.,NR up to 38. RBD. Pacers,2903,/shoobees-sunset,/amanda-dean,/jack-stockton,"NAVY BLUE, LIGHT BLUE CHEVRONS, NAVY BLUE SLEEVES, WHITE CUFFS",,,YU180826,YUC18082606,9,Young,2026-08-18,Wagga_1740,Wagga_1740_pacers_mobile,1759,1753,8.7,29.2,30.4,28.7,28.2,wagga,1740,pacers,mobile,1733.0,192.0,360.0,11.08,31.85,-10.35
EY250826,EY250826_R9,EY250826_R9_ROSES ARE BEST,Wagga,2026-08-25,Night,Night,9,9:17 PM,2026-08-25T11:17:00+00:00,2026-08-25T21:17:00+10:00,7,ROSES ARE BEST,Hertz Car Rental Pace,1740,"$6,936",Fr7,Steven Lee,James Locke,PACERS,Mobile,NSW,,,False,NR30,s5536,Also eligible NR39 which have not won more than $2750 in the last 5 starts. No Concessions. A 1% deduction for Equine Rehoming will be applied to all prizemoney prior to distribution.,NR up to 38. RBD. Pacers,10297,/roses-are-best,/steven-lee,/james-locke,,,,YU180826,YUC18082613,6,Young,2026-08-18,Wagga_1740,Wagga_1740_pacers_mobile,1759,1753,8.7,29.2,30.4,28.7,28.2,wagga,1740,pacers,mobile,1632.0,142.0,302.0,8.7,27.21,-21.35
EY250826,EY250826_R9,EY250826_R9_NIXSUN,Wagga,2026-08-25,Night,Night,9,9:17 PM,2026-08-25T11:17:00+00:00,2026-08-25T21:17:00+10:00,8,NIXSUN,Hertz Car Rental Pace,1740,"$6,936",Fr8,Paul Kahlefeldt,Blake Micallef,PACERS,Mobile,NSW,,,False,NR35,64349,Also eligible NR39 which have not won more than $2750 in the last 5 starts. No Concessions. A 1% deduction for Equine Rehoming will be applied to all prizemoney prior to distribution.,NR up to 38. RBD. Pacers,3241,/nixsun,/paul-kahlefeldt,/blake-micallef,"GREY, BLACK DIAMONDS & SLEEVES, GREY DIAMONDS",,,AL110826,ALC11082612,9,Albury,2026-08-11,Wagga_1740,Wagga_1740_pacers_mobile,1759,1753,8.7,29.2,30.4,28.7,28.2,wagga,1740,pacers,mobile,1202.0,93.0,192.0,7.74,23.71,-18.29
EY250826,EY250826_R9,EY250826_R9_NOTTADOUBT,Wagga,2026-08-25,Night,Night,9,9:17 PM,2026-08-25T11:17:00+00:00,2026-08-25T21:17:00+10:00,9,NOTTADOUBT,Hertz Car Rental Pace,1740,"$6,936",Sr1,Kevin Johnstone,Oliver Arentz,PACERS,Mobile,NSW,,,False,NR33,32426,Also eligible NR39 which have not won more than $2750 in the last 5 starts. No Concessions. A 1% deduction for Equine Rehoming will be applied to all prizemoney prior to distribution.,NR up to 38. RBD. Pacers,2137,/nottadoubt,/kevin-johnstone,/oliver-arentz,"RED, YELLOW SPOTS",,,YU040826,YUC04082614,6,Young,2026-08-04,Wagga_1740,Wagga_1740_pacers_mobile,1759,1753,8.7,29.2,30.4,28.7,28.2,wagga,1740,pacers,mobile,1498.0,132.0,362.0,8.81,32.98,-25.39
EY250826,EY250826_R9,EY250826_R9_JOLTED LOVER,Wagga,2026-08-25,Night,Night,9,9:17 PM,2026-08-25T11:17:00+00:00,2026-08-25T21:17:00+10:00,10,JOLTED LOVER,Hertz Car Rental Pace,1740,"$6,936",Sr2,Paul Symes,Taylah Osmond,PACERS,Mobile,NSW,,,False,NR31,20s65,Also eligible NR39 which have not won more than $2750 in the last 5 starts. No Concessions. A 1% deduction for Equine Rehoming will be applied to all prizemoney prior to distribution.,NR up to 38. RBD. Pacers,12055,/jolted-lover,/paul-symes,/taylah-osmond,,,,LE070726,LEC07072603,5,Leeton,2026-07-07,Wagga_1740,Wagga_1740_pacers_mobile,1759,1753,8.7,29.2,30.4,28.7,28.2,wagga,1740,pacers,mobile,1176.0,130.0,268.0,11.05,33.84,-24.29
EY250826,EY250826_R10,EY250826_R10_SWEET BELLA ROSA NZ,Wagga,2026-08-25,Night,Night,10,9:51 PM,2026-08-25T11:51:00+00:00,2026-08-25T21:51:00+10:00,1,SWEET BELLA ROSA NZ,Taylor Maurer Remax Elite Pace,1740,"$6,936",Fr1,Sam Hewitt,Harrison Ross,PACERS,Mobile,NSW,,,False,NR45,9s684,First preference for Pacers with 0 lifetime wins. No Concessions. A 1% deduction for Equine Rehoming will be applied to all prizemoney prior to distribution.,0-1 WIN. PBD/LTW. Pacers,445755,/sweet-bella-rosa-nz,/sam-hewitt,/harrison-ross,"BLUE, ORANGE YOKE & BRACES, BLUE STARS, BLUE SLEEVES, ORANGE CUFFS, ORANGE ""HR"" INITIALS",,,YU180826,YUC18082602,4,Young,2026-08-18,Wagga_1740,Wagga_1740_pacers_mobile,1759,1753,8.7,29.2,30.4,28.7,28.2,wagga,1740,pacers,mobile,1755.0,214.0,414.0,12.19,35.78,-22.05
EY250826,EY250826_R10,EY250826_R10_SPLASH ATTAQUE,Wagga,2026-08-25,Night,Night,10,9:51 PM,2026-08-25T11:51:00+00:00,2026-08-25T21:51:00+10:00,2,SPLASH ATTAQUE,Taylor Maurer Remax Elite Pace,1740,"$6,936",Fr2,Vanessa Benett,Vanessa Benett,PACERS,Mobile,NSW,,,False,NR38,7s865,First preference for Pacers with 0 lifetime wins. No Concessions. A 1% deduction for Equine Rehoming will be applied to all prizemoney prior to distribution.,0-1 WIN. PBD/LTW. Pacers,6325,/splash-attaque,/vanessa-benett,/vanessa-benett,"BLACK WITH WHITE HORSESHOE & THREE BUTTERFLIES (PURPLE, PINK & GREEN)",,,YU180826,YUC18082602,5,Young,2026-08-18,Wagga_1740,Wagga_1740_pacers_mobile,1759,1753,8.7,29.2,30.4,28.7,28.2,wagga,1740,pacers,mobile,1754.0,208.0,407.0,11.86,35.06,-22.09
EY250826,EY250826_R10,EY250826_R10_CRANKINOVER,Wagga,2026-08-25,Night,Night,10,9:51 PM,2026-08-25T11:51:00+00:00,2026-08-25T21:51:00+10:00,3,CRANKINOVER,Taylor Maurer Remax Elite Pace,1740,"$6,936",Fr3,Phillip Bryce,Roger Strong,PACERS,Mobile,NSW,,,False,NR45,9s947,First preference for Pacers with 0 lifetime wins. No Concessions. A 1% deduction for Equine Rehoming will be applied to all prizemoney prior to distribution.,0-1 WIN. PBD/LTW. Pacers,439200,/crankinover,/phillip-bryce,/roger-strong,"BLACK, DARK BLUE DIAMOND, WHITE SLEEVES",,,YU180826,YUC18082602,7,Young,2026-08-18,Wagga_1740,Wagga_1740_pacers_mobile,1759,1753,8.7,29.2,30.4,28.7,28.2,wagga,1740,pacers,mobile,1755.0,181.0,350.0,10.31,30.26,-22.39
EY250826,EY250826_R10,EY250826_R10_IM THE SNIPER,Wagga,2026-08-25,Night,Night,10,9:51 PM,2026-08-25T11:51:00+00:00,2026-08-25T21:51:00+10:00,4,IM THE SNIPER,Taylor Maurer Remax Elite Pace,1740,"$6,936",Fr4,Michael Towers,Michael Towers,PACERS,Mobile,NSW,,,False,NR41,s646s,First preference for Pacers with 0 lifetime wins. No Concessions. A 1% deduction for Equine Rehoming will be applied to all prizemoney prior to distribution.,0-1 WIN. PBD/LTW. Pacers,436757,/im-the-sniper,/michael-towers,/michael-towers,"NAVY BLUE, LIGHT BLUE YOKES & BRACES, NAVY BLUE STARS, NAVY BLUE SLEEVES WITH LIGHT BLUE STARS",,,EY200326,EYC20032615,6,Riverina Paceway,2026-03-20,Wagga_1740,Wagga_1740_pacers_mobile,1759,1753,8.7,29.2,30.4,28.7,28.2,wagga,1740,pacers,mobile,1755.0,238.0,438.0,13.56,38.52,-10.98
EY250826,EY250826_R10,EY250826_R10_RUSTY MUDSHARK,Wagga,2026-08-25,Night,Night,10,9:51 PM,2026-08-25T11:51:00+00:00,2026-08-25T21:51:00+10:00,5,RUSTY MUDSHARK,Taylor Maurer Remax Elite Pace,1740,"$6,936",Fr5,Matthew Painting,Codi Rauchenberger,PACERS,Mobile,NSW,,,False,NR45,0s983,First preference for Pacers with 0 lifetime wins. No Concessions. A 1% deduction for Equine Rehoming will be applied to all prizemoney prior to distribution.,0-1 WIN. PBD/LTW. Pacers,435558,/rusty-mudshark,/matthew-painting,/codi-rauchenberger,"BLACK, WHITE HORSESHOE, HOOPED SLEEVES",,,AL110826,ALC11082601,3,Albury,2026-08-11,Wagga_1740,Wagga_1740_pacers_mobile,1759,1753,8.7,29.2,30.4,28.7,28.2,wagga,1740,pacers,mobile,1751.0,218.0,408.0,12.45,35.75,-16.24
EY250826,EY250826_R10,EY250826_R10_CAPTAIN AMELIAH,Wagga,2026-08-25,Night,Night,10,9:51 PM,2026-08-25T11:51:00+00:00,2026-08-25T21:51:00+10:00,6,CAPTAIN AMELIAH,Taylor Maurer Remax Elite Pace,1740,"$6,936",Fr6,Ellen Jones,Ellen Jones,PACERS,Mobile,NSW,,,False,NR47,999,First preference for Pacers with 0 lifetime wins. No Concessions. A 1% deduction for Equine Rehoming will be applied to all prizemoney prior to distribution.,0-1 WIN. PBD/LTW. Pacers,178820,/captain-ameliah,/ellen-jones,/ellen-jones,"PURPLE, NAVY BLUE YOKE, BRACES & SLEEVES, PURPLE STARS & STARRED SLEEVES",,,PC210726,PCC21072610,9,Tabcorp Pk Menangle,2026-07-21,Wagga_1740,Wagga_1740_pacers_mobile,1759,1753,8.7,29.2,30.4,28.7,28.2,wagga,1740,pacers,mobile,1733.0,192.0,360.0,11.08,31.85,-10.35
EY250826,EY250826_R10,EY250826_R10_UNDENIABLY NEEDY,Wagga,2026-08-25,Night,Night,10,9:51 PM,2026-08-25T11:51:00+00:00,2026-08-25T21:51:00+10:00,7,UNDENIABLY NEEDY,Taylor Maurer Remax Elite Pace,1740,"$6,936",Fr7,Matthew Harrington,Matthew Harrington,PACERS,Mobile,NSW,,,False,NR41,34666,First preference for Pacers with 0 lifetime wins. No Concessions. A 1% deduction for Equine Rehoming will be applied to all prizemoney prior to distribution.,0-1 WIN. PBD/LTW. Pacers,435231,/undeniably-needy,/matthew-harrington,/matthew-harrington,"SKY BLUE, TANGERINE YOKE & BRACES, SKY BLUE DIAMONDS & SLEEVES, TANGERINE SEAMS",,,AL110826,ALC11082601,6,Albury,2026-08-11,Wagga_1740,Wagga_1740_pacers_mobile,1759,1753,8.7,29.2,30.4,28.7,28.2,wagga,1740,pacers,mobile,1632.0,142.0,302.0,8.7,27.21,-21.35
EY250826,EY250826_R10,EY250826_R10_BOY STUNNER,Wagga,2026-08-25,Night,Night,10,9:51 PM,2026-08-25T11:51:00+00:00,2026-08-25T21:51:00+10:00,8,BOY STUNNER,Taylor Maurer Remax Elite Pace,1740,"$6,936",Fr8,Scott Adams,Scott Adams,PACERS,Mobile,NSW,,,False,NR43,29353,First preference for Pacers with 0 lifetime wins. No Concessions. A 1% deduction for Equine Rehoming will be applied to all prizemoney prior to distribution.,0-1 WIN. PBD/LTW. Pacers,6932,/boy-stunner,/scott-adams,/scott-adams,"PURPLE & YELLOW STRIPES, PURPLE SLEEVES",,,PK140826,PKC14082615,3,Parkes,2026-08-14,Wagga_1740,Wagga_1740_pacers_mobile,1759,1753,8.7,29.2,30.4,28.7,28.2,wagga,1740,pacers,mobile,1202.0,93.0,192.0,7.74,23.71,-18.29
EY250826,EY250826_R10,EY250826_R10_MY GUARANTEE,Wagga,2026-08-25,Night,Night,10,9:51 PM,2026-08-25T11:51:00+00:00,2026-08-25T21:51:00+10:00,9,MY GUARANTEE,Taylor Maurer Remax Elite Pace,1740,"$6,936",Sr1,Jane Walker,Raymond Walker,PACERS,Mobile,NSW,,,False,NR42,5967s,First preference for Pacers with 0 lifetime wins. No Concessions. A 1% deduction for Equine Rehoming will be applied to all prizemoney prior to distribution.,0-1 WIN. PBD/LTW. Pacers,432046,/my-guarantee,/jane-walker,/raymond-walker,"DARK BLUE, YELLOW SPOTS",,,EY160626,EYC16062619,7,Riverina Paceway,2026-06-16,Wagga_1740,Wagga_1740_pacers_mobile,1759,1753,8.7,29.2,30.4,28.7,28.2,wagga,1740,pacers,mobile,1498.0,132.0,362.0,8.81,32.98,-25.39
EY250826,EY250826_R10,EY250826_R10_FLY OVER STATES,Wagga,2026-08-25,Night,Night,10,9:51 PM,2026-08-25T11:51:00+00:00,2026-08-25T21:51:00+10:00,10,FLY OVER STATES,Taylor Maurer Remax Elite Pace,1740,"$6,936",Sr2,Corey Parker,Taylah Osmond,PACERS,Mobile,NSW,,,False,NR42,93564,First preference for Pacers with 0 lifetime wins. No Concessions. A 1% deduction for Equine Rehoming will be applied to all prizemoney prior to distribution.,0-1 WIN. PBD/LTW. Pacers,436024,/fly-over-states,/corey-parker,/taylah-osmond,"WHITE, YELLOW STAR, DARK BLUE SLEEVES",,,AL110826,ALC11082601,4,Albury,2026-08-11,Wagga_1740,Wagga_1740_pacers_mobile,1759,1753,8.7,29.2,30.4,28.7,28.2,wagga,1740,pacers,mobile,1176.0,130.0,268.0,11.05,33.84,-24.29
GD240826,GD240826_R1,GD240826_R1_MAGICAL MADGE,Globe Derby Park,2026-08-24,Day,Day,1,12:39 PM,2026-08-24T03:09:00+00:00,2026-08-24T13:09:00+10:00,1,MAGICAL MADGE,Bianco Reinforcing Trotters Handicap,2230,"$5,000",FT Fr1,"J K Neilson, K Wilson",Katie Wilson,TROTTERS,Stand,SA,26.0,26.0,False,NR51 (A41),s8553,"*For 3 year old trotters. *Also eligible 4 year old and older trotters with no more than 2 lifetime wins (excluding dead heats). *No Driver Concessions. *No Mares Concessions. *Handicaps as follows: *3yo Trotters with nil wins this season over $3,500 (excluding dead heats) - FT, 1 win this season over $3,500 - 10 metres, *Each further win bracket - additional 10 metres. *4yo & older trotters with nil lifetime wins (excluding dead heats) - 10 metres, 1 lifetime win - 20 metres, 2 lifetime wins - 30 metres. *Preference in field selection given to 3yo trotters.",3YO and older. No NR. PBD/LTW. Trotters,440563,/magical-madge,/j-k-neilson-k-wilson,/katie-wilson,"PURPLE & LIGHT BLUE DIAMOND CHECKS, PURPLE SLEEVES",,,AW170826,AWC17082609,3,Gawler,2026-08-17,Globe Derby Park_2230,Globe Derby Park_2230_trotters_stand,1285,468,51.0,31.6,31.2,30.3,30.5,globe derby park,2230,trotters,stand,9.0,0.0,4.0,0.0,44.44,-100.0
GD240826,GD240826_R1,GD240826_R1_EAGLESTONE,Globe Derby Park,2026-08-24,Day,Day,1,12:39 PM,2026-08-24T03:09:00+00:00,2026-08-24T13:09:00+10:00,2,EAGLESTONE,Bianco Reinforcing Trotters Handicap,2230,"$5,000",FT Fr2,Peter Bain,Wayne Hill,TROTTERS,Stand,SA,6.0,6.0,False,NR50 (A40),7s33,"*For 3 year old trotters. *Also eligible 4 year old and older trotters with no more than 2 lifetime wins (excluding dead heats). *No Driver Concessions. *No Mares Concessions. *Handicaps as follows: *3yo Trotters with nil wins this season over $3,500 (excluding dead heats) - FT, 1 win this season over $3,500 - 10 metres, *Each further win bracket - additional 10 metres. *4yo & older trotters with nil lifetime wins (excluding dead heats) - 10 metres, 1 lifetime win - 20 metres, 2 lifetime wins - 30 metres. *Preference in field selection given to 3yo trotters.",3YO and older. No NR. PBD/LTW. Trotters,440051,/eaglestone,/peter-bain,/wayne-hill,"RED, BLACK AND WHITE CHECKED SASH, BLUE AND WHITE HOOPED SLEEVES",,,GD080826,GDC08082611,3,Globe Derby Park,2026-08-08,Globe Derby Park_2230,Globe Derby Park_2230_trotters_stand,1285,468,51.0,31.6,31.2,30.3,30.5,globe derby park,2230,trotters,stand,9.0,0.0,3.0,0.0,33.33,-100.0
GD240826,GD240826_R1,GD240826_R1_JILLIBY BLISS,Globe Derby Park,2026-08-24,Day,Day,1,12:39 PM,2026-08-24T03:09:00+00:00,2026-08-24T13:09:00+10:00,3,JILLIBY BLISS,Bianco Reinforcing Trotters Handicap,2230,"$5,000",FT Fr3,Dean Girardi,Ryan Hryhorec,TROTTERS,Stand,SA,1.7,1.7,False,NR51 (A41),s4222,"*For 3 year old trotters. *Also eligible 4 year old and older trotters with no more than 2 lifetime wins (excluding dead heats). *No Driver Concessions. *No Mares Concessions. *Handicaps as follows: *3yo Trotters with nil wins this season over $3,500 (excluding dead heats) - FT, 1 win this season over $3,500 - 10 metres, *Each further win bracket - additional 10 metres. *4yo & older trotters with nil lifetime wins (excluding dead heats) - 10 metres, 1 lifetime win - 20 metres, 2 lifetime wins - 30 metres. *Preference in field selection given to 3yo trotters.",3YO and older. No NR. PBD/LTW. Trotters,438018,/jilliby-bliss,/dean-girardi,/ryan-hryhorec,"WHITE,RED STRIPES,BLUE STARS ,WHITE WITH BLUE STARS",,,AW170826,AWC17082609,2,Gawler,2026-08-17,Globe Derby Park_2230,Globe Derby Park_2230_trotters_stand,1285,468,51.0,31.6,31.2,30.3,30.5,globe derby park,2230,trotters,stand,9.0,0.0,4.0,0.0,44.44,-100.0
GD240826,GD240826_R1,GD240826_R1_OMNIA,Globe Derby Park,2026-08-24,Day,Day,1,12:39 PM,2026-08-24T03:09:00+00:00,2026-08-24T13:09:00+10:00,4,OMNIA,Bianco Reinforcing Trotters Handicap,2230,"$5,000",FT Fr4,Tyson Linke,Michael A Smith,TROTTERS,Stand,SA,2.0,2.0,False,NR53 (A44),531s1,"*For 3 year old trotters. *Also eligible 4 year old and older trotters with no more than 2 lifetime wins (excluding dead heats). *No Driver Concessions. *No Mares Concessions. *Handicaps as follows: *3yo Trotters with nil wins this season over $3,500 (excluding dead heats) - FT, 1 win this season over $3,500 - 10 metres, *Each further win bracket - additional 10 metres. *4yo & older trotters with nil lifetime wins (excluding dead heats) - 10 metres, 1 lifetime win - 20 metres, 2 lifetime wins - 30 metres. *Preference in field selection given to 3yo trotters.",3YO and older. No NR. PBD/LTW. Trotters,439547,/omnia,/tyson-linke,/michael-a-smith,"YELLOW, BLACK DIAMOND",,,AW170826,AWC17082609,1,Gawler,2026-08-17,Globe Derby Park_2230,Globe Derby Park_2230_trotters_stand,1285,468,51.0,31.6,31.2,30.3,30.5,globe derby park,2230,trotters,stand,7.0,3.0,1.0,42.86,57.14,88.7
GD240826,GD240826_R1,GD240826_R1_PLATINUMS SON,Globe Derby Park,2026-08-24,Day,Day,1,12:39 PM,2026-08-24T03:09:00+00:00,2026-08-24T13:09:00+10:00,5,PLATINUMS SON,Bianco Reinforcing Trotters Handicap,2230,"$5,000",FT Fr5,Peta Brown,Terry Brown,TROTTERS,Stand,SA,51.0,51.0,False,NR42 (A40),46599,"*For 3 year old trotters. *Also eligible 4 year old and older trotters with no more than 2 lifetime wins (excluding dead heats). *No Driver Concessions. *No Mares Concessions. *Handicaps as follows: *3yo Trotters with nil wins this season over $3,500 (excluding dead heats) - FT, 1 win this season over $3,500 - 10 metres, *Each further win bracket - additional 10 metres. *4yo & older trotters with nil lifetime wins (excluding dead heats) - 10 metres, 1 lifetime win - 20 metres, 2 lifetime wins - 30 metres. *Preference in field selection given to 3yo trotters.",3YO and older. No NR. PBD/LTW. Trotters,59426,/platinums-son,/peta-brown,/terry-brown,"YELLOW, WHITE STARS, GREEN SLEEVES",,ODS,AW170826,AWC17082609,9,Gawler,2026-08-17,Globe Derby Park_2230,Globe Derby Park_2230_trotters_stand,1285,468,51.0,31.6,31.2,30.3,30.5,globe derby park,2230,trotters,stand,4.0,0.0,1.0,0.0,25.0,-100.0
GD240826,GD240826_R1,GD240826_R1_ALDEBARAN BREE,Globe Derby Park,2026-08-24,Day,Day,1,12:39 PM,2026-08-24T03:09:00+00:00,2026-08-24T13:09:00+10:00,6,ALDEBARAN BREE,Bianco Reinforcing Trotters Handicap,2230,"$5,000",10 Fr1,Peta Brown,Nicholas Brown,TROTTERS,Stand,SA,26.0,26.0,False,NR37,54476,"*For 3 year old trotters. *Also eligible 4 year old and older trotters with no more than 2 lifetime wins (excluding dead heats). *No Driver Concessions. *No Mares Concessions. *Handicaps as follows: *3yo Trotters with nil wins this season over $3,500 (excluding dead heats) - FT, 1 win this season over $3,500 - 10 metres, *Each further win bracket - additional 10 metres. *4yo & older trotters with nil lifetime wins (excluding dead heats) - 10 metres, 1 lifetime win - 20 metres, 2 lifetime wins - 30 metres. *Preference in field selection given to 3yo trotters.",3YO and older. No NR. PBD/LTW. Trotters,3713,/aldebaran-bree,/peta-brown,/nicholas-brown,"BLUE, PINK V, GREEN SLEEVES",,,AW170826,AWC17082609,6,Gawler,2026-08-17,Globe Derby Park_2230,Globe Derby Park_2230_trotters_stand,1285,468,51.0,31.6,31.2,30.3,30.5,globe derby park,2230,trotters,stand,7.0,1.0,2.0,14.29,42.86,22.85
GD240826,GD240826_R2,GD240826_R2_IVAR,Globe Derby Park,2026-08-24,Day,Day,2,1:13 PM,2026-08-24T03:43:00+00:00,2026-08-24T13:43:00+10:00,1,IVAR,Crestline Meats Trotters Handicap,2230,"$3,500",FT Fr1,Daniel Tucker,Bernadette Page,TROTTERS,Stand,SA,51.0,51.0,False,NR30,56465,"*Local Ratings Concessions apply. *Handicaps as follows: Trotters rated up to 40 - FT, 41 to 43 - 10 metres, 44 to 46 - 20 metres, 47 to 49 - 30 metres. *Ratings exempt race.",NR up to 49. PBD/L5$. Trotters,3952,/ivar,/daniel-tucker,/bernadette-page,"BLACK & WHITE QUARTERS, WHITE SLEEVES",,,PP110826,PPC11082610,5,Port Pirie,2026-08-11,Globe Derby Park_2230,Globe Derby Park_2230_trotters_stand,1285,468,51.0,31.6,31.2,30.3,30.5,globe derby park,2230,trotters,stand,9.0,0.0,4.0,0.0,44.44,-100.0
GD240826,GD240826_R2,GD240826_R2_HURRICANE JANE,Globe Derby Park,2026-08-24,Day,Day,2,1:13 PM,2026-08-24T03:43:00+00:00,2026-08-24T13:43:00+10:00,2,HURRICANE JANE,Crestline Meats Trotters Handicap,2230,"$3,500",FT Fr2,Ingrid Smith,Michael A Smith,TROTTERS,Stand,SA,2.5,2.5,False,NR40 (A35),54221,"*Local Ratings Concessions apply. *Handicaps as follows: Trotters rated up to 40 - FT, 41 to 43 - 10 metres, 44 to 46 - 20 metres, 47 to 49 - 30 metres. *Ratings exempt race.",NR up to 49. PBD/L5$. Trotters,3918,/hurricane-jane,/ingrid-smith,/michael-a-smith,"MAROON, GOLD BRACES",,,GD100826,GDC10082601,1,Globe Derby Park,2026-08-10,Globe Derby Park_2230,Globe Derby Park_2230_trotters_stand,1285,468,51.0,31.6,31.2,30.3,30.5,globe derby park,2230,trotters,stand,9.0,0.0,3.0,0.0,33.33,-100.0
GD240826,GD240826_R2,GD240826_R2_THE CLIPPER,Globe Derby Park,2026-08-24,Day,Day,2,1:13 PM,2026-08-24T03:43:00+00:00,2026-08-24T13:43:00+10:00,3,THE CLIPPER,Crestline Meats Trotters Handicap,2230,"$3,500",10 Fr1,Trevor Kittel,Jason Kittel,TROTTERS,Stand,SA,6.0,6.0,False,NR45 (A40),67746,"*Local Ratings Concessions apply. *Handicaps as follows: Trotters rated up to 40 - FT, 41 to 43 - 10 metres, 44 to 46 - 20 metres, 47 to 49 - 30 metres. *Ratings exempt race.",NR up to 49. PBD/L5$. Trotters,10001,/the-clipper,/trevor-kittel,/jason-kittel,"YELLOW, PURPLE & WHITE CHECKED BAND & ARMBANDS",,,GD150826,GDC15082610,6,Globe Derby Park,2026-08-15,Globe Derby Park_2230,Globe Derby Park_2230_trotters_stand,1285,468,51.0,31.6,31.2,30.3,30.5,globe derby park,2230,trotters,stand,7.0,1.0,2.0,14.29,42.86,22.85
GD240826,GD240826_R2,GD240826_R2_DOUBLE JOEY,Globe Derby Park,2026-08-24,Day,Day,2,1:13 PM,2026-08-24T03:43:00+00:00,2026-08-24T13:43:00+10:00,4,DOUBLE JOEY,Crestline Meats Trotters Handicap,2230,"$3,500",10 Fr2,Frank Pullicino,Gaita Pullicino,TROTTERS,Stand,SA,12.0,12.0,False,NR54 (A41),56176,"*Local Ratings Concessions apply. *Handicaps as follows: Trotters rated up to 40 - FT, 41 to 43 - 10 metres, 44 to 46 - 20 metres, 47 to 49 - 30 metres. *Ratings exempt race.",NR up to 49. PBD/L5$. Trotters,9962,/double-joey,/frank-pullicino,/gaita-pullicino,"BLACK, WHITE HORSESHOE",,,AW170826,AWC17082608,6,Gawler,2026-08-17,Globe Derby Park_2230,Globe Derby Park_2230_trotters_stand,1285,468,51.0,31.6,31.2,30.3,30.5,globe derby park,2230,trotters,stand,6.0,3.0,0.0,50.0,50.0,87.62
GD240826,GD240826_R2,GD240826_R2_SETTLE THE BILL,Globe Derby Park,2026-08-24,Day,Day,2,1:13 PM,2026-08-24T03:43:00+00:00,2026-08-24T13:43:00+10:00,5,SETTLE THE BILL,Crestline Meats Trotters Handicap,2230,"$3,500",30 Fr1,Billy Weidenbach,Kevin Weidenbach,TROTTERS,Stand,SA,26.0,26.0,False,NR52 (A47),65237,"*Local Ratings Concessions apply. *Handicaps as follows: Trotters rated up to 40 - FT, 41 to 43 - 10 metres, 44 to 46 - 20 metres, 47 to 49 - 30 metres. *Ratings exempt race.",NR up to 49. PBD/L5$. Trotters,7143,/settle-the-bill,/billy-weidenbach,/kevin-weidenbach,"MAROON, BLACK LINKED HORSHOES WITH LETTERS BB, BLACK BANDS, COLLAR & CUFFS, MAROON SLEEVES.",,ODS,AW170826,AWC17082608,7,Gawler,2026-08-17,Globe Derby Park_2230,Globe Derby Park_2230_trotters_stand,1285,468,51.0,31.6,31.2,30.3,30.5,globe derby park,2230,trotters,stand,1.0,0.0,0.0,0.0,0.0,-100.0
GD240826,GD240826_R2,GD240826_R2_MAJESTIC SUMMER,Globe Derby Park,2026-08-24,Day,Day,2,1:13 PM,2026-08-24T03:43:00+00:00,2026-08-24T13:43:00+10:00,6,MAJESTIC SUMMER,Crestline Meats Trotters Handicap,2230,"$3,500",30 Fr2,Ryan Hryhorec,Danielle Hill,TROTTERS,Stand,SA,1.6,1.6,False,NR50 (A45),11774,"*Local Ratings Concessions apply. *Handicaps as follows: Trotters rated up to 40 - FT, 41 to 43 - 10 metres, 44 to 46 - 20 metres, 47 to 49 - 30 metres. *Ratings exempt race.",NR up to 49. PBD/L5$. Trotters,3998,/majestic-summer,/ryan-hryhorec,/danielle-hill,"RED, WHITE MALTESE CROSSES, BLUE SLEEVES WITH WHITE ARMBAND",,ODS,GD150826,GDC15082605,4,Globe Derby Park,2026-08-15,Globe Derby Park_2230,Globe Derby Park_2230_trotters_stand,1285,468,51.0,31.6,31.2,30.3,30.5,globe derby park,2230,trotters,stand,0.0,0.0,0.0,0.0,0.0,0.0
GD240826,GD240826_R3,GD240826_R3_LUNCHINHEAVEN,Globe Derby Park,2026-08-24,Day,Day,3,1:47 PM,2026-08-24T04:17:00+00:00,2026-08-24T14:17:00+10:00,1,LUNCHINHEAVEN,Nc Equine Mares Pace,1800,"$3,500",Fr1,Phillip Westbury,Michael A Smith,PACERS,Mobile,SA,6.0,6.0,False,NR33,00345,*For Fillies & Mares with no more than 1 win in their last 5 starts (excluding dead heats). *Local Ratings Concessions apply. *Driver Concessions apply. *No Mares Concessions. *Ratings exempt race.,Mares. NR up to 49. PBD/NR. Pacers,432601,/lunchinheaven,/phillip-westbury,/michael-a-smith,"GOLD, WHITE SASH",,,AW170826,AWC17082610,5,Gawler,2026-08-17,Globe Derby Park_1800,Globe Derby Park_1800_pacers_mobile,2871,2714,12.8,30.5,31.0,29.4,29.5,globe derby park,1800,pacers,mobile,2714.0,397.0,838.0,14.63,45.5,-20.59
GD240826,GD240826_R3,GD240826_R3_MEET ME AT THE BEACH NZ,Globe Derby Park,2026-08-24,Day,Day,3,1:47 PM,2026-08-24T04:17:00+00:00,2026-08-24T14:17:00+10:00,2,MEET ME AT THE BEACH NZ,Nc Equine Mares Pace,1800,"$3,500",Fr2,Symon Kittel,Jason Kittel,PACERS,Mobile,SA,3.5,3.5,False,NR35,41572,*For Fillies & Mares with no more than 1 win in their last 5 starts (excluding dead heats). *Local Ratings Concessions apply. *Driver Concessions apply. *No Mares Concessions. *Ratings exempt race.,Mares. NR up to 49. PBD/NR. Pacers,6218,/meet-me-at-the-beach-nz,/symon-kittel,/jason-kittel,"YELLOW, PURPLE BRACES, WHITE ARMBANDS",,,GD220826,GDC22082606,2,Globe Derby Park,2026-08-22,Globe Derby Park_1800,Globe Derby Park_1800_pacers_mobile,2871,2714,12.8,30.5,31.0,29.4,29.5,globe derby park,1800,pacers,mobile,2713.0,379.0,686.0,13.97,39.26,-14.64
GD240826,GD240826_R3,GD240826_R3_IMA TIGGY TIGER,Globe Derby Park,2026-08-24,Day,Day,3,1:47 PM,2026-08-24T04:17:00+00:00,2026-08-24T14:17:00+10:00,3,IMA TIGGY TIGER,Nc Equine Mares Pace,1800,"$3,500",Fr3,Joseph Russo,Tony Pullicino,PACERS,Mobile,SA,26.0,26.0,False,NR45 (A40),73294,*For Fillies & Mares with no more than 1 win in their last 5 starts (excluding dead heats). *Local Ratings Concessions apply. *Driver Concessions apply. *No Mares Concessions. *Ratings exempt race.,Mares. NR up to 49. PBD/NR. Pacers,56046,/ima-tiggy-tiger,/joseph-russo,/tony-pullicino,"RED, WHITE SPOT, YELLOW SLEEVES",,,AW170826,AWC17082601,4,Gawler,2026-08-17,Globe Derby Park_1800,Globe Derby Park_1800_pacers_mobile,2871,2714,12.8,30.5,31.0,29.4,29.5,globe derby park,1800,pacers,mobile,2713.0,397.0,655.0,14.63,38.78,-11.61
GD240826,GD240826_R3,GD240826_R3_SWEET ARPEGGIO,Globe Derby Park,2026-08-24,Day,Day,3,1:47 PM,2026-08-24T04:17:00+00:00,2026-08-24T14:17:00+10:00,4,SWEET ARPEGGIO,Nc Equine Mares Pace,1800,"$3,500",Fr4,Ross Collins,Greg Rogers,PACERS,Mobile,SA,3.5,3.5,False,NR43 (A40),7160s,*For Fillies & Mares with no more than 1 win in their last 5 starts (excluding dead heats). *Local Ratings Concessions apply. *Driver Concessions apply. *No Mares Concessions. *Ratings exempt race.,Mares. NR up to 49. PBD/NR. Pacers,432136,/sweet-arpeggio,/ross-collins,/greg-rogers,"DARK GREEN, RED STARS, STRIPED SLEEVES",,,GD160526,GDC16052604,10,Globe Derby Park,2026-05-16,Globe Derby Park_1800,Globe Derby Park_1800_pacers_mobile,2871,2714,12.8,30.5,31.0,29.4,29.5,globe derby park,1800,pacers,mobile,2710.0,440.0,688.0,16.24,41.62,-6.6
GD240826,GD240826_R3,GD240826_R3_PERFECT GAMBLE,Globe Derby Park,2026-08-24,Day,Day,3,1:47 PM,2026-08-24T04:17:00+00:00,2026-08-24T14:17:00+10:00,5,PERFECT GAMBLE,Nc Equine Mares Pace,1800,"$3,500",Fr5,Lance Holberton,Ryan Hryhorec,PACERS,Mobile,SA,6.5,6.5,False,NR52 (A45),57474,*For Fillies & Mares with no more than 1 win in their last 5 starts (excluding dead heats). *Local Ratings Concessions apply. *Driver Concessions apply. *No Mares Concessions. *Ratings exempt race.,Mares. NR up to 49. PBD/NR. Pacers,440621,/perfect-gamble,/lance-holberton,/ryan-hryhorec,"BLUE, WHITE STARS, RED & WHITE STRIPED SLEEVES",,,AW170826,AWC17082610,4,Gawler,2026-08-17,Globe Derby Park_1800,Globe Derby Park_1800_pacers_mobile,2871,2714,12.8,30.5,31.0,29.4,29.5,globe derby park,1800,pacers,mobile,2675.0,324.0,666.0,12.11,37.01,-23.58
GD240826,GD240826_R3,GD240826_R3_SHIRLEY NOT,Globe Derby Park,2026-08-24,Day,Day,3,1:47 PM,2026-08-24T04:17:00+00:00,2026-08-24T14:17:00+10:00,6,SHIRLEY NOT,Nc Equine Mares Pace,1800,"$3,500",Fr6,Darren Billinger,Darren Billinger,PACERS,Mobile,SA,2.5,2.5,False,NR51 (A47),06454,*For Fillies & Mares with no more than 1 win in their last 5 starts (excluding dead heats). *Local Ratings Concessions apply. *Driver Concessions apply. *No Mares Concessions. *Ratings exempt race.,Mares. NR up to 49. PBD/NR. Pacers,435910,/shirley-not,/darren-billinger,/darren-billinger,"RED, YELLOW DIAMOND & SLEEVES",,,GD150826,GDC15082603,4,Globe Derby Park,2026-08-15,Globe Derby Park_1800,Globe Derby Park_1800_pacers_mobile,2871,2714,12.8,30.5,31.0,29.4,29.5,globe derby park,1800,pacers,mobile,2493.0,274.0,599.0,10.99,35.02,-26.45
GD240826,GD240826_R4,GD240826_R4_SPIRIT OF SASSY,Globe Derby Park,2026-08-24,Day,Day,4,2:20 PM,2026-08-24T04:50:00+00:00,2026-08-24T14:50:00+10:00,1,SPIRIT OF SASSY,Hahn Super Dry 3.5 Pace,1800,"$3,500",Fr1,Phillip Westbury,Nicholas Brown,PACERS,Mobile,SA,21.0,21.0,False,NR30,76746,*For Horses with nil lifetime wins (excluding dead heats). *No Driver Concessions. *No Mares Concessions. *Ratings exempt race.,MAIDEN. RBD. Pacers,935,/spirit-of-sassy,/phillip-westbury,/nicholas-brown,"GOLD, WHITE SASH",,,AW170826,AWC17082602,6,Gawler,2026-08-17,Globe Derby Park_1800,Globe Derby Park_1800_pacers_mobile,2871,2714,12.8,30.5,31.0,29.4,29.5,globe derby park,1800,pacers,mobile,2714.0,397.0,838.0,14.63,45.5,-20.59
GD240826,GD240826_R4,GD240826_R4_LUNADIVA,Globe Derby Park,2026-08-24,Day,Day,4,2:20 PM,2026-08-24T04:50:00+00:00,2026-08-24T14:50:00+10:00,2,LUNADIVA,Hahn Super Dry 3.5 Pace,1800,"$3,500",Fr2,Tiana McMahon,Tony Pullicino,PACERS,Mobile,SA,2.4,2.4,False,NR46 (A40),34442,*For Horses with nil lifetime wins (excluding dead heats). *No Driver Concessions. *No Mares Concessions. *Ratings exempt race.,MAIDEN. RBD. Pacers,436728,/lunadiva,/tiana-mcmahon,/tony-pullicino,"PURPLE, BLACK BRACES, YOKE & SLEEVES, PURPLE STARS ON YOKE & SLEEVES, TJM ON CUFFS",,,AW170826,AWC17082602,2,Gawler,2026-08-17,Globe Derby Park_1800,Globe Derby Park_1800_pacers_mobile,2871,2714,12.8,30.5,31.0,29.4,29.5,globe derby park,1800,pacers,mobile,2713.0,379.0,686.0,13.97,39.26,-14.64
GD240826,GD240826_R4,GD240826_R4_CLARENDEN ARCADIA,Globe Derby Park,2026-08-24,Day,Day,4,2:20 PM,2026-08-24T04:50:00+00:00,2026-08-24T14:50:00+10:00,3,CLARENDEN ARCADIA,Hahn Super Dry 3.5 Pace,1800,"$3,500",Fr3,Claire Goble,Jason Kittel,PACERS,Mobile,SA,3.0,3.0,False,NR48 (A40),0s437,*For Horses with nil lifetime wins (excluding dead heats). *No Driver Concessions. *No Mares Concessions. *Ratings exempt race.,MAIDEN. RBD. Pacers,439378,/clarenden-arcadia,/claire-goble,/jason-kittel,"BLACK, PINK STARS, STARRED SLEEVES",,,AW170826,AWC17082602,7,Gawler,2026-08-17,Globe Derby Park_1800,Globe Derby Park_1800_pacers_mobile,2871,2714,12.8,30.5,31.0,29.4,29.5,globe derby park,1800,pacers,mobile,2713.0,397.0,655.0,14.63,38.78,-11.61
GD240826,GD240826_R4,GD240826_R4_THE APACHE CHIEF,Globe Derby Park,2026-08-24,Day,Day,4,2:20 PM,2026-08-24T04:50:00+00:00,2026-08-24T14:50:00+10:00,4,THE APACHE CHIEF,Hahn Super Dry 3.5 Pace,1800,"$3,500",Fr4,Ray Holberton,Michael A Smith,PACERS,Mobile,SA,26.0,26.0,False,NR48 (A40),879,*For Horses with nil lifetime wins (excluding dead heats). *No Driver Concessions. *No Mares Concessions. *Ratings exempt race.,MAIDEN. RBD. Pacers,17836,/the-apache-chief,/ray-holberton,/michael-a-smith,"WHITE, BLUE V, STRIPED SLEEVES",,,AW170826,AWC17082602,9,Gawler,2026-08-17,Globe Derby Park_1800,Globe Derby Park_1800_pacers_mobile,2871,2714,12.8,30.5,31.0,29.4,29.5,globe derby park,1800,pacers,mobile,2710.0,440.0,688.0,16.24,41.62,-6.6
GD240826,GD240826_R4,GD240826_R4_BLINGADINGDING,Globe Derby Park,2026-08-24,Day,Day,4,2:20 PM,2026-08-24T04:50:00+00:00,2026-08-24T14:50:00+10:00,5,BLINGADINGDING,Hahn Super Dry 3.5 Pace,1800,"$3,500",Fr5,"J K Neilson, K Wilson",Wayne Hill,PACERS,Mobile,SA,2.1,2.1,False,NR46 (A40),239s5,*For Horses with nil lifetime wins (excluding dead heats). *No Driver Concessions. *No Mares Concessions. *Ratings exempt race.,MAIDEN. RBD. Pacers,439443,/blingadingding,/j-k-neilson-k-wilson,/wayne-hill,"PURPLE, BLUE DIAMONDS",,,AW170826,AWC17082602,5,Gawler,2026-08-17,Globe Derby Park_1800,Globe Derby Park_1800_pacers_mobile,2871,2714,12.8,30.5,31.0,29.4,29.5,globe derby park,1800,pacers,mobile,2675.0,324.0,666.0,12.11,37.01,-23.58
GD240826,GD240826_R4,GD240826_R4_AUDAZ YANKEE,Globe Derby Park,2026-08-24,Day,Day,4,2:20 PM,2026-08-24T04:50:00+00:00,2026-08-24T14:50:00+10:00,6,AUDAZ YANKEE,Hahn Super Dry 3.5 Pace,1800,"$3,500",Fr6,Tiffany Lee,Tiffany Lee,PACERS,Mobile,SA,51.0,51.0,False,NR48 (A40),s547s,*For Horses with nil lifetime wins (excluding dead heats). *No Driver Concessions. *No Mares Concessions. *Ratings exempt race.,MAIDEN. RBD. Pacers,200847,/audaz-yankee,/tiffany-lee,/tiffany-lee,"GOLD, PURPLE SLEEVES",,,GD171225,GDC17122503,7,Globe Derby Park,2025-12-17,Globe Derby Park_1800,Globe Derby Park_1800_pacers_mobile,2871,2714,12.8,30.5,31.0,29.4,29.5,globe derby park,1800,pacers,mobile,2493.0,274.0,599.0,10.99,35.02,-26.45
GD240826,GD240826_R4,GD240826_R4_RIVERGUM REGALIA,Globe Derby Park,2026-08-24,Day,Day,4,2:20 PM,2026-08-24T04:50:00+00:00,2026-08-24T14:50:00+10:00,7,RIVERGUM REGALIA,Hahn Super Dry 3.5 Pace,1800,"$3,500",Fr7,Michael Harding,Danielle Hill,PACERS,Mobile,SA,51.0,51.0,False,NR49 (A40),0,*For Horses with nil lifetime wins (excluding dead heats). *No Driver Concessions. *No Mares Concessions. *Ratings exempt race.,MAIDEN. RBD. Pacers,435595,/rivergum-regalia,/michael-harding,/danielle-hill,"YELLOW, BLACK BAND, YELLOW SLEEVES",,ODM,AW170826,AWC17082602,10,Gawler,2026-08-17,Globe Derby Park_1800,Globe Derby Park_1800_pacers_mobile,2871,2714,12.8,30.5,31.0,29.4,29.5,globe derby park,1800,pacers,mobile,1552.0,153.0,330.0,9.86,31.12,-22.66
GD240826,GD240826_R5,GD240826_R5_STAR MAN,Globe Derby Park,2026-08-24,Day,Day,5,2:53 PM,2026-08-24T05:23:00+00:00,2026-08-24T15:23:00+10:00,1,STAR MAN,Bargain Steel Centre Pace,1800,"$3,500",Fr1,John Conry,Anthony Robinson,PACERS,Mobile,SA,2.5,2.5,False,NR57 (A53),44525,"*For horses with no more than 1 win in their last 5 starts (excluding dead heats). *Local Ratings Concessions apply. *Barrier draw as follows: Horses rated 47 to 54 before any mares or driver concession is applied to be drawn on wins in their last 5 starts (excluding dead heats), followed by horses rated 47 to 54 after any mares or driver concession is applied. *Field will be selected in ascending prize money order $L5 (ie from the bottom up). *Ratings exempt race.",NR 47 to 54. GROUP RBD. Pacers,3910,/star-man,/john-conry,/anthony-robinson,"LAVENDER, GREEN SHAMROCKS & SLEEVES",,,GD150826,GDC15082602,5,Globe Derby Park,2026-08-15,Globe Derby Park_1800,Globe Derby Park_1800_pacers_mobile,2871,2714,12.8,30.5,31.0,29.4,29.5,globe derby park,1800,pacers,mobile,2714.0,397.0,838.0,14.63,45.5,-20.59
GD240826,GD240826_R5,GD240826_R5_CENTREFOLD STAR,Globe Derby Park,2026-08-24,Day,Day,5,2:53 PM,2026-08-24T05:23:00+00:00,2026-08-24T15:23:00+10:00,2,CENTREFOLD STAR,Bargain Steel Centre Pace,1800,"$3,500",Fr2,Bronte Giorgio,Ryan Hryhorec,PACERS,Mobile,SA,3.5,3.5,False,NR56 (A47),53444,"*For horses with no more than 1 win in their last 5 starts (excluding dead heats). *Local Ratings Concessions apply. *Barrier draw as follows: Horses rated 47 to 54 before any mares or driver concession is applied to be drawn on wins in their last 5 starts (excluding dead heats), followed by horses rated 47 to 54 after any mares or driver concession is applied. *Field will be selected in ascending prize money order $L5 (ie from the bottom up). *Ratings exempt race.",NR 47 to 54. GROUP RBD. Pacers,438939,/centrefold-star,/bronte-giorgio,/ryan-hryhorec,"GREEN, PINK QUARTERS, BLUE SLEEVES",,,GD150826,GDC15082607,4,Globe Derby Park,2026-08-15,Globe Derby Park_1800,Globe Derby Park_1800_pacers_mobile,2871,2714,12.8,30.5,31.0,29.4,29.5,globe derby park,1800,pacers,mobile,2713.0,379.0,686.0,13.97,39.26,-14.64
GD240826,GD240826_R5,GD240826_R5_AMIRA MARIE,Globe Derby Park,2026-08-24,Day,Day,5,2:53 PM,2026-08-24T05:23:00+00:00,2026-08-24T15:23:00+10:00,3,AMIRA MARIE,Bargain Steel Centre Pace,1800,"$3,500",Fr3,Kevin Weidenbach,Kevin Weidenbach,PACERS,Mobile,SA,4.0,4.0,False,NR56 (A48),43875,"*For horses with no more than 1 win in their last 5 starts (excluding dead heats). *Local Ratings Concessions apply. *Barrier draw as follows: Horses rated 47 to 54 before any mares or driver concession is applied to be drawn on wins in their last 5 starts (excluding dead heats), followed by horses rated 47 to 54 after any mares or driver concession is applied. *Field will be selected in ascending prize money order $L5 (ie from the bottom up). *Ratings exempt race.",NR 47 to 54. GROUP RBD. Pacers,7560,/amira-marie,/kevin-weidenbach,/kevin-weidenbach,"ORANGE, BLACK & WHITE CHECKED SASH, ORANGE SLEEVES WITH BLACK STRIPE, BLACK WAISTBAND,COLLAR & CUFFS",,,GD100826,GDC10082603,5,Globe Derby Park,2026-08-10,Globe Derby Park_1800,Globe Derby Park_1800_pacers_mobile,2871,2714,12.8,30.5,31.0,29.4,29.5,globe derby park,1800,pacers,mobile,2713.0,397.0,655.0,14.63,38.78,-11.61
GD240826,GD240826_R5,GD240826_R5_THE CRIMSON PRINCE NZ,Globe Derby Park,2026-08-24,Day,Day,5,2:53 PM,2026-08-24T05:23:00+00:00,2026-08-24T15:23:00+10:00,4,THE CRIMSON PRINCE NZ,Bargain Steel Centre Pace,1800,"$3,500",Fr4,Maria Petricevich,Nicholas Brown,PACERS,Mobile,SA,51.0,51.0,False,NR59 (A54),05526,"*For horses with no more than 1 win in their last 5 starts (excluding dead heats). *Local Ratings Concessions apply. *Barrier draw as follows: Horses rated 47 to 54 before any mares or driver concession is applied to be drawn on wins in their last 5 starts (excluding dead heats), followed by horses rated 47 to 54 after any mares or driver concession is applied. *Field will be selected in ascending prize money order $L5 (ie from the bottom up). *Ratings exempt race.",NR 47 to 54. GROUP RBD. Pacers,10635,/the-crimson-prince-nz,/maria-petricevich,/nicholas-brown,"BLUE, WHITE STAR, WHITE SLEEVES WITH A RED STRIPE",,,AW170826,AWC17082604,6,Gawler,2026-08-17,Globe Derby Park_1800,Globe Derby Park_1800_pacers_mobile,2871,2714,12.8,30.5,31.0,29.4,29.5,globe derby park,1800,pacers,mobile,2710.0,440.0,688.0,16.24,41.62,-6.6
GD240826,GD240826_R5,GD240826_R5_MAGIC STORM,Globe Derby Park,2026-08-24,Day,Day,5,2:53 PM,2026-08-24T05:23:00+00:00,2026-08-24T15:23:00+10:00,5,MAGIC STORM,Bargain Steel Centre Pace,1800,"$3,500",Fr5,Tyson Linke,Michael A Smith,PACERS,Mobile,SA,5.5,5.5,False,NR58 (A53),47s42,"*For horses with no more than 1 win in their last 5 starts (excluding dead heats). *Local Ratings Concessions apply. *Barrier draw as follows: Horses rated 47 to 54 before any mares or driver concession is applied to be drawn on wins in their last 5 starts (excluding dead heats), followed by horses rated 47 to 54 after any mares or driver concession is applied. *Field will be selected in ascending prize money order $L5 (ie from the bottom up). *Ratings exempt race.",NR 47 to 54. GROUP RBD. Pacers,235,/magic-storm,/tyson-linke,/michael-a-smith,"YELLOW, BLACK DIAMOND",,,AW170826,AWC17082604,2,Gawler,2026-08-17,Globe Derby Park_1800,Globe Derby Park_1800_pacers_mobile,2871,2714,12.8,30.5,31.0,29.4,29.5,globe derby park,1800,pacers,mobile,2675.0,324.0,666.0,12.11,37.01,-23.58
GD240826,GD240826_R5,GD240826_R5_TAKE MY WALLET NZ,Globe Derby Park,2026-08-24,Day,Day,5,2:53 PM,2026-08-24T05:23:00+00:00,2026-08-24T15:23:00+10:00,6,TAKE MY WALLET NZ,Bargain Steel Centre Pace,1800,"$3,500",Fr6,Peter Bain,Bernadette Page,PACERS,Mobile,SA,12.0,12.0,False,NR55 (A50),7s367,"*For horses with no more than 1 win in their last 5 starts (excluding dead heats). *Local Ratings Concessions apply. *Barrier draw as follows: Horses rated 47 to 54 before any mares or driver concession is applied to be drawn on wins in their last 5 starts (excluding dead heats), followed by horses rated 47 to 54 after any mares or driver concession is applied. *Field will be selected in ascending prize money order $L5 (ie from the bottom up). *Ratings exempt race.",NR 47 to 54. GROUP RBD. Pacers,2645,/take-my-wallet-nz,/peter-bain,/bernadette-page,"RED, BLACK AND WHITE CHECKED SASH, BLUE AND WHITE HOOPED SLEEVES",,,AW170826,AWC17082605,7,Gawler,2026-08-17,Globe Derby Park_1800,Globe Derby Park_1800_pacers_mobile,2871,2714,12.8,30.5,31.0,29.4,29.5,globe derby park,1800,pacers,mobile,2493.0,274.0,599.0,10.99,35.02,-26.45
GD240826,GD240826_R5,GD240826_R5_CAPTAIN BARNATO,Globe Derby Park,2026-08-24,Day,Day,5,2:53 PM,2026-08-24T05:23:00+00:00,2026-08-24T15:23:00+10:00,7,CAPTAIN BARNATO,Bargain Steel Centre Pace,1800,"$3,500",Fr7,Dean Girardi,Jason Kittel,PACERS,Mobile,SA,10.0,10.0,False,NR58 (A52),788s4,"*For horses with no more than 1 win in their last 5 starts (excluding dead heats). *Local Ratings Concessions apply. *Barrier draw as follows: Horses rated 47 to 54 before any mares or driver concession is applied to be drawn on wins in their last 5 starts (excluding dead heats), followed by horses rated 47 to 54 after any mares or driver concession is applied. *Field will be selected in ascending prize money order $L5 (ie from the bottom up). *Ratings exempt race.",NR 47 to 54. GROUP RBD. Pacers,12203,/captain-barnato,/dean-girardi,/jason-kittel,"WHITE, RED HORSESHOE, RED SLEEVES, WHITE HORSESHOE & INITIALS ON CUFF",,,AW170826,AWC17082605,4,Gawler,2026-08-17,Globe Derby Park_1800,Globe Derby Park_1800_pacers_mobile,2871,2714,12.8,30.5,31.0,29.4,29.5,globe derby park,1800,pacers,mobile,1552.0,153.0,330.0,9.86,31.12,-22.66
GD240826,GD240826_R6,GD240826_R6_GIANT JACKSON,Globe Derby Park,2026-08-24,Day,Day,6,3:33 PM,2026-08-24T06:03:00+00:00,2026-08-24T16:03:00+10:00,1,GIANT JACKSON,Jive Cafe Hollywood Plaza Pace,2230,"$5,000",Fr1,Phillip Westbury,Kerry Green,PACERS,Mobile,SA,8.0,8.0,False,NR34,8s549,*For Horses with no more than 1 win in their last 5 starts (excluding dead heats). *Local Ratings Concessions apply. *No Driver Concessions. *No Mares Concessions. *Field will be selected in ascending prize money order $L5 (ie from the bottom up).,NR up to 40. PBD/L5$. Pacers,9884,/giant-jackson,/phillip-westbury,/kerry-green,"GOLD, WHITE SASH",,,GD150826,GDC15082612,9,Globe Derby Park,2026-08-15,Globe Derby Park_2230,Globe Derby Park_2230_pacers_mobile,1285,528,45.9,30.8,30.4,29.1,29.5,globe derby park,2230,pacers,mobile,533.0,75.0,188.0,14.07,49.34,-17.86
GD240826,GD240826_R6,GD240826_R6_LOVE TO DEAL,Globe Derby Park,2026-08-24,Day,Day,6,3:33 PM,2026-08-24T06:03:00+00:00,2026-08-24T16:03:00+10:00,2,LOVE TO DEAL,Jive Cafe Hollywood Plaza Pace,2230,"$5,000",Fr2,Reece Moore,Reece Moore,PACERS,Mobile,SA,51.0,51.0,False,NR37,58539,*For Horses with no more than 1 win in their last 5 starts (excluding dead heats). *Local Ratings Concessions apply. *No Driver Concessions. *No Mares Concessions. *Field will be selected in ascending prize money order $L5 (ie from the bottom up).,NR up to 40. PBD/L5$. Pacers,1780,/love-to-deal,/reece-moore,/reece-moore,"LIGHT BLUE, PURPLE CROSSED SASHES, NAVY BLUE SLEEVES",,,GD150826,GDC15082604,9,Globe Derby Park,2026-08-15,Globe Derby Park_2230,Globe Derby Park_2230_pacers_mobile,1285,528,45.9,30.8,30.4,29.1,29.5,globe derby park,2230,pacers,mobile,531.0,69.0,140.0,12.99,39.36,-20.55
GD240826,GD240826_R6,GD240826_R6_LORD MYRMECIA,Globe Derby Park,2026-08-24,Day,Day,6,3:33 PM,2026-08-24T06:03:00+00:00,2026-08-24T16:03:00+10:00,3,LORD MYRMECIA,Jive Cafe Hollywood Plaza Pace,2230,"$5,000",Fr3,Claire Goble,Samantha Hill,PACERS,Mobile,SA,3.0,3.0,False,NR45 (A40),53669,*For Horses with no more than 1 win in their last 5 starts (excluding dead heats). *Local Ratings Concessions apply. *No Driver Concessions. *No Mares Concessions. *Field will be selected in ascending prize money order $L5 (ie from the bottom up).,NR up to 40. PBD/L5$. Pacers,439075,/lord-myrmecia,/claire-goble,/samantha-pascoe,"BLACK, PINK STARS, BLACK SLEEVES, PINK CUFFS",,,AW170826,AWC17082601,9,Gawler,2026-08-17,Globe Derby Park_2230,Globe Derby Park_2230_pacers_mobile,1285,528,45.9,30.8,30.4,29.1,29.5,globe derby park,2230,pacers,mobile,528.0,77.0,120.0,14.58,37.31,-6.12
GD240826,GD240826_R6,GD240826_R6_NEED ME SOME SUGAR,Globe Derby Park,2026-08-24,Day,Day,6,3:33 PM,2026-08-24T06:03:00+00:00,2026-08-24T16:03:00+10:00,4,NEED ME SOME SUGAR,Jive Cafe Hollywood Plaza Pace,2230,"$5,000",Fr4,Billy Weidenbach,Kevin Weidenbach,PACERS,Mobile,SA,5.5,5.5,False,NR45 (A40),7s787,*For Horses with no more than 1 win in their last 5 starts (excluding dead heats). *Local Ratings Concessions apply. *No Driver Concessions. *No Mares Concessions. *Field will be selected in ascending prize money order $L5 (ie from the bottom up).,NR up to 40. PBD/L5$. Pacers,17437,/need-me-some-sugar,/billy-weidenbach,/kevin-weidenbach,"ORANGE, BLACK & WHITE CHECKED SASH, ORANGE SLEEVES WITH BLACK STRIPE, BLACK WAISTBAND,COLLAR & CUFFS",,,AW170826,AWC17082610,7,Gawler,2026-08-17,Globe Derby Park_2230,Globe Derby Park_2230_pacers_mobile,1285,528,45.9,30.8,30.4,29.1,29.5,globe derby park,2230,pacers,mobile,527.0,67.0,140.0,12.71,39.28,-25.29
GD240826,GD240826_R6,GD240826_R6_ORAMA,Globe Derby Park,2026-08-24,Day,Day,6,3:33 PM,2026-08-24T06:03:00+00:00,2026-08-24T16:03:00+10:00,5,ORAMA,Jive Cafe Hollywood Plaza Pace,2230,"$5,000",Fr5,Billy Weidenbach,Michael A Smith,PACERS,Mobile,SA,26.0,26.0,False,NR40,04807,*For Horses with no more than 1 win in their last 5 starts (excluding dead heats). *Local Ratings Concessions apply. *No Driver Concessions. *No Mares Concessions. *Field will be selected in ascending prize money order $L5 (ie from the bottom up).,NR up to 40. PBD/L5$. Pacers,391,/orama,/billy-weidenbach,/michael-a-smith,"MAROON, BLACK LINKED HORSHOES WITH LETTERS BB, BLACK BANDS, COLLAR & CUFFS, MAROON SLEEVES.",,,AW170826,AWC17082606,7,Gawler,2026-08-17,Globe Derby Park_2230,Globe Derby Park_2230_pacers_mobile,1285,528,45.9,30.8,30.4,29.1,29.5,globe derby park,2230,pacers,mobile,520.0,66.0,130.0,12.69,37.69,-20.77
GD240826,GD240826_R6,GD240826_R6_OAKLANDER,Globe Derby Park,2026-08-24,Day,Day,6,3:33 PM,2026-08-24T06:03:00+00:00,2026-08-24T16:03:00+10:00,6,OAKLANDER,Jive Cafe Hollywood Plaza Pace,2230,"$5,000",Fr6,Dean Girardi,Ryan Hryhorec,PACERS,Mobile,SA,3.4,3.4,False,NR44 (A40),79427,*For Horses with no more than 1 win in their last 5 starts (excluding dead heats). *Local Ratings Concessions apply. *No Driver Concessions. *No Mares Concessions. *Field will be selected in ascending prize money order $L5 (ie from the bottom up).,NR up to 40. PBD/L5$. Pacers,200678,/oaklander,/dean-girardi,/ryan-hryhorec,"WHITE,RED STRIPES,BLUE STARS ,WHITE WITH BLUE STARS",,ODM,GD150826,GDC15082604,7,Globe Derby Park,2026-08-15,Globe Derby Park_2230,Globe Derby Park_2230_pacers_mobile,1285,528,45.9,30.8,30.4,29.1,29.5,globe derby park,2230,pacers,mobile,493.0,75.0,108.0,15.21,37.12,-6.52
GD240826,GD240826_R6,GD240826_R6_OZZIE JOYBELL,Globe Derby Park,2026-08-24,Day,Day,6,3:33 PM,2026-08-24T06:03:00+00:00,2026-08-24T16:03:00+10:00,7,OZZIE JOYBELL,Jive Cafe Hollywood Plaza Pace,2230,"$5,000",Fr7,Daniel Tucker,Matt Maguire,PACERS,Mobile,SA,21.0,21.0,False,NR41 (A40),58706,*For Horses with no more than 1 win in their last 5 starts (excluding dead heats). *Local Ratings Concessions apply. *No Driver Concessions. *No Mares Concessions. *Field will be selected in ascending prize money order $L5 (ie from the bottom up).,NR up to 40. PBD/L5$. Pacers,11930,/ozzie-joybell,/daniel-tucker,/matt-maguire,"BLACK & WHITE QUARTERS, WHITE SLEEVES",,RODM,PP110826,PPC11082603,6,Port Pirie,2026-08-11,Globe Derby Park_2230,Globe Derby Park_2230_pacers_mobile,1285,528,45.9,30.8,30.4,29.1,29.5,globe derby park,2230,pacers,mobile,289.0,28.0,47.0,9.69,25.95,-23.32
GD240826,GD240826_R6,GD240826_R6_SEA HUNTER,Globe Derby Park,2026-08-24,Day,Day,6,3:33 PM,2026-08-24T06:03:00+00:00,2026-08-24T16:03:00+10:00,8,SEA HUNTER,Jive Cafe Hollywood Plaza Pace,2230,"$5,000",Sr1,Ray Holberton,Wayne Hill,PACERS,Mobile,SA,3.3,3.3,False,NR38,r7625,*For Horses with no more than 1 win in their last 5 starts (excluding dead heats). *Local Ratings Concessions apply. *No Driver Concessions. *No Mares Concessions. *Field will be selected in ascending prize money order $L5 (ie from the bottom up).,NR up to 40. PBD/L5$. Pacers,433646,/sea-hunter,/ray-holberton,/wayne-hill,"YELLOW, GREEN V & SLEEVES",,,GD150826,GDC15082604,5,Globe Derby Park,2026-08-15,Globe Derby Park_2230,Globe Derby Park_2230_pacers_mobile,1285,528,45.9,30.8,30.4,29.1,29.5,globe derby park,2230,pacers,mobile,346.0,34.0,91.0,9.83,36.13,-24.75
GD240826,GD240826_R7,GD240826_R7_CLARENDEN SAKURA,Globe Derby Park,2026-08-24,Day,Day,7,4:13 PM,2026-08-24T06:43:00+00:00,2026-08-24T16:43:00+10:00,1,CLARENDEN SAKURA,Ray White Commercial Adelaide Pace,1800,"$3,500",Fr1,Claire Goble,Samantha Hill,PACERS,Mobile,SA,5.5,5.5,False,NR48 (A41),89202,"*For Horses with no more than 1 win in their last 5 starts (excluding dead heats). *Local Ratings Concessions apply. *Barrier draw as follows: Horses rated 41 to 43 to be drawn on wins in their last 5 starts, followed by horses rated 44 to 46. *Field will be selected in ascending prize money order $L5 (ie from the bottom up). *Ratings exempt race.",NR 41 to 46. PBD/NR. Pacers,12262,/clarenden-sakura,/claire-goble,/samantha-pascoe,"BLACK, PINK STARS, STARRED SLEEVES",,,GD040726,GDC04072602,2,Globe Derby Park,2026-07-04,Globe Derby Park_1800,Globe Derby Park_1800_pacers_mobile,2871,2714,12.8,30.5,31.0,29.4,29.5,globe derby park,1800,pacers,mobile,2714.0,397.0,838.0,14.63,45.5,-20.59
GD240826,GD240826_R7,GD240826_R7_LOCHINVAR RULER,Globe Derby Park,2026-08-24,Day,Day,7,4:13 PM,2026-08-24T06:43:00+00:00,2026-08-24T16:43:00+10:00,2,LOCHINVAR RULER,Ray White Commercial Adelaide Pace,1800,"$3,500",Fr2,Kenneth Talent,Ryan Hryhorec,PACERS,Mobile,SA,5.0,5.0,False,NR40 (A41),02475,"*For Horses with no more than 1 win in their last 5 starts (excluding dead heats). *Local Ratings Concessions apply. *Barrier draw as follows: Horses rated 41 to 43 to be drawn on wins in their last 5 starts, followed by horses rated 44 to 46. *Field will be selected in ascending prize money order $L5 (ie from the bottom up). *Ratings exempt race.",NR 41 to 46. PBD/NR. Pacers,921,/lochinvar-ruler,/kenneth-talent,/ryan-hryhorec,"BLACK, WHITE KANGAROO",,,AW170826,AWC17082606,5,Gawler,2026-08-17,Globe Derby Park_1800,Globe Derby Park_1800_pacers_mobile,2871,2714,12.8,30.5,31.0,29.4,29.5,globe derby park,1800,pacers,mobile,2713.0,379.0,686.0,13.97,39.26,-14.64
GD240826,GD240826_R7,GD240826_R7_AMYS BABY ANGEL,Globe Derby Park,2026-08-24,Day,Day,7,4:13 PM,2026-08-24T06:43:00+00:00,2026-08-24T16:43:00+10:00,3,AMYS BABY ANGEL,Ray White Commercial Adelaide Pace,1800,"$3,500",Fr3,Lane Johnson,Corey Johnson,PACERS,Mobile,SA,10.0,10.0,False,NR48 (A41),54644,"*For Horses with no more than 1 win in their last 5 starts (excluding dead heats). *Local Ratings Concessions apply. *Barrier draw as follows: Horses rated 41 to 43 to be drawn on wins in their last 5 starts, followed by horses rated 44 to 46. *Field will be selected in ascending prize money order $L5 (ie from the bottom up). *Ratings exempt race.",NR 41 to 46. PBD/NR. Pacers,12346,/amys-baby-angel,/lane-johnson,/corey-johnson,"BLUE, RED & WHITE HOOPS, BLUE YOKE & SLEEVES",,,AW170826,AWC17082606,4,Gawler,2026-08-17,Globe Derby Park_1800,Globe Derby Park_1800_pacers_mobile,2871,2714,12.8,30.5,31.0,29.4,29.5,globe derby park,1800,pacers,mobile,2713.0,397.0,655.0,14.63,38.78,-11.61
GD240826,GD240826_R7,GD240826_R7_LUCKY BAMBINO,Globe Derby Park,2026-08-24,Day,Day,7,4:13 PM,2026-08-24T06:43:00+00:00,2026-08-24T16:43:00+10:00,4,LUCKY BAMBINO,Ray White Commercial Adelaide Pace,1800,"$3,500",Fr4,Frank Pullicino,Gaita Pullicino,PACERS,Mobile,SA,6.0,6.0,False,NR50 (A41),5s991,"*For Horses with no more than 1 win in their last 5 starts (excluding dead heats). *Local Ratings Concessions apply. *Barrier draw as follows: Horses rated 41 to 43 to be drawn on wins in their last 5 starts, followed by horses rated 44 to 46. *Field will be selected in ascending prize money order $L5 (ie from the bottom up). *Ratings exempt race.",NR 41 to 46. PBD/NR. Pacers,438456,/lucky-bambino,/frank-pullicino,/gaita-pullicino,"BLACK, WHITE HORSESHOE",,,GD270726,GDC27072607,1,Globe Derby Park,2026-07-27,Globe Derby Park_1800,Globe Derby Park_1800_pacers_mobile,2871,2714,12.8,30.5,31.0,29.4,29.5,globe derby park,1800,pacers,mobile,2710.0,440.0,688.0,16.24,41.62,-6.6
GD240826,GD240826_R7,GD240826_R7_STAR OF WILLOUGHBY,Globe Derby Park,2026-08-24,Day,Day,7,4:13 PM,2026-08-24T06:43:00+00:00,2026-08-24T16:43:00+10:00,5,STAR OF WILLOUGHBY,Ray White Commercial Adelaide Pace,1800,"$3,500",Fr5,Maria Petricevich,Danielle Hill,PACERS,Mobile,SA,4.5,4.5,False,NR44,625r5,"*For Horses with no more than 1 win in their last 5 starts (excluding dead heats). *Local Ratings Concessions apply. *Barrier draw as follows: Horses rated 41 to 43 to be drawn on wins in their last 5 starts, followed by horses rated 44 to 46. *Field will be selected in ascending prize money order $L5 (ie from the bottom up). *Ratings exempt race.",NR 41 to 46. PBD/NR. Pacers,1705,/star-of-willoughby,/maria-petricevich,/danielle-hill,"BLUE, WHITE STAR, WHITE SLEEVES WITH A RED STRIPE",,,GD220826,GDC22082605,5,Globe Derby Park,2026-08-22,Globe Derby Park_1800,Globe Derby Park_1800_pacers_mobile,2871,2714,12.8,30.5,31.0,29.4,29.5,globe derby park,1800,pacers,mobile,2675.0,324.0,666.0,12.11,37.01,-23.58
GD240826,GD240826_R7,GD240826_R7_A MAJOR STARR NZ,Globe Derby Park,2026-08-24,Day,Day,7,4:13 PM,2026-08-24T06:43:00+00:00,2026-08-24T16:43:00+10:00,6,A MAJOR STARR NZ,Ray White Commercial Adelaide Pace,1800,"$3,500",Fr6,Frank Pullicino,Tony Pullicino,PACERS,Mobile,SA,34.0,34.0,False,NR52 (A46),0s07s,"*For Horses with no more than 1 win in their last 5 starts (excluding dead heats). *Local Ratings Concessions apply. *Barrier draw as follows: Horses rated 41 to 43 to be drawn on wins in their last 5 starts, followed by horses rated 44 to 46. *Field will be selected in ascending prize money order $L5 (ie from the bottom up). *Ratings exempt race.",NR 41 to 46. PBD/NR. Pacers,440330,/a-major-starr-nz-440330,/frank-pullicino,/tony-pullicino,"PURPLE, DARK PURPLE BRACES & YOKE, PURPLE STARS ON YOKE, DARK PURPLE STARS & CUFFS ON SLEEVES.",,,GD160326,GDC16032606,7,Globe Derby Park,2026-03-16,Globe Derby Park_1800,Globe Derby Park_1800_pacers_mobile,2871,2714,12.8,30.5,31.0,29.4,29.5,globe derby park,1800,pacers,mobile,2493.0,274.0,599.0,10.99,35.02,-26.45
GD240826,GD240826_R7,GD240826_R7_TRIGGER,Globe Derby Park,2026-08-24,Day,Day,7,4:13 PM,2026-08-24T06:43:00+00:00,2026-08-24T16:43:00+10:00,7,TRIGGER,Ray White Commercial Adelaide Pace,1800,"$3,500",Fr7,Mark Russo,Michael A Smith,PACERS,Mobile,SA,5.0,5.0,False,NR44,92263,"*For Horses with no more than 1 win in their last 5 starts (excluding dead heats). *Local Ratings Concessions apply. *Barrier draw as follows: Horses rated 41 to 43 to be drawn on wins in their last 5 starts, followed by horses rated 44 to 46. *Field will be selected in ascending prize money order $L5 (ie from the bottom up). *Ratings exempt race.",NR 41 to 46. PBD/NR. Pacers,567,/trigger,/mark-russo,/michael-a-smith,"YELLOW, PURPLE COLLAR,PURPLE DIAMOND SASH,GREEN SLEEVES WITH PURPLE CUFFS",,,GD150826,GDC15082612,3,Globe Derby Park,2026-08-15,Globe Derby Park_1800,Globe Derby Park_1800_pacers_mobile,2871,2714,12.8,30.5,31.0,29.4,29.5,globe derby park,1800,pacers,mobile,1552.0,153.0,330.0,9.86,31.12,-22.66
GD240826,GD240826_R7,GD240826_R7_ACES SHADOW,Globe Derby Park,2026-08-24,Day,Day,7,4:13 PM,2026-08-24T06:43:00+00:00,2026-08-24T16:43:00+10:00,8,ACES SHADOW,Ray White Commercial Adelaide Pace,1800,"$3,500",Sr1,Ray Holberton,Wayne Hill,PACERS,Mobile,SA,7.0,7.0,False,NR37 (A41),36138,"*For Horses with no more than 1 win in their last 5 starts (excluding dead heats). *Local Ratings Concessions apply. *Barrier draw as follows: Horses rated 41 to 43 to be drawn on wins in their last 5 starts, followed by horses rated 44 to 46. *Field will be selected in ascending prize money order $L5 (ie from the bottom up). *Ratings exempt race.",NR 41 to 46. PBD/NR. Pacers,9873,/aces-shadow,/ray-holberton,/wayne-hill,"YELLOW, GREEN V & SLEEVES",,,GD150826,GDC15082607,8,Globe Derby Park,2026-08-15,Globe Derby Park_1800,Globe Derby Park_1800_pacers_mobile,2871,2714,12.8,30.5,31.0,29.4,29.5,globe derby park,1800,pacers,mobile,1844.0,142.0,471.0,7.7,33.24,-30.22
GD240826,GD240826_R7,GD240826_R7_FENG SHUI STAR,Globe Derby Park,2026-08-24,Day,Day,7,4:13 PM,2026-08-24T06:43:00+00:00,2026-08-24T16:43:00+10:00,9,FENG SHUI STAR,Ray White Commercial Adelaide Pace,1800,"$3,500",Sr2,Ingrid Smith,Greg Rogers,PACERS,Mobile,SA,12.0,12.0,False,NR44,69685,"*For Horses with no more than 1 win in their last 5 starts (excluding dead heats). *Local Ratings Concessions apply. *Barrier draw as follows: Horses rated 41 to 43 to be drawn on wins in their last 5 starts, followed by horses rated 44 to 46. *Field will be selected in ascending prize money order $L5 (ie from the bottom up). *Ratings exempt race.",NR 41 to 46. PBD/NR. Pacers,3943,/feng-shui-star,/ingrid-smith,/greg-rogers,"MAROON, GOLD BRACES",,,GD150826,GDC15082607,5,Globe Derby Park,2026-08-15,Globe Derby Park_1800,Globe Derby Park_1800_pacers_mobile,2871,2714,12.8,30.5,31.0,29.4,29.5,globe derby park,1800,pacers,mobile,1215.0,103.0,284.0,8.48,31.85,-23.82
GD240826,GD240826_R8,GD240826_R8_JUST BECCY,Globe Derby Park,2026-08-24,Day,Day,8,4:51 PM,2026-08-24T07:21:00+00:00,2026-08-24T17:21:00+10:00,1,JUST BECCY,Seymour Group Pace (Heat 1),1800,"$3,500",Fr1,"J K Neilson, K Wilson",Wayne Hill,PACERS,Mobile,SA,3.5,3.5,False,NR50 (A41),1879s,"*For 3yo & older horses with no more than 2 lifetime wins (excluding dead heats). *No Driver Concessions. *No Mares Concessions. *Heat(s) for a Final of $8,000 to be conducted on August 31 at Globe Derby Park. *Heat(s) also to be programmed on August 25 at Port Pirie. *Horses can only contest one Heat. *Distance of final is 1800m. *Heats are Ratings exempt.",3YO and older. 2 LIFETIME WINS. PBD/LTW. Pacers,435583,/just-beccy,/j-k-neilson-k-wilson,/wayne-hill,"BLUE, PURPLE CROSSED SASHES",,,GD020226,GDC02022607,9,Globe Derby Park,2026-02-02,Globe Derby Park_1800,Globe Derby Park_1800_pacers_mobile,2871,2714,12.8,30.5,31.0,29.4,29.5,globe derby park,1800,pacers,mobile,2714.0,397.0,838.0,14.63,45.5,-20.59
GD240826,GD240826_R8,GD240826_R8_SEASIDE SHOW,Globe Derby Park,2026-08-24,Day,Day,8,4:51 PM,2026-08-24T07:21:00+00:00,2026-08-24T17:21:00+10:00,2,SEASIDE SHOW,Seymour Group Pace (Heat 1),1800,"$3,500",Fr2,Ross Collins,Greg Rogers,PACERS,Mobile,SA,10.0,10.0,False,NR52 (A43),2167s,"*For 3yo & older horses with no more than 2 lifetime wins (excluding dead heats). *No Driver Concessions. *No Mares Concessions. *Heat(s) for a Final of $8,000 to be conducted on August 31 at Globe Derby Park. *Heat(s) also to be programmed on August 25 at Port Pirie. *Horses can only contest one Heat. *Distance of final is 1800m. *Heats are Ratings exempt.",3YO and older. 2 LIFETIME WINS. PBD/LTW. Pacers,439522,/seaside-show,/ross-collins,/greg-rogers,"DARK GREEN, RED STARS, STRIPED SLEEVES",,,ML050626,MLC05062606,7,Mildura,2026-06-05,Globe Derby Park_1800,Globe Derby Park_1800_pacers_mobile,2871,2714,12.8,30.5,31.0,29.4,29.5,globe derby park,1800,pacers,mobile,2713.0,379.0,686.0,13.97,39.26,-14.64
GD240826,GD240826_R8,GD240826_R8_MICKTHEBESTBUTCHER,Globe Derby Park,2026-08-24,Day,Day,8,4:51 PM,2026-08-24T07:21:00+00:00,2026-08-24T17:21:00+10:00,3,MICKTHEBESTBUTCHER,Seymour Group Pace (Heat 1),1800,"$3,500",Fr3,Toby Ryan,Corey Johnson,PACERS,Mobile,SA,21.0,21.0,False,NR49 (A40),s3823,"*For 3yo & older horses with no more than 2 lifetime wins (excluding dead heats). *No Driver Concessions. *No Mares Concessions. *Heat(s) for a Final of $8,000 to be conducted on August 31 at Globe Derby Park. *Heat(s) also to be programmed on August 25 at Port Pirie. *Horses can only contest one Heat. *Distance of final is 1800m. *Heats are Ratings exempt.",3YO and older. 2 LIFETIME WINS. PBD/LTW. Pacers,137616,/mickthebestbutcher,/toby-ryan,/corey-johnson,"ROYAL BLUE, WHITE HYGAIN LOGO",,,PP110826,PPC11082607,3,Port Pirie,2026-08-11,Globe Derby Park_1800,Globe Derby Park_1800_pacers_mobile,2871,2714,12.8,30.5,31.0,29.4,29.5,globe derby park,1800,pacers,mobile,2713.0,397.0,655.0,14.63,38.78,-11.61
GD240826,GD240826_R8,GD240826_R8_LIGHTNING BLING,Globe Derby Park,2026-08-24,Day,Day,8,4:51 PM,2026-08-24T07:21:00+00:00,2026-08-24T17:21:00+10:00,4,LIGHTNING BLING,Seymour Group Pace (Heat 1),1800,"$3,500",Fr4,Dean Girardi,Danielle Hill,PACERS,Mobile,SA,4.0,4.0,False,NR40,8s216,"*For 3yo & older horses with no more than 2 lifetime wins (excluding dead heats). *No Driver Concessions. *No Mares Concessions. *Heat(s) for a Final of $8,000 to be conducted on August 31 at Globe Derby Park. *Heat(s) also to be programmed on August 25 at Port Pirie. *Horses can only contest one Heat. *Distance of final is 1800m. *Heats are Ratings exempt.",3YO and older. 2 LIFETIME WINS. PBD/LTW. Pacers,11409,/lightning-bling,/dean-girardi,/danielle-hill,"RED, BLACK MALTESE CROSSES & SLEEVES",,,AW170826,AWC17082601,6,Gawler,2026-08-17,Globe Derby Park_1800,Globe Derby Park_1800_pacers_mobile,2871,2714,12.8,30.5,31.0,29.4,29.5,globe derby park,1800,pacers,mobile,2710.0,440.0,688.0,16.24,41.62,-6.6
GD240826,GD240826_R8,GD240826_R8_HELLO BEAUTIFUL,Globe Derby Park,2026-08-24,Day,Day,8,4:51 PM,2026-08-24T07:21:00+00:00,2026-08-24T17:21:00+10:00,5,HELLO BEAUTIFUL,Seymour Group Pace (Heat 1),1800,"$3,500",Fr5,Kevin Weidenbach,Kevin Weidenbach,PACERS,Mobile,SA,4.5,4.5,False,NR51 (A43),11739,"*For 3yo & older horses with no more than 2 lifetime wins (excluding dead heats). *No Driver Concessions. *No Mares Concessions. *Heat(s) for a Final of $8,000 to be conducted on August 31 at Globe Derby Park. *Heat(s) also to be programmed on August 25 at Port Pirie. *Horses can only contest one Heat. *Distance of final is 1800m. *Heats are Ratings exempt.",3YO and older. 2 LIFETIME WINS. PBD/LTW. Pacers,438987,/hello-beautiful,/kevin-weidenbach,/kevin-weidenbach,"ORANGE, BLACK & WHITE CHECKED SASH, ORANGE SLEEVES WITH BLACK STRIPE, BLACK WAISTBAND,COLLAR & CUFFS",,,GD150826,GDC15082607,9,Globe Derby Park,2026-08-15,Globe Derby Park_1800,Globe Derby Park_1800_pacers_mobile,2871,2714,12.8,30.5,31.0,29.4,29.5,globe derby park,1800,pacers,mobile,2675.0,324.0,666.0,12.11,37.01,-23.58
GD240826,GD240826_R8,GD240826_R8_GRUMPYPANTS GRACIE,Globe Derby Park,2026-08-24,Day,Day,8,4:51 PM,2026-08-24T07:21:00+00:00,2026-08-24T17:21:00+10:00,6,GRUMPYPANTS GRACIE,Seymour Group Pace (Heat 1),1800,"$3,500",Fr6,Toby Ryan,Lisa Ryan,PACERS,Mobile,SA,3.5,3.5,False,NR52 (A43),325s1,"*For 3yo & older horses with no more than 2 lifetime wins (excluding dead heats). *No Driver Concessions. *No Mares Concessions. *Heat(s) for a Final of $8,000 to be conducted on August 31 at Globe Derby Park. *Heat(s) also to be programmed on August 25 at Port Pirie. *Horses can only contest one Heat. *Distance of final is 1800m. *Heats are Ratings exempt.",3YO and older. 2 LIFETIME WINS. PBD/LTW. Pacers,439947,/grumpypants-gracie,/toby-ryan,/lisa-ryan,"LIME GREEN, NAVY LIGHTNING BOLT, COLLAR, WAISTBAND & HOOPED SLEEVES",,,PP110826,PPC11082607,1,Port Pirie,2026-08-11,Globe Derby Park_1800,Globe Derby Park_1800_pacers_mobile,2871,2714,12.8,30.5,31.0,29.4,29.5,globe derby park,1800,pacers,mobile,2493.0,274.0,599.0,10.99,35.02,-26.45
GD240826,GD240826_R8,GD240826_R8_TUFFASNAILS,Globe Derby Park,2026-08-24,Day,Day,8,4:51 PM,2026-08-24T07:21:00+00:00,2026-08-24T17:21:00+10:00,7,TUFFASNAILS,Seymour Group Pace (Heat 1),1800,"$3,500",SCR,Ryan Hryhorec,Danielle Hill,PACERS,Mobile,SA,,,True,NR53 (A45),88174,"*For 3yo & older horses with no more than 2 lifetime wins (excluding dead heats). *No Driver Concessions. *No Mares Concessions. *Heat(s) for a Final of $8,000 to be conducted on August 31 at Globe Derby Park. *Heat(s) also to be programmed on August 25 at Port Pirie. *Horses can only contest one Heat. *Distance of final is 1800m. *Heats are Ratings exempt.",3YO and older. 2 LIFETIME WINS. PBD/LTW. Pacers,60756,/tuffasnails,/ryan-hryhorec,/danielle-hill,"LIME GREEN WITH WHITE STARS, WHITE COLLAR WITH CERISE STARS, CERISE SLEEVES WITH LIME GREEN STARS",,,EY310726,EYC31072603,4,Riverina Paceway,2026-07-31,Globe Derby Park_1800,Globe Derby Park_1800_pacers_mobile,2871,2714,12.8,30.5,31.0,29.4,29.5,globe derby park,1800,pacers,mobile,0.0,0.0,0.0,0.0,0.0,0.0
GD240826,GD240826_R8,GD240826_R8_WHENIMREADY,Globe Derby Park,2026-08-24,Day,Day,8,4:51 PM,2026-08-24T07:21:00+00:00,2026-08-24T17:21:00+10:00,8,WHENIMREADY,Seymour Group Pace (Heat 1),1800,"$3,500",Sr1,Mark Russo,Michael A Smith,PACERS,Mobile,SA,16.0,16.0,False,NR46 (A40),63224,"*For 3yo & older horses with no more than 2 lifetime wins (excluding dead heats). *No Driver Concessions. *No Mares Concessions. *Heat(s) for a Final of $8,000 to be conducted on August 31 at Globe Derby Park. *Heat(s) also to be programmed on August 25 at Port Pirie. *Horses can only contest one Heat. *Distance of final is 1800m. *Heats are Ratings exempt.",3YO and older. 2 LIFETIME WINS. PBD/LTW. Pacers,436491,/whenimready,/mark-russo,/michael-a-smith,"PURPLE, ONE YELLOW HORSESHOE,YELLOW & PURPLE STRIPE SLEEVES",,,AL210726,ALC21072601,4,Albury,2026-07-21,Globe Derby Park_1800,Globe Derby Park_1800_pacers_mobile,2871,2714,12.8,30.5,31.0,29.4,29.5,globe derby park,1800,pacers,mobile,1844.0,142.0,471.0,7.7,33.24,-30.22
GD240826,GD240826_R8,GD240826_R8_NORMY,Globe Derby Park,2026-08-24,Day,Day,8,4:51 PM,2026-08-24T07:21:00+00:00,2026-08-24T17:21:00+10:00,9,NORMY,Seymour Group Pace (Heat 1),1800,"$3,500",Sr2,Frank Pullicino,Tony Pullicino,PACERS,Mobile,SA,26.0,26.0,False,NR48 (A40),3898s,"*For 3yo & older horses with no more than 2 lifetime wins (excluding dead heats). *No Driver Concessions. *No Mares Concessions. *Heat(s) for a Final of $8,000 to be conducted on August 31 at Globe Derby Park. *Heat(s) also to be programmed on August 25 at Port Pirie. *Horses can only contest one Heat. *Distance of final is 1800m. *Heats are Ratings exempt.",3YO and older. 2 LIFETIME WINS. PBD/LTW. Pacers,191993,/normy,/frank-pullicino,/tony-pullicino,"PURPLE, DARK PURPLE BRACES & YOKE, PURPLE STARS ON YOKE, DARK PURPLE STARS & CUFFS ON SLEEVES.",,,BA161025,BAC16102504,8,Ballarat,2025-10-16,Globe Derby Park_1800,Globe Derby Park_1800_pacers_mobile,2871,2714,12.8,30.5,31.0,29.4,29.5,globe derby park,1800,pacers,mobile,1215.0,103.0,284.0,8.48,31.85,-23.82
GD240826,GD240826_R8,GD240826_R8_LARDY DAH LADY,Globe Derby Park,2026-08-24,Day,Day,8,4:51 PM,2026-08-24T07:21:00+00:00,2026-08-24T17:21:00+10:00,10,LARDY DAH LADY,Seymour Group Pace (Heat 1),1800,"$3,500",Sr3,"J K Neilson, K Wilson",Katie Wilson,PACERS,Mobile,SA,21.0,21.0,False,NR51 (A43),17362,"*For 3yo & older horses with no more than 2 lifetime wins (excluding dead heats). *No Driver Concessions. *No Mares Concessions. *Heat(s) for a Final of $8,000 to be conducted on August 31 at Globe Derby Park. *Heat(s) also to be programmed on August 25 at Port Pirie. *Horses can only contest one Heat. *Distance of final is 1800m. *Heats are Ratings exempt.",3YO and older. 2 LIFETIME WINS. PBD/LTW. Pacers,200679,/lardy-dah-lady,/j-k-neilson-k-wilson,/katie-wilson,"PURPLE, BLUE DIAMONDS",,,AW170826,AWC17082601,2,Gawler,2026-08-17,Globe Derby Park_1800,Globe Derby Park_1800_pacers_mobile,2871,2714,12.8,30.5,31.0,29.4,29.5,globe derby park,1800,pacers,mobile,737.0,78.0,170.0,10.58,33.65,-17.26
GD240826,GD240826_R8,GD240826_R8_MURRA LANE,Globe Derby Park,2026-08-24,Day,Day,8,4:51 PM,2026-08-24T07:21:00+00:00,2026-08-24T17:21:00+10:00,11,MURRA LANE,Seymour Group Pace (Heat 1),1800,"$3,500",Sr4,Symon Kittel,Ryan Hryhorec,PACERS,Mobile,SA,34.0,34.0,False,NR51 (A42),44223,"*For 3yo & older horses with no more than 2 lifetime wins (excluding dead heats). *No Driver Concessions. *No Mares Concessions. *Heat(s) for a Final of $8,000 to be conducted on August 31 at Globe Derby Park. *Heat(s) also to be programmed on August 25 at Port Pirie. *Horses can only contest one Heat. *Distance of final is 1800m. *Heats are Ratings exempt.",3YO and older. 2 LIFETIME WINS. PBD/LTW. Pacers,111110,/murra-lane,/symon-kittel,/ryan-hryhorec,"YELLOW, PURPLE BRACES, WHITE ARMBANDS",1.0,ODM,AW170826,AWC17082601,3,Gawler,2026-08-17,Globe Derby Park_1800,Globe Derby Park_1800_pacers_mobile,2871,2714,12.8,30.5,31.0,29.4,29.5,globe derby park,1800,pacers,mobile,199.0,20.0,45.0,10.05,32.66,-17.5
GP250826,GP250826_R1,GP250826_R1_IM CATASTROPHIC,Gloucester Park,2026-08-25,Twilight,Twilight,1,5:18 PM,2026-08-25T09:18:00+00:00,2026-08-25T19:18:00+10:00,1,IM CATASTROPHIC,Allwood Stud Farm 2yo Fillies Westbred Classic Heat 1 MS Pace,2130,"$9,360",Fr1,Murray Lindau,Stuart McDonald,PACERS,Mobile,WA,2.2,2.2,False,NR48,2512,1ST-4TH QUALIFY FOR THE FINAL AT GP 4-9-26. IF YOU QUALIFY FOR THE FINAL YOU MUST START IN IT OTHERWISE SCRATCHING PENALTIES WILL APPLY. NO CONCESSION CLAIMS.,2YO Fillies. No NR. RBD. Pacers,53196,/im-catastrophic,/murray-lindau,/stuart-mcdonald,"RED, BLACK & WHITE HOOPED SLEEVES",,,GP070826,GPM07082601,2,Gloucester Park,2026-08-07,Gloucester Park_2130,Gloucester Park_2130_pacers_mobile,3595,2723,37.5,31.0,30.1,28.8,28.9,gloucester park,2130,pacers,mobile,2723.0,486.0,769.0,17.85,46.09,-17.16
GP250826,GP250826_R1,GP250826_R1_ILIKEITLIKETHAT,Gloucester Park,2026-08-25,Twilight,Twilight,1,5:18 PM,2026-08-25T09:18:00+00:00,2026-08-25T19:18:00+10:00,2,ILIKEITLIKETHAT,Allwood Stud Farm 2yo Fillies Westbred Classic Heat 1 MS Pace,2130,"$9,360",Fr2,"G F J Bond, S A Bond",Deni Roberts,PACERS,Mobile,WA,3.5,3.5,False,NR49,3s116,1ST-4TH QUALIFY FOR THE FINAL AT GP 4-9-26. IF YOU QUALIFY FOR THE FINAL YOU MUST START IN IT OTHERWISE SCRATCHING PENALTIES WILL APPLY. NO CONCESSION CLAIMS.,2YO Fillies. No NR. RBD. Pacers,110335,/ilikeitlikethat,/g-f-j-bond-s-a-bond,/deni-roberts,"BLUE, PINK CIRCLE",,,GP070826,GPM07082601,6,Gloucester Park,2026-08-07,Gloucester Park_2130,Gloucester Park_2130_pacers_mobile,3595,2723,37.5,31.0,30.1,28.8,28.9,gloucester park,2130,pacers,mobile,2722.0,321.0,662.0,11.79,36.11,-20.88
GP250826,GP250826_R1,GP250826_R1_POCKET OF DREAMS,Gloucester Park,2026-08-25,Twilight,Twilight,1,5:18 PM,2026-08-25T09:18:00+00:00,2026-08-25T19:18:00+10:00,3,POCKET OF DREAMS,Allwood Stud Farm 2yo Fillies Westbred Classic Heat 1 MS Pace,2130,"$9,360",Fr3,Justin Prentice,Gary Hall Jnr,PACERS,Mobile,WA,9.0,9.0,False,NR45,2s420,1ST-4TH QUALIFY FOR THE FINAL AT GP 4-9-26. IF YOU QUALIFY FOR THE FINAL YOU MUST START IN IT OTHERWISE SCRATCHING PENALTIES WILL APPLY. NO CONCESSION CLAIMS.,2YO Fillies. No NR. RBD. Pacers,182022,/pocket-of-dreams,/justin-prentice,/gary-hall-jnr,"PURPLE, GOLD DIAMONDS, DIAMOND CHECK SLEEVES, COLLAR & CUFFS",,,GP070826,GPM07082601,12,Gloucester Park,2026-08-07,Gloucester Park_2130,Gloucester Park_2130_pacers_mobile,3595,2723,37.5,31.0,30.1,28.8,28.9,gloucester park,2130,pacers,mobile,2723.0,273.0,552.0,10.03,30.3,-21.46
GP250826,GP250826_R1,GP250826_R1_ALL OUT OF ACES,Gloucester Park,2026-08-25,Twilight,Twilight,1,5:18 PM,2026-08-25T09:18:00+00:00,2026-08-25T19:18:00+10:00,4,ALL OUT OF ACES,Allwood Stud Farm 2yo Fillies Westbred Classic Heat 1 MS Pace,2130,"$9,360",Fr4,Dylan Egerton-Green,Dylan Egerton-Green,PACERS,Mobile,WA,9.0,9.0,False,NR51,s1323,1ST-4TH QUALIFY FOR THE FINAL AT GP 4-9-26. IF YOU QUALIFY FOR THE FINAL YOU MUST START IN IT OTHERWISE SCRATCHING PENALTIES WILL APPLY. NO CONCESSION CLAIMS.,2YO Fillies. No NR. RBD. Pacers,177613,/all-out-of-aces,/dylan-egerton-green,/dylan-egerton-green,"AQUA, WHITE STARS, AQUA & BLUE DIAMOND CHECKED SLEEVES",,,GP070826,GPM07082601,3,Gloucester Park,2026-08-07,Gloucester Park_2130,Gloucester Park_2130_pacers_mobile,3595,2723,37.5,31.0,30.1,28.8,28.9,gloucester park,2130,pacers,mobile,2724.0,310.0,508.0,11.38,30.03,-12.19
GP250826,GP250826_R1,GP250826_R1_GRACIOUS GABBY,Gloucester Park,2026-08-25,Twilight,Twilight,1,5:18 PM,2026-08-25T09:18:00+00:00,2026-08-25T19:18:00+10:00,5,GRACIOUS GABBY,Allwood Stud Farm 2yo Fillies Westbred Classic Heat 1 MS Pace,2130,"$9,360",Fr5,Clinton Pearce,Kyle Harper,PACERS,Mobile,WA,251.0,251.0,False,NR42,0958,1ST-4TH QUALIFY FOR THE FINAL AT GP 4-9-26. IF YOU QUALIFY FOR THE FINAL YOU MUST START IN IT OTHERWISE SCRATCHING PENALTIES WILL APPLY. NO CONCESSION CLAIMS.,2YO Fillies. No NR. RBD. Pacers,137549,/gracious-gabby,/clinton-pearce,/kyle-harper,"PURPLE, TURQUOISE CHECKS & SLEEVES WITH PURPLE CUFFS",,,GP180826,GPC18082601,8,Gloucester Park,2026-08-18,Gloucester Park_2130,Gloucester Park_2130_pacers_mobile,3595,2723,37.5,31.0,30.1,28.8,28.9,gloucester park,2130,pacers,mobile,2719.0,317.0,560.0,11.66,32.25,-11.27
GP250826,GP250826_R1,GP250826_R1_BUSH QUEEN,Gloucester Park,2026-08-25,Twilight,Twilight,1,5:18 PM,2026-08-25T09:18:00+00:00,2026-08-25T19:18:00+10:00,6,BUSH QUEEN,Allwood Stud Farm 2yo Fillies Westbred Classic Heat 1 MS Pace,2130,"$9,360",Fr6,Aiden De Campo,Aiden De Campo,PACERS,Mobile,WA,18.0,18.0,False,NR47,5147,1ST-4TH QUALIFY FOR THE FINAL AT GP 4-9-26. IF YOU QUALIFY FOR THE FINAL YOU MUST START IN IT OTHERWISE SCRATCHING PENALTIES WILL APPLY. NO CONCESSION CLAIMS.,2YO Fillies. No NR. RBD. Pacers,157191,/bush-queen,/aiden-de-campo,/aiden-de-campo,"ROYAL BLUE, 4 BLACK DIAMONDS, COLLAR, WAISTBAND, DIAMOND CHECKED SLEEVES & CUFFS",,,GP070826,GPM07082601,7,Gloucester Park,2026-08-07,Gloucester Park_2130,Gloucester Park_2130_pacers_mobile,3595,2723,37.5,31.0,30.1,28.8,28.9,gloucester park,2130,pacers,mobile,2681.0,258.0,523.0,9.62,29.13,-15.96
GP250826,GP250826_R1,GP250826_R1_NEVAONTYME,Gloucester Park,2026-08-25,Twilight,Twilight,1,5:18 PM,2026-08-25T09:18:00+00:00,2026-08-25T19:18:00+10:00,7,NEVAONTYME,Allwood Stud Farm 2yo Fillies Westbred Classic Heat 1 MS Pace,2130,"$9,360",Fr7,Kevin Charles,Shannon Suvaljko,PACERS,Mobile,WA,101.0,101.0,False,NR45,,1ST-4TH QUALIFY FOR THE FINAL AT GP 4-9-26. IF YOU QUALIFY FOR THE FINAL YOU MUST START IN IT OTHERWISE SCRATCHING PENALTIES WILL APPLY. NO CONCESSION CLAIMS.,2YO Fillies. No NR. RBD. Pacers,55700,/nevaontyme,/kevin-charles,/shannon-suvaljko,"CERISE, WHITE DIAMONDS, GOLD SLEEVES",,,,,,,,Gloucester Park_2130,Gloucester Park_2130_pacers_mobile,3595,2723,37.5,31.0,30.1,28.8,28.9,gloucester park,2130,pacers,mobile,2579.0,223.0,450.0,8.65,26.1,-19.07
GP250826,GP250826_R1,GP250826_R1_SEASPIRIT,Gloucester Park,2026-08-25,Twilight,Twilight,1,5:18 PM,2026-08-25T09:18:00+00:00,2026-08-25T19:18:00+10:00,8,SEASPIRIT,Allwood Stud Farm 2yo Fillies Westbred Classic Heat 1 MS Pace,2130,"$9,360",Fr8,Brett Smith,Brett Smith,PACERS,Mobile,WA,41.0,41.0,False,NR46,27834,1ST-4TH QUALIFY FOR THE FINAL AT GP 4-9-26. IF YOU QUALIFY FOR THE FINAL YOU MUST START IN IT OTHERWISE SCRATCHING PENALTIES WILL APPLY. NO CONCESSION CLAIMS.,2YO Fillies. No NR. RBD. Pacers,42626,/seaspirit,/brett-smith,/brett-smith,"BLACK, WHITE CROSSED DIAMOND SASHES & DIAMOND ON SLEEVES",,,GP140826,GPM14082602,4,Gloucester Park,2026-08-14,Gloucester Park_2130,Gloucester Park_2130_pacers_mobile,3595,2723,37.5,31.0,30.1,28.8,28.9,gloucester park,2130,pacers,mobile,2255.0,177.0,382.0,7.85,24.79,-21.44
GP250826,GP250826_R1,GP250826_R1_BELIEVE ME I TRY,Gloucester Park,2026-08-25,Twilight,Twilight,1,5:18 PM,2026-08-25T09:18:00+00:00,2026-08-25T19:18:00+10:00,9,BELIEVE ME I TRY,Allwood Stud Farm 2yo Fillies Westbred Classic Heat 1 MS Pace,2130,"$9,360",Fr9,Paula Petricevich,Wayne Reid,PACERS,Mobile,WA,251.0,251.0,False,NR43,6s0,1ST-4TH QUALIFY FOR THE FINAL AT GP 4-9-26. IF YOU QUALIFY FOR THE FINAL YOU MUST START IN IT OTHERWISE SCRATCHING PENALTIES WILL APPLY. NO CONCESSION CLAIMS.,2YO Fillies. No NR. RBD. Pacers,42536,/believe-me-i-try,/paula-petricevich,/wayne-reid,"BLACK, GOLD CHECKS, WHITE SLEEVES, BLACK COLLAR & CUFFS",,ODM,GP270726,GPC27072608,11,Gloucester Park,2026-07-27,Gloucester Park_2130,Gloucester Park_2130_pacers_mobile,3595,2723,37.5,31.0,30.1,28.8,28.9,gloucester park,2130,pacers,mobile,1447.0,105.0,210.0,7.26,21.77,-19.4
GP250826,GP250826_R1,GP250826_R1_SOME DANCER,Gloucester Park,2026-08-25,Twilight,Twilight,1,5:18 PM,2026-08-25T09:18:00+00:00,2026-08-25T19:18:00+10:00,10,SOME DANCER,Allwood Stud Farm 2yo Fillies Westbred Classic Heat 1 MS Pace,2130,"$9,360",Sr1,Dylan Egerton-Green,Trent Wheeler,PACERS,Mobile,WA,7.0,7.0,False,NR45,5425,1ST-4TH QUALIFY FOR THE FINAL AT GP 4-9-26. IF YOU QUALIFY FOR THE FINAL YOU MUST START IN IT OTHERWISE SCRATCHING PENALTIES WILL APPLY. NO CONCESSION CLAIMS.,2YO Fillies. No NR. RBD. Pacers,42561,/some-dancer,/dylan-egerton-green,/trent-wheeler,"BLUE, WHITE SOUTHERN CROSS, AQUA DIAMOND CHECKED SLEEVES",,,GP070826,GPM07082601,5,Gloucester Park,2026-08-07,Gloucester Park_2130,Gloucester Park_2130_pacers_mobile,3595,2723,37.5,31.0,30.1,28.8,28.9,gloucester park,2130,pacers,mobile,1696.0,97.0,442.0,5.72,31.78,-38.04
GP250826,GP250826_R2,GP250826_R2_ASTERI ADELPHOS,Gloucester Park,2026-08-25,Twilight,Twilight,2,5:52 PM,2026-08-25T09:52:00+00:00,2026-08-25T19:52:00+10:00,1,ASTERI ADELPHOS,Allwood Stud 2yo Colts & Geldings Westbred Classic Heat 1 MS Pace,2130,"$9,360",Fr1,Justin Prentice,Gary Hall Jnr,PACERS,Mobile,WA,15.0,15.0,False,NR44,6s22,1ST-4TH QUALIFY FOR THE FINAL AT GP 4-9-26. IF YOU QUALIFY FOR THE FINAL YOU MUST START IN IT OTHERWISE SCRATCHING PENALTIES WILL APPLY. NO CONCESSION CLAIMS.,2YO Colts and Geldings. No NR. RBD. Pacers,59513,/asteri-adelphos,/justin-prentice,/gary-hall-jnr,"PURPLE, GOLD DIAMONDS, DIAMOND CHECK SLEEVES, COLLAR & CUFFS",,,PA100826,PAC10082610,2,Pinjarra,2026-08-10,Gloucester Park_2130,Gloucester Park_2130_pacers_mobile,3595,2723,37.5,31.0,30.1,28.8,28.9,gloucester park,2130,pacers,mobile,2723.0,486.0,769.0,17.85,46.09,-17.16
GP250826,GP250826_R2,GP250826_R2_KRESCENDO,Gloucester Park,2026-08-25,Twilight,Twilight,2,5:52 PM,2026-08-25T09:52:00+00:00,2026-08-25T19:52:00+10:00,2,KRESCENDO,Allwood Stud 2yo Colts & Geldings Westbred Classic Heat 1 MS Pace,2130,"$9,360",Fr2,Jocelyn Young,Jocelyn Young,PACERS,Mobile,WA,51.0,51.0,False,NR44,9,1ST-4TH QUALIFY FOR THE FINAL AT GP 4-9-26. IF YOU QUALIFY FOR THE FINAL YOU MUST START IN IT OTHERWISE SCRATCHING PENALTIES WILL APPLY. NO CONCESSION CLAIMS.,2YO Colts and Geldings. No NR. RBD. Pacers,7313,/krescendo,/jocelyn-young,/jocelyn-young,"RED, WHITE CROSS, BLACK SLEEVES WITH WHITE DIAMOND CHECKED ARMBANDS & RED CUFFS",,,PA100826,PAC10082602,9,Pinjarra,2026-08-10,Gloucester Park_2130,Gloucester Park_2130_pacers_mobile,3595,2723,37.5,31.0,30.1,28.8,28.9,gloucester park,2130,pacers,mobile,2722.0,321.0,662.0,11.79,36.11,-20.88
GP250826,GP250826_R2,GP250826_R2_FRONTMAN,Gloucester Park,2026-08-25,Twilight,Twilight,2,5:52 PM,2026-08-25T09:52:00+00:00,2026-08-25T19:52:00+10:00,3,FRONTMAN,Allwood Stud 2yo Colts & Geldings Westbred Classic Heat 1 MS Pace,2130,"$9,360",Fr3,Katie Howlett,Kyle Symington,PACERS,Mobile,WA,21.0,21.0,False,NR43,673,1ST-4TH QUALIFY FOR THE FINAL AT GP 4-9-26. IF YOU QUALIFY FOR THE FINAL YOU MUST START IN IT OTHERWISE SCRATCHING PENALTIES WILL APPLY. NO CONCESSION CLAIMS.,2YO Colts and Geldings. No NR. RBD. Pacers,6975,/frontman,/katie-howlett,/kyle-symington,"BLUE, RED HORSESHOE, WHITE SLEEVES",,,PA100826,PAC10082610,3,Pinjarra,2026-08-10,Gloucester Park_2130,Gloucester Park_2130_pacers_mobile,3595,2723,37.5,31.0,30.1,28.8,28.9,gloucester park,2130,pacers,mobile,2723.0,273.0,552.0,10.03,30.3,-21.46
GP250826,GP250826_R2,GP250826_R2_THEMARASSHADOW,Gloucester Park,2026-08-25,Twilight,Twilight,2,5:52 PM,2026-08-25T09:52:00+00:00,2026-08-25T19:52:00+10:00,4,THEMARASSHADOW,Allwood Stud 2yo Colts & Geldings Westbred Classic Heat 1 MS Pace,2130,"$9,360",Fr4,Aiden De Campo,Aiden De Campo,PACERS,Mobile,WA,9.0,9.0,False,NR47,415s,1ST-4TH QUALIFY FOR THE FINAL AT GP 4-9-26. IF YOU QUALIFY FOR THE FINAL YOU MUST START IN IT OTHERWISE SCRATCHING PENALTIES WILL APPLY. NO CONCESSION CLAIMS.,2YO Colts and Geldings. No NR. RBD. Pacers,53180,/themarasshadow,/aiden-de-campo,/aiden-de-campo,"ROYAL BLUE, 4 BLACK DIAMONDS, COLLAR, WAISTBAND, DIAMOND CHECKED SLEEVES & CUFFS",,,PA040526,PAC04052602,5,Pinjarra,2026-05-04,Gloucester Park_2130,Gloucester Park_2130_pacers_mobile,3595,2723,37.5,31.0,30.1,28.8,28.9,gloucester park,2130,pacers,mobile,2724.0,310.0,508.0,11.38,30.03,-12.19
GP250826,GP250826_R2,GP250826_R2_RIP TIDE,Gloucester Park,2026-08-25,Twilight,Twilight,2,5:52 PM,2026-08-25T09:52:00+00:00,2026-08-25T19:52:00+10:00,5,RIP TIDE,Allwood Stud 2yo Colts & Geldings Westbred Classic Heat 1 MS Pace,2130,"$9,360",Fr5,Terry Ferguson,Ryan Warwick,PACERS,Mobile,WA,12.0,12.0,False,NR46,32s26,1ST-4TH QUALIFY FOR THE FINAL AT GP 4-9-26. IF YOU QUALIFY FOR THE FINAL YOU MUST START IN IT OTHERWISE SCRATCHING PENALTIES WILL APPLY. NO CONCESSION CLAIMS.,2YO Colts and Geldings. No NR. RBD. Pacers,56385,/rip-tide,/terry-ferguson,/ryan-warwick,"BLUE, WHITE SEAHORSE & STRIPED SLEEVES",,,GP070826,GPM07082602,6,Gloucester Park,2026-08-07,Gloucester Park_2130,Gloucester Park_2130_pacers_mobile,3595,2723,37.5,31.0,30.1,28.8,28.9,gloucester park,2130,pacers,mobile,2719.0,317.0,560.0,11.66,32.25,-11.27
GP250826,GP250826_R2,GP250826_R2_ACKNOWLEDGEMENT,Gloucester Park,2026-08-25,Twilight,Twilight,2,5:52 PM,2026-08-25T09:52:00+00:00,2026-08-25T19:52:00+10:00,6,ACKNOWLEDGEMENT,Allwood Stud 2yo Colts & Geldings Westbred Classic Heat 1 MS Pace,2130,"$9,360",Fr6,Peter Anderson,Cody Wallrodt,PACERS,Mobile,WA,101.0,101.0,False,NR44,06463,1ST-4TH QUALIFY FOR THE FINAL AT GP 4-9-26. IF YOU QUALIFY FOR THE FINAL YOU MUST START IN IT OTHERWISE SCRATCHING PENALTIES WILL APPLY. NO CONCESSION CLAIMS.,2YO Colts and Geldings. No NR. RBD. Pacers,42609,/acknowledgement-42609,/peter-anderson,/cody-wallrodt,"BLUE, GOLD DIAMOND CHECK SLEEVES",,,NM220826,NMC22082601,5,Northam,2026-08-22,Gloucester Park_2130,Gloucester Park_2130_pacers_mobile,3595,2723,37.5,31.0,30.1,28.8,28.9,gloucester park,2130,pacers,mobile,2681.0,258.0,523.0,9.62,29.13,-15.96
GP250826,GP250826_R2,GP250826_R2_IGNITE THE FURNACE,Gloucester Park,2026-08-25,Twilight,Twilight,2,5:52 PM,2026-08-25T09:52:00+00:00,2026-08-25T19:52:00+10:00,7,IGNITE THE FURNACE,Allwood Stud 2yo Colts & Geldings Westbred Classic Heat 1 MS Pace,2130,"$9,360",Fr7,Sarah Wall,Trent Wheeler,PACERS,Mobile,WA,1.26,1.26,False,NR48,1s23,1ST-4TH QUALIFY FOR THE FINAL AT GP 4-9-26. IF YOU QUALIFY FOR THE FINAL YOU MUST START IN IT OTHERWISE SCRATCHING PENALTIES WILL APPLY. NO CONCESSION CLAIMS.,2YO Colts and Geldings. No NR. RBD. Pacers,27688,/ignite-the-furnace,/sarah-wall,/trent-wheeler,"BLUE, WHITE YOKE, DIAMOND, COLLAR, WAISTBAND & 3 STARS ON SLEEVES",,,GP070826,GPM07082602,3,Gloucester Park,2026-08-07,Gloucester Park_2130,Gloucester Park_2130_pacers_mobile,3595,2723,37.5,31.0,30.1,28.8,28.9,gloucester park,2130,pacers,mobile,2579.0,223.0,450.0,8.65,26.1,-19.07
GP250826,GP250826_R2,GP250826_R2_ALLAMERICAN EAGLE,Gloucester Park,2026-08-25,Twilight,Twilight,2,5:52 PM,2026-08-25T09:52:00+00:00,2026-08-25T19:52:00+10:00,8,ALLAMERICAN EAGLE,Allwood Stud 2yo Colts & Geldings Westbred Classic Heat 1 MS Pace,2130,"$9,360",SCR,Peter Anderson,,PACERS,Mobile,WA,251.0,251.0,True,NR42,s9627,1ST-4TH QUALIFY FOR THE FINAL AT GP 4-9-26. IF YOU QUALIFY FOR THE FINAL YOU MUST START IN IT OTHERWISE SCRATCHING PENALTIES WILL APPLY. NO CONCESSION CLAIMS.,2YO Colts and Geldings. No NR. RBD. Pacers,58704,/allamerican-eagle,/peter-anderson,,"GOLD, BLACK STAR, COLLAR & CUFFS",,,GP180826,GPC18082601,7,Gloucester Park,2026-08-18,Gloucester Park_2130,Gloucester Park_2130_pacers_mobile,3595,2723,37.5,31.0,30.1,28.8,28.9,gloucester park,2130,pacers,mobile,0.0,0.0,0.0,0.0,0.0,0.0
GP250826,GP250826_R2,GP250826_R2_SPYCHIEF,Gloucester Park,2026-08-25,Twilight,Twilight,2,5:52 PM,2026-08-25T09:52:00+00:00,2026-08-25T19:52:00+10:00,9,SPYCHIEF,Allwood Stud 2yo Colts & Geldings Westbred Classic Heat 1 MS Pace,2130,"$9,360",Fr8,Ryan Bell,Liam Elliott,PACERS,Mobile,WA,15.0,15.0,False,NR45,s6338,1ST-4TH QUALIFY FOR THE FINAL AT GP 4-9-26. IF YOU QUALIFY FOR THE FINAL YOU MUST START IN IT OTHERWISE SCRATCHING PENALTIES WILL APPLY. NO CONCESSION CLAIMS.,2YO Colts and Geldings. No NR. RBD. Pacers,58718,/spychief,/ryan-bell,/liam-elliott,"GOLD, BLUE STARS & STRIPED SLEEVES WITH RED COLLAR, CUFFS & TRIM",,,GP070826,GPM07082602,8,Gloucester Park,2026-08-07,Gloucester Park_2130,Gloucester Park_2130_pacers_mobile,3595,2723,37.5,31.0,30.1,28.8,28.9,gloucester park,2130,pacers,mobile,2255.0,177.0,382.0,7.85,24.79,-21.44
GP250826,GP250826_R3,GP250826_R3_WHATS GOIN ON,Gloucester Park,2026-08-25,Twilight,Twilight,3,6:26 PM,2026-08-25T10:26:00+00:00,2026-08-25T20:26:00+10:00,1,WHATS GOIN ON,Allwood Stud 2yo Fillies Westbred Classic Heat 2 MS Pace,2130,"$9,360",Fr1,Terrence Keenan,Gary Hall Jnr,PACERS,Mobile,WA,61.0,61.0,False,NR41,s9084,1ST-4TH QUALIFY FOR THE FINAL AT GP 4-9-26. IF YOU QUALIFY FOR THE FINAL YOU MUST START IN IT OTHERWISE SCRATCHING PENALTIES WILL APPLY. NO CONCESSION CLAIMS.,2YO Fillies. No NR. RBD. Pacers,137560,/whats-goin-on,/terrence-keenan,/gary-hall-jnr,"PURPLE, WHITE CHECKS & ARMBANDS",,,PA030826,PAC03082610,4,Pinjarra,2026-08-03,Gloucester Park_2130,Gloucester Park_2130_pacers_mobile,3595,2723,37.5,31.0,30.1,28.8,28.9,gloucester park,2130,pacers,mobile,2723.0,486.0,769.0,17.85,46.09,-17.16
GP250826,GP250826_R3,GP250826_R3_EXPRESSING,Gloucester Park,2026-08-25,Twilight,Twilight,3,6:26 PM,2026-08-25T10:26:00+00:00,2026-08-25T20:26:00+10:00,2,EXPRESSING,Allwood Stud 2yo Fillies Westbred Classic Heat 2 MS Pace,2130,"$9,360",Fr2,Peter Tilbrook,Shannon Suvaljko,PACERS,Mobile,WA,7.0,7.0,False,NR49,57211,1ST-4TH QUALIFY FOR THE FINAL AT GP 4-9-26. IF YOU QUALIFY FOR THE FINAL YOU MUST START IN IT OTHERWISE SCRATCHING PENALTIES WILL APPLY. NO CONCESSION CLAIMS.,2YO Fillies. No NR. RBD. Pacers,157173,/expressing,/peter-tilbrook,/shannon-suvaljko,"BLUE, WHITE DIAMOND CHECK SLEEVES",,,GP040826,GPC04082609,1,Gloucester Park,2026-08-04,Gloucester Park_2130,Gloucester Park_2130_pacers_mobile,3595,2723,37.5,31.0,30.1,28.8,28.9,gloucester park,2130,pacers,mobile,2722.0,321.0,662.0,11.79,36.11,-20.88
GP250826,GP250826_R3,GP250826_R3_HUGGIE,Gloucester Park,2026-08-25,Twilight,Twilight,3,6:26 PM,2026-08-25T10:26:00+00:00,2026-08-25T20:26:00+10:00,3,HUGGIE,Allwood Stud 2yo Fillies Westbred Classic Heat 2 MS Pace,2130,"$9,360",Fr3,David Gravolin,Chris Voak,PACERS,Mobile,WA,61.0,61.0,False,NR45,,1ST-4TH QUALIFY FOR THE FINAL AT GP 4-9-26. IF YOU QUALIFY FOR THE FINAL YOU MUST START IN IT OTHERWISE SCRATCHING PENALTIES WILL APPLY. NO CONCESSION CLAIMS.,2YO Fillies. No NR. RBD. Pacers,157153,/huggie,/david-gravolin,/chris-voak,"BLACK, RED STAR, BLACK SLEEVES, RED ARMBANDS",,,,,,,,Gloucester Park_2130,Gloucester Park_2130_pacers_mobile,3595,2723,37.5,31.0,30.1,28.8,28.9,gloucester park,2130,pacers,mobile,2723.0,273.0,552.0,10.03,30.3,-21.46
GP250826,GP250826_R3,GP250826_R3_LIGHTONTHEHILL,Gloucester Park,2026-08-25,Twilight,Twilight,3,6:26 PM,2026-08-25T10:26:00+00:00,2026-08-25T20:26:00+10:00,4,LIGHTONTHEHILL,Allwood Stud 2yo Fillies Westbred Classic Heat 2 MS Pace,2130,"$9,360",Fr4,Shane Young,Shane Young,PACERS,Mobile,WA,31.0,31.0,False,NR42,96194,1ST-4TH QUALIFY FOR THE FINAL AT GP 4-9-26. IF YOU QUALIFY FOR THE FINAL YOU MUST START IN IT OTHERWISE SCRATCHING PENALTIES WILL APPLY. NO CONCESSION CLAIMS.,2YO Fillies. No NR. RBD. Pacers,13852,/lightonthehill,/shane-young,/shane-young,"BLACK, WHITE CHECKS, GOLD SLEEVES",,,GP180826,GPC18082601,4,Gloucester Park,2026-08-18,Gloucester Park_2130,Gloucester Park_2130_pacers_mobile,3595,2723,37.5,31.0,30.1,28.8,28.9,gloucester park,2130,pacers,mobile,2724.0,310.0,508.0,11.38,30.03,-12.19
GP250826,GP250826_R3,GP250826_R3_URSULAS WISH,Gloucester Park,2026-08-25,Twilight,Twilight,3,6:26 PM,2026-08-25T10:26:00+00:00,2026-08-25T20:26:00+10:00,5,URSULAS WISH,Allwood Stud 2yo Fillies Westbred Classic Heat 2 MS Pace,2130,"$9,360",Fr5,Dylan Egerton-Green,Dylan Egerton-Green,PACERS,Mobile,WA,5.0,5.0,False,NR49,11s36,1ST-4TH QUALIFY FOR THE FINAL AT GP 4-9-26. IF YOU QUALIFY FOR THE FINAL YOU MUST START IN IT OTHERWISE SCRATCHING PENALTIES WILL APPLY. NO CONCESSION CLAIMS.,2YO Fillies. No NR. RBD. Pacers,137553,/ursulas-wish,/dylan-egerton-green,/dylan-egerton-green,"AQUA, WHITE STARS, AQUA & BLUE DIAMOND CHECKED SLEEVES",,,GP270726,GPC27072601,6,Gloucester Park,2026-07-27,Gloucester Park_2130,Gloucester Park_2130_pacers_mobile,3595,2723,37.5,31.0,30.1,28.8,28.9,gloucester park,2130,pacers,mobile,2719.0,317.0,560.0,11.66,32.25,-11.27
GP250826,GP250826_R3,GP250826_R3_CRUNCHYLOVER,Gloucester Park,2026-08-25,Twilight,Twilight,3,6:26 PM,2026-08-25T10:26:00+00:00,2026-08-25T20:26:00+10:00,6,CRUNCHYLOVER,Allwood Stud 2yo Fillies Westbred Classic Heat 2 MS Pace,2130,"$9,360",Fr6,Stuart McDonald,Stuart McDonald,PACERS,Mobile,WA,21.0,21.0,False,NR44,0,1ST-4TH QUALIFY FOR THE FINAL AT GP 4-9-26. IF YOU QUALIFY FOR THE FINAL YOU MUST START IN IT OTHERWISE SCRATCHING PENALTIES WILL APPLY. NO CONCESSION CLAIMS.,2YO Fillies. No NR. RBD. Pacers,53189,/crunchylover,/stuart-mcdonald,/stuart-mcdonald,"BLUE, WHITE YOKE & BRACES, BLACK STARS ON YOKE, BLACK COLLAR & CUFFS",,,GP270726,GPC27072608,10,Gloucester Park,2026-07-27,Gloucester Park_2130,Gloucester Park_2130_pacers_mobile,3595,2723,37.5,31.0,30.1,28.8,28.9,gloucester park,2130,pacers,mobile,2681.0,258.0,523.0,9.62,29.13,-15.96
GP250826,GP250826_R3,GP250826_R3_SEASIDE SERENADE,Gloucester Park,2026-08-25,Twilight,Twilight,3,6:26 PM,2026-08-25T10:26:00+00:00,2026-08-25T20:26:00+10:00,7,SEASIDE SERENADE,Allwood Stud 2yo Fillies Westbred Classic Heat 2 MS Pace,2130,"$9,360",Fr7,Ryan Bell,Liam Elliott,PACERS,Mobile,WA,2.05,2.05,False,NR55,11s34,1ST-4TH QUALIFY FOR THE FINAL AT GP 4-9-26. IF YOU QUALIFY FOR THE FINAL YOU MUST START IN IT OTHERWISE SCRATCHING PENALTIES WILL APPLY. NO CONCESSION CLAIMS.,2YO Fillies. No NR. RBD. Pacers,42623,/seaside-serenade,/ryan-bell,/liam-elliott,"GOLD, GREEN CROSS & ARMBANDS",,,GP070826,GPM07082601,4,Gloucester Park,2026-08-07,Gloucester Park_2130,Gloucester Park_2130_pacers_mobile,3595,2723,37.5,31.0,30.1,28.8,28.9,gloucester park,2130,pacers,mobile,2579.0,223.0,450.0,8.65,26.1,-19.07
GP250826,GP250826_R3,GP250826_R3_WILD THYME,Gloucester Park,2026-08-25,Twilight,Twilight,3,6:26 PM,2026-08-25T10:26:00+00:00,2026-08-25T20:26:00+10:00,8,WILD THYME,Allwood Stud 2yo Fillies Westbred Classic Heat 2 MS Pace,2130,"$9,360",Fr8,Aiden De Campo,Joseph Suvaljko,PACERS,Mobile,WA,23.0,23.0,False,NR44,6425,1ST-4TH QUALIFY FOR THE FINAL AT GP 4-9-26. IF YOU QUALIFY FOR THE FINAL YOU MUST START IN IT OTHERWISE SCRATCHING PENALTIES WILL APPLY. NO CONCESSION CLAIMS.,2YO Fillies. No NR. RBD. Pacers,60735,/wild-thyme,/aiden-de-campo,/joseph-suvaljko,"ROYAL BLUE, 4 BLACK DIAMONDS, COLLAR, WAISTBAND, DIAMOND CHECKED SLEEVES & CUFFS",,,GP180826,GPC18082601,5,Gloucester Park,2026-08-18,Gloucester Park_2130,Gloucester Park_2130_pacers_mobile,3595,2723,37.5,31.0,30.1,28.8,28.9,gloucester park,2130,pacers,mobile,2255.0,177.0,382.0,7.85,24.79,-21.44
GP250826,GP250826_R3,GP250826_R3_OUR ROBYN HOOD,Gloucester Park,2026-08-25,Twilight,Twilight,3,6:26 PM,2026-08-25T10:26:00+00:00,2026-08-25T20:26:00+10:00,9,OUR ROBYN HOOD,Allwood Stud 2yo Fillies Westbred Classic Heat 2 MS Pace,2130,"$9,360",Fr9,Murray Lindau,Maddison Brown,PACERS,Mobile,WA,5.0,5.0,False,NR47,21230,1ST-4TH QUALIFY FOR THE FINAL AT GP 4-9-26. IF YOU QUALIFY FOR THE FINAL YOU MUST START IN IT OTHERWISE SCRATCHING PENALTIES WILL APPLY. NO CONCESSION CLAIMS.,2YO Fillies. No NR. RBD. Pacers,7838,/our-robyn-hood,/murray-lindau,/maddison-brown,"RED, BLACK & WHITE HOOPED SLEEVES",,,GP070826,GPM07082601,11,Gloucester Park,2026-08-07,Gloucester Park_2130,Gloucester Park_2130_pacers_mobile,3595,2723,37.5,31.0,30.1,28.8,28.9,gloucester park,2130,pacers,mobile,1447.0,105.0,210.0,7.26,21.77,-19.4
GP250826,GP250826_R3,GP250826_R3_ANGEL MIKI,Gloucester Park,2026-08-25,Twilight,Twilight,3,6:26 PM,2026-08-25T10:26:00+00:00,2026-08-25T20:26:00+10:00,10,ANGEL MIKI,Allwood Stud 2yo Fillies Westbred Classic Heat 2 MS Pace,2130,"$9,360",Sr1,Aiden De Campo,Aiden De Campo,PACERS,Mobile,WA,61.0,61.0,False,NR46,01,1ST-4TH QUALIFY FOR THE FINAL AT GP 4-9-26. IF YOU QUALIFY FOR THE FINAL YOU MUST START IN IT OTHERWISE SCRATCHING PENALTIES WILL APPLY. NO CONCESSION CLAIMS.,2YO Fillies. No NR. RBD. Pacers,7373,/angel-miki,/aiden-de-campo,/aiden-de-campo,"BLACK, GOLD HORSESHOE, GREEN & GOLD CUFFS",,,PA030826,PAC03082610,1,Pinjarra,2026-08-03,Gloucester Park_2130,Gloucester Park_2130_pacers_mobile,3595,2723,37.5,31.0,30.1,28.8,28.9,gloucester park,2130,pacers,mobile,1696.0,97.0,442.0,5.72,31.78,-38.04
GP250826,GP250826_R4,GP250826_R4_OUR MATE JEFF,Gloucester Park,2026-08-25,Twilight,Twilight,4,7:00 PM,2026-08-25T11:00:00+00:00,2026-08-25T21:00:00+10:00,1,OUR MATE JEFF,Allwood Stud 2yo Colts & Geldings Westbred Classic Heat 2 MS Pace,2130,"$9,360",Fr1,Robbie Williams,Robbie Williams,PACERS,Mobile,WA,34.0,34.0,False,NR45,,1ST-4TH QUALIFY FOR THE FINAL AT GP 4-9-26. IF YOU QUALIFY FOR THE FINAL YOU MUST START IN IT OTHERWISE SCRATCHING PENALTIES WILL APPLY. NO CONCESSION CLAIMS.,2YO Colts and Geldings. No NR. RBD. Pacers,109819,/our-mate-jeff,/robbie-williams,/robbie-williams,"BLUE, RED STAR WITH WHITE TRIM, WHITE STRIPED SLEEVES WITH RED STARS",,,NM220826,NMC22082601,7,Northam,2026-08-22,Gloucester Park_2130,Gloucester Park_2130_pacers_mobile,3595,2723,37.5,31.0,30.1,28.8,28.9,gloucester park,2130,pacers,mobile,2723.0,486.0,769.0,17.85,46.09,-17.16
GP250826,GP250826_R4,GP250826_R4_JETPACK,Gloucester Park,2026-08-25,Twilight,Twilight,4,7:00 PM,2026-08-25T11:00:00+00:00,2026-08-25T21:00:00+10:00,2,JETPACK,Allwood Stud 2yo Colts & Geldings Westbred Classic Heat 2 MS Pace,2130,"$9,360",Fr2,Ryan Bell,Liam Elliott,PACERS,Mobile,WA,12.0,12.0,False,NR45,44523,1ST-4TH QUALIFY FOR THE FINAL AT GP 4-9-26. IF YOU QUALIFY FOR THE FINAL YOU MUST START IN IT OTHERWISE SCRATCHING PENALTIES WILL APPLY. NO CONCESSION CLAIMS.,2YO Colts and Geldings. No NR. RBD. Pacers,8249,/jetpack,/ryan-bell,/liam-elliott,"GOLD, BLUE STARS & STRIPED SLEEVES WITH RED COLLAR, CUFFS & TRIM",,,PA100826,PAC10082602,3,Pinjarra,2026-08-10,Gloucester Park_2130,Gloucester Park_2130_pacers_mobile,3595,2723,37.5,31.0,30.1,28.8,28.9,gloucester park,2130,pacers,mobile,2722.0,321.0,662.0,11.79,36.11,-20.88
GP250826,GP250826_R4,GP250826_R4_JIMMYS RAINBOW,Gloucester Park,2026-08-25,Twilight,Twilight,4,7:00 PM,2026-08-25T11:00:00+00:00,2026-08-25T21:00:00+10:00,3,JIMMYS RAINBOW,Allwood Stud 2yo Colts & Geldings Westbred Classic Heat 2 MS Pace,2130,"$9,360",Fr3,Aiden De Campo,Aiden De Campo,PACERS,Mobile,WA,15.0,15.0,False,NR45,3s7,1ST-4TH QUALIFY FOR THE FINAL AT GP 4-9-26. IF YOU QUALIFY FOR THE FINAL YOU MUST START IN IT OTHERWISE SCRATCHING PENALTIES WILL APPLY. NO CONCESSION CLAIMS.,2YO Colts and Geldings. No NR. RBD. Pacers,21032,/jimmys-rainbow,/aiden-de-campo,/aiden-de-campo,"ROYAL BLUE, 4 BLACK DIAMONDS, COLLAR, WAISTBAND, DIAMOND CHECKED SLEEVES & CUFFS",,,PA060726,PAC06072609,7,Pinjarra,2026-07-06,Gloucester Park_2130,Gloucester Park_2130_pacers_mobile,3595,2723,37.5,31.0,30.1,28.8,28.9,gloucester park,2130,pacers,mobile,2723.0,273.0,552.0,10.03,30.3,-21.46
GP250826,GP250826_R4,GP250826_R4_IDEAL WHISPER,Gloucester Park,2026-08-25,Twilight,Twilight,4,7:00 PM,2026-08-25T11:00:00+00:00,2026-08-25T21:00:00+10:00,4,IDEAL WHISPER,Allwood Stud 2yo Colts & Geldings Westbred Classic Heat 2 MS Pace,2130,"$9,360",Fr4,Justin Prentice,Deni Roberts,PACERS,Mobile,WA,1.16,1.16,False,NR52,3s212,1ST-4TH QUALIFY FOR THE FINAL AT GP 4-9-26. IF YOU QUALIFY FOR THE FINAL YOU MUST START IN IT OTHERWISE SCRATCHING PENALTIES WILL APPLY. NO CONCESSION CLAIMS.,2YO Colts and Geldings. No NR. RBD. Pacers,8250,/ideal-whisper,/justin-prentice,/deni-roberts,"PURPLE, GOLD DIAMONDS, DIAMOND CHECK SLEEVES, COLLAR & CUFFS",,,GP070826,GPM07082602,2,Gloucester Park,2026-08-07,Gloucester Park_2130,Gloucester Park_2130_pacers_mobile,3595,2723,37.5,31.0,30.1,28.8,28.9,gloucester park,2130,pacers,mobile,2724.0,310.0,508.0,11.38,30.03,-12.19
GP250826,GP250826_R4,GP250826_R4_IN SELF DEFENCE,Gloucester Park,2026-08-25,Twilight,Twilight,4,7:00 PM,2026-08-25T11:00:00+00:00,2026-08-25T21:00:00+10:00,5,IN SELF DEFENCE,Allwood Stud 2yo Colts & Geldings Westbred Classic Heat 2 MS Pace,2130,"$9,360",Fr5,Peter Anderson,Trent Wheeler,PACERS,Mobile,WA,151.0,151.0,False,NR46,1s074,1ST-4TH QUALIFY FOR THE FINAL AT GP 4-9-26. IF YOU QUALIFY FOR THE FINAL YOU MUST START IN IT OTHERWISE SCRATCHING PENALTIES WILL APPLY. NO CONCESSION CLAIMS.,2YO Colts and Geldings. No NR. RBD. Pacers,7791,/in-self-defence,/peter-anderson,/trent-wheeler,"BLUE, GOLD DIAMOND CHECK SLEEVES",,,NM220826,NMC22082601,8,Northam,2026-08-22,Gloucester Park_2130,Gloucester Park_2130_pacers_mobile,3595,2723,37.5,31.0,30.1,28.8,28.9,gloucester park,2130,pacers,mobile,2719.0,317.0,560.0,11.66,32.25,-11.27
GP250826,GP250826_R4,GP250826_R4_ELPLAYER,Gloucester Park,2026-08-25,Twilight,Twilight,4,7:00 PM,2026-08-25T11:00:00+00:00,2026-08-25T21:00:00+10:00,6,ELPLAYER,Allwood Stud 2yo Colts & Geldings Westbred Classic Heat 2 MS Pace,2130,"$9,360",Fr6,Peter Anderson,Lindsay Harper,PACERS,Mobile,WA,61.0,61.0,False,NR46,5s581,1ST-4TH QUALIFY FOR THE FINAL AT GP 4-9-26. IF YOU QUALIFY FOR THE FINAL YOU MUST START IN IT OTHERWISE SCRATCHING PENALTIES WILL APPLY. NO CONCESSION CLAIMS.,2YO Colts and Geldings. No NR. RBD. Pacers,55791,/elplayer,/peter-anderson,/lindsay-harper,"GOLD, BLUE DIAMOND CHECK SLEEVES",,,NM220826,NMC22082601,1,Northam,2026-08-22,Gloucester Park_2130,Gloucester Park_2130_pacers_mobile,3595,2723,37.5,31.0,30.1,28.8,28.9,gloucester park,2130,pacers,mobile,2681.0,258.0,523.0,9.62,29.13,-15.96
GP250826,GP250826_R4,GP250826_R4_BENOA BAY,Gloucester Park,2026-08-25,Twilight,Twilight,4,7:00 PM,2026-08-25T11:00:00+00:00,2026-08-25T21:00:00+10:00,7,BENOA BAY,Allwood Stud 2yo Colts & Geldings Westbred Classic Heat 2 MS Pace,2130,"$9,360",Fr7,Ron Huston,Shannon Suvaljko,PACERS,Mobile,WA,23.0,23.0,False,NR47,2s634,1ST-4TH QUALIFY FOR THE FINAL AT GP 4-9-26. IF YOU QUALIFY FOR THE FINAL YOU MUST START IN IT OTHERWISE SCRATCHING PENALTIES WILL APPLY. NO CONCESSION CLAIMS.,2YO Colts and Geldings. No NR. RBD. Pacers,7363,/benoa-bay,/ron-huston,/shannon-suvaljko,"BLUE, WHITE BANDS, CUFFS, STARS & DIAMOND WITH BLUE STAR",,,GP070826,GPM07082602,4,Gloucester Park,2026-08-07,Gloucester Park_2130,Gloucester Park_2130_pacers_mobile,3595,2723,37.5,31.0,30.1,28.8,28.9,gloucester park,2130,pacers,mobile,2579.0,223.0,450.0,8.65,26.1,-19.07
GP250826,GP250826_R4,GP250826_R4_RUSSIAN SNIPER,Gloucester Park,2026-08-25,Twilight,Twilight,4,7:00 PM,2026-08-25T11:00:00+00:00,2026-08-25T21:00:00+10:00,8,RUSSIAN SNIPER,Allwood Stud 2yo Colts & Geldings Westbred Classic Heat 2 MS Pace,2130,"$9,360",Fr8,Brian Clemens,Emily Suvaljko,PACERS,Mobile,WA,23.0,23.0,False,NR47,8s549,1ST-4TH QUALIFY FOR THE FINAL AT GP 4-9-26. IF YOU QUALIFY FOR THE FINAL YOU MUST START IN IT OTHERWISE SCRATCHING PENALTIES WILL APPLY. NO CONCESSION CLAIMS.,2YO Colts and Geldings. No NR. RBD. Pacers,56486,/russian-sniper,/brian-clemens,/emily-suvaljko,"GOLD, PURPLE STAR",,,GP070826,GPM07082602,9,Gloucester Park,2026-08-07,Gloucester Park_2130,Gloucester Park_2130_pacers_mobile,3595,2723,37.5,31.0,30.1,28.8,28.9,gloucester park,2130,pacers,mobile,2255.0,177.0,382.0,7.85,24.79,-21.44
GP250826,GP250826_R4,GP250826_R4_BEAU PARA,Gloucester Park,2026-08-25,Twilight,Twilight,4,7:00 PM,2026-08-25T11:00:00+00:00,2026-08-25T21:00:00+10:00,9,BEAU PARA,Allwood Stud 2yo Colts & Geldings Westbred Classic Heat 2 MS Pace,2130,"$9,360",Fr9,Dylan Egerton-Green,Dylan Egerton-Green,PACERS,Mobile,WA,18.0,18.0,False,NR49,6s110,1ST-4TH QUALIFY FOR THE FINAL AT GP 4-9-26. IF YOU QUALIFY FOR THE FINAL YOU MUST START IN IT OTHERWISE SCRATCHING PENALTIES WILL APPLY. NO CONCESSION CLAIMS.,2YO Colts and Geldings. No NR. RBD. Pacers,109817,/beau-para,/dylan-egerton-green,/dylan-egerton-green,"BLUE, YELLOW EAGLE HEAD AND CUFFS",,,GP070826,GPM07082602,10,Gloucester Park,2026-08-07,Gloucester Park_2130,Gloucester Park_2130_pacers_mobile,3595,2723,37.5,31.0,30.1,28.8,28.9,gloucester park,2130,pacers,mobile,1447.0,105.0,210.0,7.26,21.77,-19.4
GP250826,GP250826_R5,GP250826_R5_SAPARI,Gloucester Park,2026-08-25,Twilight,Twilight,5,7:34 PM,2026-08-25T11:34:00+00:00,2026-08-25T21:34:00+10:00,1,SAPARI,Allwood Stud 2yo Fillies Westbred Classic Heat 3 MS Pace,2130,"$9,360",Fr1,Justin Prentice,Gary Hall Jnr,PACERS,Mobile,WA,12.0,12.0,False,NR45,52,1ST-4TH QUALIFY FOR THE FINAL AT GP 4-9-26. IF YOU QUALIFY FOR THE FINAL YOU MUST START IN IT OTHERWISE SCRATCHING PENALTIES WILL APPLY. NO CONCESSION CLAIMS.,2YO Fillies. No NR. RBD. Pacers,60741,/sapari,/justin-prentice,/gary-hall-jnr,"PURPLE, GOLD DIAMONDS, DIAMOND CHECK SLEEVES, COLLAR & CUFFS",,,PA100826,PAC10082602,2,Pinjarra,2026-08-10,Gloucester Park_2130,Gloucester Park_2130_pacers_mobile,3595,2723,37.5,31.0,30.1,28.8,28.9,gloucester park,2130,pacers,mobile,2723.0,486.0,769.0,17.85,46.09,-17.16
GP250826,GP250826_R5,GP250826_R5_MIGHTY MILLIE,Gloucester Park,2026-08-25,Twilight,Twilight,5,7:34 PM,2026-08-25T11:34:00+00:00,2026-08-25T21:34:00+10:00,2,MIGHTY MILLIE,Allwood Stud 2yo Fillies Westbred Classic Heat 3 MS Pace,2130,"$9,360",Fr2,Jemma Hayman,Chris Lewis,PACERS,Mobile,WA,23.0,23.0,False,NR45,64r2,1ST-4TH QUALIFY FOR THE FINAL AT GP 4-9-26. IF YOU QUALIFY FOR THE FINAL YOU MUST START IN IT OTHERWISE SCRATCHING PENALTIES WILL APPLY. NO CONCESSION CLAIMS.,2YO Fillies. No NR. RBD. Pacers,59520,/mighty-millie,/jemma-hayman,/chris-lewis,"PURPLE, WHITE STRIPED SLEEVES & SEAMS",,,GP180826,GPC18082601,2,Gloucester Park,2026-08-18,Gloucester Park_2130,Gloucester Park_2130_pacers_mobile,3595,2723,37.5,31.0,30.1,28.8,28.9,gloucester park,2130,pacers,mobile,2722.0,321.0,662.0,11.79,36.11,-20.88
GP250826,GP250826_R5,GP250826_R5_NEVELE ARMA,Gloucester Park,2026-08-25,Twilight,Twilight,5,7:34 PM,2026-08-25T11:34:00+00:00,2026-08-25T21:34:00+10:00,3,NEVELE ARMA,Allwood Stud 2yo Fillies Westbred Classic Heat 3 MS Pace,2130,"$9,360",Fr3,Dylan Egerton-Green,Trent Wheeler,PACERS,Mobile,WA,1.5,1.5,False,NR53,1s211,1ST-4TH QUALIFY FOR THE FINAL AT GP 4-9-26. IF YOU QUALIFY FOR THE FINAL YOU MUST START IN IT OTHERWISE SCRATCHING PENALTIES WILL APPLY. NO CONCESSION CLAIMS.,2YO Fillies. No NR. RBD. Pacers,55832,/nevele-arma,/dylan-egerton-green,/trent-wheeler,"GREEN, GOLD YOKE, GREEN SLEEVES",,,GP070826,GPM07082601,1,Gloucester Park,2026-08-07,Gloucester Park_2130,Gloucester Park_2130_pacers_mobile,3595,2723,37.5,31.0,30.1,28.8,28.9,gloucester park,2130,pacers,mobile,2723.0,273.0,552.0,10.03,30.3,-21.46
GP250826,GP250826_R5,GP250826_R5_SWEET GRINS,Gloucester Park,2026-08-25,Twilight,Twilight,5,7:34 PM,2026-08-25T11:34:00+00:00,2026-08-25T21:34:00+10:00,4,SWEET GRINS,Allwood Stud 2yo Fillies Westbred Classic Heat 3 MS Pace,2130,"$9,360",Fr4,Terry Ferguson,Chris Voak,PACERS,Mobile,WA,151.0,151.0,False,NR42,8s669,1ST-4TH QUALIFY FOR THE FINAL AT GP 4-9-26. IF YOU QUALIFY FOR THE FINAL YOU MUST START IN IT OTHERWISE SCRATCHING PENALTIES WILL APPLY. NO CONCESSION CLAIMS.,2YO Fillies. No NR. RBD. Pacers,59923,/sweet-grins,/terry-ferguson,/chris-voak,"BLUE, WHITE SEAHORSE & STRIPED SLEEVES",,,PA100826,PAC10082610,9,Pinjarra,2026-08-10,Gloucester Park_2130,Gloucester Park_2130_pacers_mobile,3595,2723,37.5,31.0,30.1,28.8,28.9,gloucester park,2130,pacers,mobile,2724.0,310.0,508.0,11.38,30.03,-12.19
GP250826,GP250826_R5,GP250826_R5_SCANDALEYES,Gloucester Park,2026-08-25,Twilight,Twilight,5,7:34 PM,2026-08-25T11:34:00+00:00,2026-08-25T21:34:00+10:00,5,SCANDALEYES,Allwood Stud 2yo Fillies Westbred Classic Heat 3 MS Pace,2130,"$9,360",Fr5,Dylan Egerton-Green,Dylan Egerton-Green,PACERS,Mobile,WA,5.5,5.5,False,NR49,115,1ST-4TH QUALIFY FOR THE FINAL AT GP 4-9-26. IF YOU QUALIFY FOR THE FINAL YOU MUST START IN IT OTHERWISE SCRATCHING PENALTIES WILL APPLY. NO CONCESSION CLAIMS.,2YO Fillies. No NR. RBD. Pacers,441395,/scandaleyes,/dylan-egerton-green,/dylan-egerton-green,"AQUA, WHITE STARS, AQUA & BLUE DIAMOND CHECKED SLEEVES",,,GP270726,GPC27072609,5,Gloucester Park,2026-07-27,Gloucester Park_2130,Gloucester Park_2130_pacers_mobile,3595,2723,37.5,31.0,30.1,28.8,28.9,gloucester park,2130,pacers,mobile,2719.0,317.0,560.0,11.66,32.25,-11.27
GP250826,GP250826_R5,GP250826_R5_EDGE ELEVEN,Gloucester Park,2026-08-25,Twilight,Twilight,5,7:34 PM,2026-08-25T11:34:00+00:00,2026-08-25T21:34:00+10:00,6,EDGE ELEVEN,Allwood Stud 2yo Fillies Westbred Classic Heat 3 MS Pace,2130,"$9,360",Fr6,Michael Young,Emily Suvaljko,PACERS,Mobile,WA,23.0,23.0,False,NR48,46212,1ST-4TH QUALIFY FOR THE FINAL AT GP 4-9-26. IF YOU QUALIFY FOR THE FINAL YOU MUST START IN IT OTHERWISE SCRATCHING PENALTIES WILL APPLY. NO CONCESSION CLAIMS.,2YO Fillies. No NR. RBD. Pacers,137558,/edge-eleven,/michael-young,/emily-suvaljko,"RED, BLACK QUARTERS WITH WHITE CARD SUIT SHAPES, WHITE COLLAR & SLEEVES WITH CARD SUIT SHAPES",,,GP140826,GPM14082602,2,Gloucester Park,2026-08-14,Gloucester Park_2130,Gloucester Park_2130_pacers_mobile,3595,2723,37.5,31.0,30.1,28.8,28.9,gloucester park,2130,pacers,mobile,2681.0,258.0,523.0,9.62,29.13,-15.96
GP250826,GP250826_R5,GP250826_R5_NORTH CAROLINA,Gloucester Park,2026-08-25,Twilight,Twilight,5,7:34 PM,2026-08-25T11:34:00+00:00,2026-08-25T21:34:00+10:00,7,NORTH CAROLINA,Allwood Stud 2yo Fillies Westbred Classic Heat 3 MS Pace,2130,"$9,360",Fr7,Giles Inwood,Stuart McDonald,PACERS,Mobile,WA,12.0,12.0,False,NR45,,1ST-4TH QUALIFY FOR THE FINAL AT GP 4-9-26. IF YOU QUALIFY FOR THE FINAL YOU MUST START IN IT OTHERWISE SCRATCHING PENALTIES WILL APPLY. NO CONCESSION CLAIMS.,2YO Fillies. No NR. RBD. Pacers,442541,/north-carolina,/giles-inwood,/stuart-mcdonald,"RED, WHITE YOKE, BRACES & SLEEVES, RED STARS ON YOKE & SLEEVES",,,,,,,,Gloucester Park_2130,Gloucester Park_2130_pacers_mobile,3595,2723,37.5,31.0,30.1,28.8,28.9,gloucester park,2130,pacers,mobile,2579.0,223.0,450.0,8.65,26.1,-19.07
GP250826,GP250826_R5,GP250826_R5_MADE FOR ME,Gloucester Park,2026-08-25,Twilight,Twilight,5,7:34 PM,2026-08-25T11:34:00+00:00,2026-08-25T21:34:00+10:00,8,MADE FOR ME,Allwood Stud 2yo Fillies Westbred Classic Heat 3 MS Pace,2130,"$9,360",Fr8,Chris Beckett,Ryan Warwick,PACERS,Mobile,WA,21.0,21.0,False,NR47,95481,1ST-4TH QUALIFY FOR THE FINAL AT GP 4-9-26. IF YOU QUALIFY FOR THE FINAL YOU MUST START IN IT OTHERWISE SCRATCHING PENALTIES WILL APPLY. NO CONCESSION CLAIMS.,2YO Fillies. No NR. RBD. Pacers,58735,/made-for-me,/chris-beckett,/ryan-warwick,"WHITE, BLUE CHECKS & ARMBANDS",,,GP180826,GPC18082601,1,Gloucester Park,2026-08-18,Gloucester Park_2130,Gloucester Park_2130_pacers_mobile,3595,2723,37.5,31.0,30.1,28.8,28.9,gloucester park,2130,pacers,mobile,2255.0,177.0,382.0,7.85,24.79,-21.44
GP250826,GP250826_R5,GP250826_R5_MODEST MOLLY,Gloucester Park,2026-08-25,Twilight,Twilight,5,7:34 PM,2026-08-25T11:34:00+00:00,2026-08-25T21:34:00+10:00,9,MODEST MOLLY,Allwood Stud 2yo Fillies Westbred Classic Heat 3 MS Pace,2130,"$9,360",Fr9,Aiden De Campo,Aiden De Campo,PACERS,Mobile,WA,21.0,21.0,False,NR47,1s639,1ST-4TH QUALIFY FOR THE FINAL AT GP 4-9-26. IF YOU QUALIFY FOR THE FINAL YOU MUST START IN IT OTHERWISE SCRATCHING PENALTIES WILL APPLY. NO CONCESSION CLAIMS.,2YO Fillies. No NR. RBD. Pacers,7362,/modest-molly,/aiden-de-campo,/aiden-de-campo,"BLACK, GOLD HORSESHOE, GREEN & GOLD CUFFS",,,GP070826,GPM07082601,9,Gloucester Park,2026-08-07,Gloucester Park_2130,Gloucester Park_2130_pacers_mobile,3595,2723,37.5,31.0,30.1,28.8,28.9,gloucester park,2130,pacers,mobile,1447.0,105.0,210.0,7.26,21.77,-19.4
GP250826,GP250826_R6,GP250826_R6_ULTIMATE SHOT,Gloucester Park,2026-08-25,Twilight,Twilight,6,8:10 PM,2026-08-25T12:10:00+00:00,2026-08-25T22:10:00+10:00,1,ULTIMATE SHOT,Allwood Stud 2yo Colts & Geldings Westbred Classic Heat 3 MS Pace,2130,"$9,360",Fr1,Corey Rogers,Cody Wallrodt,PACERS,Mobile,WA,15.0,15.0,False,NR44,03u,1ST-4TH QUALIFY FOR THE FINAL AT GP 4-9-26. IF YOU QUALIFY FOR THE FINAL YOU MUST START IN IT OTHERWISE SCRATCHING PENALTIES WILL APPLY. NO CONCESSION CLAIMS.,2YO Colts and Geldings. No NR. RBD. Pacers,7193,/ultimate-shot,/corey-rogers,/cody-wallrodt,"BLUE, WHITE YOKE, BRACES & CUFFS WITH 4 RED STARS ON YOKE & SLEEVES",,,GP070826,GPM07082602,u,Gloucester Park,2026-08-07,Gloucester Park_2130,Gloucester Park_2130_pacers_mobile,3595,2723,37.5,31.0,30.1,28.8,28.9,gloucester park,2130,pacers,mobile,2723.0,486.0,769.0,17.85,46.09,-17.16
GP250826,GP250826_R6,GP250826_R6_ROCK THE TOUR,Gloucester Park,2026-08-25,Twilight,Twilight,6,8:10 PM,2026-08-25T12:10:00+00:00,2026-08-25T22:10:00+10:00,2,ROCK THE TOUR,Allwood Stud 2yo Colts & Geldings Westbred Classic Heat 3 MS Pace,2130,"$9,360",Fr2,Aiden De Campo,Aiden De Campo,PACERS,Mobile,WA,15.0,15.0,False,NR47,1s525,1ST-4TH QUALIFY FOR THE FINAL AT GP 4-9-26. IF YOU QUALIFY FOR THE FINAL YOU MUST START IN IT OTHERWISE SCRATCHING PENALTIES WILL APPLY. NO CONCESSION CLAIMS.,2YO Colts and Geldings. No NR. RBD. Pacers,60581,/rock-the-tour,/aiden-de-campo,/aiden-de-campo,"GOLD, BLUE CROWN, BLUE SLEEVES, GOLD CROWN",,,GP070826,GPM07082602,5,Gloucester Park,2026-08-07,Gloucester Park_2130,Gloucester Park_2130_pacers_mobile,3595,2723,37.5,31.0,30.1,28.8,28.9,gloucester park,2130,pacers,mobile,2722.0,321.0,662.0,11.79,36.11,-20.88
GP250826,GP250826_R6,GP250826_R6_TERBIUM,Gloucester Park,2026-08-25,Twilight,Twilight,6,8:10 PM,2026-08-25T12:10:00+00:00,2026-08-25T22:10:00+10:00,3,TERBIUM,Allwood Stud 2yo Colts & Geldings Westbred Classic Heat 3 MS Pace,2130,"$9,360",Fr3,Kevin Keys,Shannon Suvaljko,PACERS,Mobile,WA,15.0,15.0,False,NR47,51s53,1ST-4TH QUALIFY FOR THE FINAL AT GP 4-9-26. IF YOU QUALIFY FOR THE FINAL YOU MUST START IN IT OTHERWISE SCRATCHING PENALTIES WILL APPLY. NO CONCESSION CLAIMS.,2YO Colts and Geldings. No NR. RBD. Pacers,55797,/terbium,/kevin-keys,/shannon-suvaljko,"PINK, BLACK CHECKS",,,GP140826,GPM14082602,3,Gloucester Park,2026-08-14,Gloucester Park_2130,Gloucester Park_2130_pacers_mobile,3595,2723,37.5,31.0,30.1,28.8,28.9,gloucester park,2130,pacers,mobile,2723.0,273.0,552.0,10.03,30.3,-21.46
GP250826,GP250826_R6,GP250826_R6_ELQUESTRO,Gloucester Park,2026-08-25,Twilight,Twilight,6,8:10 PM,2026-08-25T12:10:00+00:00,2026-08-25T22:10:00+10:00,4,ELQUESTRO,Allwood Stud 2yo Colts & Geldings Westbred Classic Heat 3 MS Pace,2130,"$9,360",Fr4,Peter Anderson,Lindsay Harper,PACERS,Mobile,WA,26.0,26.0,False,NR47,s6315,1ST-4TH QUALIFY FOR THE FINAL AT GP 4-9-26. IF YOU QUALIFY FOR THE FINAL YOU MUST START IN IT OTHERWISE SCRATCHING PENALTIES WILL APPLY. NO CONCESSION CLAIMS.,2YO Colts and Geldings. No NR. RBD. Pacers,42606,/elquestro,/peter-anderson,/lindsay-harper,"BLUE, GOLD DIAMOND CHECK SLEEVES",,,NM220826,NMC22082601,2,Northam,2026-08-22,Gloucester Park_2130,Gloucester Park_2130_pacers_mobile,3595,2723,37.5,31.0,30.1,28.8,28.9,gloucester park,2130,pacers,mobile,2724.0,310.0,508.0,11.38,30.03,-12.19
GP250826,GP250826_R6,GP250826_R6_HEZ THE BOSS,Gloucester Park,2026-08-25,Twilight,Twilight,6,8:10 PM,2026-08-25T12:10:00+00:00,2026-08-25T22:10:00+10:00,5,HEZ THE BOSS,Allwood Stud 2yo Colts & Geldings Westbred Classic Heat 3 MS Pace,2130,"$9,360",Fr5,Colin Brown,Gary Hall Jnr,PACERS,Mobile,WA,1.1,1.1,False,NR62,1s111,1ST-4TH QUALIFY FOR THE FINAL AT GP 4-9-26. IF YOU QUALIFY FOR THE FINAL YOU MUST START IN IT OTHERWISE SCRATCHING PENALTIES WILL APPLY. NO CONCESSION CLAIMS.,2YO Colts and Geldings. No NR. RBD. Pacers,7367,/hez-the-boss,/colin-brown,/gary-hall-jnr,"RED, BLUE DIAGONAL STRIPES & HOOPED SLEEVES",,,GP070826,GPM07082602,1,Gloucester Park,2026-08-07,Gloucester Park_2130,Gloucester Park_2130_pacers_mobile,3595,2723,37.5,31.0,30.1,28.8,28.9,gloucester park,2130,pacers,mobile,2719.0,317.0,560.0,11.66,32.25,-11.27
GP250826,GP250826_R6,GP250826_R6_TOKYO SUNRISE,Gloucester Park,2026-08-25,Twilight,Twilight,6,8:10 PM,2026-08-25T12:10:00+00:00,2026-08-25T22:10:00+10:00,6,TOKYO SUNRISE,Allwood Stud 2yo Colts & Geldings Westbred Classic Heat 3 MS Pace,2130,"$9,360",Fr6,Luke Edwards,Ryan Warwick,PACERS,Mobile,WA,251.0,251.0,False,NR44,6s,1ST-4TH QUALIFY FOR THE FINAL AT GP 4-9-26. IF YOU QUALIFY FOR THE FINAL YOU MUST START IN IT OTHERWISE SCRATCHING PENALTIES WILL APPLY. NO CONCESSION CLAIMS.,2YO Colts and Geldings. No NR. RBD. Pacers,441152,/tokyo-sunrise,/luke-edwards,/ryan-warwick,"BLUE, BLACK HORSESHOE & CUFFS, WHITE TRIM",,,GP170226,GPC17022602,6,Gloucester Park,2026-02-17,Gloucester Park_2130,Gloucester Park_2130_pacers_mobile,3595,2723,37.5,31.0,30.1,28.8,28.9,gloucester park,2130,pacers,mobile,2681.0,258.0,523.0,9.62,29.13,-15.96
GP250826,GP250826_R6,GP250826_R6_MISSING YOU,Gloucester Park,2026-08-25,Twilight,Twilight,6,8:10 PM,2026-08-25T12:10:00+00:00,2026-08-25T22:10:00+10:00,7,MISSING YOU,Allwood Stud 2yo Colts & Geldings Westbred Classic Heat 3 MS Pace,2130,"$9,360",Fr7,Katie Howlett,Chris Lewis,PACERS,Mobile,WA,151.0,151.0,False,NR45,,1ST-4TH QUALIFY FOR THE FINAL AT GP 4-9-26. IF YOU QUALIFY FOR THE FINAL YOU MUST START IN IT OTHERWISE SCRATCHING PENALTIES WILL APPLY. NO CONCESSION CLAIMS.,2YO Colts and Geldings. No NR. RBD. Pacers,186917,/missing-you,/katie-howlett,/chris-lewis,"BLUE, RED YOKE WITH BLUE STARS, RED HALF STRIPES & CUFFS",,,,,,,,Gloucester Park_2130,Gloucester Park_2130_pacers_mobile,3595,2723,37.5,31.0,30.1,28.8,28.9,gloucester park,2130,pacers,mobile,2579.0,223.0,450.0,8.65,26.1,-19.07
GP250826,GP250826_R6,GP250826_R6_ALLWOOD DEAL MAKER,Gloucester Park,2026-08-25,Twilight,Twilight,6,8:10 PM,2026-08-25T12:10:00+00:00,2026-08-25T22:10:00+10:00,8,ALLWOOD DEAL MAKER,Allwood Stud 2yo Colts & Geldings Westbred Classic Heat 3 MS Pace,2130,"$9,360",Fr8,Peter Anderson,Trent Wheeler,PACERS,Mobile,WA,151.0,151.0,False,NR44,549,1ST-4TH QUALIFY FOR THE FINAL AT GP 4-9-26. IF YOU QUALIFY FOR THE FINAL YOU MUST START IN IT OTHERWISE SCRATCHING PENALTIES WILL APPLY. NO CONCESSION CLAIMS.,2YO Colts and Geldings. No NR. RBD. Pacers,42582,/allwood-deal-maker,/peter-anderson,/trent-wheeler,"GOLD, BLACK STAR, COLLAR & CUFFS",,,NM220826,NMC22082601,4,Northam,2026-08-22,Gloucester Park_2130,Gloucester Park_2130_pacers_mobile,3595,2723,37.5,31.0,30.1,28.8,28.9,gloucester park,2130,pacers,mobile,2255.0,177.0,382.0,7.85,24.79,-21.44
GP250826,GP250826_R6,GP250826_R6_BONEBUSTER,Gloucester Park,2026-08-25,Twilight,Twilight,6,8:10 PM,2026-08-25T12:10:00+00:00,2026-08-25T22:10:00+10:00,9,BONEBUSTER,Allwood Stud 2yo Colts & Geldings Westbred Classic Heat 3 MS Pace,2130,"$9,360",Fr9,Kim Prentice,Abbey Vidovich,PACERS,Mobile,WA,23.0,23.0,False,NR43,4874u,1ST-4TH QUALIFY FOR THE FINAL AT GP 4-9-26. IF YOU QUALIFY FOR THE FINAL YOU MUST START IN IT OTHERWISE SCRATCHING PENALTIES WILL APPLY. NO CONCESSION CLAIMS.,2YO Colts and Geldings. No NR. RBD. Pacers,55682,/bonebuster,/kim-prentice,/abbey-vidovich,"GOLD, PURPLE DIAMONDS & SLEEVES",,,GP070826,GPM07082602,u,Gloucester Park,2026-08-07,Gloucester Park_2130,Gloucester Park_2130_pacers_mobile,3595,2723,37.5,31.0,30.1,28.8,28.9,gloucester park,2130,pacers,mobile,1447.0,105.0,210.0,7.26,21.77,-19.4
GP250826,GP250826_R7,GP250826_R7_MINOR CATASTROPHE,Gloucester Park,2026-08-25,Twilight,Twilight,7,8:40 PM,2026-08-25T12:40:00+00:00,2026-08-25T22:40:00+10:00,1,MINOR CATASTROPHE,Free Entry at Gloucester Park MS Pace,2130,"$9,360",Fr1,David Young,Ajay Markham,PACERS,Mobile,WA,7.5,7.5,False,NR62 (A55),97007,NOVICE DRIVER CONCESSION FOR BARRIER DRAW ONLY. MARES CONCESSION FOR ELIGIBILITY & BARRIER DRAW.,4YO and older. NR 55 to 70. PBD/NR/SEX/L5$. Pacers,1316,/minor-catastrophe,/david-young,/ajay-markham,"BLUE, GOLD CHECKS, RED SLEEVES",,,GP070826,GPM07082604,7,Gloucester Park,2026-08-07,Gloucester Park_2130,Gloucester Park_2130_pacers_mobile,3595,2723,37.5,31.0,30.1,28.8,28.9,gloucester park,2130,pacers,mobile,2723.0,486.0,769.0,17.85,46.09,-17.16
GP250826,GP250826_R7,GP250826_R7_TRUE GRIT NZ,Gloucester Park,2026-08-25,Twilight,Twilight,7,8:40 PM,2026-08-25T12:40:00+00:00,2026-08-25T22:40:00+10:00,2,TRUE GRIT NZ,Free Entry at Gloucester Park MS Pace,2130,"$9,360",Fr2,Peter Anderson,Darcy Kulcsar,PACERS,Mobile,WA,9.0,9.0,False,NR61 (A56),76003,NOVICE DRIVER CONCESSION FOR BARRIER DRAW ONLY. MARES CONCESSION FOR ELIGIBILITY & BARRIER DRAW.,4YO and older. NR 55 to 70. PBD/NR/SEX/L5$. Pacers,11271,/true-grit-nz,/peter-anderson,/darcy-kulcsar,"BLUE, RED HORSESHOE, WHITE SLEEVES",,,NM220826,NMC22082608,2,Northam,2026-08-22,Gloucester Park_2130,Gloucester Park_2130_pacers_mobile,3595,2723,37.5,31.0,30.1,28.8,28.9,gloucester park,2130,pacers,mobile,2722.0,321.0,662.0,11.79,36.11,-20.88
GP250826,GP250826_R7,GP250826_R7_UNLUCKY,Gloucester Park,2026-08-25,Twilight,Twilight,7,8:40 PM,2026-08-25T12:40:00+00:00,2026-08-25T22:40:00+10:00,3,UNLUCKY,Free Entry at Gloucester Park MS Pace,2130,"$9,360",Fr3,Lindsay Harper,Lindsay Harper,PACERS,Mobile,WA,9.0,9.0,False,NR62 (A57),6rs20,NOVICE DRIVER CONCESSION FOR BARRIER DRAW ONLY. MARES CONCESSION FOR ELIGIBILITY & BARRIER DRAW.,4YO and older. NR 55 to 70. PBD/NR/SEX/L5$. Pacers,993,/unlucky,/lindsay-harper,/lindsay-harper,"GOLD, PINK CHECKS, BLACK COLLAR, CUFFS & WAISTBAND",,,GP180826,GPC18082607,11,Gloucester Park,2026-08-18,Gloucester Park_2130,Gloucester Park_2130_pacers_mobile,3595,2723,37.5,31.0,30.1,28.8,28.9,gloucester park,2130,pacers,mobile,2723.0,273.0,552.0,10.03,30.3,-21.46
GP250826,GP250826_R7,GP250826_R7_IM SPIDERMAN,Gloucester Park,2026-08-25,Twilight,Twilight,7,8:40 PM,2026-08-25T12:40:00+00:00,2026-08-25T22:40:00+10:00,4,IM SPIDERMAN,Free Entry at Gloucester Park MS Pace,2130,"$9,360",Fr4,Hayden Reeves,Stuart McDonald,PACERS,Mobile,WA,31.0,31.0,False,NR61,84670,NOVICE DRIVER CONCESSION FOR BARRIER DRAW ONLY. MARES CONCESSION FOR ELIGIBILITY & BARRIER DRAW.,4YO and older. NR 55 to 70. PBD/NR/SEX/L5$. Pacers,4142,/im-spiderman,/hayden-reeves,/stuart-mcdonald,"BLUE, WHITE CIRCLED R & STRIPED SLEEVES",,,PA170826,PAC17082609,12,Pinjarra,2026-08-17,Gloucester Park_2130,Gloucester Park_2130_pacers_mobile,3595,2723,37.5,31.0,30.1,28.8,28.9,gloucester park,2130,pacers,mobile,2724.0,310.0,508.0,11.38,30.03,-12.19
GP250826,GP250826_R7,GP250826_R7_YAWOMA,Gloucester Park,2026-08-25,Twilight,Twilight,7,8:40 PM,2026-08-25T12:40:00+00:00,2026-08-25T22:40:00+10:00,5,YAWOMA,Free Entry at Gloucester Park MS Pace,2130,"$9,360",Fr5,Lang Inwood,Kylah Madden,PACERS,Mobile,WA,3.8,3.8,False,NR66 (A63),84695,NOVICE DRIVER CONCESSION FOR BARRIER DRAW ONLY. MARES CONCESSION FOR ELIGIBILITY & BARRIER DRAW.,4YO and older. NR 55 to 70. PBD/NR/SEX/L5$. Pacers,56012,/yawoma,/lang-inwood,/kylah-madden,"RED, WHITE SASH, WHITE ARMBANDS",,,GP210826,GPM21082612,5,Gloucester Park,2026-08-21,Gloucester Park_2130,Gloucester Park_2130_pacers_mobile,3595,2723,37.5,31.0,30.1,28.8,28.9,gloucester park,2130,pacers,mobile,2719.0,317.0,560.0,11.66,32.25,-11.27
GP250826,GP250826_R7,GP250826_R7_MY LITTLE BIG MAN NZ,Gloucester Park,2026-08-25,Twilight,Twilight,7,8:40 PM,2026-08-25T12:40:00+00:00,2026-08-25T22:40:00+10:00,6,MY LITTLE BIG MAN NZ,Free Entry at Gloucester Park MS Pace,2130,"$9,360",Fr6,Giles Inwood,Chris Voak,PACERS,Mobile,WA,15.0,15.0,False,NR64,51300,NOVICE DRIVER CONCESSION FOR BARRIER DRAW ONLY. MARES CONCESSION FOR ELIGIBILITY & BARRIER DRAW.,4YO and older. NR 55 to 70. PBD/NR/SEX/L5$. Pacers,3562,/my-little-big-man-nz,/giles-inwood,/chris-voak,"RED, WHITE YOKE, BRACES & SLEEVES, RED STARS ON YOKE & SLEEVES",,,GP170726,GPM17072604,11,Gloucester Park,2026-07-17,Gloucester Park_2130,Gloucester Park_2130_pacers_mobile,3595,2723,37.5,31.0,30.1,28.8,28.9,gloucester park,2130,pacers,mobile,2681.0,258.0,523.0,9.62,29.13,-15.96
GP250826,GP250826_R7,GP250826_R7_WICKED HUSTLER,Gloucester Park,2026-08-25,Twilight,Twilight,7,8:40 PM,2026-08-25T12:40:00+00:00,2026-08-25T22:40:00+10:00,7,WICKED HUSTLER,Free Entry at Gloucester Park MS Pace,2130,"$9,360",Fr7,"G F J Bond, S A Bond",Kyle Symington,PACERS,Mobile,WA,7.5,7.5,False,NR69,28583,NOVICE DRIVER CONCESSION FOR BARRIER DRAW ONLY. MARES CONCESSION FOR ELIGIBILITY & BARRIER DRAW.,4YO and older. NR 55 to 70. PBD/NR/SEX/L5$. Pacers,157143,/wicked-hustler,/g-f-j-bond-s-a-bond,/kyle-symington,"BLUE, PINK DIAMONDS, ARMBAND AND CUFFS",,,GP210826,GPM21082604,3,Gloucester Park,2026-08-21,Gloucester Park_2130,Gloucester Park_2130_pacers_mobile,3595,2723,37.5,31.0,30.1,28.8,28.9,gloucester park,2130,pacers,mobile,2579.0,223.0,450.0,8.65,26.1,-19.07
GP250826,GP250826_R7,GP250826_R7_BEACH CAPTAIN,Gloucester Park,2026-08-25,Twilight,Twilight,7,8:40 PM,2026-08-25T12:40:00+00:00,2026-08-25T22:40:00+10:00,8,BEACH CAPTAIN,Free Entry at Gloucester Park MS Pace,2130,"$9,360",Fr8,Simon Lowings,Shannon Suvaljko,PACERS,Mobile,WA,15.0,15.0,False,NR68,40316,NOVICE DRIVER CONCESSION FOR BARRIER DRAW ONLY. MARES CONCESSION FOR ELIGIBILITY & BARRIER DRAW.,4YO and older. NR 55 to 70. PBD/NR/SEX/L5$. Pacers,3321,/beach-captain,/simon-lowings,/shannon-suvaljko,"PURPLE, GOLD STRIPED SLEEVES",,,GP180826,GPC18082610,6,Gloucester Park,2026-08-18,Gloucester Park_2130,Gloucester Park_2130_pacers_mobile,3595,2723,37.5,31.0,30.1,28.8,28.9,gloucester park,2130,pacers,mobile,2255.0,177.0,382.0,7.85,24.79,-21.44
GP250826,GP250826_R7,GP250826_R7_CLOUD NINE NZ,Gloucester Park,2026-08-25,Twilight,Twilight,7,8:40 PM,2026-08-25T12:40:00+00:00,2026-08-25T22:40:00+10:00,9,CLOUD NINE NZ,Free Entry at Gloucester Park MS Pace,2130,"$9,360",Fr9,Donald Harper,Donald Harper,PACERS,Mobile,WA,23.0,23.0,False,NR57,49059,NOVICE DRIVER CONCESSION FOR BARRIER DRAW ONLY. MARES CONCESSION FOR ELIGIBILITY & BARRIER DRAW.,4YO and older. NR 55 to 70. PBD/NR/SEX/L5$. Pacers,1282,/cloud-nine-nz,/donald-harper,/donald-harper,"GOLD, PINK YOKE WITH GOLD STARS, PINK BRACES & CUFFS",,ODM,GP210826,GPM21082603,9,Gloucester Park,2026-08-21,Gloucester Park_2130,Gloucester Park_2130_pacers_mobile,3595,2723,37.5,31.0,30.1,28.8,28.9,gloucester park,2130,pacers,mobile,1447.0,105.0,210.0,7.26,21.77,-19.4
GP250826,GP250826_R7,GP250826_R7_GET YA BETS ON,Gloucester Park,2026-08-25,Twilight,Twilight,7,8:40 PM,2026-08-25T12:40:00+00:00,2026-08-25T22:40:00+10:00,10,GET YA BETS ON,Free Entry at Gloucester Park MS Pace,2130,"$9,360",Sr1,Lang Inwood,Abbey Vidovich,PACERS,Mobile,WA,15.0,15.0,False,NR63 (A60),46830,NOVICE DRIVER CONCESSION FOR BARRIER DRAW ONLY. MARES CONCESSION FOR ELIGIBILITY & BARRIER DRAW.,4YO and older. NR 55 to 70. PBD/NR/SEX/L5$. Pacers,5115,/get-ya-bets-on,/lang-inwood,/abbey-vidovich,"RED, WHITE SASH & DIAMOND CHECKED SLEEVES",,,GP210826,GPM21082612,11,Gloucester Park,2026-08-21,Gloucester Park_2130,Gloucester Park_2130_pacers_mobile,3595,2723,37.5,31.0,30.1,28.8,28.9,gloucester park,2130,pacers,mobile,1696.0,97.0,442.0,5.72,31.78,-38.04
GP250826,GP250826_R7,GP250826_R7_GEE SMITH,Gloucester Park,2026-08-25,Twilight,Twilight,7,8:40 PM,2026-08-25T12:40:00+00:00,2026-08-25T22:40:00+10:00,11,GEE SMITH,Free Entry at Gloucester Park MS Pace,2130,"$9,360",Sr2,Matthew Scott,Gary Hall Jnr,PACERS,Mobile,WA,15.0,15.0,False,NR62,65032,NOVICE DRIVER CONCESSION FOR BARRIER DRAW ONLY. MARES CONCESSION FOR ELIGIBILITY & BARRIER DRAW.,4YO and older. NR 55 to 70. PBD/NR/SEX/L5$. Pacers,1498,/gee-smith,/matthew-scott,/gary-hall-jnr,"RED, WHITE CROSSED SASHES, BLACK ARMBANDS",,,PA170826,PAC17082609,2,Pinjarra,2026-08-17,Gloucester Park_2130,Gloucester Park_2130_pacers_mobile,3595,2723,37.5,31.0,30.1,28.8,28.9,gloucester park,2130,pacers,mobile,1278.0,72.0,236.0,5.63,24.1,-36.51
GP250826,GP250826_R7,GP250826_R7_SOUND WAVE,Gloucester Park,2026-08-25,Twilight,Twilight,7,8:40 PM,2026-08-25T12:40:00+00:00,2026-08-25T22:40:00+10:00,12,SOUND WAVE,Free Entry at Gloucester Park MS Pace,2130,"$9,360",Sr3,Simon Lowings,Emily Suvaljko,PACERS,Mobile,WA,9.0,9.0,False,NR68,96185,NOVICE DRIVER CONCESSION FOR BARRIER DRAW ONLY. MARES CONCESSION FOR ELIGIBILITY & BARRIER DRAW.,4YO and older. NR 55 to 70. PBD/NR/SEX/L5$. Pacers,1014,/sound-wave,/simon-lowings,/emily-suvaljko,"PURPLE, ""TABTOUCH"" LOGO",,,GP180826,GPC18082610,5,Gloucester Park,2026-08-18,Gloucester Park_2130,Gloucester Park_2130_pacers_mobile,3595,2723,37.5,31.0,30.1,28.8,28.9,gloucester park,2130,pacers,mobile,887.0,81.0,156.0,9.13,26.72,-7.92
GP250826,GP250826_R8,GP250826_R8_BAZAAR PACKAGE,Gloucester Park,2026-08-25,Twilight,Twilight,8,9:05 PM,2026-08-25T13:05:00+00:00,2026-08-25T23:05:00+10:00,1,BAZAAR PACKAGE,The Ule Hoof Oil MS Pace,2130,"$9,360",Fr1,Michael Munro,Michael Munro,PACERS,Mobile,WA,4.8,4.8,False,NR73 (A70),58s09,NOVICE DRIVER CONCESSION FOR ELIGIBILITY ONLY. MARES CONCESSION FOR ELIGIBILITY & BARRIER DRAW.,4YO and older. NR 70 to 85. PBD/NR/SEX/L5$. Pacers,4091,/bazaar-package,/michael-munro-1282,/michael-munro-745,"RED, WHITE CROSSED SASHES & HOOPED SLEEVES",,,GP180826,GPC18082608,9,Gloucester Park,2026-08-18,Gloucester Park_2130,Gloucester Park_2130_pacers_mobile,3595,2723,37.5,31.0,30.1,28.8,28.9,gloucester park,2130,pacers,mobile,2723.0,486.0,769.0,17.85,46.09,-17.16
GP250826,GP250826_R8,GP250826_R8_SHES A TINY DANCER,Gloucester Park,2026-08-25,Twilight,Twilight,8,9:05 PM,2026-08-25T13:05:00+00:00,2026-08-25T23:05:00+10:00,2,SHES A TINY DANCER,The Ule Hoof Oil MS Pace,2130,"$9,360",Fr2,Ryan Cummins,Abbey Vidovich,PACERS,Mobile,WA,12.0,12.0,False,NR73 (A70),39913,NOVICE DRIVER CONCESSION FOR ELIGIBILITY ONLY. MARES CONCESSION FOR ELIGIBILITY & BARRIER DRAW.,4YO and older. NR 70 to 85. PBD/NR/SEX/L5$. Pacers,837,/shes-a-tiny-dancer,/ryan-cummins,/abbey-vidovich,"BLUE, RED STAR V, SLEEVES, COLLAR & WAISTBAND, GOLD TRIM",,,GP180826,GPC18082608,3,Gloucester Park,2026-08-18,Gloucester Park_2130,Gloucester Park_2130_pacers_mobile,3595,2723,37.5,31.0,30.1,28.8,28.9,gloucester park,2130,pacers,mobile,2722.0,321.0,662.0,11.79,36.11,-20.88
GP250826,GP250826_R8,GP250826_R8_SUN PUBLISHER NZ,Gloucester Park,2026-08-25,Twilight,Twilight,8,9:05 PM,2026-08-25T13:05:00+00:00,2026-08-25T23:05:00+10:00,3,SUN PUBLISHER NZ,The Ule Hoof Oil MS Pace,2130,"$9,360",Fr3,Brian Ferguson,Stuart McDonald,PACERS,Mobile,WA,10.0,10.0,False,NR71,48013,NOVICE DRIVER CONCESSION FOR ELIGIBILITY ONLY. MARES CONCESSION FOR ELIGIBILITY & BARRIER DRAW.,4YO and older. NR 70 to 85. PBD/NR/SEX/L5$. Pacers,1321,/sun-publisher-nz,/brian-ferguson,/stuart-mcdonald,"GOLD, GREY CROSSED SASHES",,,GP180826,GPC18082610,3,Gloucester Park,2026-08-18,Gloucester Park_2130,Gloucester Park_2130_pacers_mobile,3595,2723,37.5,31.0,30.1,28.8,28.9,gloucester park,2130,pacers,mobile,2723.0,273.0,552.0,10.03,30.3,-21.46
GP250826,GP250826_R8,GP250826_R8_CORDERO,Gloucester Park,2026-08-25,Twilight,Twilight,8,9:05 PM,2026-08-25T13:05:00+00:00,2026-08-25T23:05:00+10:00,4,CORDERO,The Ule Hoof Oil MS Pace,2130,"$9,360",Fr4,Trevor Wright,Deni Roberts,PACERS,Mobile,WA,12.0,12.0,False,NR72,70345,NOVICE DRIVER CONCESSION FOR ELIGIBILITY ONLY. MARES CONCESSION FOR ELIGIBILITY & BARRIER DRAW.,4YO and older. NR 70 to 85. PBD/NR/SEX/L5$. Pacers,1229,/cordero,/trevor-wright,/deni-roberts,"MAROON, WHITE STRIPES & ARMBANDS",,,GP210826,GPM21082605,5,Gloucester Park,2026-08-21,Gloucester Park_2130,Gloucester Park_2130_pacers_mobile,3595,2723,37.5,31.0,30.1,28.8,28.9,gloucester park,2130,pacers,mobile,2724.0,310.0,508.0,11.38,30.03,-12.19
GP250826,GP250826_R8,GP250826_R8_THE WAND WAVER,Gloucester Park,2026-08-25,Twilight,Twilight,8,9:05 PM,2026-08-25T13:05:00+00:00,2026-08-25T23:05:00+10:00,5,THE WAND WAVER,The Ule Hoof Oil MS Pace,2130,"$9,360",Fr5,Gary Jones,Kyle Harper,PACERS,Mobile,WA,12.0,12.0,False,NR79 (A74),09s11,NOVICE DRIVER CONCESSION FOR ELIGIBILITY ONLY. MARES CONCESSION FOR ELIGIBILITY & BARRIER DRAW.,4YO and older. NR 70 to 85. PBD/NR/SEX/L5$. Pacers,11885,/the-wand-waver,/gary-jones,/kyle-harper,"CERISE, BLUE CROSSED BRACES",,,GP180826,GPC18082608,1,Gloucester Park,2026-08-18,Gloucester Park_2130,Gloucester Park_2130_pacers_mobile,3595,2723,37.5,31.0,30.1,28.8,28.9,gloucester park,2130,pacers,mobile,2719.0,317.0,560.0,11.66,32.25,-11.27
GP250826,GP250826_R8,GP250826_R8_MIKIS PRIDE,Gloucester Park,2026-08-25,Twilight,Twilight,8,9:05 PM,2026-08-25T13:05:00+00:00,2026-08-25T23:05:00+10:00,6,MIKIS PRIDE,The Ule Hoof Oil MS Pace,2130,"$9,360",Fr6,Kevin Keys,Callan Suvaljko,PACERS,Mobile,WA,4.2,4.2,False,NR75,4s4s4,NOVICE DRIVER CONCESSION FOR ELIGIBILITY ONLY. MARES CONCESSION FOR ELIGIBILITY & BARRIER DRAW.,4YO and older. NR 70 to 85. PBD/NR/SEX/L5$. Pacers,12285,/mikis-pride,/kevin-keys,/callan-suvaljko,"PINK, BLACK CHECKS",,,GP180826,GPC18082608,4,Gloucester Park,2026-08-18,Gloucester Park_2130,Gloucester Park_2130_pacers_mobile,3595,2723,37.5,31.0,30.1,28.8,28.9,gloucester park,2130,pacers,mobile,2681.0,258.0,523.0,9.62,29.13,-15.96
GP250826,GP250826_R8,GP250826_R8_KOOJAN,Gloucester Park,2026-08-25,Twilight,Twilight,8,9:05 PM,2026-08-25T13:05:00+00:00,2026-08-25T23:05:00+10:00,7,KOOJAN,The Ule Hoof Oil MS Pace,2130,"$9,360",Fr7,Kevin Keys,Shannon Suvaljko,PACERS,Mobile,WA,12.0,12.0,False,NR79,41106,NOVICE DRIVER CONCESSION FOR ELIGIBILITY ONLY. MARES CONCESSION FOR ELIGIBILITY & BARRIER DRAW.,4YO and older. NR 70 to 85. PBD/NR/SEX/L5$. Pacers,56476,/koojan,/kevin-keys,/shannon-suvaljko,"PINK, BLACK DIAMOND CHECK, PINK SLEEVES WITH 3 BLACK DIAMONDS",,,GP140826,GPM14082608,6,Gloucester Park,2026-08-14,Gloucester Park_2130,Gloucester Park_2130_pacers_mobile,3595,2723,37.5,31.0,30.1,28.8,28.9,gloucester park,2130,pacers,mobile,2579.0,223.0,450.0,8.65,26.1,-19.07
GP250826,GP250826_R8,GP250826_R8_REINETTE,Gloucester Park,2026-08-25,Twilight,Twilight,8,9:05 PM,2026-08-25T13:05:00+00:00,2026-08-25T23:05:00+10:00,8,REINETTE,The Ule Hoof Oil MS Pace,2130,"$9,360",Fr8,Cameron Ross,Jocelyn Young,PACERS,Mobile,WA,4.2,4.2,False,NR89 (A84),7586s,NOVICE DRIVER CONCESSION FOR ELIGIBILITY ONLY. MARES CONCESSION FOR ELIGIBILITY & BARRIER DRAW.,4YO and older. NR 70 to 85. PBD/NR/SEX/L5$. Pacers,4947,/reinette,/cameron-ross,/jocelyn-young,"DARK BLUE, WHITE YOKE WITH DARK BLUE STARS, WHITE HALF BRACES & SLEEVES, YELLOW TRIM & CUFFS",,,PA080626,PAC08062608,6,Pinjarra,2026-06-08,Gloucester Park_2130,Gloucester Park_2130_pacers_mobile,3595,2723,37.5,31.0,30.1,28.8,28.9,gloucester park,2130,pacers,mobile,2255.0,177.0,382.0,7.85,24.79,-21.44
GP250826,GP250826_R8,GP250826_R8_SKYLORD,Gloucester Park,2026-08-25,Twilight,Twilight,8,9:05 PM,2026-08-25T13:05:00+00:00,2026-08-25T23:05:00+10:00,9,SKYLORD,The Ule Hoof Oil MS Pace,2130,"$9,360",Fr9,Jocelyn Young,Kyle Symington,PACERS,Mobile,WA,12.0,12.0,False,NR85,70666,NOVICE DRIVER CONCESSION FOR ELIGIBILITY ONLY. MARES CONCESSION FOR ELIGIBILITY & BARRIER DRAW.,4YO and older. NR 70 to 85. PBD/NR/SEX/L5$. Pacers,3586,/skylord,/jocelyn-young,/kyle-symington,"PURPLE, WHITE YOKE WITH 3 PURPLE STARS, WHITE BRACES, WHITE Y ON SLEEVES, WHITE CUFFS",,,GP140826,GPM14082611,6,Gloucester Park,2026-08-14,Gloucester Park_2130,Gloucester Park_2130_pacers_mobile,3595,2723,37.5,31.0,30.1,28.8,28.9,gloucester park,2130,pacers,mobile,1447.0,105.0,210.0,7.26,21.77,-19.4
GP250826,GP250826_R9,GP250826_R9_FIREBALL FRIDAY,Gloucester Park,2026-08-25,Twilight,Twilight,9,9:35 PM,2026-08-25T13:35:00+00:00,2026-08-25T23:35:00+10:00,1,FIREBALL FRIDAY,Slot Opportunities in $1.25m Nullarbor in 2027 MS Pace,1730,"$9,360",Fr1,Gary Taylor,Hayden Charles,PACERS,Mobile,WA,12.0,12.0,False,NR40 (A35),66615,NOVICE DRIVER CONCESSION FOR BARRIER DRAW ONLY. MARES CONCESSION FOR BARRIER DRAW ONLY.,4YO and older. NR up to 59. PBD/NR/SEX/L5$. Pacers,2828,/fireball-friday,/gary-taylor,/hayden-charles,"BROWN, BLUE CHECKS",,,GP180826,GPC18082611,5,Gloucester Park,2026-08-18,Gloucester Park_1730,Gloucester Park_1730_pacers_mobile,663,474,7.8,29.5,30.2,29.0,29.0,gloucester park,1730,pacers,mobile,474.0,71.0,138.0,14.98,44.09,-31.55
GP250826,GP250826_R9,GP250826_R9_SONIC SEELSTER,Gloucester Park,2026-08-25,Twilight,Twilight,9,9:35 PM,2026-08-25T13:35:00+00:00,2026-08-25T23:35:00+10:00,2,SONIC SEELSTER,Slot Opportunities in $1.25m Nullarbor in 2027 MS Pace,1730,"$9,360",Fr2,Matthew Scott,Ajay Markham,PACERS,Mobile,WA,7.5,7.5,False,NR41 (A38),37723,NOVICE DRIVER CONCESSION FOR BARRIER DRAW ONLY. MARES CONCESSION FOR BARRIER DRAW ONLY.,4YO and older. NR up to 59. PBD/NR/SEX/L5$. Pacers,1289,/sonic-seelster,/matthew-scott,/ajay-markham,"RED, WHITE CROSSED SASHES, BLACK ARMBANDS",,,GP180826,GPC18082611,3,Gloucester Park,2026-08-18,Gloucester Park_1730,Gloucester Park_1730_pacers_mobile,663,474,7.8,29.5,30.2,29.0,29.0,gloucester park,1730,pacers,mobile,474.0,62.0,127.0,13.08,39.87,-19.06
GP250826,GP250826_R9,GP250826_R9_JORDANO,Gloucester Park,2026-08-25,Twilight,Twilight,9,9:35 PM,2026-08-25T13:35:00+00:00,2026-08-25T23:35:00+10:00,3,JORDANO,Slot Opportunities in $1.25m Nullarbor in 2027 MS Pace,1730,"$9,360",Fr3,Kim Prentice,Abbey Vidovich,PACERS,Mobile,WA,7.5,7.5,False,NR46 (A43),15881,NOVICE DRIVER CONCESSION FOR BARRIER DRAW ONLY. MARES CONCESSION FOR BARRIER DRAW ONLY.,4YO and older. NR up to 59. PBD/NR/SEX/L5$. Pacers,1326,/jordano,/kim-prentice,/abbey-vidovich,"PURPLE, WHITE HORSESHOE, BROWN SLEEVES WITH WHITE STARS, BROWN COLLAR",,,GP180826,GPC18082611,1,Gloucester Park,2026-08-18,Gloucester Park_1730,Gloucester Park_1730_pacers_mobile,663,474,7.8,29.5,30.2,29.0,29.0,gloucester park,1730,pacers,mobile,473.0,54.0,110.0,11.42,34.67,-19.01
GP250826,GP250826_R9,GP250826_R9_PHILTHEJUG,Gloucester Park,2026-08-25,Twilight,Twilight,9,9:35 PM,2026-08-25T13:35:00+00:00,2026-08-25T23:35:00+10:00,4,PHILTHEJUG,Slot Opportunities in $1.25m Nullarbor in 2027 MS Pace,1730,"$9,360",SCR,Daniel Costello,Ajay Markham,PACERS,Mobile,WA,26.0,26.0,True,NR52 (A44),14660,NOVICE DRIVER CONCESSION FOR BARRIER DRAW ONLY. MARES CONCESSION FOR BARRIER DRAW ONLY.,4YO and older. NR up to 59. PBD/NR/SEX/L5$. Pacers,4291,/philthejug,/daniel-costello,/ajay-markham,"RED, WHITE VEE WITH BLACK EDGING, BLACK SLEEVES & 2 WHITE STARS, WHITE CUFFS",,,GP180826,GPC18082603,10,Gloucester Park,2026-08-18,Gloucester Park_1730,Gloucester Park_1730_pacers_mobile,663,474,7.8,29.5,30.2,29.0,29.0,gloucester park,1730,pacers,mobile,0.0,0.0,0.0,0.0,0.0,0.0
GP250826,GP250826_R9,GP250826_R9_FRANKENSTEINSBRIDE,Gloucester Park,2026-08-25,Twilight,Twilight,9,9:35 PM,2026-08-25T13:35:00+00:00,2026-08-25T23:35:00+10:00,5,FRANKENSTEINSBRIDE,Slot Opportunities in $1.25m Nullarbor in 2027 MS Pace,1730,"$9,360",Fr4,Clinton Pearce,Liam Elliott,PACERS,Mobile,WA,18.0,18.0,False,NR56 (A48),66496,NOVICE DRIVER CONCESSION FOR BARRIER DRAW ONLY. MARES CONCESSION FOR BARRIER DRAW ONLY.,4YO and older. NR up to 59. PBD/NR/SEX/L5$. Pacers,4984,/frankensteinsbride,/clinton-pearce,/liam-elliott,"PURPLE, TURQUOISE CHECKS & SLEEVES WITH PURPLE CUFFS",,,GP180826,GPC18082606,6,Gloucester Park,2026-08-18,Gloucester Park_1730,Gloucester Park_1730_pacers_mobile,663,474,7.8,29.5,30.2,29.0,29.0,gloucester park,1730,pacers,mobile,472.0,54.0,109.0,11.44,34.53,-16.43
GP250826,GP250826_R9,GP250826_R9_FUEGO CRUZADO,Gloucester Park,2026-08-25,Twilight,Twilight,9,9:35 PM,2026-08-25T13:35:00+00:00,2026-08-25T23:35:00+10:00,6,FUEGO CRUZADO,Slot Opportunities in $1.25m Nullarbor in 2027 MS Pace,1730,"$9,360",Fr5,Matthew Scott,Kylah Madden,PACERS,Mobile,WA,9.0,9.0,False,NR57 (A49),67123,NOVICE DRIVER CONCESSION FOR BARRIER DRAW ONLY. MARES CONCESSION FOR BARRIER DRAW ONLY.,4YO and older. NR up to 59. PBD/NR/SEX/L5$. Pacers,433945,/fuego-cruzado,/matthew-scott,/kylah-madden,"WHITE, RED CROSSED SASHES, COLLAR, CUFFS & WAISTBAND, BLACK ARMBANDS",,,GP180826,GPC18082606,3,Gloucester Park,2026-08-18,Gloucester Park_1730,Gloucester Park_1730_pacers_mobile,663,474,7.8,29.5,30.2,29.0,29.0,gloucester park,1730,pacers,mobile,463.0,61.0,101.0,13.17,34.99,-3.82
GP250826,GP250826_R9,GP250826_R9_FIORD,Gloucester Park,2026-08-25,Twilight,Twilight,9,9:35 PM,2026-08-25T13:35:00+00:00,2026-08-25T23:35:00+10:00,7,FIORD,Slot Opportunities in $1.25m Nullarbor in 2027 MS Pace,1730,"$9,360",Fr6,Warren Robinson,Donald Harper,PACERS,Mobile,WA,18.0,18.0,False,NR49,65910,NOVICE DRIVER CONCESSION FOR BARRIER DRAW ONLY. MARES CONCESSION FOR BARRIER DRAW ONLY.,4YO and older. NR up to 59. PBD/NR/SEX/L5$. Pacers,1304,/fiord,/warren-robinson,/donald-harper,"RED, PURPLE STRIPES, GREY SLEEVES, GOLD HOOPS",,,GP140826,GPM14082604,12,Gloucester Park,2026-08-14,Gloucester Park_1730,Gloucester Park_1730_pacers_mobile,663,474,7.8,29.5,30.2,29.0,29.0,gloucester park,1730,pacers,mobile,444.0,42.0,80.0,9.46,27.48,-13.99
GP250826,GP250826_R9,GP250826_R9_BALTIC ACE NZ,Gloucester Park,2026-08-25,Twilight,Twilight,9,9:35 PM,2026-08-25T13:35:00+00:00,2026-08-25T23:35:00+10:00,8,BALTIC ACE NZ,Slot Opportunities in $1.25m Nullarbor in 2027 MS Pace,1730,"$9,360",Fr7,Tracy Reay,Emily Suvaljko,PACERS,Mobile,WA,4.5,4.5,False,NR59,57214,NOVICE DRIVER CONCESSION FOR BARRIER DRAW ONLY. MARES CONCESSION FOR BARRIER DRAW ONLY.,4YO and older. NR up to 59. PBD/NR/SEX/L5$. Pacers,8799,/baltic-ace-nz,/tracy-reay,/emily-suvaljko,"BLUE, WHITE VEE, BLUE SLEEVES",,,GP180826,GPC18082606,4,Gloucester Park,2026-08-18,Gloucester Park_1730,Gloucester Park_1730_pacers_mobile,663,474,7.8,29.5,30.2,29.0,29.0,gloucester park,1730,pacers,mobile,413.0,41.0,84.0,9.93,30.27,-17.47
GP250826,GP250826_R9,GP250826_R9_MAKE IT HAPPEN,Gloucester Park,2026-08-25,Twilight,Twilight,9,9:35 PM,2026-08-25T13:35:00+00:00,2026-08-25T23:35:00+10:00,9,MAKE IT HAPPEN,Slot Opportunities in $1.25m Nullarbor in 2027 MS Pace,1730,"$9,360",Fr8,Craig Hynam,Shannon Suvaljko,PACERS,Mobile,WA,12.0,12.0,False,NR59,19167,NOVICE DRIVER CONCESSION FOR BARRIER DRAW ONLY. MARES CONCESSION FOR BARRIER DRAW ONLY.,4YO and older. NR up to 59. PBD/NR/SEX/L5$. Pacers,4125,/make-it-happen,/craig-hynam,/shannon-suvaljko,"BLACK, WHITE MALTESE CROSS & SLEEVES",,,NM110826,NMC11082606,7,Northam,2026-08-11,Gloucester Park_1730,Gloucester Park_1730_pacers_mobile,663,474,7.8,29.5,30.2,29.0,29.0,gloucester park,1730,pacers,mobile,346.0,40.0,61.0,11.56,29.19,0.59
GP250826,GP250826_R9,GP250826_R9_BEALAWYER,Gloucester Park,2026-08-25,Twilight,Twilight,9,9:35 PM,2026-08-25T13:35:00+00:00,2026-08-25T23:35:00+10:00,10,BEALAWYER,Slot Opportunities in $1.25m Nullarbor in 2027 MS Pace,1730,"$9,360",Sr1,David Simmonds,Gary Hall Jnr,PACERS,Mobile,WA,15.0,15.0,False,NR44,20762,NOVICE DRIVER CONCESSION FOR BARRIER DRAW ONLY. MARES CONCESSION FOR BARRIER DRAW ONLY.,4YO and older. NR up to 59. PBD/NR/SEX/L5$. Pacers,1647,/bealawyer,/david-simmonds,/gary-hall-jnr,"GREEN, GOLD YOKE & CUFFS, GOLD STRIPE ON SLEEVES",,,GP180826,GPC18082611,2,Gloucester Park,2026-08-18,Gloucester Park_1730,Gloucester Park_1730_pacers_mobile,663,474,7.8,29.5,30.2,29.0,29.0,gloucester park,1730,pacers,mobile,239.0,21.0,57.0,8.79,32.64,-9.91
GP250826,GP250826_R9,GP250826_R9_SPORTING GRACE,Gloucester Park,2026-08-25,Twilight,Twilight,9,9:35 PM,2026-08-25T13:35:00+00:00,2026-08-25T23:35:00+10:00,11,SPORTING GRACE,Slot Opportunities in $1.25m Nullarbor in 2027 MS Pace,1730,"$9,360",Sr2,Giles Inwood,Darcy Kulcsar,PACERS,Mobile,WA,9.0,9.0,False,NR56 (A46),56731,NOVICE DRIVER CONCESSION FOR BARRIER DRAW ONLY. MARES CONCESSION FOR BARRIER DRAW ONLY.,4YO and older. NR up to 59. PBD/NR/SEX/L5$. Pacers,7710,/sporting-grace,/giles-inwood,/darcy-kulcsar,"RED, WHITE YOKE, BRACES & SLEEVES, RED STARS ON YOKE & SLEEVES",,,GP180826,GPC18082603,1,Gloucester Park,2026-08-18,Gloucester Park_1730,Gloucester Park_1730_pacers_mobile,663,474,7.8,29.5,30.2,29.0,29.0,gloucester park,1730,pacers,mobile,169.0,6.0,30.0,3.55,21.3,-53.75
GP250826,GP250826_R9,GP250826_R9_MAD PUNTA,Gloucester Park,2026-08-25,Twilight,Twilight,9,9:35 PM,2026-08-25T13:35:00+00:00,2026-08-25T23:35:00+10:00,12,MAD PUNTA,Slot Opportunities in $1.25m Nullarbor in 2027 MS Pace,1730,"$9,360",Sr3,Matthew Scott,Lachlan Kennelly,PACERS,Mobile,WA,9.0,9.0,False,NR59 (A54),01021,NOVICE DRIVER CONCESSION FOR BARRIER DRAW ONLY. MARES CONCESSION FOR BARRIER DRAW ONLY.,4YO and older. NR up to 59. PBD/NR/SEX/L5$. Pacers,435428,/mad-punta,/matthew-scott,/lachlan-kennelly,"WHITE, ""TABTOUCH"" LOGO",,,GP180826,GPC18082606,1,Gloucester Park,2026-08-18,Gloucester Park_1730,Gloucester Park_1730_pacers_mobile,663,474,7.8,29.5,30.2,29.0,29.0,gloucester park,1730,pacers,mobile,121.0,11.0,23.0,9.09,28.1,-3.34
LN230826,LN230826_R1,LN230826_R1_RYHAD,Launceston,2026-08-23,Day,Day,1,12:40 PM,2026-08-23T02:40:00+00:00,2026-08-23T12:40:00+10:00,1,RYHAD,Ladbrokes Two Year Old,1680,"$14,000",Fr1,Todd Rattray,Todd Rattray,PACERS,Mobile,TAS,5.75,5.75,False,NR45,,Maiden.,2YO. MAIDEN. RBD. Pacers,60360,/ryhad,/todd-rattray,/todd-rattray,"RED, WHITE V YOKE & CUFFS",,,LN230826,LNC23082601,4,Launceston,2026-08-23,Launceston_1680,Launceston_1680_pacers_mobile,546,531,5.1,29.1,30.9,29.2,29.2,launceston,1680,pacers,mobile,531.0,84.0,127.0,15.82,39.74,-14.58
LN230826,LN230826_R1,LN230826_R1_SOLO SNITCH,Launceston,2026-08-23,Day,Day,1,12:40 PM,2026-08-23T02:40:00+00:00,2026-08-23T12:40:00+10:00,2,SOLO SNITCH,Ladbrokes Two Year Old,1680,"$14,000",Fr2,Wayne Yole,Gareth Rattray,PACERS,Mobile,TAS,8.5,8.5,False,NR43,9464,Maiden.,2YO. MAIDEN. RBD. Pacers,59459,/solo-snitch,/wayne-yole,/gareth-rattray,"BLACK, GREEN HORSESHOES & ARMBANDS",,,LN230826,LNC23082601,3,Launceston,2026-08-23,Launceston_1680,Launceston_1680_pacers_mobile,546,531,5.1,29.1,30.9,29.2,29.2,launceston,1680,pacers,mobile,530.0,75.0,144.0,14.15,41.32,-21.53
LN230826,LN230826_R1,LN230826_R1_LUESTON,Launceston,2026-08-23,Day,Day,1,12:40 PM,2026-08-23T02:40:00+00:00,2026-08-23T12:40:00+10:00,3,LUESTON,Ladbrokes Two Year Old,1680,"$14,000",SCR,Steven Davis,Brodie Davis,PACERS,Mobile,TAS,15.0,15.0,True,NR44,8,Maiden.,2YO. MAIDEN. RBD. Pacers,55804,/lueston,/steven-davis,/brodie-davis,"RED, WHITE SLEEVES, BLUE STRIPES",,,LN190726,LNC19072601,8,Launceston,2026-07-19,Launceston_1680,Launceston_1680_pacers_mobile,546,531,5.1,29.1,30.9,29.2,29.2,launceston,1680,pacers,mobile,0.0,0.0,0.0,0.0,0.0,0.0
LN230826,LN230826_R1,LN230826_R1_SMELL THE SMOKE,Launceston,2026-08-23,Day,Day,1,12:40 PM,2026-08-23T02:40:00+00:00,2026-08-23T12:40:00+10:00,4,SMELL THE SMOKE,Ladbrokes Two Year Old,1680,"$14,000",Fr3,Rachel Williams,Ben Parker,PACERS,Mobile,TAS,8.5,8.5,False,NR45,,Maiden.,2YO. MAIDEN. RBD. Pacers,59605,/smell-the-smoke,/rachel-williams,/ben-parker,"BLUE, GREEN DIAMOND & SLEEVES WITH BLUE DIAMONDS",,,LN230826,LNC23082601,2,Launceston,2026-08-23,Launceston_1680,Launceston_1680_pacers_mobile,546,531,5.1,29.1,30.9,29.2,29.2,launceston,1680,pacers,mobile,528.0,58.0,127.0,10.98,35.04,-34.38
LN230826,LN230826_R1,LN230826_R1_THEY THINK THEY IT,Launceston,2026-08-23,Day,Day,1,12:40 PM,2026-08-23T02:40:00+00:00,2026-08-23T12:40:00+10:00,5,THEY THINK THEY IT,Ladbrokes Two Year Old,1680,"$14,000",Fr4,Todd Rattray,Ethan Arnott,PACERS,Mobile,TAS,14.0,14.0,False,NR45,,Maiden.,2YO. MAIDEN. RBD. Pacers,20943,/they-think-they-it,/todd-rattray,/ethan-arnott,"RED, WHITE STRIPES, BLACK STARS & SLEEVES",,,LN230826,LNC23082601,5,Launceston,2026-08-23,Launceston_1680,Launceston_1680_pacers_mobile,546,531,5.1,29.1,30.9,29.2,29.2,launceston,1680,pacers,mobile,522.0,74.0,124.0,14.18,37.93,-11.78
LN230826,LN230826_R1,LN230826_R1_POGACAR,Launceston,2026-08-23,Day,Day,1,12:40 PM,2026-08-23T02:40:00+00:00,2026-08-23T12:40:00+10:00,6,POGACAR,Ladbrokes Two Year Old,1680,"$14,000",Fr5,Charlie Castles,Charlie Castles,PACERS,Mobile,TAS,4.0,4.0,False,NR45,,Maiden.,2YO. MAIDEN. RBD. Pacers,60328,/pogacar,/charlie-castles,/charlie-castles,"GREEN, RED SASH & ARMBANDS",,,LN230826,LNC23082601,1,Launceston,2026-08-23,Launceston_1680,Launceston_1680_pacers_mobile,546,531,5.1,29.1,30.9,29.2,29.2,launceston,1680,pacers,mobile,508.0,61.0,107.0,12.01,33.07,-9.05
LN230826,LN230826_R1,LN230826_R1_CREAMY KARALTA,Launceston,2026-08-23,Day,Day,1,12:40 PM,2026-08-23T02:40:00+00:00,2026-08-23T12:40:00+10:00,7,CREAMY KARALTA,Ladbrokes Two Year Old,1680,"$14,000",Fr6,Kent Rattray,John Walters,PACERS,Mobile,TAS,2.2,2.2,False,NR45,,Maiden.,2YO. MAIDEN. RBD. Pacers,7162,/creamy-karalta,/kent-rattray,/john-walters,"BLACK, RED SASH & SLEEVES",,,LN230826,LNC23082601,6,Launceston,2026-08-23,Launceston_1680,Launceston_1680_pacers_mobile,546,531,5.1,29.1,30.9,29.2,29.2,launceston,1680,pacers,mobile,470.0,44.0,75.0,9.36,25.32,-6.68
LN230826,LN230826_R1,LN230826_R1_IDEN JUST BECAUSE,Launceston,2026-08-23,Day,Day,1,12:40 PM,2026-08-23T02:40:00+00:00,2026-08-23T12:40:00+10:00,8,IDEN JUST BECAUSE,Ladbrokes Two Year Old,1680,"$14,000",Sr1,Christian Salter,Mark Yole,PACERS,Mobile,TAS,15.0,15.0,False,NR44,25656,Maiden.,2YO. MAIDEN. RBD. Pacers,187137,/iden-just-because,/christian-salter,/mark-yole,"WHITE, BLUE WAISTBAND & V, HOOPED SLEEVES",,,LN230826,LNC23082601,7,Launceston,2026-08-23,Launceston_1680,Launceston_1680_pacers_mobile,546,531,5.1,29.1,30.9,29.2,29.2,launceston,1680,pacers,mobile,433.0,29.0,104.0,6.7,30.72,-36.01
LN230826,LN230826_R2,LN230826_R2_IRON CLAD,Launceston,2026-08-23,Day,Day,2,1:09 PM,2026-08-23T03:09:00+00:00,2026-08-23T13:09:00+10:00,1,IRON CLAD,Victory Images Photography Stakes,2698,"$12,000",FT Fr1,Wayne Yole,Dylan Ford,PACERS,Stand,TAS,11.0,11.0,False,NR75,s4922,Discretionary Handicap.,No NR. Discretionary Handicap. RBD. Pacers,5164,/iron-clad,/wayne-yole,/dylan-ford,"RED, BLACK YOKE, 3 RED DIAMONDS, SILVER GREY SLEEVES, WHITE DIAMONDS",,,LN230826,LNC23082610,5,Launceston,2026-08-23,Launceston_2698,Launceston_2698_pacers_stand,63,48,85.2,30.8,30.2,28.6,28.8,launceston,2698,pacers,stand,0.0,0.0,0.0,0.0,0.0,0.0
LN230826,LN230826_R2,LN230826_R2_GO THE RED,Launceston,2026-08-23,Day,Day,2,1:09 PM,2026-08-23T03:09:00+00:00,2026-08-23T13:09:00+10:00,2,GO THE RED,Victory Images Photography Stakes,2698,"$12,000",FT Fr2,Wayne Yole,Mark Yole,PACERS,Stand,TAS,1.2,1.2,False,NR92,41212,Discretionary Handicap.,No NR. Discretionary Handicap. RBD. Pacers,11739,/go-the-red,/wayne-yole,/mark-yole,"NAVY BLUE, RED STARS, NAVY BLUE SLEEVES, RED STARS",,,LN230826,LNC23082610,1,Launceston,2026-08-23,Launceston_2698,Launceston_2698_pacers_stand,63,48,85.2,30.8,30.2,28.6,28.8,launceston,2698,pacers,stand,0.0,0.0,0.0,0.0,0.0,0.0
LN230826,LN230826_R2,LN230826_R2_COLBY SANZ,Launceston,2026-08-23,Day,Day,2,1:09 PM,2026-08-23T03:09:00+00:00,2026-08-23T13:09:00+10:00,3,COLBY SANZ,Victory Images Photography Stakes,2698,"$12,000",FT Fr3,Kent Rattray,John Walters,PACERS,Stand,TAS,26.0,26.0,False,NR75,44374,Discretionary Handicap.,No NR. Discretionary Handicap. RBD. Pacers,398,/colby-sanz,/kent-rattray,/john-walters,"BLACK, GOLD SASH, GOLD SLEEVE, BLACK STARS",,,LN230826,LNC23082610,6,Launceston,2026-08-23,Launceston_2698,Launceston_2698_pacers_stand,63,48,85.2,30.8,30.2,28.6,28.8,launceston,2698,pacers,stand,0.0,0.0,0.0,0.0,0.0,0.0
LN230826,LN230826_R2,LN230826_R2_WATERMELON SUGAR NZ,Launceston,2026-08-23,Day,Day,2,1:09 PM,2026-08-23T03:09:00+00:00,2026-08-23T13:09:00+10:00,4,WATERMELON SUGAR NZ,Victory Images Photography Stakes,2698,"$12,000",FT Fr4,Wayne Yole,Gareth Rattray,PACERS,Stand,TAS,9.5,9.5,False,NR90,03430,Discretionary Handicap.,No NR. Discretionary Handicap. RBD. Pacers,439332,/watermelon-sugar-nz-439332,/wayne-yole,/gareth-rattray,"BLACK, GREEN HORSESHOES & ARMBANDS",,,LN230826,LNC23082610,4,Launceston,2026-08-23,Launceston_2698,Launceston_2698_pacers_stand,63,48,85.2,30.8,30.2,28.6,28.8,launceston,2698,pacers,stand,0.0,0.0,0.0,0.0,0.0,0.0
LN230826,LN230826_R2,LN230826_R2_ROCKANDAHARDPLACE,Launceston,2026-08-23,Day,Day,2,1:09 PM,2026-08-23T03:09:00+00:00,2026-08-23T13:09:00+10:00,5,ROCKANDAHARDPLACE,Victory Images Photography Stakes,2698,"$12,000",10 Fr1,Kent Rattray,Jordan Chibnall,PACERS,Stand,TAS,14.0,14.0,False,NR74,83879,Discretionary Handicap.,No NR. Discretionary Handicap. RBD. Pacers,3702,/rockandahardplace,/kent-rattray,/jordan-chibnall,"BLACK, RED SASH, RED SLEEVES, BLACK STARS",,,LN230826,LNC23082610,2,Launceston,2026-08-23,Launceston_2698,Launceston_2698_pacers_stand,63,48,85.2,30.8,30.2,28.6,28.8,launceston,2698,pacers,stand,0.0,0.0,0.0,0.0,0.0,0.0
LN230826,LN230826_R2,LN230826_R2_GORDONS BAY,Launceston,2026-08-23,Day,Day,2,1:09 PM,2026-08-23T03:09:00+00:00,2026-08-23T13:09:00+10:00,6,GORDONS BAY,Victory Images Photography Stakes,2698,"$12,000",20 Fr1,Charlie Castles,Charlie Castles,PACERS,Stand,TAS,10.0,10.0,False,NR111,26s66,Discretionary Handicap.,No NR. Discretionary Handicap. RBD. Pacers,5154,/gordons-bay,/charlie-castles,/charlie-castles,"GREEN, RED SASH & ARMBANDS",,,LN230826,LNC23082610,3,Launceston,2026-08-23,Launceston_2698,Launceston_2698_pacers_stand,63,48,85.2,30.8,30.2,28.6,28.8,launceston,2698,pacers,stand,0.0,0.0,0.0,0.0,0.0,0.0
LN230826,LN230826_R3,LN230826_R3_NEWYORK ROCKSTAR,Launceston,2026-08-23,Day,Day,3,1:44 PM,2026-08-23T03:44:00+00:00,2026-08-23T13:44:00+10:00,1,NEWYORK ROCKSTAR,Ladbrokes Popular Srm Pace,1680,"$14,000",Fr1,Adrian Duggan,Jacob Duggan,PACERS,Mobile,TAS,91.0,91.0,False,NR48,88s,Maiden. Minimum of 6 Acceptors. If less than 6 then will be combined with the 02.,3YO and older. MAIDEN. RBD. Pacers,42594,/newyork-rockstar,/adrian-duggan,/jacob-duggan,"BLACK, ORANGE YOKE, BRACES & MALTESE CROSSES, BLACK SLEEVES, ORANGE CUFFS",,,LN230826,LNC23082603,5,Launceston,2026-08-23,Launceston_1680,Launceston_1680_pacers_mobile,546,531,5.1,29.1,30.9,29.2,29.2,launceston,1680,pacers,mobile,531.0,84.0,127.0,15.82,39.74,-14.58
LN230826,LN230826_R3,LN230826_R3_LITTLE CAPPUCCINA,Launceston,2026-08-23,Day,Day,3,1:44 PM,2026-08-23T03:44:00+00:00,2026-08-23T13:44:00+10:00,2,LITTLE CAPPUCCINA,Ladbrokes Popular Srm Pace,1680,"$14,000",Fr2,Rodney Ashwood,Jordan Chibnall,PACERS,Mobile,TAS,14.0,14.0,False,NR48,7s633,Maiden. Minimum of 6 Acceptors. If less than 6 then will be combined with the 02.,3YO and older. MAIDEN. RBD. Pacers,438513,/little-cappuccina,/rodney-ashwood,/jordan-chibnall,"WHITE, BLUE DIAMOND & SLEEVES",,,LN230826,LNC23082603,2,Launceston,2026-08-23,Launceston_1680,Launceston_1680_pacers_mobile,546,531,5.1,29.1,30.9,29.2,29.2,launceston,1680,pacers,mobile,530.0,75.0,144.0,14.15,41.32,-21.53
LN230826,LN230826_R3,LN230826_R3_LIFE ONA HIGHWAY,Launceston,2026-08-23,Day,Day,3,1:44 PM,2026-08-23T03:44:00+00:00,2026-08-23T13:44:00+10:00,3,LIFE ONA HIGHWAY,Ladbrokes Popular Srm Pace,1680,"$14,000",Fr3,Geoffrey Smith,Brodie Davis,PACERS,Mobile,TAS,8.5,8.5,False,NR40,44392,Maiden. Minimum of 6 Acceptors. If less than 6 then will be combined with the 02.,3YO and older. MAIDEN. RBD. Pacers,435556,/life-ona-highway,/geoffrey-smith,/brodie-davis,"PINK, BLUE DIAMONDS, ROYAL BLUE SLEEVES",,,LN230826,LNC23082603,6,Launceston,2026-08-23,Launceston_1680,Launceston_1680_pacers_mobile,546,531,5.1,29.1,30.9,29.2,29.2,launceston,1680,pacers,mobile,528.0,58.0,127.0,10.98,35.04,-34.38
LN230826,LN230826_R3,LN230826_R3_IDEN MISS WORLD,Launceston,2026-08-23,Day,Day,3,1:44 PM,2026-08-23T03:44:00+00:00,2026-08-23T13:44:00+10:00,4,IDEN MISS WORLD,Ladbrokes Popular Srm Pace,1680,"$14,000",Fr4,Christian Salter,Mark Yole,PACERS,Mobile,TAS,41.0,41.0,False,NR45,67s46,Maiden. Minimum of 6 Acceptors. If less than 6 then will be combined with the 02.,3YO and older. MAIDEN. RBD. Pacers,440228,/iden-miss-world,/christian-salter,/mark-yole,"WHITE, BLUE WAISTBAND & V, HOOPED SLEEVES",,,LN230826,LNC23082603,9,Launceston,2026-08-23,Launceston_1680,Launceston_1680_pacers_mobile,546,531,5.1,29.1,30.9,29.2,29.2,launceston,1680,pacers,mobile,522.0,74.0,124.0,14.18,37.93,-11.78
LN230826,LN230826_R3,LN230826_R3_CHARLI PIPPEN,Launceston,2026-08-23,Day,Day,3,1:44 PM,2026-08-23T03:44:00+00:00,2026-08-23T13:44:00+10:00,5,CHARLI PIPPEN,Ladbrokes Popular Srm Pace,1680,"$14,000",Fr5,Robert Gillie,Gareth Rattray,PACERS,Mobile,TAS,1.75,1.75,False,NR51,52522,Maiden. Minimum of 6 Acceptors. If less than 6 then will be combined with the 02.,3YO and older. MAIDEN. RBD. Pacers,200656,/charli-pippen,/robert-gillie,/gareth-rattray,"YELLOW, BLUE STARS, BLUE SLEEVES, YELLOW STARS",,,LN230826,LNC23082603,3,Launceston,2026-08-23,Launceston_1680,Launceston_1680_pacers_mobile,546,531,5.1,29.1,30.9,29.2,29.2,launceston,1680,pacers,mobile,508.0,61.0,107.0,12.01,33.07,-9.05
LN230826,LN230826_R3,LN230826_R3_DEMON DESTROYER,Launceston,2026-08-23,Day,Day,3,1:44 PM,2026-08-23T03:44:00+00:00,2026-08-23T13:44:00+10:00,6,DEMON DESTROYER,Ladbrokes Popular Srm Pace,1680,"$14,000",Fr6,Tammy Langley,Dylan Ford,PACERS,Mobile,TAS,5.75,5.75,False,NR49,57,Maiden. Minimum of 6 Acceptors. If less than 6 then will be combined with the 02.,3YO and older. MAIDEN. RBD. Pacers,436115,/demon-destroyer,/tammy-langley,/dylan-ford,"RED, BLACK YOKE, 3 RED DIAMONDS, SILVER GREY SLEEVES, WHITE DIAMONDS",,,LN230826,LNC23082603,7,Launceston,2026-08-23,Launceston_1680,Launceston_1680_pacers_mobile,546,531,5.1,29.1,30.9,29.2,29.2,launceston,1680,pacers,mobile,470.0,44.0,75.0,9.36,25.32,-6.68
LN230826,LN230826_R3,LN230826_R3_QUARTEIRA,Launceston,2026-08-23,Day,Day,3,1:44 PM,2026-08-23T03:44:00+00:00,2026-08-23T13:44:00+10:00,7,QUARTEIRA,Ladbrokes Popular Srm Pace,1680,"$14,000",Fr7,Todd Rattray,Todd Rattray,PACERS,Mobile,TAS,4.0,4.0,False,NR50,,Maiden. Minimum of 6 Acceptors. If less than 6 then will be combined with the 02.,3YO and older. MAIDEN. RBD. Pacers,438615,/quarteira,/todd-rattray,/todd-rattray,"RED, WHITE V YOKE & CUFFS",,,LN230826,LNC23082603,1,Launceston,2026-08-23,Launceston_1680,Launceston_1680_pacers_mobile,546,531,5.1,29.1,30.9,29.2,29.2,launceston,1680,pacers,mobile,307.0,21.0,45.0,6.84,21.5,-19.64
LN230826,LN230826_R3,LN230826_R3_DIAMONDONTHEROCKS,Launceston,2026-08-23,Day,Day,3,1:44 PM,2026-08-23T03:44:00+00:00,2026-08-23T13:44:00+10:00,8,DIAMONDONTHEROCKS,Ladbrokes Popular Srm Pace,1680,"$14,000",Sr1,Tammy Langley,Ryan Backhouse,PACERS,Mobile,TAS,26.0,26.0,False,NR48,43845,Maiden. Minimum of 6 Acceptors. If less than 6 then will be combined with the 02.,3YO and older. MAIDEN. RBD. Pacers,435638,/diamondontherocks,/tammy-langley,/ryan-backhouse,"BLACK, RED YOKE & BRACES, BLACK STARS, BLACK SLEEVES, RED STARS",,,LN230826,LNC23082603,4,Launceston,2026-08-23,Launceston_1680,Launceston_1680_pacers_mobile,546,531,5.1,29.1,30.9,29.2,29.2,launceston,1680,pacers,mobile,433.0,29.0,104.0,6.7,30.72,-36.01
LN230826,LN230826_R3,LN230826_R3_ROBUST SALLY,Launceston,2026-08-23,Day,Day,3,1:44 PM,2026-08-23T03:44:00+00:00,2026-08-23T13:44:00+10:00,9,ROBUST SALLY,Ladbrokes Popular Srm Pace,1680,"$14,000",Sr2,Amy Crossland,Ethan Arnott,PACERS,Mobile,TAS,41.0,41.0,False,NR47,760s4,Maiden. Minimum of 6 Acceptors. If less than 6 then will be combined with the 02.,3YO and older. MAIDEN. RBD. Pacers,439321,/robust-sally,/amy-crossland,/ethan-arnott,"BLUE, WHITE YOKE & BRACES, PURPLE STARS",,,LN230826,LNC23082603,8,Launceston,2026-08-23,Launceston_1680,Launceston_1680_pacers_mobile,546,531,5.1,29.1,30.9,29.2,29.2,launceston,1680,pacers,mobile,384.0,27.0,71.0,7.03,25.52,-29.26
LN230826,LN230826_R4,LN230826_R4_KEAYANG LEXI,Launceston,2026-08-23,Day,Day,4,2:19 PM,2026-08-23T04:19:00+00:00,2026-08-23T14:19:00+10:00,1,KEAYANG LEXI,Ladbrokes Quick Multi Stakes,2200,"$9,700",Fr1,Clayton Miller,Bronte Miller,PACERS,Mobile,TAS,11.0,11.0,False,NR54 (A50),93s94,"MC, DC. Tasbred Selected First.",NR 50 to 54. PBD/LT$. Pacers,436044,/keayang-lexi,/clayton-miller,/bronte-miller,"WHITE, BLACK STARS, BLACK PANELS, PURPLE SLEEVES, BLACK STARS, PURPLE COLLAR",,,LN230826,LNC23082606,6,Launceston,2026-08-23,Launceston_2200,Launceston_2200_pacers_mobile,1099,979,43.7,31.5,30.6,29.3,29.4,launceston,2200,pacers,mobile,978.0,123.0,214.0,12.58,34.46,-21.76
LN230826,LN230826_R4,LN230826_R4_OMYBACNKNEES JUDGE,Launceston,2026-08-23,Day,Day,4,2:19 PM,2026-08-23T04:19:00+00:00,2026-08-23T14:19:00+10:00,2,OMYBACNKNEES JUDGE,Ladbrokes Quick Multi Stakes,2200,"$9,700",Fr2,Leigh Rand,Todd Rattray,PACERS,Mobile,TAS,14.0,14.0,False,NR52,61603,"MC, DC. Tasbred Selected First.",NR 50 to 54. PBD/LT$. Pacers,439455,/omybacnknees-judge,/leigh-rand,/todd-rattray,"BLUE, YELLOW MALTESE CROSS",,,LN230826,LNC23082606,3,Launceston,2026-08-23,Launceston_2200,Launceston_2200_pacers_mobile,1099,979,43.7,31.5,30.6,29.3,29.4,launceston,2200,pacers,mobile,975.0,110.0,227.0,11.28,34.56,-25.91
LN230826,LN230826_R4,LN230826_R4_A DRAGON FOR JOE,Launceston,2026-08-23,Day,Day,4,2:19 PM,2026-08-23T04:19:00+00:00,2026-08-23T14:19:00+10:00,3,A DRAGON FOR JOE,Ladbrokes Quick Multi Stakes,2200,"$9,700",Fr3,Brett Jaffray,Gareth Rattray,PACERS,Mobile,TAS,2.5,2.5,False,NR53,74252,"MC, DC. Tasbred Selected First.",NR 50 to 54. PBD/LT$. Pacers,439287,/a-dragon-for-joe,/brett-jaffray,/gareth-rattray,"RED & PURPLE HALVES, PURPLE SLEEVES",,,LN230826,LNC23082606,1,Launceston,2026-08-23,Launceston_2200,Launceston_2200_pacers_mobile,1099,979,43.7,31.5,30.6,29.3,29.4,launceston,2200,pacers,mobile,977.0,113.0,193.0,11.57,31.32,-19.43
LN230826,LN230826_R4,LN230826_R4_IFYOULOVEMELETMEGO,Launceston,2026-08-23,Day,Day,4,2:19 PM,2026-08-23T04:19:00+00:00,2026-08-23T14:19:00+10:00,4,IFYOULOVEMELETMEGO,Ladbrokes Quick Multi Stakes,2200,"$9,700",Fr4,Geoffrey Smith,Brodie Davis,PACERS,Mobile,TAS,4.8,4.8,False,NR53 (A50),21140,"MC, DC. Tasbred Selected First.",NR 50 to 54. PBD/LT$. Pacers,3082,/ifyoulovemeletmego,/geoffrey-smith,/brodie-davis,"YELLOW, BLACK BRACES, YELLOW AND BLACK HOOPED SLEEVES",,,LN230826,LNC23082606,2,Launceston,2026-08-23,Launceston_2200,Launceston_2200_pacers_mobile,1099,979,43.7,31.5,30.6,29.3,29.4,launceston,2200,pacers,mobile,976.0,113.0,214.0,11.58,33.5,-22.56
LN230826,LN230826_R4,LN230826_R4_REPETITIVE NZ,Launceston,2026-08-23,Day,Day,4,2:19 PM,2026-08-23T04:19:00+00:00,2026-08-23T14:19:00+10:00,5,REPETITIVE NZ,Ladbrokes Quick Multi Stakes,2200,"$9,700",Fr5,Wayne Yole,Hannah Van dongen,PACERS,Mobile,TAS,8.5,8.5,False,NR54,76043,"MC, DC. Tasbred Selected First.",NR 50 to 54. PBD/LT$. Pacers,3913,/repetitive-nz,/wayne-yole,/hannah-van-dongen,"PURPLE, BLACK STAR SASH & SLEEVES",,,LN230826,LNC23082606,8,Launceston,2026-08-23,Launceston_2200,Launceston_2200_pacers_mobile,1099,979,43.7,31.5,30.6,29.3,29.4,launceston,2200,pacers,mobile,964.0,104.0,185.0,10.79,29.98,-9.67
LN230826,LN230826_R4,LN230826_R4_MIKI SANZ,Launceston,2026-08-23,Day,Day,4,2:19 PM,2026-08-23T04:19:00+00:00,2026-08-23T14:19:00+10:00,6,MIKI SANZ,Ladbrokes Quick Multi Stakes,2200,"$9,700",Fr6,Kent Rattray,John Walters,PACERS,Mobile,TAS,34.0,34.0,False,NR51,45259,"MC, DC. Tasbred Selected First.",NR 50 to 54. PBD/LT$. Pacers,698,/miki-sanz,/kent-rattray,/john-walters,"BLACK, GOLD SASH, BLACK SLEEVE WITH GOLD STARS",,,LN230826,LNC23082606,4,Launceston,2026-08-23,Launceston_2200,Launceston_2200_pacers_mobile,1099,979,43.7,31.5,30.6,29.3,29.4,launceston,2200,pacers,mobile,908.0,66.0,143.0,7.27,23.02,-28.04
LN230826,LN230826_R4,LN230826_R4_COOLANDCOLLECT,Launceston,2026-08-23,Day,Day,4,2:19 PM,2026-08-23T04:19:00+00:00,2026-08-23T14:19:00+10:00,7,COOLANDCOLLECT,Ladbrokes Quick Multi Stakes,2200,"$9,700",Fr7,Wayne Yole,Ryan Backhouse,PACERS,Mobile,TAS,41.0,41.0,False,NR51,409s6,"MC, DC. Tasbred Selected First.",NR 50 to 54. PBD/LT$. Pacers,7775,/coolandcollect,/wayne-yole,/ryan-backhouse,"BLACK, RED YOKE & BRACES, BLACK STARS, BLACK SLEEVES, RED STARS",,,LN230826,LNC23082606,5,Launceston,2026-08-23,Launceston_2200,Launceston_2200_pacers_mobile,1099,979,43.7,31.5,30.6,29.3,29.4,launceston,2200,pacers,mobile,543.0,31.0,81.0,5.71,20.63,-48.76
LN230826,LN230826_R4,LN230826_R4_SOLO SAFARI,Launceston,2026-08-23,Day,Day,4,2:19 PM,2026-08-23T04:19:00+00:00,2026-08-23T14:19:00+10:00,8,SOLO SAFARI,Ladbrokes Quick Multi Stakes,2200,"$9,700",Sr1,Wayne Yole,Mark Yole,PACERS,Mobile,TAS,8.0,8.0,False,NR52,47889,"MC, DC. Tasbred Selected First.",NR 50 to 54. PBD/LT$. Pacers,438268,/solo-safari,/wayne-yole,/mark-yole,"NAVY BLUE, RED STARS, NAVY BLUE SLEEVES, RED STARS",,,LN230826,LNC23082606,7,Launceston,2026-08-23,Launceston_2200,Launceston_2200_pacers_mobile,1099,979,43.7,31.5,30.6,29.3,29.4,launceston,2200,pacers,mobile,857.0,77.0,182.0,8.98,30.22,-19.4
LN230826,LN230826_R4,LN230826_R4_ANDAMAN BAY,Launceston,2026-08-23,Day,Day,4,2:19 PM,2026-08-23T04:19:00+00:00,2026-08-23T14:19:00+10:00,9,ANDAMAN BAY,Ladbrokes Quick Multi Stakes,2200,"$9,700",SCR,Wayne Yole,Jacob Duggan,PACERS,Mobile,TAS,21.0,21.0,True,NR52,39039,"MC, DC. Tasbred Selected First.",NR 50 to 54. PBD/LT$. Pacers,730,/andaman-bay,/wayne-yole,/jacob-duggan,"BLACK, ORANGE YOKE, BRACES & MALTESE CROSSES, BLACK SLEEVES, ORANGE CUFFS",,,EH160826,EHC16082607,9,Hobart,2026-08-16,Launceston_2200,Launceston_2200_pacers_mobile,1099,979,43.7,31.5,30.6,29.3,29.4,launceston,2200,pacers,mobile,0.0,0.0,0.0,0.0,0.0,0.0
LN230826,LN230826_R4,LN230826_R4_JET TO HEAVEN,Launceston,2026-08-23,Day,Day,4,2:19 PM,2026-08-23T04:19:00+00:00,2026-08-23T14:19:00+10:00,10,JET TO HEAVEN,Ladbrokes Quick Multi Stakes,2200,"$9,700",Sr2,Julie Douglas,Dylan Ford,PACERS,Mobile,TAS,4.8,4.8,False,NR54,81820,"MC, DC. Tasbred Selected First.",NR 50 to 54. PBD/LT$. Pacers,436389,/jet-to-heaven,/julie-douglas,/dylan-ford,"WHITE, DARK BLUE A, RING & SLEEVES",,ODM,LN230826,LNC23082606,9,Launceston,2026-08-23,Launceston_2200,Launceston_2200_pacers_mobile,1099,979,43.7,31.5,30.6,29.3,29.4,launceston,2200,pacers,mobile,772.0,89.0,169.0,11.53,33.42,-2.06
LN230826,LN230826_R5,LN230826_R5_DIDYALOUSAROOSTA,Launceston,2026-08-23,Day,Day,5,2:54 PM,2026-08-23T04:54:00+00:00,2026-08-23T14:54:00+10:00,1,DIDYALOUSAROOSTA,Vizpix Broadcast Services Pace,2200,"$9,700",Fr1,Troy Hillier,Troy Hillier,PACERS,Mobile,TAS,7.5,7.5,False,NR65,42754,"MC, DC.",NR 60 to 69. PBD/LTW. Pacers,11470,/didyalousaroosta,/troy-hillier,/troy-hillier,"PURPLE, GOLD YOKE & BRACES, 4 PURPLE DIAMONDS ON YOKE, PURPLE SLEEVES",,,LN230826,LNC23082608,4,Launceston,2026-08-23,Launceston_2200,Launceston_2200_pacers_mobile,1099,979,43.7,31.5,30.6,29.3,29.4,launceston,2200,pacers,mobile,978.0,123.0,214.0,12.58,34.46,-21.76
LN230826,LN230826_R5,LN230826_R5_EVERYTHING BUT THE,Launceston,2026-08-23,Day,Day,5,2:54 PM,2026-08-23T04:54:00+00:00,2026-08-23T14:54:00+10:00,2,EVERYTHING BUT THE,Vizpix Broadcast Services Pace,2200,"$9,700",Fr2,Christopher Howlett,Gareth Rattray,PACERS,Mobile,TAS,4.33,4.33,False,NR68,23136,"MC, DC.",NR 60 to 69. PBD/LTW. Pacers,59508,/everything-but-the,/christopher-howlett,/gareth-rattray,"PINK, BLUE STRIPES",,,LN230826,LNC23082608,1,Launceston,2026-08-23,Launceston_2200,Launceston_2200_pacers_mobile,1099,979,43.7,31.5,30.6,29.3,29.4,launceston,2200,pacers,mobile,975.0,110.0,227.0,11.28,34.56,-25.91
LN230826,LN230826_R5,LN230826_R5_KOSTYUK LEIS,Launceston,2026-08-23,Day,Day,5,2:54 PM,2026-08-23T04:54:00+00:00,2026-08-23T14:54:00+10:00,3,KOSTYUK LEIS,Vizpix Broadcast Services Pace,2200,"$9,700",Fr3,Steven Davis,Brodie Davis,PACERS,Mobile,TAS,13.0,13.0,False,NR68 (A63),74096,"MC, DC.",NR 60 to 69. PBD/LTW. Pacers,433956,/kostyuk-leis,/steven-davis,/brodie-davis,"RED, WHITE SLEEVES, BLUE ARMBANDS",,,LN230826,LNC23082608,7,Launceston,2026-08-23,Launceston_2200,Launceston_2200_pacers_mobile,1099,979,43.7,31.5,30.6,29.3,29.4,launceston,2200,pacers,mobile,977.0,113.0,193.0,11.57,31.32,-19.43
LN230826,LN230826_R5,LN230826_R5_MUZZAME MATE,Launceston,2026-08-23,Day,Day,5,2:54 PM,2026-08-23T04:54:00+00:00,2026-08-23T14:54:00+10:00,4,MUZZAME MATE,Vizpix Broadcast Services Pace,2200,"$9,700",Fr4,Leigh Rand,Todd Rattray,PACERS,Mobile,TAS,3.4,3.4,False,NR69,11103,"MC, DC.",NR 60 to 69. PBD/LTW. Pacers,432384,/muzzame-mate,/leigh-rand,/todd-rattray,"BLUE, YELLOW MALTESE CROSS",,,LN230826,LNC23082608,9,Launceston,2026-08-23,Launceston_2200,Launceston_2200_pacers_mobile,1099,979,43.7,31.5,30.6,29.3,29.4,launceston,2200,pacers,mobile,976.0,113.0,214.0,11.58,33.5,-22.56
LN230826,LN230826_R5,LN230826_R5_ROCKNALLOVERTHEWORLD NZ,Launceston,2026-08-23,Day,Day,5,2:54 PM,2026-08-23T04:54:00+00:00,2026-08-23T14:54:00+10:00,5,ROCKNALLOVERTHEWORLD NZ,Vizpix Broadcast Services Pace,2200,"$9,700",Fr5,Wayne Yole,Mark Yole,PACERS,Mobile,TAS,31.0,31.0,False,NR62,89852,"MC, DC.",NR 60 to 69. PBD/LTW. Pacers,74,/rocknallovertheworld-nz,/wayne-yole,/mark-yole,"NAVY BLUE, RED STARS, NAVY BLUE SLEEVES, RED STARS",,,LN230826,LNC23082608,5,Launceston,2026-08-23,Launceston_2200,Launceston_2200_pacers_mobile,1099,979,43.7,31.5,30.6,29.3,29.4,launceston,2200,pacers,mobile,964.0,104.0,185.0,10.79,29.98,-9.67
LN230826,LN230826_R5,LN230826_R5_HAZEWILLREV,Launceston,2026-08-23,Day,Day,5,2:54 PM,2026-08-23T04:54:00+00:00,2026-08-23T14:54:00+10:00,6,HAZEWILLREV,Vizpix Broadcast Services Pace,2200,"$9,700",Fr6,Wayne Yole,Ryan Backhouse,PACERS,Mobile,TAS,61.0,61.0,False,NR66,50065,"MC, DC.",NR 60 to 69. PBD/LTW. Pacers,11459,/hazewillrev,/wayne-yole,/ryan-backhouse,"BLACK, RED YOKE & BRACES, BLACK STARS, BLACK SLEEVES, RED STARS",,,LN230826,LNC23082608,11,Launceston,2026-08-23,Launceston_2200,Launceston_2200_pacers_mobile,1099,979,43.7,31.5,30.6,29.3,29.4,launceston,2200,pacers,mobile,908.0,66.0,143.0,7.27,23.02,-28.04
LN230826,LN230826_R5,LN230826_R5_MONTGOMERY BURNS NZ,Launceston,2026-08-23,Day,Day,5,2:54 PM,2026-08-23T04:54:00+00:00,2026-08-23T14:54:00+10:00,7,MONTGOMERY BURNS NZ,Vizpix Broadcast Services Pace,2200,"$9,700",Fr7,Wayne Yole,Hannah Van dongen,PACERS,Mobile,TAS,21.0,21.0,False,NR69,63254,"MC, DC.",NR 60 to 69. PBD/LTW. Pacers,3330,/montgomery-burns-nz,/wayne-yole,/hannah-van-dongen,"PURPLE, BLACK STAR SASH & SLEEVES",,,LN230826,LNC23082608,12,Launceston,2026-08-23,Launceston_2200,Launceston_2200_pacers_mobile,1099,979,43.7,31.5,30.6,29.3,29.4,launceston,2200,pacers,mobile,543.0,31.0,81.0,5.71,20.63,-48.76
LN230826,LN230826_R5,LN230826_R5_INTO THE HARKNESS,Launceston,2026-08-23,Day,Day,5,2:54 PM,2026-08-23T04:54:00+00:00,2026-08-23T14:54:00+10:00,8,INTO THE HARKNESS,Vizpix Broadcast Services Pace,2200,"$9,700",Sr1,Geoffrey Smith,Charlie Castles,PACERS,Mobile,TAS,31.0,31.0,False,NR68 (A63),168s5,"MC, DC.",NR 60 to 69. PBD/LTW. Pacers,11643,/into-the-harkness,/geoffrey-smith,/charlie-castles,"PINK, BLUE DIAMONDS, ROYAL BLUE SLEEVES",,,LN230826,LNC23082608,10,Launceston,2026-08-23,Launceston_2200,Launceston_2200_pacers_mobile,1099,979,43.7,31.5,30.6,29.3,29.4,launceston,2200,pacers,mobile,857.0,77.0,182.0,8.98,30.22,-19.4
LN230826,LN230826_R5,LN230826_R5_MONEYS NO ISSUE,Launceston,2026-08-23,Day,Day,5,2:54 PM,2026-08-23T04:54:00+00:00,2026-08-23T14:54:00+10:00,9,MONEYS NO ISSUE,Vizpix Broadcast Services Pace,2200,"$9,700",Sr2,Christopher Howlett,Ethan Arnott,PACERS,Mobile,TAS,16.0,16.0,False,NR70 (A65),15452,"MC, DC.",NR 60 to 69. PBD/LTW. Pacers,3851,/moneys-no-issue,/christopher-howlett,/ethan-arnott,"BLUE & PINK CHECK, WHITE SLEEVES",,,LN230826,LNC23082608,8,Launceston,2026-08-23,Launceston_2200,Launceston_2200_pacers_mobile,1099,979,43.7,31.5,30.6,29.3,29.4,launceston,2200,pacers,mobile,772.0,89.0,169.0,11.53,33.42,-2.06
LN230826,LN230826_R5,LN230826_R5_JOHN VINCENT,Launceston,2026-08-23,Day,Day,5,2:54 PM,2026-08-23T04:54:00+00:00,2026-08-23T14:54:00+10:00,10,JOHN VINCENT,Vizpix Broadcast Services Pace,2200,"$9,700",Sr3,Luke Alcorn,Luke Alcorn,PACERS,Mobile,TAS,14.0,14.0,False,NR68,s4220,"MC, DC.",NR 60 to 69. PBD/LTW. Pacers,286,/john-vincent,/luke-alcorn,/luke-alcorn,"WHITE, RED YOKE & BRACES, WHITE SLEEVES, RED CUFFS",,,LN230826,LNC23082608,2,Launceston,2026-08-23,Launceston_2200,Launceston_2200_pacers_mobile,1099,979,43.7,31.5,30.6,29.3,29.4,launceston,2200,pacers,mobile,673.0,63.0,147.0,9.36,31.2,-13.1
LN230826,LN230826_R5,LN230826_R5_WE SALUTE YOU,Launceston,2026-08-23,Day,Day,5,2:54 PM,2026-08-23T04:54:00+00:00,2026-08-23T14:54:00+10:00,11,WE SALUTE YOU,Vizpix Broadcast Services Pace,2200,"$9,700",Sr4,Wayne Yole,Dylan Ford,PACERS,Mobile,TAS,34.0,34.0,False,NR66,37078,"MC, DC.",NR 60 to 69. PBD/LTW. Pacers,337,/we-salute-you,/wayne-yole,/dylan-ford,"RED, BLACK YOKE, 3 RED DIAMONDS, SILVER GREY SLEEVES, WHITE DIAMONDS",,,LN230826,LNC23082608,3,Launceston,2026-08-23,Launceston_2200,Launceston_2200_pacers_mobile,1099,979,43.7,31.5,30.6,29.3,29.4,launceston,2200,pacers,mobile,559.0,53.0,105.0,9.48,28.26,-5.02
LN230826,LN230826_R5,LN230826_R5_MOVESLIKEALADY,Launceston,2026-08-23,Day,Day,5,2:54 PM,2026-08-23T04:54:00+00:00,2026-08-23T14:54:00+10:00,12,MOVESLIKEALADY,Vizpix Broadcast Services Pace,2200,"$9,700",Sr5,Rohan Hillier,Jordan Chibnall,PACERS,Mobile,TAS,3.8,3.8,False,NR65 (A60),41242,"MC, DC.",NR 60 to 69. PBD/LTW. Pacers,3677,/moveslikealady,/rohan-hillier,/jordan-chibnall,"TEAL, BLACK STARS, COLLAR, WAISTBAND AND CUFFS",,ODM,LN230826,LNC23082608,6,Launceston,2026-08-23,Launceston_2200,Launceston_2200_pacers_mobile,1099,979,43.7,31.5,30.6,29.3,29.4,launceston,2200,pacers,mobile,436.0,25.0,74.0,5.73,22.71,-34.37
LN230826,LN230826_R6,LN230826_R6_SHEEZA SOHO,Launceston,2026-08-23,Day,Day,6,3:29 PM,2026-08-23T05:29:00+00:00,2026-08-23T15:29:00+10:00,1,SHEEZA SOHO,Become an Lpc Member Pace,1680,"$8,000",SCR,Tammy Langley,Dylan Ford,PACERS,Mobile,TAS,3.5,3.5,True,NR49,227s8,Tasbred Selected First.,NR up to 49. PBD/LTW. Pacers,436835,/sheeza-soho,/tammy-langley,/dylan-ford,"RED, BLACK YOKE, 3 RED DIAMONDS, SILVER GREY SLEEVES, WHITE DIAMONDS",,,LN100726,LNC10072609,8,Launceston,2026-07-10,Launceston_1680,Launceston_1680_pacers_mobile,546,531,5.1,29.1,30.9,29.2,29.2,launceston,1680,pacers,mobile,0.0,0.0,0.0,0.0,0.0,0.0
LN230826,LN230826_R6,LN230826_R6_COUNT YOUR BLESSIN,Launceston,2026-08-23,Day,Day,6,3:29 PM,2026-08-23T05:29:00+00:00,2026-08-23T15:29:00+10:00,2,COUNT YOUR BLESSIN,Become an Lpc Member Pace,1680,"$8,000",Fr1,Adrian Duggan,Jacob Duggan,PACERS,Mobile,TAS,6.5,6.5,False,NR48,76678,Tasbred Selected First.,NR up to 49. PBD/LTW. Pacers,438633,/count-your-blessin,/adrian-duggan,/jacob-duggan,"BLACK, ORANGE YOKE, BRACES & MALTESE CROSSES, BLACK SLEEVES, ORANGE CUFFS",,,LN230826,LNC23082605,4,Launceston,2026-08-23,Launceston_1680,Launceston_1680_pacers_mobile,546,531,5.1,29.1,30.9,29.2,29.2,launceston,1680,pacers,mobile,531.0,84.0,127.0,15.82,39.74,-14.58
LN230826,LN230826_R6,LN230826_R6_HORRIE OTARA,Launceston,2026-08-23,Day,Day,6,3:29 PM,2026-08-23T05:29:00+00:00,2026-08-23T15:29:00+10:00,3,HORRIE OTARA,Become an Lpc Member Pace,1680,"$8,000",Fr2,Geoffrey Smith,Brodie Davis,PACERS,Mobile,TAS,6.0,6.0,False,NR38,36834,Tasbred Selected First.,NR up to 49. PBD/LTW. Pacers,3012,/horrie-otara,/geoffrey-smith,/brodie-davis,"YELLOW, BLACK QUARTERS, YELLOW SLEEVES",,,LN230826,LNC23082605,6,Launceston,2026-08-23,Launceston_1680,Launceston_1680_pacers_mobile,546,531,5.1,29.1,30.9,29.2,29.2,launceston,1680,pacers,mobile,530.0,75.0,144.0,14.15,41.32,-21.53
LN230826,LN230826_R6,LN230826_R6_PARK LANE NZ,Launceston,2026-08-23,Day,Day,6,3:29 PM,2026-08-23T05:29:00+00:00,2026-08-23T15:29:00+10:00,4,PARK LANE NZ,Become an Lpc Member Pace,1680,"$8,000",Fr3,Wayne Yole,Ryan Backhouse,PACERS,Mobile,TAS,9.5,9.5,False,NR46,10078,Tasbred Selected First.,NR up to 49. PBD/LTW. Pacers,42633,/park-lane-nz,/wayne-yole,/ryan-backhouse,"BLACK, RED YOKE & BRACES, BLACK STARS, BLACK SLEEVES, RED STARS",,,LN230826,LNC23082605,7,Launceston,2026-08-23,Launceston_1680,Launceston_1680_pacers_mobile,546,531,5.1,29.1,30.9,29.2,29.2,launceston,1680,pacers,mobile,528.0,58.0,127.0,10.98,35.04,-34.38
LN230826,LN230826_R6,LN230826_R6_JEREMY WELLS NZ,Launceston,2026-08-23,Day,Day,6,3:29 PM,2026-08-23T05:29:00+00:00,2026-08-23T15:29:00+10:00,5,JEREMY WELLS NZ,Become an Lpc Member Pace,1680,"$8,000",Fr4,Wayne Yole,Gareth Rattray,PACERS,Mobile,TAS,3.4,3.4,False,NR48,56489,Tasbred Selected First.,NR up to 49. PBD/LTW. Pacers,4544,/jeremy-wells-nz,/wayne-yole,/gareth-rattray,"BLACK, GREEN HORSESHOES & ARMBANDS",,,LN230826,LNC23082605,1,Launceston,2026-08-23,Launceston_1680,Launceston_1680_pacers_mobile,546,531,5.1,29.1,30.9,29.2,29.2,launceston,1680,pacers,mobile,522.0,74.0,124.0,14.18,37.93,-11.78
LN230826,LN230826_R6,LN230826_R6_CHRIS BE QUICK,Launceston,2026-08-23,Day,Day,6,3:29 PM,2026-08-23T05:29:00+00:00,2026-08-23T15:29:00+10:00,6,CHRIS BE QUICK,Become an Lpc Member Pace,1680,"$8,000",Fr5,Geoffrey Smith,Jordan Chibnall,PACERS,Mobile,TAS,3.9,3.9,False,NR44,05604,Tasbred Selected First.,NR up to 49. PBD/LTW. Pacers,5783,/chris-be-quick,/geoffrey-smith,/jordan-chibnall,"YELLOW, BLACK BRACES, YELLOW AND BLACK HOOPED SLEEVES",,,LN230826,LNC23082605,3,Launceston,2026-08-23,Launceston_1680,Launceston_1680_pacers_mobile,546,531,5.1,29.1,30.9,29.2,29.2,launceston,1680,pacers,mobile,508.0,61.0,107.0,12.01,33.07,-9.05
LN230826,LN230826_R6,LN230826_R6_GOBSMACKED,Launceston,2026-08-23,Day,Day,6,3:29 PM,2026-08-23T05:29:00+00:00,2026-08-23T15:29:00+10:00,7,GOBSMACKED,Become an Lpc Member Pace,1680,"$8,000",Fr6,Wayne Yole,Mark Yole,PACERS,Mobile,TAS,4.0,4.0,False,NR47,33134,Tasbred Selected First.,NR up to 49. PBD/LTW. Pacers,213,/gobsmacked,/wayne-yole,/mark-yole,"NAVY BLUE, RED STARS, NAVY BLUE SLEEVES, RED STARS",,,LN230826,LNC23082605,2,Launceston,2026-08-23,Launceston_1680,Launceston_1680_pacers_mobile,546,531,5.1,29.1,30.9,29.2,29.2,launceston,1680,pacers,mobile,470.0,44.0,75.0,9.36,25.32,-6.68
LN230826,LN230826_R6,LN230826_R6_KIAVINO STRIDE,Launceston,2026-08-23,Day,Day,6,3:29 PM,2026-08-23T05:29:00+00:00,2026-08-23T15:29:00+10:00,8,KIAVINO STRIDE,Become an Lpc Member Pace,1680,"$8,000",Sr1,Wayne Yole,Hannah Van dongen,PACERS,Mobile,TAS,31.0,31.0,False,NR43,0498s,Tasbred Selected First.,NR up to 49. PBD/LTW. Pacers,1530,/kiavino-stride,/wayne-yole,/hannah-van-dongen,"PURPLE, BLACK STAR SASH & SLEEVES",,,LN230826,LNC23082605,5,Launceston,2026-08-23,Launceston_1680,Launceston_1680_pacers_mobile,546,531,5.1,29.1,30.9,29.2,29.2,launceston,1680,pacers,mobile,433.0,29.0,104.0,6.7,30.72,-36.01
LN230826,LN230826_R7,LN230826_R7_ATOMIC BLACK,Launceston,2026-08-23,Day,Day,7,4:04 PM,2026-08-23T06:04:00+00:00,2026-08-23T16:04:00+10:00,1,ATOMIC BLACK,Tassie Wash Stakes,1680,"$9,700",Fr1,Charlie Castles,Todd Rattray,PACERS,Mobile,TAS,3.5,3.5,False,NR68 (A70),12149,"MC, DC. RACING ABOVE NR- LYNRYD SKYNRYD NZ, FLEETWOOD ROCK, TOLD YOU TWICE, SNOWIEWILLREV, MISS COLLANN, ATOMIC BLACK.",NR 70 to 79. RBD. Pacers,435926,/atomic-black,/charlie-castles,/todd-rattray,GREEN & YELLOW STRIPES,,,LN230826,LNC23082609,1,Launceston,2026-08-23,Launceston_1680,Launceston_1680_pacers_mobile,546,531,5.1,29.1,30.9,29.2,29.2,launceston,1680,pacers,mobile,531.0,84.0,127.0,15.82,39.74,-14.58
LN230826,LN230826_R7,LN230826_R7_SNOWIEWILLREV,Launceston,2026-08-23,Day,Day,7,4:04 PM,2026-08-23T06:04:00+00:00,2026-08-23T16:04:00+10:00,2,SNOWIEWILLREV,Tassie Wash Stakes,1680,"$9,700",Fr2,Christopher Howlett,Gareth Rattray,PACERS,Mobile,TAS,2.35,2.35,False,NR69 (A70),0s371,"MC, DC. RACING ABOVE NR- LYNRYD SKYNRYD NZ, FLEETWOOD ROCK, TOLD YOU TWICE, SNOWIEWILLREV, MISS COLLANN, ATOMIC BLACK.",NR 70 to 79. RBD. Pacers,157222,/snowiewillrev,/christopher-howlett,/gareth-rattray,"PINK, BLUE STRIPES",,,LN230826,LNC23082609,8,Launceston,2026-08-23,Launceston_1680,Launceston_1680_pacers_mobile,546,531,5.1,29.1,30.9,29.2,29.2,launceston,1680,pacers,mobile,530.0,75.0,144.0,14.15,41.32,-21.53
LN230826,LN230826_R7,LN230826_R7_VANQUISH STRIDE NZ,Launceston,2026-08-23,Day,Day,7,4:04 PM,2026-08-23T06:04:00+00:00,2026-08-23T16:04:00+10:00,3,VANQUISH STRIDE NZ,Tassie Wash Stakes,1680,"$9,700",Fr3,Wayne Yole,Ethan Arnott,PACERS,Mobile,TAS,3.8,3.8,False,NR82 (A77),24261,"MC, DC. RACING ABOVE NR- LYNRYD SKYNRYD NZ, FLEETWOOD ROCK, TOLD YOU TWICE, SNOWIEWILLREV, MISS COLLANN, ATOMIC BLACK.",NR 70 to 79. RBD. Pacers,4455,/vanquish-stride-nz,/wayne-yole,/ethan-arnott,"RED, WHITE STRIPES, BLACK STARS & SLEEVES",,,LN230826,LNC23082609,3,Launceston,2026-08-23,Launceston_1680,Launceston_1680_pacers_mobile,546,531,5.1,29.1,30.9,29.2,29.2,launceston,1680,pacers,mobile,528.0,58.0,127.0,10.98,35.04,-34.38
LN230826,LN230826_R7,LN230826_R7_LOU BABY NZ,Launceston,2026-08-23,Day,Day,7,4:04 PM,2026-08-23T06:04:00+00:00,2026-08-23T16:04:00+10:00,4,LOU BABY NZ,Tassie Wash Stakes,1680,"$9,700",SCR,Charlie Castles,Charlie Castles,PACERS,Mobile,TAS,2.6,2.6,True,NR77,42s66,"MC, DC. RACING ABOVE NR- LYNRYD SKYNRYD NZ, FLEETWOOD ROCK, TOLD YOU TWICE, SNOWIEWILLREV, MISS COLLANN, ATOMIC BLACK.",NR 70 to 79. RBD. Pacers,439406,/lou-baby-nz-439406,/charlie-castles,/charlie-castles,"GREEN, RED SASH & ARMBANDS",,,LN010826,LNC01082608,6,Launceston,2026-08-01,Launceston_1680,Launceston_1680_pacers_mobile,546,531,5.1,29.1,30.9,29.2,29.2,launceston,1680,pacers,mobile,0.0,0.0,0.0,0.0,0.0,0.0
LN230826,LN230826_R7,LN230826_R7_MISS COLLANN,Launceston,2026-08-23,Day,Day,7,4:04 PM,2026-08-23T06:04:00+00:00,2026-08-23T16:04:00+10:00,5,MISS COLLANN,Tassie Wash Stakes,1680,"$9,700",Fr4,Steven Davis,Brodie Davis,PACERS,Mobile,TAS,9.5,9.5,False,NR67 (A70),32005,"MC, DC. RACING ABOVE NR- LYNRYD SKYNRYD NZ, FLEETWOOD ROCK, TOLD YOU TWICE, SNOWIEWILLREV, MISS COLLANN, ATOMIC BLACK.",NR 70 to 79. RBD. Pacers,5491,/miss-collann,/steven-davis,/brodie-davis,"GREEN BODY, GREY V WITH WHITE STRIPES, GREY SLEEVES WITH GREEN & WHITE STRIPES, GREY COLLAR",,,LN230826,LNC23082609,7,Launceston,2026-08-23,Launceston_1680,Launceston_1680_pacers_mobile,546,531,5.1,29.1,30.9,29.2,29.2,launceston,1680,pacers,mobile,522.0,74.0,124.0,14.18,37.93,-11.78
LN230826,LN230826_R7,LN230826_R7_FLEETWOOD ROCK,Launceston,2026-08-23,Day,Day,7,4:04 PM,2026-08-23T06:04:00+00:00,2026-08-23T16:04:00+10:00,6,FLEETWOOD ROCK,Tassie Wash Stakes,1680,"$9,700",Fr5,Wayne Yole,Adrian Collins,PACERS,Mobile,TAS,101.0,101.0,False,NR66 (A70),80598,"MC, DC. RACING ABOVE NR- LYNRYD SKYNRYD NZ, FLEETWOOD ROCK, TOLD YOU TWICE, SNOWIEWILLREV, MISS COLLANN, ATOMIC BLACK.",NR 70 to 79. RBD. Pacers,3666,/fleetwood-rock,/wayne-yole,/adrian-collins,"BROWN, GREY SLEEVES",,,LN230826,LNC23082609,5,Launceston,2026-08-23,Launceston_1680,Launceston_1680_pacers_mobile,546,531,5.1,29.1,30.9,29.2,29.2,launceston,1680,pacers,mobile,508.0,61.0,107.0,12.01,33.07,-9.05
LN230826,LN230826_R7,LN230826_R7_LYNRYD SKYNRYD NZ,Launceston,2026-08-23,Day,Day,7,4:04 PM,2026-08-23T06:04:00+00:00,2026-08-23T16:04:00+10:00,7,LYNRYD SKYNRYD NZ,Tassie Wash Stakes,1680,"$9,700",Fr6,Wayne Yole,Hannah Van dongen,PACERS,Mobile,TAS,61.0,61.0,False,NR69 (A70),895s6,"MC, DC. RACING ABOVE NR- LYNRYD SKYNRYD NZ, FLEETWOOD ROCK, TOLD YOU TWICE, SNOWIEWILLREV, MISS COLLANN, ATOMIC BLACK.",NR 70 to 79. RBD. Pacers,4095,/lynryd-skynryd-nz,/wayne-yole,/hannah-van-dongen,"PURPLE, BLACK STAR SASH & SLEEVES",,,LN230826,LNC23082609,6,Launceston,2026-08-23,Launceston_1680,Launceston_1680_pacers_mobile,546,531,5.1,29.1,30.9,29.2,29.2,launceston,1680,pacers,mobile,470.0,44.0,75.0,9.36,25.32,-6.68
LN230826,LN230826_R7,LN230826_R7_TOLD YOU TWICE,Launceston,2026-08-23,Day,Day,7,4:04 PM,2026-08-23T06:04:00+00:00,2026-08-23T16:04:00+10:00,8,TOLD YOU TWICE,Tassie Wash Stakes,1680,"$9,700",Sr1,Wayne Yole,Dylan Ford,PACERS,Mobile,TAS,23.0,23.0,False,NR67 (A70),02950,"MC, DC. RACING ABOVE NR- LYNRYD SKYNRYD NZ, FLEETWOOD ROCK, TOLD YOU TWICE, SNOWIEWILLREV, MISS COLLANN, ATOMIC BLACK.",NR 70 to 79. RBD. Pacers,4191,/told-you-twice,/wayne-yole,/dylan-ford,"RED, BLACK YOKE, 3 RED DIAMONDS, SILVER GREY SLEEVES, WHITE DIAMONDS",,,LN230826,LNC23082609,4,Launceston,2026-08-23,Launceston_1680,Launceston_1680_pacers_mobile,546,531,5.1,29.1,30.9,29.2,29.2,launceston,1680,pacers,mobile,433.0,29.0,104.0,6.7,30.72,-36.01
LN230826,LN230826_R7,LN230826_R7_ANOTHER NIEN,Launceston,2026-08-23,Day,Day,7,4:04 PM,2026-08-23T06:04:00+00:00,2026-08-23T16:04:00+10:00,9,ANOTHER NIEN,Tassie Wash Stakes,1680,"$9,700",Sr2,Adrian Duggan,Jacob Duggan,PACERS,Mobile,TAS,8.5,8.5,False,NR77,59257,"MC, DC. RACING ABOVE NR- LYNRYD SKYNRYD NZ, FLEETWOOD ROCK, TOLD YOU TWICE, SNOWIEWILLREV, MISS COLLANN, ATOMIC BLACK.",NR 70 to 79. RBD. Pacers,627,/another-nien,/adrian-duggan,/jacob-duggan,"BLACK, ORANGE YOKE, BRACES & MALTESE CROSSES, BLACK SLEEVES, ORANGE CUFFS",,,LN230826,LNC23082609,2,Launceston,2026-08-23,Launceston_1680,Launceston_1680_pacers_mobile,546,531,5.1,29.1,30.9,29.2,29.2,launceston,1680,pacers,mobile,384.0,27.0,71.0,7.03,25.52,-29.26
LN230826,LN230826_R8,LN230826_R8_WEE GEORGIE WOOD,Launceston,2026-08-23,Day,Day,8,4:39 PM,2026-08-23T06:39:00+00:00,2026-08-23T16:39:00+10:00,1,WEE GEORGIE WOOD,Nutrien Ag Supplies Pace,2200,"$9,700",Fr1,Heath Szczypka,Gareth Rattray,PACERS,Mobile,TAS,4.8,4.8,False,NR57,34495,"MC, DC. Tasbred Selected First.",NR 55 to 59. PBD/LTW. Pacers,439458,/wee-georgie-wood,/heath-szczypka,/gareth-rattray,"RED, BLACK VEE, WHITE BANDS",,,LN230826,LNC23082607,2,Launceston,2026-08-23,Launceston_2200,Launceston_2200_pacers_mobile,1099,979,43.7,31.5,30.6,29.3,29.4,launceston,2200,pacers,mobile,978.0,123.0,214.0,12.58,34.46,-21.76
LN230826,LN230826_R8,LN230826_R8_SOHO TUXEDO,Launceston,2026-08-23,Day,Day,8,4:39 PM,2026-08-23T06:39:00+00:00,2026-08-23T16:39:00+10:00,2,SOHO TUXEDO,Nutrien Ag Supplies Pace,2200,"$9,700",Fr2,Wayne Yole,Hannah Van dongen,PACERS,Mobile,TAS,23.0,23.0,False,NR54 (A55),88799,"MC, DC. Tasbred Selected First.",NR 55 to 59. PBD/LTW. Pacers,440805,/soho-tuxedo,/wayne-yole,/hannah-van-dongen,"PURPLE, BLACK STAR SASH & SLEEVES",,,LN230826,LNC23082607,7,Launceston,2026-08-23,Launceston_2200,Launceston_2200_pacers_mobile,1099,979,43.7,31.5,30.6,29.3,29.4,launceston,2200,pacers,mobile,975.0,110.0,227.0,11.28,34.56,-25.91
LN230826,LN230826_R8,LN230826_R8_IMA LITTLE NEEDY,Launceston,2026-08-23,Day,Day,8,4:39 PM,2026-08-23T06:39:00+00:00,2026-08-23T16:39:00+10:00,3,IMA LITTLE NEEDY,Nutrien Ag Supplies Pace,2200,"$9,700",Fr3,Rachel Williams,Ben Parker,PACERS,Mobile,TAS,26.0,26.0,False,NR56,76686,"MC, DC. Tasbred Selected First.",NR 55 to 59. PBD/LTW. Pacers,436558,/ima-little-needy,/rachel-williams,/ben-parker,"BLUE, GREEN DIAMOND & SLEEVES WITH BLUE DIAMONDS",,,LN230826,LNC23082607,8,Launceston,2026-08-23,Launceston_2200,Launceston_2200_pacers_mobile,1099,979,43.7,31.5,30.6,29.3,29.4,launceston,2200,pacers,mobile,977.0,113.0,193.0,11.57,31.32,-19.43
LN230826,LN230826_R8,LN230826_R8_ART HUNTSMAN,Launceston,2026-08-23,Day,Day,8,4:39 PM,2026-08-23T06:39:00+00:00,2026-08-23T16:39:00+10:00,4,ART HUNTSMAN,Nutrien Ag Supplies Pace,2200,"$9,700",SCR,Claire MacDonald,Jordan Chibnall,PACERS,Mobile,TAS,4.5,4.5,True,NR58,23621,"MC, DC. Tasbred Selected First.",NR 55 to 59. PBD/LTW. Pacers,712,/art-huntsman,/claire-macdonald,/jordan-chibnall,"BLACK, YELLOW STARS",,,EH160826,EHC16082607,1,Hobart,2026-08-16,Launceston_2200,Launceston_2200_pacers_mobile,1099,979,43.7,31.5,30.6,29.3,29.4,launceston,2200,pacers,mobile,0.0,0.0,0.0,0.0,0.0,0.0
LN230826,LN230826_R8,LN230826_R8_WATCH YOUR BACK NZ,Launceston,2026-08-23,Day,Day,8,4:39 PM,2026-08-23T06:39:00+00:00,2026-08-23T16:39:00+10:00,5,WATCH YOUR BACK NZ,Nutrien Ag Supplies Pace,2200,"$9,700",Fr4,Shelley Barnes,Charlie Castles,PACERS,Mobile,TAS,2.7,2.7,False,NR58,31181,"MC, DC. Tasbred Selected First.",NR 55 to 59. PBD/LTW. Pacers,441113,/watch-your-back-nz-441113,/shelley-barnes,/charlie-castles,"MAROON, GREEN HOOPS, YELLOW HOOP, YELLOW SLEEVES, GREEN HOOPS",,,LN230826,LNC23082607,6,Launceston,2026-08-23,Launceston_2200,Launceston_2200_pacers_mobile,1099,979,43.7,31.5,30.6,29.3,29.4,launceston,2200,pacers,mobile,976.0,113.0,214.0,11.58,33.5,-22.56
LN230826,LN230826_R8,LN230826_R8_CAN FEEL THE FURY NZ,Launceston,2026-08-23,Day,Day,8,4:39 PM,2026-08-23T06:39:00+00:00,2026-08-23T16:39:00+10:00,6,CAN FEEL THE FURY NZ,Nutrien Ag Supplies Pace,2200,"$9,700",Fr5,Wayne Yole,Ryan Backhouse,PACERS,Mobile,TAS,7.0,7.0,False,NR59,93314,"MC, DC. Tasbred Selected First.",NR 55 to 59. PBD/LTW. Pacers,3832,/can-feel-the-fury-nz,/wayne-yole,/ryan-backhouse,"BLACK, RED YOKE & BRACES, BLACK STARS, BLACK SLEEVES, RED STARS",,,LN230826,LNC23082607,4,Launceston,2026-08-23,Launceston_2200,Launceston_2200_pacers_mobile,1099,979,43.7,31.5,30.6,29.3,29.4,launceston,2200,pacers,mobile,964.0,104.0,185.0,10.79,29.98,-9.67
LN230826,LN230826_R8,LN230826_R8_LETSGOBRO,Launceston,2026-08-23,Day,Day,8,4:39 PM,2026-08-23T06:39:00+00:00,2026-08-23T16:39:00+10:00,7,LETSGOBRO,Nutrien Ag Supplies Pace,2200,"$9,700",Fr6,Geoffrey Smith,Brodie Davis,PACERS,Mobile,TAS,10.0,10.0,False,NR57,75709,"MC, DC. Tasbred Selected First.",NR 55 to 59. PBD/LTW. Pacers,358,/letsgobro,/geoffrey-smith,/brodie-davis,"YELLOW, BLACK BRACES, YELLOW AND BLACK HOOPED SLEEVES",,,LN230826,LNC23082607,1,Launceston,2026-08-23,Launceston_2200,Launceston_2200_pacers_mobile,1099,979,43.7,31.5,30.6,29.3,29.4,launceston,2200,pacers,mobile,908.0,66.0,143.0,7.27,23.02,-28.04
LN230826,LN230826_R8,LN230826_R8_JAMES CAGNEY NZ,Launceston,2026-08-23,Day,Day,8,4:39 PM,2026-08-23T06:39:00+00:00,2026-08-23T16:39:00+10:00,8,JAMES CAGNEY NZ,Nutrien Ag Supplies Pace,2200,"$9,700",Sr1,Wayne Yole,Dylan Ford,PACERS,Mobile,TAS,4.8,4.8,False,NR58,69674,"MC, DC. Tasbred Selected First.",NR 55 to 59. PBD/LTW. Pacers,4948,/james-cagney-nz,/wayne-yole,/dylan-ford,"RED, BLACK YOKE, 3 RED DIAMONDS, SILVER GREY SLEEVES, WHITE DIAMONDS",,,LN230826,LNC23082607,3,Launceston,2026-08-23,Launceston_2200,Launceston_2200_pacers_mobile,1099,979,43.7,31.5,30.6,29.3,29.4,launceston,2200,pacers,mobile,857.0,77.0,182.0,8.98,30.22,-19.4
LN230826,LN230826_R8,LN230826_R8_CHAMONIX,Launceston,2026-08-23,Day,Day,8,4:39 PM,2026-08-23T06:39:00+00:00,2026-08-23T16:39:00+10:00,9,CHAMONIX,Nutrien Ag Supplies Pace,2200,"$9,700",Sr2,Wayne Yole,Mark Yole,PACERS,Mobile,TAS,6.5,6.5,False,NR56,25049,"MC, DC. Tasbred Selected First.",NR 55 to 59. PBD/LTW. Pacers,163,/chamonix,/wayne-yole,/mark-yole,"NAVY BLUE, RED STARS, NAVY BLUE SLEEVES, RED STARS",,,LN230826,LNC23082607,5,Launceston,2026-08-23,Launceston_2200,Launceston_2200_pacers_mobile,1099,979,43.7,31.5,30.6,29.3,29.4,launceston,2200,pacers,mobile,772.0,89.0,169.0,11.53,33.42,-2.06
LN230826,LN230826_R9,LN230826_R9_ALL ABOUT SADIE,Launceston,2026-08-23,Day,Day,9,5:12 PM,2026-08-23T07:12:00+00:00,2026-08-23T17:12:00+10:00,1,ALL ABOUT SADIE,Find Us on Facebook and Instagram Stakes,2200,"$9,700",Fr1,Todd Rattray,Ethan Arnott,PACERS,Mobile,TAS,9.5,9.5,False,NR50,33533,Fillies & Mares. NMT 3 LTW's. A/E 3YO+ Fillies & Mares Upto NR 60.,3YO and older Fillies and Mares. NMT 3 LTW's. PBD/LTW. Pacers,12343,/all-about-sadie,/todd-rattray,/ethan-arnott,"BLUE, ORANGE STRIPES, BLUE & ORANGE CHECKED SLEEVES",,,LN230826,LNC23082604,3,Launceston,2026-08-23,Launceston_2200,Launceston_2200_pacers_mobile,1099,979,43.7,31.5,30.6,29.3,29.4,launceston,2200,pacers,mobile,978.0,123.0,214.0,12.58,34.46,-21.76
LN230826,LN230826_R9,LN230826_R9_SWEETHEART DIOR,Launceston,2026-08-23,Day,Day,9,5:12 PM,2026-08-23T07:12:00+00:00,2026-08-23T17:12:00+10:00,2,SWEETHEART DIOR,Find Us on Facebook and Instagram Stakes,2200,"$9,700",Fr2,Tammy Langley,Dylan Ford,PACERS,Mobile,TAS,2.75,2.75,False,NR56,23153,Fillies & Mares. NMT 3 LTW's. A/E 3YO+ Fillies & Mares Upto NR 60.,3YO and older Fillies and Mares. NMT 3 LTW's. PBD/LTW. Pacers,187117,/sweetheart-dior,/tammy-langley,/dylan-ford,"RED, BLACK YOKE, 3 RED DIAMONDS, SILVER GREY SLEEVES, WHITE DIAMONDS",,,LN230826,LNC23082604,4,Launceston,2026-08-23,Launceston_2200,Launceston_2200_pacers_mobile,1099,979,43.7,31.5,30.6,29.3,29.4,launceston,2200,pacers,mobile,975.0,110.0,227.0,11.28,34.56,-25.91
LN230826,LN230826_R9,LN230826_R9_ISLA ATHENA,Launceston,2026-08-23,Day,Day,9,5:12 PM,2026-08-23T07:12:00+00:00,2026-08-23T17:12:00+10:00,3,ISLA ATHENA,Find Us on Facebook and Instagram Stakes,2200,"$9,700",Fr3,Tyler Bain,Gareth Rattray,PACERS,Mobile,TAS,18.0,18.0,False,NR54,45s75,Fillies & Mares. NMT 3 LTW's. A/E 3YO+ Fillies & Mares Upto NR 60.,3YO and older Fillies and Mares. NMT 3 LTW's. PBD/LTW. Pacers,435695,/isla-athena,/tyler-bain,/gareth-rattray,"YELLOW, BLACK SASH, BLACK SLEEVES, YELLOW ARMBANDS",,,LN230826,LNC23082604,8,Launceston,2026-08-23,Launceston_2200,Launceston_2200_pacers_mobile,1099,979,43.7,31.5,30.6,29.3,29.4,launceston,2200,pacers,mobile,977.0,113.0,193.0,11.57,31.32,-19.43
LN230826,LN230826_R9,LN230826_R9_SOHO TIGER LILY,Launceston,2026-08-23,Day,Day,9,5:12 PM,2026-08-23T07:12:00+00:00,2026-08-23T17:12:00+10:00,4,SOHO TIGER LILY,Find Us on Facebook and Instagram Stakes,2200,"$9,700",Fr4,Wayne Yole,Mark Yole,PACERS,Mobile,TAS,4.2,4.2,False,NR59,62952,Fillies & Mares. NMT 3 LTW's. A/E 3YO+ Fillies & Mares Upto NR 60.,3YO and older Fillies and Mares. NMT 3 LTW's. PBD/LTW. Pacers,439300,/soho-tiger-lily,/wayne-yole,/mark-yole,"NAVY BLUE, RED STARS, NAVY BLUE SLEEVES, RED STARS",,,LN230826,LNC23082604,6,Launceston,2026-08-23,Launceston_2200,Launceston_2200_pacers_mobile,1099,979,43.7,31.5,30.6,29.3,29.4,launceston,2200,pacers,mobile,976.0,113.0,214.0,11.58,33.5,-22.56
LN230826,LN230826_R9,LN230826_R9_PHLOW JO,Launceston,2026-08-23,Day,Day,9,5:12 PM,2026-08-23T07:12:00+00:00,2026-08-23T17:12:00+10:00,5,PHLOW JO,Find Us on Facebook and Instagram Stakes,2200,"$9,700",Fr5,Todd Rattray,Todd Rattray,PACERS,Mobile,TAS,3.5,3.5,False,NR57,33541,Fillies & Mares. NMT 3 LTW's. A/E 3YO+ Fillies & Mares Upto NR 60.,3YO and older Fillies and Mares. NMT 3 LTW's. PBD/LTW. Pacers,60554,/phlow-jo,/todd-rattray,/todd-rattray,"RED, WHITE V YOKE & CUFFS",,,LN230826,LNC23082604,2,Launceston,2026-08-23,Launceston_2200,Launceston_2200_pacers_mobile,1099,979,43.7,31.5,30.6,29.3,29.4,launceston,2200,pacers,mobile,964.0,104.0,185.0,10.79,29.98,-9.67
LN230826,LN230826_R9,LN230826_R9_ALWAYSATIGER,Launceston,2026-08-23,Day,Day,9,5:12 PM,2026-08-23T07:12:00+00:00,2026-08-23T17:12:00+10:00,6,ALWAYSATIGER,Find Us on Facebook and Instagram Stakes,2200,"$9,700",Fr6,Kent Rattray,John Walters,PACERS,Mobile,TAS,8.0,8.0,False,NR63,1s650,Fillies & Mares. NMT 3 LTW's. A/E 3YO+ Fillies & Mares Upto NR 60.,3YO and older Fillies and Mares. NMT 3 LTW's. PBD/LTW. Pacers,436818,/alwaysatiger,/kent-rattray,/john-walters,"BLACK, RED SASH, RED SLEEVES, BLACK STARS",,,LN230826,LNC23082604,9,Launceston,2026-08-23,Launceston_2200,Launceston_2200_pacers_mobile,1099,979,43.7,31.5,30.6,29.3,29.4,launceston,2200,pacers,mobile,908.0,66.0,143.0,7.27,23.02,-28.04
LN230826,LN230826_R9,LN230826_R9_WEONA EAGLE,Launceston,2026-08-23,Day,Day,9,5:12 PM,2026-08-23T07:12:00+00:00,2026-08-23T17:12:00+10:00,7,WEONA EAGLE,Find Us on Facebook and Instagram Stakes,2200,"$9,700",Fr7,Steven Davis,Brodie Davis,PACERS,Mobile,TAS,26.0,26.0,False,NR60,797s5,Fillies & Mares. NMT 3 LTW's. A/E 3YO+ Fillies & Mares Upto NR 60.,3YO and older Fillies and Mares. NMT 3 LTW's. PBD/LTW. Pacers,182038,/weona-eagle,/steven-davis,/brodie-davis,"YELLOW, RED BAND & SLEEVES",,,LN230826,LNC23082604,1,Launceston,2026-08-23,Launceston_2200,Launceston_2200_pacers_mobile,1099,979,43.7,31.5,30.6,29.3,29.4,launceston,2200,pacers,mobile,543.0,31.0,81.0,5.71,20.63,-48.76
LN230826,LN230826_R9,LN230826_R9_YARECKON IM SWEET,Launceston,2026-08-23,Day,Day,9,5:12 PM,2026-08-23T07:12:00+00:00,2026-08-23T17:12:00+10:00,8,YARECKON IM SWEET,Find Us on Facebook and Instagram Stakes,2200,"$9,700",Sr1,Wayne Yole,Ryan Backhouse,PACERS,Mobile,TAS,31.0,31.0,False,NR50,46608,Fillies & Mares. NMT 3 LTW's. A/E 3YO+ Fillies & Mares Upto NR 60.,3YO and older Fillies and Mares. NMT 3 LTW's. PBD/LTW. Pacers,2716,/yareckon-im-sweet,/wayne-yole,/ryan-backhouse,"BLACK, RED YOKE & BRACES, BLACK STARS, BLACK SLEEVES, RED STARS",,,LN230826,LNC23082604,5,Launceston,2026-08-23,Launceston_2200,Launceston_2200_pacers_mobile,1099,979,43.7,31.5,30.6,29.3,29.4,launceston,2200,pacers,mobile,857.0,77.0,182.0,8.98,30.22,-19.4
LN230826,LN230826_R9,LN230826_R9_LALIBELA NZ,Launceston,2026-08-23,Day,Day,9,5:12 PM,2026-08-23T07:12:00+00:00,2026-08-23T17:12:00+10:00,9,LALIBELA NZ,Find Us on Facebook and Instagram Stakes,2200,"$9,700",Sr2,Wayne Yole,Hannah Van dongen,PACERS,Mobile,TAS,61.0,61.0,False,NR48,27683,Fillies & Mares. NMT 3 LTW's. A/E 3YO+ Fillies & Mares Upto NR 60.,3YO and older Fillies and Mares. NMT 3 LTW's. PBD/LTW. Pacers,1384,/lalibela-nz,/wayne-yole,/hannah-van-dongen,"PURPLE, BLACK STAR SASH & SLEEVES",,,LN230826,LNC23082604,7,Launceston,2026-08-23,Launceston_2200,Launceston_2200_pacers_mobile,1099,979,43.7,31.5,30.6,29.3,29.4,launceston,2200,pacers,mobile,772.0,89.0,169.0,11.53,33.42,-2.06
MH240826,MH240826_R1,MH240826_R1_HEZ ARES,Maryborough,2026-08-24,Day,Day,1,12:22 PM,2026-08-24T02:22:00+00:00,2026-08-24T12:22:00+10:00,1,HEZ ARES,Mcphersons Printing Group 2yo Trot,1690,"$6,000",Fr1,Dennis Paton,Kerryn Manning,TROTTERS,Mobile,VIC,101.0,101.0,False,NR44,7,* No Claims or Allowances apply.,2YO. 0-2 WINS. PBD/LTW/L4$. Trotters,20972,/hez-ares,/dennis-paton,/kerryn-manning,"WHITE, LIGHT BLUE STARS, GOLD SLEEVES",,,SP180826,SPC18082610,7,Shepparton,2026-08-18,Maryborough_1690,Maryborough_1690_trotters_mobile,551,181,5.6,29.6,31.9,29.5,30.0,maryborough,1690,trotters,mobile,181.0,11.0,49.0,6.08,33.15,-37.26
MH240826,MH240826_R1,MH240826_R1_SHEEZ ONE OF US,Maryborough,2026-08-24,Day,Day,1,12:22 PM,2026-08-24T02:22:00+00:00,2026-08-24T12:22:00+10:00,2,SHEEZ ONE OF US,Mcphersons Printing Group 2yo Trot,1690,"$6,000",Fr2,Russell Jack,Nathan Jack,TROTTERS,Mobile,VIC,5.0,5.0,False,NR45,2,* No Claims or Allowances apply.,2YO. 0-2 WINS. PBD/LTW/L4$. Trotters,441279,/sheez-one-of-us,/russell-jack,/nathan-jack,"TARTAN, DARK BLUE SLEEVES",,,SP110826,SPC11082610,2,Shepparton,2026-08-11,Maryborough_1690,Maryborough_1690_trotters_mobile,551,181,5.6,29.6,31.9,29.5,30.0,maryborough,1690,trotters,mobile,181.0,21.0,45.0,11.6,36.46,-11.96
MH240826,MH240826_R1,MH240826_R1_DOWNTOWN GIRL,Maryborough,2026-08-24,Day,Day,1,12:22 PM,2026-08-24T02:22:00+00:00,2026-08-24T12:22:00+10:00,3,DOWNTOWN GIRL,Mcphersons Printing Group 2yo Trot,1690,"$6,000",Fr3,David Van Ryn,Ellen Tormey,TROTTERS,Mobile,VIC,51.0,51.0,False,NR44,7346s,* No Claims or Allowances apply.,2YO. 0-2 WINS. PBD/LTW/L4$. Trotters,187022,/downtown-girl,/david-van-ryn,/ellen-tormey,"DARK GREEN, WHITE YOKE & BRACES, BLACK COLLAR & DIAMONDS",,,BN290426,BNC29042611,6,Bendigo,2026-04-29,Maryborough_1690,Maryborough_1690_trotters_mobile,551,181,5.6,29.6,31.9,29.5,30.0,maryborough,1690,trotters,mobile,181.0,20.0,42.0,11.05,34.25,-22.47
MH240826,MH240826_R1,MH240826_R1_TRUE APLOMB,Maryborough,2026-08-24,Day,Day,1,12:22 PM,2026-08-24T02:22:00+00:00,2026-08-24T12:22:00+10:00,4,TRUE APLOMB,Mcphersons Printing Group 2yo Trot,1690,"$6,000",Fr4,Steve Cleave,Steve Cleave,TROTTERS,Mobile,VIC,26.0,26.0,False,NR44,6543s,* No Claims or Allowances apply.,2YO. 0-2 WINS. PBD/LTW/L4$. Trotters,59618,/true-aplomb,/steve-cleave,/steve-cleave,"DARK BLUE, RED YOKE & BRACES & CUFFS, WHITE DIAMONDS, RED SC ON SLEEVES",,,MH310526,MHC31052610,3,Maryborough,2026-05-31,Maryborough_1690,Maryborough_1690_trotters_mobile,551,181,5.6,29.6,31.9,29.5,30.0,maryborough,1690,trotters,mobile,181.0,17.0,47.0,9.39,35.36,-39.81
MH240826,MH240826_R1,MH240826_R1_CLOUDY CANYON,Maryborough,2026-08-24,Day,Day,1,12:22 PM,2026-08-24T02:22:00+00:00,2026-08-24T12:22:00+10:00,5,CLOUDY CANYON,Mcphersons Printing Group 2yo Trot,1690,"$6,000",Fr5,Brent Lilley,James Herbertson,TROTTERS,Mobile,VIC,9.0,9.0,False,NR49,14,* No Claims or Allowances apply.,2YO. 0-2 WINS. PBD/LTW/L4$. Trotters,441842,/cloudy-canyon,/brent-lilley,/james-herbertson,"GREEN, GOLD & PURPLE CHECKED SASH",,,MX110726,MXM11072610,4,Melton,2026-07-11,Maryborough_1690,Maryborough_1690_trotters_mobile,551,181,5.6,29.6,31.9,29.5,30.0,maryborough,1690,trotters,mobile,180.0,32.0,38.0,17.78,38.89,2.59
MH240826,MH240826_R1,MH240826_R1_ALDEBARAN EMJAY,Maryborough,2026-08-24,Day,Day,1,12:22 PM,2026-08-24T02:22:00+00:00,2026-08-24T12:22:00+10:00,6,ALDEBARAN EMJAY,Mcphersons Printing Group 2yo Trot,1690,"$6,000",Fr6,David Miles,David Miles,TROTTERS,Mobile,VIC,1.8,1.8,False,NR49,14s,* No Claims or Allowances apply.,2YO. 0-2 WINS. PBD/LTW/L4$. Trotters,442122,/aldebaran-emjay,/david-miles,/david-miles,"YELLOW, RED BAND, RED & YELLOW STRIPED SLEEVES",,,EY300526,EYM30052605,4,Riverina Paceway,2026-05-30,Maryborough_1690,Maryborough_1690_trotters_mobile,551,181,5.6,29.6,31.9,29.5,30.0,maryborough,1690,trotters,mobile,164.0,23.0,32.0,14.02,33.54,-5.65
MH240826,MH240826_R1,MH240826_R1_KYVALLEY DIXON,Maryborough,2026-08-24,Day,Day,1,12:22 PM,2026-08-24T02:22:00+00:00,2026-08-24T12:22:00+10:00,7,KYVALLEY DIXON,Mcphersons Printing Group 2yo Trot,1690,"$6,000",Fr7,Brent Lilley,Chris Alford,TROTTERS,Mobile,VIC,3.4,3.4,False,NR49,39161,* No Claims or Allowances apply.,2YO. 0-2 WINS. PBD/LTW/L4$. Trotters,441867,/kyvalley-dixon,/brent-lilley,/chris-alford,"GOLD, GREEN V",,,MX110726,MXM11072610,1,Melton,2026-07-11,Maryborough_1690,Maryborough_1690_trotters_mobile,551,181,5.6,29.6,31.9,29.5,30.0,maryborough,1690,trotters,mobile,101.0,7.0,23.0,6.93,29.7,-50.64
MH240826,MH240826_R2,MH240826_R2_WHERE IS WOODY,Maryborough,2026-08-24,Day,Day,2,12:53 PM,2026-08-24T02:53:00+00:00,2026-08-24T12:53:00+10:00,1,WHERE IS WOODY,Benstud Standardbreds Pace,2190,"$7,000",Fr1,Michael Barby,Anne-Maree Conroy,PACERS,Mobile,VIC,13.0,13.0,False,NR56,36365,"* Concession Driver Claims and Mares Allowance apply only within the barrier draw, not for eligibility purposes.",NR 56 to 64. PBD/NR/L4$. Pacers,4623,/where-is-woody,/michael-barby,/anne-maree-conroy,"WHITE, BLACK HORSE, PURPLE COLLAR, WAISTBAND & SLEEVES",,,MX080826,MXM08082604,5,Melton,2026-08-08,Maryborough_2190,Maryborough_2190_pacers_mobile,908,363,43.0,31.0,31.2,28.6,29.0,maryborough,2190,pacers,mobile,363.0,37.0,91.0,10.19,35.26,-16.34
MH240826,MH240826_R2,MH240826_R2_WICKED MITZI,Maryborough,2026-08-24,Day,Day,2,12:53 PM,2026-08-24T02:53:00+00:00,2026-08-24T12:53:00+10:00,2,WICKED MITZI,Benstud Standardbreds Pace,2190,"$7,000",Fr2,"T K Gange, J G Allan-Gange",James Herbertson,PACERS,Mobile,VIC,8.0,8.0,False,NR60 (A56),44492,"* Concession Driver Claims and Mares Allowance apply only within the barrier draw, not for eligibility purposes.",NR 56 to 64. PBD/NR/L4$. Pacers,7853,/wicked-mitzi,/t-k-gange-j-g-allan-gange,/james-herbertson,"RED, GREEN BAND & ARMBANDS",,,KI130826,KIC13082602,2,Kilmore,2026-08-13,Maryborough_2190,Maryborough_2190_pacers_mobile,908,363,43.0,31.0,31.2,28.6,29.0,maryborough,2190,pacers,mobile,363.0,32.0,87.0,8.82,32.78,-28.77
MH240826,MH240826_R2,MH240826_R2_OUR ULTIMATE GRACY NZ,Maryborough,2026-08-24,Day,Day,2,12:53 PM,2026-08-24T02:53:00+00:00,2026-08-24T12:53:00+10:00,3,OUR ULTIMATE GRACY NZ,Benstud Standardbreds Pace,2190,"$7,000",Fr3,Kerryn Manning,Kerryn Manning,PACERS,Mobile,VIC,3.0,3.0,False,NR60 (A56),14205,"* Concession Driver Claims and Mares Allowance apply only within the barrier draw, not for eligibility purposes.",NR 56 to 64. PBD/NR/L4$. Pacers,4869,/our-ultimate-gracy-nz,/kerryn-manning,/kerryn-manning,"RED WITH RED & BLUE STARS, BLUE & WHITE BRACE, BLUE SLEEVES WHITE STRIPE, RED STAR & CUFFS",,,MX120826,MXC12082601,5,Melton,2026-08-12,Maryborough_2190,Maryborough_2190_pacers_mobile,908,363,43.0,31.0,31.2,28.6,29.0,maryborough,2190,pacers,mobile,363.0,44.0,80.0,12.12,34.16,-18.95
MH240826,MH240826_R2,MH240826_R2_LETS GO LORNA,Maryborough,2026-08-24,Day,Day,2,12:53 PM,2026-08-24T02:53:00+00:00,2026-08-24T12:53:00+10:00,4,LETS GO LORNA,Benstud Standardbreds Pace,2190,"$7,000",Fr4,Gary Murnane,Michael Bellman,PACERS,Mobile,VIC,21.0,21.0,False,NR57 (A56),65318,"* Concession Driver Claims and Mares Allowance apply only within the barrier draw, not for eligibility purposes.",NR 56 to 64. PBD/NR/L4$. Pacers,186735,/lets-go-lorna,/gary-murnane,/michael-bellman,"RED, BLACK STAR, BLACK AND WHITE CHECKED SLEEVES",,,BA190826,BAC19082601,8,Ballarat,2026-08-19,Maryborough_2190,Maryborough_2190_pacers_mobile,908,363,43.0,31.0,31.2,28.6,29.0,maryborough,2190,pacers,mobile,363.0,50.0,83.0,13.77,36.64,-14.83
MH240826,MH240826_R2,MH240826_R2_THE NIGHT FOX NZ,Maryborough,2026-08-24,Day,Day,2,12:53 PM,2026-08-24T02:53:00+00:00,2026-08-24T12:53:00+10:00,5,THE NIGHT FOX NZ,Benstud Standardbreds Pace,2190,"$7,000",Fr5,Sam Karamalikis,Taylor Youl,PACERS,Mobile,VIC,6.5,6.5,False,NR59 (A56),1324s,"* Concession Driver Claims and Mares Allowance apply only within the barrier draw, not for eligibility purposes.",NR 56 to 64. PBD/NR/L4$. Pacers,442057,/the-night-fox-nz-442057,/sam-karamalikis,/taylor-youl,"BLACK, YELLOW STARS, WHITE SLEEVES",,,CS020426,CSC02042601,4,Cambridge,2026-04-02,Maryborough_2190,Maryborough_2190_pacers_mobile,908,363,43.0,31.0,31.2,28.6,29.0,maryborough,2190,pacers,mobile,361.0,55.0,76.0,15.24,36.29,-0.76
MH240826,MH240826_R2,MH240826_R2_SERENE ROCK,Maryborough,2026-08-24,Day,Day,2,12:53 PM,2026-08-24T02:53:00+00:00,2026-08-24T12:53:00+10:00,6,SERENE ROCK,Benstud Standardbreds Pace,2190,"$7,000",Fr6,Joe Costa,Jodi Quinlan,PACERS,Mobile,VIC,34.0,34.0,False,NR59,7s675,"* Concession Driver Claims and Mares Allowance apply only within the barrier draw, not for eligibility purposes.",NR 56 to 64. PBD/NR/L4$. Pacers,435236,/serene-rock,/joe-costa,/jodi-quinlan,"WHITE, BLACK CROSSED SASHES, RED SLEEVES",,,MH030826,MHC03082601,5,Maryborough,2026-08-03,Maryborough_2190,Maryborough_2190_pacers_mobile,908,363,43.0,31.0,31.2,28.6,29.0,maryborough,2190,pacers,mobile,338.0,45.0,55.0,13.31,29.59,7.81
MH240826,MH240826_R2,MH240826_R2_FERRIGNO,Maryborough,2026-08-24,Day,Day,2,12:53 PM,2026-08-24T02:53:00+00:00,2026-08-24T12:53:00+10:00,7,FERRIGNO,Benstud Standardbreds Pace,2190,"$7,000",Fr7,John Justice,Ewa Justice,PACERS,Mobile,VIC,4.5,4.5,False,NR61,27365,"* Concession Driver Claims and Mares Allowance apply only within the barrier draw, not for eligibility purposes.",NR 56 to 64. PBD/NR/L4$. Pacers,9028,/ferrigno,/john-justice,/ewa-justice,"YELLOW, BLUE JJ, BLUE SLEEVES, YELLOW DIAMOND ARMBANDS",,,MX220826,MXM22082605,5,Melton,2026-08-22,Maryborough_2190,Maryborough_2190_pacers_mobile,908,363,43.0,31.0,31.2,28.6,29.0,maryborough,2190,pacers,mobile,215.0,12.0,37.0,5.58,22.79,-48.58
MH240826,MH240826_R2,MH240826_R2_IN AN IDEAL WORLD,Maryborough,2026-08-24,Day,Day,2,12:53 PM,2026-08-24T02:53:00+00:00,2026-08-24T12:53:00+10:00,8,IN AN IDEAL WORLD,Benstud Standardbreds Pace,2190,"$7,000",Sr1,John Justice,John Justice,PACERS,Mobile,VIC,7.0,7.0,False,NR62,93046,"* Concession Driver Claims and Mares Allowance apply only within the barrier draw, not for eligibility purposes.",NR 56 to 64. PBD/NR/L4$. Pacers,59431,/in-an-ideal-world,/john-justice,/john-justice,"YELLOW, BLUE DIAMONDS & SLEEVES",,,MX120826,MXC12082601,6,Melton,2026-08-12,Maryborough_2190,Maryborough_2190_pacers_mobile,908,363,43.0,31.0,31.2,28.6,29.0,maryborough,2190,pacers,mobile,312.0,26.0,74.0,8.33,32.05,-30.75
MH240826,MH240826_R3,MH240826_R3_AFRICAN GALA,Maryborough,2026-08-24,Day,Day,3,1:35 PM,2026-08-24T03:35:00+00:00,2026-08-24T13:35:00+10:00,1,AFRICAN GALA,Maryborough Highland Society 3yo Trot,2190,"$6,000",Fr1,Brad Angove,Jodi Quinlan,TROTTERS,Mobile,VIC,9.0,9.0,False,NR48,44564,* No Claims or Allowances apply.,3YO. NR up to 56. PBD/NR. Trotters,440594,/african-gala,/brad-angove,/jodi-quinlan,"LIGHT BLUE, WHITE DIAMONDS, LIGHT BLUE SLEEVES",,,KI130826,KIC13082608,4,Kilmore,2026-08-13,Maryborough_2190,Maryborough_2190_trotters_mobile,908,440,44.3,31.6,31.9,29.6,29.9,maryborough,2190,trotters,mobile,440.0,43.0,98.0,9.77,32.05,-15.65
MH240826,MH240826_R3,MH240826_R3_PURPLE MOON,Maryborough,2026-08-24,Day,Day,3,1:35 PM,2026-08-24T03:35:00+00:00,2026-08-24T13:35:00+10:00,2,PURPLE MOON,Maryborough Highland Society 3yo Trot,2190,"$6,000",Fr2,Mark Lefoe,Ellen Tormey,TROTTERS,Mobile,VIC,2.2,2.2,False,NR49,44214,* No Claims or Allowances apply.,3YO. NR up to 56. PBD/NR. Trotters,439617,/purple-moon,/mark-lefoe,/ellen-tormey,"GREEN, YELLOW STARS, GREEN SLEEVES WITH YELLOW STRIPE & CUFFS",,,PC040726,PCM04072610,4,Tabcorp Pk Menangle,2026-07-04,Maryborough_2190,Maryborough_2190_trotters_mobile,908,440,44.3,31.6,31.9,29.6,29.9,maryborough,2190,trotters,mobile,440.0,47.0,88.0,10.68,30.68,-21.63
MH240826,MH240826_R3,MH240826_R3_CUDGEE BREEZE,Maryborough,2026-08-24,Day,Day,3,1:35 PM,2026-08-24T03:35:00+00:00,2026-08-24T13:35:00+10:00,3,CUDGEE BREEZE,Maryborough Highland Society 3yo Trot,2190,"$6,000",Fr3,John Meade,John Meade,TROTTERS,Mobile,VIC,81.0,81.0,False,NR50,19888,* No Claims or Allowances apply.,3YO. NR up to 56. PBD/NR. Trotters,439542,/cudgee-breeze,/john-meade,/john-meade,"DARK BLUE, RED V, YELLOW SLEEVES",,,MX080826,MXM08082610,8,Melton,2026-08-08,Maryborough_2190,Maryborough_2190_trotters_mobile,908,440,44.3,31.6,31.9,29.6,29.9,maryborough,2190,trotters,mobile,440.0,46.0,108.0,10.45,35.0,-29.61
MH240826,MH240826_R3,MH240826_R3_ITALIAN THUNDER,Maryborough,2026-08-24,Day,Day,3,1:35 PM,2026-08-24T03:35:00+00:00,2026-08-24T13:35:00+10:00,4,ITALIAN THUNDER,Maryborough Highland Society 3yo Trot,2190,"$6,000",Fr4,Robert McCartney,John Justice,TROTTERS,Mobile,VIC,15.0,15.0,False,NR50,,* No Claims or Allowances apply.,3YO. NR up to 56. PBD/NR. Trotters,438960,/italian-thunder,/robert-mccartney,/john-justice,"BLACK, WHITE YOKE, BRACES & PINSTIPE ON CUFFS",,,,,,,,Maryborough_2190,Maryborough_2190_trotters_mobile,908,440,44.3,31.6,31.9,29.6,29.9,maryborough,2190,trotters,mobile,440.0,49.0,112.0,11.14,36.59,-22.12
MH240826,MH240826_R3,MH240826_R3_GLORY CONNECT,Maryborough,2026-08-24,Day,Day,3,1:35 PM,2026-08-24T03:35:00+00:00,2026-08-24T13:35:00+10:00,5,GLORY CONNECT,Maryborough Highland Society 3yo Trot,2190,"$6,000",Fr5,John Meade,Jackie Barker,TROTTERS,Mobile,VIC,11.0,11.0,False,NR52,44965,* No Claims or Allowances apply.,3YO. NR up to 56. PBD/NR. Trotters,438698,/glory-connect,/john-meade,/jackie-barker,"MAROON, GOLD REDWOOD CARNIVAL LOGO, STRIPED SLEEVES, GOLD CUFFS",,,MX080826,MXM08082610,5,Melton,2026-08-08,Maryborough_2190,Maryborough_2190_trotters_mobile,908,440,44.3,31.6,31.9,29.6,29.9,maryborough,2190,trotters,mobile,439.0,58.0,99.0,13.21,35.76,-17.2
MH240826,MH240826_R3,MH240826_R3_ZOOLU,Maryborough,2026-08-24,Day,Day,3,1:35 PM,2026-08-24T03:35:00+00:00,2026-08-24T13:35:00+10:00,6,ZOOLU,Maryborough Highland Society 3yo Trot,2190,"$6,000",Fr6,D'Arne Bellman,Michael Bellman,TROTTERS,Mobile,VIC,3.4,3.4,False,NR53,1985s,* No Claims or Allowances apply.,3YO. NR up to 56. PBD/NR. Trotters,440839,/zoolu,/d-arne-bellman,/michael-bellman,"BLUE, BLACK COLLAR, BLACK, YELLOW & RED HOOPS",,,BN240626,BNC24062608,5,Bendigo,2026-06-24,Maryborough_2190,Maryborough_2190_trotters_mobile,908,440,44.3,31.6,31.9,29.6,29.9,maryborough,2190,trotters,mobile,421.0,57.0,65.0,13.54,28.98,4.43
MH240826,MH240826_R3,MH240826_R3_TRUSCOTTS ELEGANCE,Maryborough,2026-08-24,Day,Day,3,1:35 PM,2026-08-24T03:35:00+00:00,2026-08-24T13:35:00+10:00,7,TRUSCOTTS ELEGANCE,Maryborough Highland Society 3yo Trot,2190,"$6,000",Fr7,Brad Angove,Jordan Leedham,TROTTERS,Mobile,VIC,13.0,13.0,False,NR50,49679,* No Claims or Allowances apply.,3YO. NR up to 56. PBD/NR. Trotters,438072,/truscotts-elegance,/brad-angove,/jordan-leedham,"BLACK, GOLD CHEVRONS & WAISTBAND, WHITE COLLAR AND CUFFS",,ODM,MX070826,MXC07082608,9,Melton,2026-08-07,Maryborough_2190,Maryborough_2190_trotters_mobile,908,440,44.3,31.6,31.9,29.6,29.9,maryborough,2190,trotters,mobile,285.0,34.0,66.0,11.93,35.09,-6.67
MH240826,MH240826_R3,MH240826_R3_MISTER DEVEREAUX,Maryborough,2026-08-24,Day,Day,3,1:35 PM,2026-08-24T03:35:00+00:00,2026-08-24T13:35:00+10:00,8,MISTER DEVEREAUX,Maryborough Highland Society 3yo Trot,2190,"$6,000",Sr1,"E Brosnan, R J Brosnan",Emmett Brosnan,TROTTERS,Mobile,VIC,5.0,5.0,False,NR55,16153,* No Claims or Allowances apply.,3YO. NR up to 56. PBD/NR. Trotters,186740,/mister-devereaux,/e-brosnan-r-j-brosnan,/emmett-brosnan,"GREEN, GOLD BRACES & THREE GOLD STARS, BLUE SLEEVES",,ODM,MX120826,MXC12082610,3,Melton,2026-08-12,Maryborough_2190,Maryborough_2190_trotters_mobile,908,440,44.3,31.6,31.9,29.6,29.9,maryborough,2190,trotters,mobile,407.0,43.0,93.0,10.57,33.42,-10.72
MH240826,MH240826_R3,MH240826_R3_VAPAR JOHN,Maryborough,2026-08-24,Day,Day,3,1:35 PM,2026-08-24T03:35:00+00:00,2026-08-24T13:35:00+10:00,9,VAPAR JOHN,Maryborough Highland Society 3yo Trot,2190,"$6,000",Sr2,Kelly Stuart-Mitchell,James Herbertson,TROTTERS,Mobile,VIC,17.0,17.0,False,NR50,3,* No Claims or Allowances apply.,3YO. NR up to 56. PBD/NR. Trotters,440265,/vapar-john,/kelly-stuart-mitchell,/james-herbertson,"LIGHT BLUE, BALLARAT PRESSINGS LOGO, WHITE SLEEVES, ROYAL BLUE COLLAR, WAISTBAND & CUFFS",,RODM,MH030826,MHC03082608,3,Maryborough,2026-08-03,Maryborough_2190,Maryborough_2190_trotters_mobile,908,440,44.3,31.6,31.9,29.6,29.9,maryborough,2190,trotters,mobile,337.0,29.0,57.0,8.61,25.52,-27.51
MH240826,MH240826_R4,MH240826_R4_WHIRILY MAURZ,Maryborough,2026-08-24,Day,Day,4,2:09 PM,2026-08-24T04:09:00+00:00,2026-08-24T14:09:00+10:00,1,WHIRILY MAURZ,Bartletts Manufacturing 4yo & Older Maiden Pace,1690,"$6,000",Fr1,Michael Barby,Anne-Maree Conroy,PACERS,Mobile,VIC,5.0,5.0,False,NR39,40648,* Restricted to horses with nil lifetime wins. * No Claims or Allowances apply.,4YO and older. MAIDEN. RBD. Pacers,60592,/whirily-maurz,/michael-barby,/anne-maree-conroy,"WHITE, BLACK HORSE, PURPLE COLLAR, WAISTBAND & SLEEVES",1.0,,MH130726,MHC13072605,8,Maryborough,2026-07-13,Maryborough_1690,Maryborough_1690_pacers_mobile,551,370,5.3,28.8,31.5,28.5,28.9,maryborough,1690,pacers,mobile,370.0,32.0,92.0,8.65,33.51,-32.17
MH240826,MH240826_R4,MH240826_R4_KAIDENBOY,Maryborough,2026-08-24,Day,Day,4,2:09 PM,2026-08-24T04:09:00+00:00,2026-08-24T14:09:00+10:00,2,KAIDENBOY,Bartletts Manufacturing 4yo & Older Maiden Pace,1690,"$6,000",Fr2,Jason Ainsworth,Jason Ainsworth,PACERS,Mobile,VIC,15.0,15.0,False,NR50,,* Restricted to horses with nil lifetime wins. * No Claims or Allowances apply.,4YO and older. MAIDEN. RBD. Pacers,435288,/kaidenboy,/jason-ainsworth,/jason-ainsworth,"WHITE, PURPLE YOKE WITH WHITE DIAMONDS, PURPLE DIAMOND & SLEEVES, WHITE SEAMS & CUFFS",,,,,,,,Maryborough_1690,Maryborough_1690_pacers_mobile,551,370,5.3,28.8,31.5,28.5,28.9,maryborough,1690,pacers,mobile,370.0,51.0,81.0,13.78,35.68,5.02
MH240826,MH240826_R4,MH240826_R4_CASTASTAR,Maryborough,2026-08-24,Day,Day,4,2:09 PM,2026-08-24T04:09:00+00:00,2026-08-24T14:09:00+10:00,3,CASTASTAR,Bartletts Manufacturing 4yo & Older Maiden Pace,1690,"$6,000",Fr3,Donna Castles,Donna Castles,PACERS,Mobile,VIC,15.0,15.0,False,NR48,760,* Restricted to horses with nil lifetime wins. * No Claims or Allowances apply.,4YO and older. MAIDEN. RBD. Pacers,436397,/castastar,/donna-castles,/donna-castles,"DARK GREEN, DARK GREEN & WHITE STRIPED SLEEVES",,,KI060826,KIC06082605,10,Kilmore,2026-08-06,Maryborough_1690,Maryborough_1690_pacers_mobile,551,370,5.3,28.8,31.5,28.5,28.9,maryborough,1690,pacers,mobile,371.0,37.0,85.0,9.97,32.88,-30.01
MH240826,MH240826_R4,MH240826_R4_MAHEO,Maryborough,2026-08-24,Day,Day,4,2:09 PM,2026-08-24T04:09:00+00:00,2026-08-24T14:09:00+10:00,4,MAHEO,Bartletts Manufacturing 4yo & Older Maiden Pace,1690,"$6,000",SCR,Tracey Garlinge,Mark Hayes,PACERS,Mobile,VIC,11.0,11.0,True,NR49,39,* Restricted to horses with nil lifetime wins. * No Claims or Allowances apply.,4YO and older. MAIDEN. RBD. Pacers,436171,/maheo,/tracey-garlinge,/mark-hayes,"RED, YELLOW LIGHTNING BOLT, BLUE STARRED SLEEVES & COLLAR",,,CH170826,CHC17082608,9,Charlton,2026-08-17,Maryborough_1690,Maryborough_1690_pacers_mobile,551,370,5.3,28.8,31.5,28.5,28.9,maryborough,1690,pacers,mobile,0.0,0.0,0.0,0.0,0.0,0.0
MH240826,MH240826_R4,MH240826_R4_OBSIDIAN FLO,Maryborough,2026-08-24,Day,Day,4,2:09 PM,2026-08-24T04:09:00+00:00,2026-08-24T14:09:00+10:00,5,OBSIDIAN FLO,Bartletts Manufacturing 4yo & Older Maiden Pace,1690,"$6,000",Fr4,Jim Barker,Jackie Barker,PACERS,Mobile,VIC,26.0,26.0,False,NR49,0,* Restricted to horses with nil lifetime wins. * No Claims or Allowances apply.,4YO and older. MAIDEN. RBD. Pacers,7357,/obsidian-flo,/jim-barker,/jackie-barker,"BLACK, ORANGE DIAMOND",,,CH170826,CHC17082608,10,Charlton,2026-08-17,Maryborough_1690,Maryborough_1690_pacers_mobile,551,370,5.3,28.8,31.5,28.5,28.9,maryborough,1690,pacers,mobile,370.0,45.0,79.0,12.16,33.51,-21.91
MH240826,MH240826_R4,MH240826_R4_BETTING ATTACK,Maryborough,2026-08-24,Day,Day,4,2:09 PM,2026-08-24T04:09:00+00:00,2026-08-24T14:09:00+10:00,6,BETTING ATTACK,Bartletts Manufacturing 4yo & Older Maiden Pace,1690,"$6,000",Fr5,Derrick Krafft,Taylor Youl,PACERS,Mobile,VIC,2.6,2.6,False,NR45,20773,* Restricted to horses with nil lifetime wins. * No Claims or Allowances apply.,4YO and older. MAIDEN. RBD. Pacers,11253,/betting-attack,/derrick-krafft,/taylor-youl,"BLACK & WHITE QUARTERS, RED SLEEVES",,,CH170826,CHC17082608,3,Charlton,2026-08-17,Maryborough_1690,Maryborough_1690_pacers_mobile,551,370,5.3,28.8,31.5,28.5,28.9,maryborough,1690,pacers,mobile,365.0,54.0,93.0,14.79,40.27,-10.61
MH240826,MH240826_R4,MH240826_R4_CANYADANCE,Maryborough,2026-08-24,Day,Day,4,2:09 PM,2026-08-24T04:09:00+00:00,2026-08-24T14:09:00+10:00,7,CANYADANCE,Bartletts Manufacturing 4yo & Older Maiden Pace,1690,"$6,000",SCR,Dale Jenkinson,Lochie Cook,PACERS,Mobile,VIC,31.0,31.0,True,NR49,6,* Restricted to horses with nil lifetime wins. * No Claims or Allowances apply.,4YO and older. MAIDEN. RBD. Pacers,436396,/canyadance,/dale-jenkinson,/lochie-cook,"RED YOKE WITH BLACK DIAMONDS, RED & BLACK STRIPES, RED WAISTBAND, RED, BLACK & YELLOW SLEEVES",,,GE140826,GEC14082606,6,Geelong,2026-08-14,Maryborough_1690,Maryborough_1690_pacers_mobile,551,370,5.3,28.8,31.5,28.5,28.9,maryborough,1690,pacers,mobile,0.0,0.0,0.0,0.0,0.0,0.0
MH240826,MH240826_R4,MH240826_R4_OPERTSER,Maryborough,2026-08-24,Day,Day,4,2:09 PM,2026-08-24T04:09:00+00:00,2026-08-24T14:09:00+10:00,8,OPERTSER,Bartletts Manufacturing 4yo & Older Maiden Pace,1690,"$6,000",Sr1,Ross Graham,James Herbertson,PACERS,Mobile,VIC,7.0,7.0,False,NR42,35463,* Restricted to horses with nil lifetime wins. * No Claims or Allowances apply.,4YO and older. MAIDEN. RBD. Pacers,60312,/opertser,/ross-graham,/james-herbertson,"GREEN, YELLOW CROSSED SASHES, YELLOW STRIPED SLEEVES & CUFFS",,,SP140726,SPC14072607,3,Shepparton,2026-07-14,Maryborough_1690,Maryborough_1690_pacers_mobile,551,370,5.3,28.8,31.5,28.5,28.9,maryborough,1690,pacers,mobile,331.0,32.0,73.0,9.67,31.72,-19.52
MH240826,MH240826_R4,MH240826_R4_LEGAL EAGLE,Maryborough,2026-08-24,Day,Day,4,2:09 PM,2026-08-24T04:09:00+00:00,2026-08-24T14:09:00+10:00,9,LEGAL EAGLE,Bartletts Manufacturing 4yo & Older Maiden Pace,1690,"$6,000",Sr2,Michael Breen,Sean O'Sullivan,PACERS,Mobile,VIC,15.0,15.0,False,NR50,,* Restricted to horses with nil lifetime wins. * No Claims or Allowances apply.,4YO and older. MAIDEN. RBD. Pacers,24316,/legal-eagle,/michael-breen,/sean-o-sullivan,"RED, ORANGE STARS & SLEEVES",,,,,,,,Maryborough_1690,Maryborough_1690_pacers_mobile,551,370,5.3,28.8,31.5,28.5,28.9,maryborough,1690,pacers,mobile,284.0,33.0,63.0,11.62,33.8,-20.89
MH240826,MH240826_R4,MH240826_R4_DAISY STARZZZ,Maryborough,2026-08-24,Day,Day,4,2:09 PM,2026-08-24T04:09:00+00:00,2026-08-24T14:09:00+10:00,10,DAISY STARZZZ,Bartletts Manufacturing 4yo & Older Maiden Pace,1690,"$6,000",Sr3,John Justice,Ewa Justice,PACERS,Mobile,VIC,3.4,3.4,False,NR44,35s44,* Restricted to horses with nil lifetime wins. * No Claims or Allowances apply.,4YO and older. MAIDEN. RBD. Pacers,2785,/daisy-starzzz,/john-justice,/ewa-justice,"YELLOW, BLUE JJ, BLUE SLEEVES, YELLOW DIAMOND ARMBANDS",,,CR160826,CRC16082608,4,Cranbourne,2026-08-16,Maryborough_1690,Maryborough_1690_pacers_mobile,551,370,5.3,28.8,31.5,28.5,28.9,maryborough,1690,pacers,mobile,220.0,24.0,55.0,10.91,35.91,-24.02
MH240826,MH240826_R4,MH240826_R4_CHARLIE SEBASTIAN,Maryborough,2026-08-24,Day,Day,4,2:09 PM,2026-08-24T04:09:00+00:00,2026-08-24T14:09:00+10:00,11,CHARLIE SEBASTIAN,Bartletts Manufacturing 4yo & Older Maiden Pace,1690,"$6,000",Sr4,Robert Evans,Michael Bellman,PACERS,Mobile,VIC,7.5,7.5,False,NR50,25,* Restricted to horses with nil lifetime wins. * No Claims or Allowances apply.,4YO and older. MAIDEN. RBD. Pacers,6032,/charlie-sebastian,/robert-evans,/michael-bellman,"PURPLE & GOLD DIAMONDS, GOLD SLEEVES",,,CR160826,CRC16082606,5,Cranbourne,2026-08-16,Maryborough_1690,Maryborough_1690_pacers_mobile,551,370,5.3,28.8,31.5,28.5,28.9,maryborough,1690,pacers,mobile,102.0,9.0,19.0,8.82,27.45,-13.78
MH240826,MH240826_R5,MH240826_R5_SMOKING SHANNON,Maryborough,2026-08-24,Day,Day,5,2:43 PM,2026-08-24T04:43:00+00:00,2026-08-24T14:43:00+10:00,1,SMOKING SHANNON,Ab Paint Pace,1690,"$5,000",Fr1,Jamie Egan,Nathan Jack,PACERS,Mobile,VIC,3.2,3.2,False,NR48 (A43),76881,"* Concession Driver Claims and Mares Allowance apply for eligibility purposes only, not within the barrier draw.",NR up to 49. PBD/NR. Pacers,433083,/smoking-shannon,/jamie-egan,/nathan-jack,"RED, THREE ROYAL BLUE BANDS, YELLOW SLEEVES, RED STARS",,,SP180826,SPC18082604,1,Shepparton,2026-08-18,Maryborough_1690,Maryborough_1690_pacers_mobile,551,370,5.3,28.8,31.5,28.5,28.9,maryborough,1690,pacers,mobile,370.0,32.0,92.0,8.65,33.51,-32.17
MH240826,MH240826_R5,MH240826_R5_FEEL THE REIGN,Maryborough,2026-08-24,Day,Day,5,2:43 PM,2026-08-24T04:43:00+00:00,2026-08-24T14:43:00+10:00,2,FEEL THE REIGN,Ab Paint Pace,1690,"$5,000",Fr2,Michael Laugher,Taylor Youl,PACERS,Mobile,VIC,11.0,11.0,False,NR50 (A47),7r785,"* Concession Driver Claims and Mares Allowance apply for eligibility purposes only, not within the barrier draw.",NR up to 49. PBD/NR. Pacers,152,/feel-the-reign,/michael-laugher,/taylor-youl,"YELLOW, BLACK MALTESE CROSS, RED SLEEVES",,,CH170826,CHC17082604,5,Charlton,2026-08-17,Maryborough_1690,Maryborough_1690_pacers_mobile,551,370,5.3,28.8,31.5,28.5,28.9,maryborough,1690,pacers,mobile,370.0,51.0,81.0,13.78,35.68,5.02
MH240826,MH240826_R5,MH240826_R5_OPTIMAL,Maryborough,2026-08-24,Day,Day,5,2:43 PM,2026-08-24T04:43:00+00:00,2026-08-24T14:43:00+10:00,3,OPTIMAL,Ab Paint Pace,1690,"$5,000",Fr3,Jason Ainsworth,Trent Fiscalini,PACERS,Mobile,VIC,11.0,11.0,False,NR51 (A48),85313,"* Concession Driver Claims and Mares Allowance apply for eligibility purposes only, not within the barrier draw.",NR up to 49. PBD/NR. Pacers,11558,/optimal,/jason-ainsworth,/trent-fiscalini,"WHITE, PURPLE YOKE WITH WHITE DIAMONDS, PURPLE DIAMOND & SLEEVES, WHITE SEAMS & CUFFS",,,GE140826,GEC14082603,3,Geelong,2026-08-14,Maryborough_1690,Maryborough_1690_pacers_mobile,551,370,5.3,28.8,31.5,28.5,28.9,maryborough,1690,pacers,mobile,371.0,37.0,85.0,9.97,32.88,-30.01
MH240826,MH240826_R5,MH240826_R5_OWEN THE SAINTS,Maryborough,2026-08-24,Day,Day,5,2:43 PM,2026-08-24T04:43:00+00:00,2026-08-24T14:43:00+10:00,4,OWEN THE SAINTS,Ab Paint Pace,1690,"$5,000",Fr4,John Tormey,Abby Sanderson,PACERS,Mobile,VIC,5.5,5.5,False,NR52 (A49),73544,"* Concession Driver Claims and Mares Allowance apply for eligibility purposes only, not within the barrier draw.",NR up to 49. PBD/NR. Pacers,55635,/owen-the-saints,/john-tormey,/abby-sanderson,"RED, WHITE & BLACK PANELS WITH SAINT MOTIFF",,,CH170826,CHC17082604,4,Charlton,2026-08-17,Maryborough_1690,Maryborough_1690_pacers_mobile,551,370,5.3,28.8,31.5,28.5,28.9,maryborough,1690,pacers,mobile,370.0,45.0,79.0,12.16,33.51,-21.91
MH240826,MH240826_R5,MH240826_R5_OLIVIA ROSE,Maryborough,2026-08-24,Day,Day,5,2:43 PM,2026-08-24T04:43:00+00:00,2026-08-24T14:43:00+10:00,5,OLIVIA ROSE,Ab Paint Pace,1690,"$5,000",Fr5,Shannon Debnam,Josh Duggan,PACERS,Mobile,VIC,11.0,11.0,False,NR53 (A48),0811s,"* Concession Driver Claims and Mares Allowance apply for eligibility purposes only, not within the barrier draw.",NR up to 49. PBD/NR. Pacers,2874,/olivia-rose,/shannon-debnam,/josh-duggan,"WHITE, RED DIAMOND",,,TE221225,TEC22122511,1,Terang,2025-12-22,Maryborough_1690,Maryborough_1690_pacers_mobile,551,370,5.3,28.8,31.5,28.5,28.9,maryborough,1690,pacers,mobile,365.0,54.0,93.0,14.79,40.27,-10.61
MH240826,MH240826_R5,MH240826_R5_METRO MEMORY,Maryborough,2026-08-24,Day,Day,5,2:43 PM,2026-08-24T04:43:00+00:00,2026-08-24T14:43:00+10:00,6,METRO MEMORY,Ab Paint Pace,1690,"$5,000",Fr6,Brett Cole,Riley Pace,PACERS,Mobile,VIC,17.0,17.0,False,NR54 (A49),22441,"* Concession Driver Claims and Mares Allowance apply for eligibility purposes only, not within the barrier draw.",NR up to 49. PBD/NR. Pacers,306,/metro-memory,/brett-cole,/riley-pace,"YELLOW, RED HORSESHOE, RED ARM BANDS, BLACK WRISTBANDS",,,CH170826,CHC17082602,1,Charlton,2026-08-17,Maryborough_1690,Maryborough_1690_pacers_mobile,551,370,5.3,28.8,31.5,28.5,28.9,maryborough,1690,pacers,mobile,338.0,37.0,70.0,10.95,31.66,-12.26
MH240826,MH240826_R5,MH240826_R5_ASMILEANDAWINX,Maryborough,2026-08-24,Day,Day,5,2:43 PM,2026-08-24T04:43:00+00:00,2026-08-24T14:43:00+10:00,7,ASMILEANDAWINX,Ab Paint Pace,1690,"$5,000",Fr7,Basil Dooley,Ewa Justice,PACERS,Mobile,VIC,3.8,3.8,False,NR54 (A49),15309,"* Concession Driver Claims and Mares Allowance apply for eligibility purposes only, not within the barrier draw.",NR up to 49. PBD/NR. Pacers,2847,/asmileandawinx,/basil-dooley,/ewa-justice,"WHITE, BLUE CHEVRONS, GREEN SLEEVES",,,MX080826,MXM08082604,9,Melton,2026-08-08,Maryborough_1690,Maryborough_1690_pacers_mobile,551,370,5.3,28.8,31.5,28.5,28.9,maryborough,1690,pacers,mobile,193.0,11.0,31.0,5.7,21.76,-36.77
MH240826,MH240826_R5,MH240826_R5_VILLAGE VOICE,Maryborough,2026-08-24,Day,Day,5,2:43 PM,2026-08-24T04:43:00+00:00,2026-08-24T14:43:00+10:00,8,VILLAGE VOICE,Ab Paint Pace,1690,"$5,000",Sr1,Jim Barker,Jackie Barker,PACERS,Mobile,VIC,21.0,21.0,False,NR54 (A49),56657,"* Concession Driver Claims and Mares Allowance apply for eligibility purposes only, not within the barrier draw.",NR up to 49. PBD/NR. Pacers,4624,/village-voice,/jim-barker,/jackie-barker,"BLACK, ORANGE DIAMOND",,,CH170826,CHC17082602,7,Charlton,2026-08-17,Maryborough_1690,Maryborough_1690_pacers_mobile,551,370,5.3,28.8,31.5,28.5,28.9,maryborough,1690,pacers,mobile,331.0,32.0,73.0,9.67,31.72,-19.52
MH240826,MH240826_R5,MH240826_R5_MARIANA,Maryborough,2026-08-24,Day,Day,5,2:43 PM,2026-08-24T04:43:00+00:00,2026-08-24T14:43:00+10:00,9,MARIANA,Ab Paint Pace,1690,"$5,000",Sr2,Rebecca Bartley,Liam Older,PACERS,Mobile,VIC,11.0,11.0,False,NR54 (A49),1,"* Concession Driver Claims and Mares Allowance apply for eligibility purposes only, not within the barrier draw.",NR up to 49. PBD/NR. Pacers,438620,/mariana,/rebecca-bartley,/liam-older,"PURPLE, WHITE BRACES, PURPLE YOKE WITH WHITE STARS, WHITE COLLOR & CUFFS",,,CR160826,CRC16082608,1,Cranbourne,2026-08-16,Maryborough_1690,Maryborough_1690_pacers_mobile,551,370,5.3,28.8,31.5,28.5,28.9,maryborough,1690,pacers,mobile,284.0,33.0,63.0,11.62,33.8,-20.89
MH240826,MH240826_R6,MH240826_R6_ALDEBARAN MAVERICK,Maryborough,2026-08-24,Day,Day,6,3:15 PM,2026-08-24T05:15:00+00:00,2026-08-24T15:15:00+10:00,1,ALDEBARAN MAVERICK,Aldebaran Park Vicbred Voucher Trot,1690,"$4,000",Fr-,Scott Torney,Scott Torney,TROTTERS,Mobile,VIC,81.0,81.0,False,NR30,6779s,"* Restricted to Vicbred eligible horses only. * Concession Driver Claims and Mares Allowance apply only within the barrier draw, not for eligibility purposes.",NR up to 38. PBD/NR/L4$. Trotters,3184,/aldebaran-maverick,/scott-torney,/scott-torney,"PURPLE, PINK SASH, GREEN SLEEVES",1.0,,MH310526,MHC31052608,9,Maryborough,2026-05-31,Maryborough_1690,Maryborough_1690_trotters_mobile,551,181,5.6,29.6,31.9,29.5,30.0,maryborough,1690,trotters,mobile,0.0,0.0,0.0,0.0,0.0,0.0
MH240826,MH240826_R6,MH240826_R6_CRESCO CASHFLOW,Maryborough,2026-08-24,Day,Day,6,3:15 PM,2026-08-24T05:15:00+00:00,2026-08-24T15:15:00+10:00,2,CRESCO CASHFLOW,Aldebaran Park Vicbred Voucher Trot,1690,"$4,000",Fr1,Gary Pekin,Gary Pekin,TROTTERS,Mobile,VIC,26.0,26.0,False,NR33 (A30),45905,"* Restricted to Vicbred eligible horses only. * Concession Driver Claims and Mares Allowance apply only within the barrier draw, not for eligibility purposes.",NR up to 38. PBD/NR/L4$. Trotters,3606,/cresco-cashflow,/gary-pekin,/gary-pekin,"ROYAL BLUE, GREEN & WHITE STRIPES, GREEN CUFF",,,SP180826,SPC18082608,5,Shepparton,2026-08-18,Maryborough_1690,Maryborough_1690_trotters_mobile,551,181,5.6,29.6,31.9,29.5,30.0,maryborough,1690,trotters,mobile,181.0,11.0,49.0,6.08,33.15,-37.26
MH240826,MH240826_R6,MH240826_R6_AZALEA MAE,Maryborough,2026-08-24,Day,Day,6,3:15 PM,2026-08-24T05:15:00+00:00,2026-08-24T15:15:00+10:00,3,AZALEA MAE,Aldebaran Park Vicbred Voucher Trot,1690,"$4,000",Fr2,Brett Shipway,Brett Shipway,TROTTERS,Mobile,VIC,13.0,13.0,False,NR31 (A30),308s7,"* Restricted to Vicbred eligible horses only. * Concession Driver Claims and Mares Allowance apply only within the barrier draw, not for eligibility purposes.",NR up to 38. PBD/NR/L4$. Trotters,5790,/azalea-mae,/brett-shipway,/brett-shipway,"BROWN, PINK MALTESE CROSS, BROWN SLEEVES WITH PINK PIN STRIPE",,,MH030826,MHC03082607,7,Maryborough,2026-08-03,Maryborough_1690,Maryborough_1690_trotters_mobile,551,181,5.6,29.6,31.9,29.5,30.0,maryborough,1690,trotters,mobile,181.0,21.0,45.0,11.6,36.46,-11.96
MH240826,MH240826_R6,MH240826_R6_TOUCHANDGO,Maryborough,2026-08-24,Day,Day,6,3:15 PM,2026-08-24T05:15:00+00:00,2026-08-24T15:15:00+10:00,4,TOUCHANDGO,Aldebaran Park Vicbred Voucher Trot,1690,"$4,000",Fr3,Paul Castle,Lauren White,TROTTERS,Mobile,VIC,15.0,15.0,False,NR30,46483,"* Restricted to Vicbred eligible horses only. * Concession Driver Claims and Mares Allowance apply only within the barrier draw, not for eligibility purposes.",NR up to 38. PBD/NR/L4$. Trotters,9045,/touchandgo,/paul-castle,/lauren-white,"BLACK, GREEN HOOP, YELLOW SLEEVES",,,MX120826,MXC12082609,3,Melton,2026-08-12,Maryborough_1690,Maryborough_1690_trotters_mobile,551,181,5.6,29.6,31.9,29.5,30.0,maryborough,1690,trotters,mobile,181.0,20.0,42.0,11.05,34.25,-22.47
MH240826,MH240826_R6,MH240826_R6_PLAYA DEL CARMEN,Maryborough,2026-08-24,Day,Day,6,3:15 PM,2026-08-24T05:15:00+00:00,2026-08-24T15:15:00+10:00,5,PLAYA DEL CARMEN,Aldebaran Park Vicbred Voucher Trot,1690,"$4,000",Fr4,Matthew Higgins,Nathan Jack,TROTTERS,Mobile,VIC,13.0,13.0,False,NR33 (A30),33359,"* Restricted to Vicbred eligible horses only. * Concession Driver Claims and Mares Allowance apply only within the barrier draw, not for eligibility purposes.",NR up to 38. PBD/NR/L4$. Trotters,3510,/playa-del-carmen,/matthew-higgins,/nathan-jack,"BLACK, GREEN & WHITE YOKE, BLACK SLEEVES, WHITE STRIPES",,,KI060826,KIC06082607,9,Kilmore,2026-08-06,Maryborough_1690,Maryborough_1690_trotters_mobile,551,181,5.6,29.6,31.9,29.5,30.0,maryborough,1690,trotters,mobile,181.0,17.0,47.0,9.39,35.36,-39.81
MH240826,MH240826_R6,MH240826_R6_DRESSEDUPINTHECITY,Maryborough,2026-08-24,Day,Day,6,3:15 PM,2026-08-24T05:15:00+00:00,2026-08-24T15:15:00+10:00,6,DRESSEDUPINTHECITY,Aldebaran Park Vicbred Voucher Trot,1690,"$4,000",Fr5,Nick Youngson,Scott Torney,TROTTERS,Mobile,VIC,17.0,17.0,False,NR30,53564,"* Restricted to Vicbred eligible horses only. * Concession Driver Claims and Mares Allowance apply only within the barrier draw, not for eligibility purposes.",NR up to 38. PBD/NR/L4$. Trotters,5954,/dressedupinthecity,/nick-youngson,/scott-torney,"BLACK, RED YOKE, BLACK & GOLD STRIPED SLEEVES",,,SP180826,SPC18082608,4,Shepparton,2026-08-18,Maryborough_1690,Maryborough_1690_trotters_mobile,551,181,5.6,29.6,31.9,29.5,30.0,maryborough,1690,trotters,mobile,180.0,32.0,38.0,17.78,38.89,2.59
MH240826,MH240826_R6,MH240826_R6_SUZYS DREAM,Maryborough,2026-08-24,Day,Day,6,3:15 PM,2026-08-24T05:15:00+00:00,2026-08-24T15:15:00+10:00,7,SUZYS DREAM,Aldebaran Park Vicbred Voucher Trot,1690,"$4,000",Fr6,Donna Castles,Donna Castles,TROTTERS,Mobile,VIC,3.0,3.0,False,NR36 (A31),48576,"* Restricted to Vicbred eligible horses only. * Concession Driver Claims and Mares Allowance apply only within the barrier draw, not for eligibility purposes.",NR up to 38. PBD/NR/L4$. Trotters,4264,/suzys-dream,/donna-castles,/donna-castles,"DARK GREEN, DARK GREEN & WHITE STRIPED SLEEVES",,,KI300726,KIC30072609,6,Kilmore,2026-07-30,Maryborough_1690,Maryborough_1690_trotters_mobile,551,181,5.6,29.6,31.9,29.5,30.0,maryborough,1690,trotters,mobile,164.0,23.0,32.0,14.02,33.54,-5.65
MH240826,MH240826_R6,MH240826_R6_BETSY ANNE,Maryborough,2026-08-24,Day,Day,6,3:15 PM,2026-08-24T05:15:00+00:00,2026-08-24T15:15:00+10:00,8,BETSY ANNE,Aldebaran Park Vicbred Voucher Trot,1690,"$4,000",Sr1,Nick Youngson,James Herbertson,TROTTERS,Mobile,VIC,4.5,4.5,False,NR38 (A33),23776,"* Restricted to Vicbred eligible horses only. * Concession Driver Claims and Mares Allowance apply only within the barrier draw, not for eligibility purposes.",NR up to 38. PBD/NR/L4$. Trotters,10815,/betsy-anne,/nick-youngson,/james-herbertson,"WHITE, BLUE STARS, YELLOW SLEEVES",,,SP180826,SPC18082608,6,Shepparton,2026-08-18,Maryborough_1690,Maryborough_1690_trotters_mobile,551,181,5.6,29.6,31.9,29.5,30.0,maryborough,1690,trotters,mobile,161.0,15.0,35.0,9.32,31.06,-15.52
MH240826,MH240826_R6,MH240826_R6_WILCANNIA,Maryborough,2026-08-24,Day,Day,6,3:15 PM,2026-08-24T05:15:00+00:00,2026-08-24T15:15:00+10:00,9,WILCANNIA,Aldebaran Park Vicbred Voucher Trot,1690,"$4,000",Sr2,Clinton Welsh,Clinton Welsh,TROTTERS,Mobile,VIC,9.0,9.0,False,NR37,8s7s7,"* Restricted to Vicbred eligible horses only. * Concession Driver Claims and Mares Allowance apply only within the barrier draw, not for eligibility purposes.",NR up to 38. PBD/NR/L4$. Trotters,684,/wilcannia,/clinton-welsh,/clinton-welsh,"BLACK, RED STARS & ARMBANDS",,,CR160826,CRC16082609,7,Cranbourne,2026-08-16,Maryborough_1690,Maryborough_1690_trotters_mobile,551,181,5.6,29.6,31.9,29.5,30.0,maryborough,1690,trotters,mobile,127.0,12.0,26.0,9.45,29.92,-25.13
MH240826,MH240826_R6,MH240826_R6_CHARLIE WALKER,Maryborough,2026-08-24,Day,Day,6,3:15 PM,2026-08-24T05:15:00+00:00,2026-08-24T15:15:00+10:00,10,CHARLIE WALKER,Aldebaran Park Vicbred Voucher Trot,1690,"$4,000",Sr3,Ken Whelan,Michael Bellman,TROTTERS,Mobile,VIC,4.0,4.0,False,NR37,0373s,"* Restricted to Vicbred eligible horses only. * Concession Driver Claims and Mares Allowance apply only within the barrier draw, not for eligibility purposes.",NR up to 38. PBD/NR/L4$. Trotters,4586,/charlie-walker,/ken-whelan,/michael-bellman,"DARK BLUE, LIGHT BLUE BAND",,,BA140526,BAC14052610,3,Ballarat,2026-05-14,Maryborough_1690,Maryborough_1690_trotters_mobile,551,181,5.6,29.6,31.9,29.5,30.0,maryborough,1690,trotters,mobile,108.0,17.0,14.0,15.74,28.7,18.92
MH240826,MH240826_R6,MH240826_R6_KYVALLEY MISTY,Maryborough,2026-08-24,Day,Day,6,3:15 PM,2026-08-24T05:15:00+00:00,2026-08-24T15:15:00+10:00,11,KYVALLEY MISTY,Aldebaran Park Vicbred Voucher Trot,1690,"$4,000",Sr4,Brent Lilley,Chris Alford,TROTTERS,Mobile,VIC,7.0,7.0,False,NR35 (A30),9259s,"* Restricted to Vicbred eligible horses only. * Concession Driver Claims and Mares Allowance apply only within the barrier draw, not for eligibility purposes.",NR up to 38. PBD/NR/L4$. Trotters,434271,/kyvalley-misty,/brent-lilley,/chris-alford,"GOLD, GREEN V",,ODM,BN240626,BNC24062609,9,Bendigo,2026-06-24,Maryborough_1690,Maryborough_1690_trotters_mobile,551,181,5.6,29.6,31.9,29.5,30.0,maryborough,1690,trotters,mobile,51.0,5.0,10.0,9.8,29.41,-43.83
MH240826,MH240826_R7,MH240826_R7_PRO HIBITION,Maryborough,2026-08-24,Day,Day,7,3:52 PM,2026-08-24T05:52:00+00:00,2026-08-24T15:52:00+10:00,1,PRO HIBITION,Vale Diann Fitzpatrick Trot,2190,"$5,000",Fr1,Faye McEwan,Josh Duggan,TROTTERS,Mobile,VIC,17.0,17.0,False,NR41,48097,* No Claims or Allowances apply.,NR 39 to 43. PBD/L4$. Trotters,436727,/pro-hibition,/faye-mcewan,/josh-duggan,"WHITE, BLACK & RED CHECKED SASH, BLACK SLEEVES",,,KI130826,KIC13082609,7,Kilmore,2026-08-13,Maryborough_2190,Maryborough_2190_trotters_mobile,908,440,44.3,31.6,31.9,29.6,29.9,maryborough,2190,trotters,mobile,440.0,43.0,98.0,9.77,32.05,-15.65
MH240826,MH240826_R7,MH240826_R7_THE FIERY SUNSET,Maryborough,2026-08-24,Day,Day,7,3:52 PM,2026-08-24T05:52:00+00:00,2026-08-24T15:52:00+10:00,2,THE FIERY SUNSET,Vale Diann Fitzpatrick Trot,2190,"$5,000",Fr2,Wayne Ross,Jackie Barker,TROTTERS,Mobile,VIC,2.4,2.4,False,NR43,13666,* No Claims or Allowances apply.,NR 39 to 43. PBD/L4$. Trotters,4731,/the-fiery-sunset,/wayne-ross-15029,/jackie-barker,"BLUE, GREY STAR, BLACK SLEEVES.",,,GE140826,GEC14082608,6,Geelong,2026-08-14,Maryborough_2190,Maryborough_2190_trotters_mobile,908,440,44.3,31.6,31.9,29.6,29.9,maryborough,2190,trotters,mobile,440.0,47.0,88.0,10.68,30.68,-21.63
MH240826,MH240826_R7,MH240826_R7_NIGHT SKY,Maryborough,2026-08-24,Day,Day,7,3:52 PM,2026-08-24T05:52:00+00:00,2026-08-24T15:52:00+10:00,3,NIGHT SKY,Vale Diann Fitzpatrick Trot,2190,"$5,000",Fr3,Donna Castles,Donna Castles,TROTTERS,Mobile,VIC,4.5,4.5,False,NR43,38s98,* No Claims or Allowances apply.,NR 39 to 43. PBD/L4$. Trotters,5496,/night-sky,/donna-castles,/donna-castles,"BLACK, PINK STRIPES, DARK BLUE SLEEVES",,,SP040826,SPC04082609,8,Shepparton,2026-08-04,Maryborough_2190,Maryborough_2190_trotters_mobile,908,440,44.3,31.6,31.9,29.6,29.9,maryborough,2190,trotters,mobile,440.0,46.0,108.0,10.45,35.0,-29.61
MH240826,MH240826_R7,MH240826_R7_LOUIEVILLE LASS,Maryborough,2026-08-24,Day,Day,7,3:52 PM,2026-08-24T05:52:00+00:00,2026-08-24T15:52:00+10:00,4,LOUIEVILLE LASS,Vale Diann Fitzpatrick Trot,2190,"$5,000",Fr4,Brett Shipway,Brett Shipway,TROTTERS,Mobile,VIC,11.0,11.0,False,NR41,27743,* No Claims or Allowances apply.,NR 39 to 43. PBD/L4$. Trotters,13005,/louieville-lass,/brett-shipway,/brett-shipway,"BROWN, PINK MALTESE CROSS, BROWN SLEEVES WITH PINK PIN STRIPE",,,GE140826,GEC14082608,3,Geelong,2026-08-14,Maryborough_2190,Maryborough_2190_trotters_mobile,908,440,44.3,31.6,31.9,29.6,29.9,maryborough,2190,trotters,mobile,440.0,49.0,112.0,11.14,36.59,-22.12
MH240826,MH240826_R7,MH240826_R7_MASSIF CENTRAL,Maryborough,2026-08-24,Day,Day,7,3:52 PM,2026-08-24T05:52:00+00:00,2026-08-24T15:52:00+10:00,5,MASSIF CENTRAL,Vale Diann Fitzpatrick Trot,2190,"$5,000",Fr-,Alexandra Hurley,James Herbertson,TROTTERS,Mobile,VIC,7.0,7.0,False,NR41,89533,* No Claims or Allowances apply.,NR 39 to 43. PBD/L4$. Trotters,10333,/massif-central,/alexandra-hurley,/james-herbertson,"BLUE, WHITE HORSESHOES",1.0,,KI130826,KIC13082609,3,Kilmore,2026-08-13,Maryborough_2190,Maryborough_2190_trotters_mobile,908,440,44.3,31.6,31.9,29.6,29.9,maryborough,2190,trotters,mobile,0.0,0.0,0.0,0.0,0.0,0.0
MH240826,MH240826_R7,MH240826_R7_BROOKLYNGOTCOURAGE,Maryborough,2026-08-24,Day,Day,7,3:52 PM,2026-08-24T05:52:00+00:00,2026-08-24T15:52:00+10:00,6,BROOKLYNGOTCOURAGE,Vale Diann Fitzpatrick Trot,2190,"$5,000",Fr5,Brad Angove,Jordan Leedham,TROTTERS,Mobile,VIC,7.5,7.5,False,NR41,37628,* No Claims or Allowances apply.,NR 39 to 43. PBD/L4$. Trotters,438037,/brooklyngotcourage,/brad-angove,/jordan-leedham,"BLACK WITH WHITE YOKE & BRACES, BLACK FOURLEAF CLOVERS AND SLEEVES",,,KI130826,KIC13082609,8,Kilmore,2026-08-13,Maryborough_2190,Maryborough_2190_trotters_mobile,908,440,44.3,31.6,31.9,29.6,29.9,maryborough,2190,trotters,mobile,439.0,58.0,99.0,13.21,35.76,-17.2
MH240826,MH240826_R7,MH240826_R7_IMABOGANBOY,Maryborough,2026-08-24,Day,Day,7,3:52 PM,2026-08-24T05:52:00+00:00,2026-08-24T15:52:00+10:00,7,IMABOGANBOY,Vale Diann Fitzpatrick Trot,2190,"$5,000",Fr6,Anne-Maree Conroy,Anne-Maree Conroy,TROTTERS,Mobile,VIC,9.0,9.0,False,NR43,34254,* No Claims or Allowances apply.,NR 39 to 43. PBD/L4$. Trotters,10318,/imaboganboy,/anne-maree-conroy,/anne-maree-conroy,"YELLOW, BLACK V",,,GE140826,GEC14082609,4,Geelong,2026-08-14,Maryborough_2190,Maryborough_2190_trotters_mobile,908,440,44.3,31.6,31.9,29.6,29.9,maryborough,2190,trotters,mobile,421.0,57.0,65.0,13.54,28.98,4.43
MH240826,MH240826_R7,MH240826_R7_NEDZA THRILLER,Maryborough,2026-08-24,Day,Day,7,3:52 PM,2026-08-24T05:52:00+00:00,2026-08-24T15:52:00+10:00,8,NEDZA THRILLER,Vale Diann Fitzpatrick Trot,2190,"$5,000",Sr1,Ray Cross,Liam Older,TROTTERS,Mobile,VIC,11.0,11.0,False,NR40,41445,* No Claims or Allowances apply.,NR 39 to 43. PBD/L4$. Trotters,4701,/nedza-thriller,/ray-cross,/liam-older,"BLACK, WHITE SQUARES, RED SLEEVES",,,BA050826,BAC05082607,5,Ballarat,2026-08-05,Maryborough_2190,Maryborough_2190_trotters_mobile,908,440,44.3,31.6,31.9,29.6,29.9,maryborough,2190,trotters,mobile,407.0,43.0,93.0,10.57,33.42,-10.72
MH240826,MH240826_R7,MH240826_R7_WHATSTHEGOSS,Maryborough,2026-08-24,Day,Day,7,3:52 PM,2026-08-24T05:52:00+00:00,2026-08-24T15:52:00+10:00,9,WHATSTHEGOSS,Vale Diann Fitzpatrick Trot,2190,"$5,000",Sr2,Steven Connor,Ellen Tormey,TROTTERS,Mobile,VIC,101.0,101.0,False,NR32 (A39),86747,* No Claims or Allowances apply.,NR 39 to 43. PBD/L4$. Trotters,5182,/whatsthegoss,/steven-connor,/ellen-tormey,"GREEN, YELLOW DIAMONDS & ARMBANDS",,ODM,MH030826,MHC03082610,7,Maryborough,2026-08-03,Maryborough_2190,Maryborough_2190_trotters_mobile,908,440,44.3,31.6,31.9,29.6,29.9,maryborough,2190,trotters,mobile,337.0,29.0,57.0,8.61,25.52,-27.51
MH240826,MH240826_R7,MH240826_R7_MAJOR MAX,Maryborough,2026-08-24,Day,Day,7,3:52 PM,2026-08-24T05:52:00+00:00,2026-08-24T15:52:00+10:00,10,MAJOR MAX,Vale Diann Fitzpatrick Trot,2190,"$5,000",Sr3,Jack Sullivan,Jack Sullivan,TROTTERS,Mobile,VIC,26.0,26.0,False,NR40,00061,* No Claims or Allowances apply.,NR 39 to 43. PBD/L4$. Trotters,3549,/major-max,/jack-sullivan,/jack-sullivan,"RED, BLACK DIAMOND & SLEEVES",,ODM,KI300726,KIC30072609,1,Kilmore,2026-07-30,Maryborough_2190,Maryborough_2190_trotters_mobile,908,440,44.3,31.6,31.9,29.6,29.9,maryborough,2190,trotters,mobile,248.0,14.0,53.0,5.65,27.02,-51.9
MH240826,MH240826_R7,MH240826_R7_KYVALLEY JOKER,Maryborough,2026-08-24,Day,Day,7,3:52 PM,2026-08-24T05:52:00+00:00,2026-08-24T15:52:00+10:00,11,KYVALLEY JOKER,Vale Diann Fitzpatrick Trot,2190,"$5,000",Sr4,Joanne Franklin,Michael Bellman,TROTTERS,Mobile,VIC,13.0,13.0,False,NR40,75661,* No Claims or Allowances apply.,NR 39 to 43. PBD/L4$. Trotters,157107,/kyvalley-joker,/joanne-franklin,/michael-bellman,"GOLD, GREEN DIAMOND, PINK SLEEVES",,ODM,MH030826,MHC03082610,1,Maryborough,2026-08-03,Maryborough_2190,Maryborough_2190_trotters_mobile,908,440,44.3,31.6,31.9,29.6,29.9,maryborough,2190,trotters,mobile,154.0,12.0,29.0,7.79,26.62,-5.98
MH240826,MH240826_R8,MH240826_R8_WATCH AND ACT,Maryborough,2026-08-24,Day,Day,8,4:22 PM,2026-08-24T06:22:00+00:00,2026-08-24T16:22:00+10:00,1,WATCH AND ACT,Redpath Tyre & Battery Service Trotters Discretionary Handicap,2190,"$8,000",FT Fr1,Faye McEwan,Josh Duggan,TROTTERS,Stand,VIC,26.0,26.0,False,NR55,23746,* For horses with a minimum NR of 55 at acceptance time only. * Handicaps for this race will be done solely to create the most even contest based on the discretion of the HRV Handicapping Panel and nothing else. * Handicaps will not be released until after acceptances. * Trainers cannot contest handicap and standard scratching penalties will apply. * No Claims or Allowances apply.,NR 55 or better. Discretionary Handicap. PBD/NR. Trotters,5681,/watch-and-act,/faye-mcewan,/josh-duggan,"WHITE, BLACK & RED CHECKED SASH, BLACK SLEEVES",,,KI130826,KIC13082607,6,Kilmore,2026-08-13,Maryborough_2190,Maryborough_2190_trotters_stand,908,105,47.4,31.2,31.3,29.3,29.9,maryborough,2190,trotters,stand,3.0,0.0,0.0,0.0,0.0,-100.0
MH240826,MH240826_R8,MH240826_R8_ROMANTIC NINA,Maryborough,2026-08-24,Day,Day,8,4:22 PM,2026-08-24T06:22:00+00:00,2026-08-24T16:22:00+10:00,2,ROMANTIC NINA,Redpath Tyre & Battery Service Trotters Discretionary Handicap,2190,"$8,000",FT Fr2,Ray Cross,,TROTTERS,Stand,VIC,19.0,19.0,False,NR58,81389,* For horses with a minimum NR of 55 at acceptance time only. * Handicaps for this race will be done solely to create the most even contest based on the discretion of the HRV Handicapping Panel and nothing else. * Handicaps will not be released until after acceptances. * Trainers cannot contest handicap and standard scratching penalties will apply. * No Claims or Allowances apply.,NR 55 or better. Discretionary Handicap. PBD/NR. Trotters,3262,/romantic-nina,/ray-cross,,"BLACK, WHITE SQUARES, RED SLEEVES",,,MX150826,MXM15082608,9,Melton,2026-08-15,Maryborough_2190,Maryborough_2190_trotters_stand,908,105,47.4,31.2,31.3,29.3,29.9,maryborough,2190,trotters,stand,3.0,0.0,0.0,0.0,0.0,-100.0
MH240826,MH240826_R8,MH240826_R8_FREMARKS PEGGY,Maryborough,2026-08-24,Day,Day,8,4:22 PM,2026-08-24T06:22:00+00:00,2026-08-24T16:22:00+10:00,3,FREMARKS PEGGY,Redpath Tyre & Battery Service Trotters Discretionary Handicap,2190,"$8,000",FT Fr3,Nick Youngson,James Herbertson,TROTTERS,Stand,VIC,9.0,9.0,False,NR61,11438,* For horses with a minimum NR of 55 at acceptance time only. * Handicaps for this race will be done solely to create the most even contest based on the discretion of the HRV Handicapping Panel and nothing else. * Handicaps will not be released until after acceptances. * Trainers cannot contest handicap and standard scratching penalties will apply. * No Claims or Allowances apply.,NR 55 or better. Discretionary Handicap. PBD/NR. Trotters,2888,/fremarks-peggy,/nick-youngson,/james-herbertson,"BLACK, RED YOKE, BLACK & GOLD STRIPED SLEEVES",,,KI130826,KIC13082606,8,Kilmore,2026-08-13,Maryborough_2190,Maryborough_2190_trotters_stand,908,105,47.4,31.2,31.3,29.3,29.9,maryborough,2190,trotters,stand,3.0,0.0,1.0,0.0,33.33,-100.0
MH240826,MH240826_R8,MH240826_R8_EL CONQUEROR NZ,Maryborough,2026-08-24,Day,Day,8,4:22 PM,2026-08-24T06:22:00+00:00,2026-08-24T16:22:00+10:00,4,EL CONQUEROR NZ,Redpath Tyre & Battery Service Trotters Discretionary Handicap,2190,"$8,000",FT Fr4,Brent Lilley,Chris Alford,TROTTERS,Stand,VIC,15.0,15.0,False,NR65,94737,* For horses with a minimum NR of 55 at acceptance time only. * Handicaps for this race will be done solely to create the most even contest based on the discretion of the HRV Handicapping Panel and nothing else. * Handicaps will not be released until after acceptances. * Trainers cannot contest handicap and standard scratching penalties will apply. * No Claims or Allowances apply.,NR 55 or better. Discretionary Handicap. PBD/NR. Trotters,440778,/el-conqueror-nz-440778,/brent-lilley,/chris-alford,"GREEN, GOLD & PURPLE CHECKED SASH",,,MH030826,MHC03082605,7,Maryborough,2026-08-03,Maryborough_2190,Maryborough_2190_trotters_stand,908,105,47.4,31.2,31.3,29.3,29.9,maryborough,2190,trotters,stand,3.0,0.0,1.0,0.0,33.33,-100.0
MH240826,MH240826_R8,MH240826_R8_SIR EROS,Maryborough,2026-08-24,Day,Day,8,4:22 PM,2026-08-24T06:22:00+00:00,2026-08-24T16:22:00+10:00,5,SIR EROS,Redpath Tyre & Battery Service Trotters Discretionary Handicap,2190,"$8,000",FT Fr5,"E Brosnan, R J Brosnan",Emmett Brosnan,TROTTERS,Stand,VIC,26.0,26.0,False,NR60,87560,* For horses with a minimum NR of 55 at acceptance time only. * Handicaps for this race will be done solely to create the most even contest based on the discretion of the HRV Handicapping Panel and nothing else. * Handicaps will not be released until after acceptances. * Trainers cannot contest handicap and standard scratching penalties will apply. * No Claims or Allowances apply.,NR 55 or better. Discretionary Handicap. PBD/NR. Trotters,4605,/sir-eros,/e-brosnan-r-j-brosnan,/emmett-brosnan,"GREEN, GOLD BRACES & THREE GOLD STARS, BLUE SLEEVES",,ODS,MX070826,MXC07082607,10,Melton,2026-08-07,Maryborough_2190,Maryborough_2190_trotters_stand,908,105,47.4,31.2,31.3,29.3,29.9,maryborough,2190,trotters,stand,2.0,0.0,0.0,0.0,0.0,-100.0
MH240826,MH240826_R8,MH240826_R8_ANTONOV NZ,Maryborough,2026-08-24,Day,Day,8,4:22 PM,2026-08-24T06:22:00+00:00,2026-08-24T16:22:00+10:00,6,ANTONOV NZ,Redpath Tyre & Battery Service Trotters Discretionary Handicap,2190,"$8,000",10 Fr1,Rebecca Bartley,Liam Older,TROTTERS,Stand,VIC,15.0,15.0,False,NR64,30822,* For horses with a minimum NR of 55 at acceptance time only. * Handicaps for this race will be done solely to create the most even contest based on the discretion of the HRV Handicapping Panel and nothing else. * Handicaps will not be released until after acceptances. * Trainers cannot contest handicap and standard scratching penalties will apply. * No Claims or Allowances apply.,NR 55 or better. Discretionary Handicap. PBD/NR. Trotters,643,/antonov-nz,/rebecca-bartley,/liam-older,"PURPLE, WHITE BRACES, PURPLE YOKE WITH WHITE STARS, WHITE COLLOR & CUFFS",,,MH030826,MHC03082605,2,Maryborough,2026-08-03,Maryborough_2190,Maryborough_2190_trotters_stand,908,105,47.4,31.2,31.3,29.3,29.9,maryborough,2190,trotters,stand,3.0,0.0,3.0,0.0,100.0,-100.0
MH240826,MH240826_R8,MH240826_R8_AVANT GUARD,Maryborough,2026-08-24,Day,Day,8,4:22 PM,2026-08-24T06:22:00+00:00,2026-08-24T16:22:00+10:00,7,AVANT GUARD,Redpath Tyre & Battery Service Trotters Discretionary Handicap,2190,"$8,000",SCR,Ross Graham,James Herbertson,TROTTERS,Stand,VIC,13.0,13.0,True,NR65,04004,* For horses with a minimum NR of 55 at acceptance time only. * Handicaps for this race will be done solely to create the most even contest based on the discretion of the HRV Handicapping Panel and nothing else. * Handicaps will not be released until after acceptances. * Trainers cannot contest handicap and standard scratching penalties will apply. * No Claims or Allowances apply.,NR 55 or better. Discretionary Handicap. PBD/NR. Trotters,3761,/avant-guard,/ross-graham,/james-herbertson,"GREEN, YELLOW CROSSED SASHES, YELLOW STRIPED SLEEVES & CUFFS",1.0,,KI130826,KIC13082606,4,Kilmore,2026-08-13,Maryborough_2190,Maryborough_2190_trotters_stand,908,105,47.4,31.2,31.3,29.3,29.9,maryborough,2190,trotters,stand,0.0,0.0,0.0,0.0,0.0,0.0
MH240826,MH240826_R8,MH240826_R8_JUST AS I AM,Maryborough,2026-08-24,Day,Day,8,4:22 PM,2026-08-24T06:22:00+00:00,2026-08-24T16:22:00+10:00,8,JUST AS I AM,Redpath Tyre & Battery Service Trotters Discretionary Handicap,2190,"$8,000",10 Fr2,Russell Jack,Nathan Jack,TROTTERS,Stand,VIC,4.0,4.0,False,NR66,26645,* For horses with a minimum NR of 55 at acceptance time only. * Handicaps for this race will be done solely to create the most even contest based on the discretion of the HRV Handicapping Panel and nothing else. * Handicaps will not be released until after acceptances. * Trainers cannot contest handicap and standard scratching penalties will apply. * No Claims or Allowances apply.,NR 55 or better. Discretionary Handicap. PBD/NR. Trotters,437103,/just-as-i-am,/russell-jack,/nathan-jack,"TARTAN, DARK BLUE SLEEVES",,,MX250726,MXM25072610,5,Melton,2026-07-25,Maryborough_2190,Maryborough_2190_trotters_stand,908,105,47.4,31.2,31.3,29.3,29.9,maryborough,2190,trotters,stand,3.0,0.0,0.0,0.0,0.0,-100.0
MH240826,MH240826_R8,MH240826_R8_JACK SPRAT,Maryborough,2026-08-24,Day,Day,8,4:22 PM,2026-08-24T06:22:00+00:00,2026-08-24T16:22:00+10:00,9,JACK SPRAT,Redpath Tyre & Battery Service Trotters Discretionary Handicap,2190,"$8,000",10 Fr3,"E Brosnan, R J Brosnan",Michael Bellman,TROTTERS,Stand,VIC,26.0,26.0,False,NR66,n7415,* For horses with a minimum NR of 55 at acceptance time only. * Handicaps for this race will be done solely to create the most even contest based on the discretion of the HRV Handicapping Panel and nothing else. * Handicaps will not be released until after acceptances. * Trainers cannot contest handicap and standard scratching penalties will apply. * No Claims or Allowances apply.,NR 55 or better. Discretionary Handicap. PBD/NR. Trotters,4977,/jack-sprat,/e-brosnan-r-j-brosnan,/michael-bellman,"GREEN, GOLD SASH, BLUE SLEEVES",,,MH030826,MHC03082605,5,Maryborough,2026-08-03,Maryborough_2190,Maryborough_2190_trotters_stand,908,105,47.4,31.2,31.3,29.3,29.9,maryborough,2190,trotters,stand,3.0,2.0,0.0,66.67,66.67,194.94
MH240826,MH240826_R8,MH240826_R8_MAESTRO,Maryborough,2026-08-24,Day,Day,8,4:22 PM,2026-08-24T06:22:00+00:00,2026-08-24T16:22:00+10:00,10,MAESTRO,Redpath Tyre & Battery Service Trotters Discretionary Handicap,2190,"$8,000",20 Fr1,Brent Lilley,Joey Sharp,TROTTERS,Stand,VIC,9.0,9.0,False,NR72,85613,* For horses with a minimum NR of 55 at acceptance time only. * Handicaps for this race will be done solely to create the most even contest based on the discretion of the HRV Handicapping Panel and nothing else. * Handicaps will not be released until after acceptances. * Trainers cannot contest handicap and standard scratching penalties will apply. * No Claims or Allowances apply.,NR 55 or better. Discretionary Handicap. PBD/NR. Trotters,4528,/maestro,/brent-lilley,/joey-sharp,"PURPLE, YELLOW DIAMONDS, GREEN SLEEVES",,,GD270726,GDC27072609,3,Globe Derby Park,2026-07-27,Maryborough_2190,Maryborough_2190_trotters_stand,908,105,47.4,31.2,31.3,29.3,29.9,maryborough,2190,trotters,stand,2.0,1.0,1.0,50.0,100.0,225.95
MH240826,MH240826_R8,MH240826_R8_MUSKEE,Maryborough,2026-08-24,Day,Day,8,4:22 PM,2026-08-24T06:22:00+00:00,2026-08-24T16:22:00+10:00,11,MUSKEE,Redpath Tyre & Battery Service Trotters Discretionary Handicap,2190,"$8,000",20 Fr2,John Justice,Ewa Justice,TROTTERS,Stand,VIC,1.8,1.8,False,NR80,39713,* For horses with a minimum NR of 55 at acceptance time only. * Handicaps for this race will be done solely to create the most even contest based on the discretion of the HRV Handicapping Panel and nothing else. * Handicaps will not be released until after acceptances. * Trainers cannot contest handicap and standard scratching penalties will apply. * No Claims or Allowances apply.,NR 55 or better. Discretionary Handicap. PBD/NR. Trotters,436677,/muskee,/john-justice,/ewa-justice,"YELLOW, BLUE DIAMONDS & SLEEVES",,,MX080826,MXM08082608,3,Melton,2026-08-08,Maryborough_2190,Maryborough_2190_trotters_stand,908,105,47.4,31.2,31.3,29.3,29.9,maryborough,2190,trotters,stand,1.0,0.0,0.0,0.0,0.0,-100.0
MH240826,MH240826_R9,MH240826_R9_LOVE WHO,Maryborough,2026-08-24,Day,Day,9,5:02 PM,2026-08-24T07:02:00+00:00,2026-08-24T17:02:00+10:00,1,LOVE WHO,Maryborough Antique Bottle Show Aug 29 & 30 Trot,1690,"$5,000",Fr1,Stephen Clarke,Reagan Clarke,TROTTERS,Mobile,VIC,9.0,9.0,False,NR44,32161,"* Concession Driver Claims and Mares Allowance apply for eligibility purposes only, not within the barrier draw.",NR 44 to 49. PBD/NR. Trotters,4726,/love-who,/stephen-clarke,/reagan-clarke,"WHITE, RED DIAMOND & CROSSED SASHES, RED & WHITE STRIPED SLEEVES, RED CUFFS",,,SP180826,SPC18082608,1,Shepparton,2026-08-18,Maryborough_1690,Maryborough_1690_trotters_mobile,551,181,5.6,29.6,31.9,29.5,30.0,maryborough,1690,trotters,mobile,181.0,11.0,49.0,6.08,33.15,-37.26
MH240826,MH240826_R9,MH240826_R9_VAN DOREN,Maryborough,2026-08-24,Day,Day,9,5:02 PM,2026-08-24T07:02:00+00:00,2026-08-24T17:02:00+10:00,2,VAN DOREN,Maryborough Antique Bottle Show Aug 29 & 30 Trot,1690,"$5,000",Fr2,Donna Castles,Donna Castles,TROTTERS,Mobile,VIC,7.5,7.5,False,NR44,25443,"* Concession Driver Claims and Mares Allowance apply for eligibility purposes only, not within the barrier draw.",NR 44 to 49. PBD/NR. Trotters,561,/van-doren,/donna-castles,/donna-castles,"DARK GREEN, DARK GREEN & WHITE STRIPED SLEEVES",,,SP040826,SPC04082609,3,Shepparton,2026-08-04,Maryborough_1690,Maryborough_1690_trotters_mobile,551,181,5.6,29.6,31.9,29.5,30.0,maryborough,1690,trotters,mobile,181.0,21.0,45.0,11.6,36.46,-11.96
MH240826,MH240826_R9,MH240826_R9_CAITHNESS LADY,Maryborough,2026-08-24,Day,Day,9,5:02 PM,2026-08-24T07:02:00+00:00,2026-08-24T17:02:00+10:00,3,CAITHNESS LADY,Maryborough Antique Bottle Show Aug 29 & 30 Trot,1690,"$5,000",Fr3,John Meade,John Meade,TROTTERS,Mobile,VIC,61.0,61.0,False,NR47 (A44),55845,"* Concession Driver Claims and Mares Allowance apply for eligibility purposes only, not within the barrier draw.",NR 44 to 49. PBD/NR. Trotters,12267,/caithness-lady,/john-meade,/john-meade,"DARK BLUE, RED V, YELLOW SLEEVES",,,HM100826,HMC10082609,5,Hamilton,2026-08-10,Maryborough_1690,Maryborough_1690_trotters_mobile,551,181,5.6,29.6,31.9,29.5,30.0,maryborough,1690,trotters,mobile,181.0,20.0,42.0,11.05,34.25,-22.47
MH240826,MH240826_R9,MH240826_R9_RASTAMON,Maryborough,2026-08-24,Day,Day,9,5:02 PM,2026-08-24T07:02:00+00:00,2026-08-24T17:02:00+10:00,4,RASTAMON,Maryborough Antique Bottle Show Aug 29 & 30 Trot,1690,"$5,000",Fr4,Tina Ridis,Tina Ridis,TROTTERS,Mobile,VIC,5.5,5.5,False,NR49,14194,"* Concession Driver Claims and Mares Allowance apply for eligibility purposes only, not within the barrier draw.",NR 44 to 49. PBD/NR. Trotters,624,/rastamon,/tina-ridis,/tina-ridis,"LIGHT BLUE, RED V",,,BA190826,BAC19082612,4,Ballarat,2026-08-19,Maryborough_1690,Maryborough_1690_trotters_mobile,551,181,5.6,29.6,31.9,29.5,30.0,maryborough,1690,trotters,mobile,181.0,17.0,47.0,9.39,35.36,-39.81
MH240826,MH240826_R9,MH240826_R9_MORNING DOVE,Maryborough,2026-08-24,Day,Day,9,5:02 PM,2026-08-24T07:02:00+00:00,2026-08-24T17:02:00+10:00,5,MORNING DOVE,Maryborough Antique Bottle Show Aug 29 & 30 Trot,1690,"$5,000",Fr5,Faye McEwan,Michael Bellman,TROTTERS,Mobile,VIC,5.5,5.5,False,NR49 (A44),192s6,"* Concession Driver Claims and Mares Allowance apply for eligibility purposes only, not within the barrier draw.",NR 44 to 49. PBD/NR. Trotters,438566,/morning-dove,/faye-mcewan,/michael-bellman,"DARK BLUE & RED DIAGONAL STRIPES, RED SLEEVES",,,MH030826,MHC03082606,6,Maryborough,2026-08-03,Maryborough_1690,Maryborough_1690_trotters_mobile,551,181,5.6,29.6,31.9,29.5,30.0,maryborough,1690,trotters,mobile,180.0,32.0,38.0,17.78,38.89,2.59
MH240826,MH240826_R9,MH240826_R9_AI SEDHAI,Maryborough,2026-08-24,Day,Day,9,5:02 PM,2026-08-24T07:02:00+00:00,2026-08-24T17:02:00+10:00,6,AI SEDHAI,Maryborough Antique Bottle Show Aug 29 & 30 Trot,1690,"$5,000",Fr-,Wayne Jackson,Jackie Barker,TROTTERS,Mobile,VIC,5.5,5.5,False,NR51 (A46),49555,"* Concession Driver Claims and Mares Allowance apply for eligibility purposes only, not within the barrier draw.",NR 44 to 49. PBD/NR. Trotters,4836,/ai-sedhai,/wayne-jackson,/jackie-barker,"BROWN, GOLD DIAMOND & SLEEVES",1.0,,BA190826,BAC19082612,5,Ballarat,2026-08-19,Maryborough_1690,Maryborough_1690_trotters_mobile,551,181,5.6,29.6,31.9,29.5,30.0,maryborough,1690,trotters,mobile,0.0,0.0,0.0,0.0,0.0,0.0
MH240826,MH240826_R9,MH240826_R9_QUEEN TRUSCOTT,Maryborough,2026-08-24,Day,Day,9,5:02 PM,2026-08-24T07:02:00+00:00,2026-08-24T17:02:00+10:00,7,QUEEN TRUSCOTT,Maryborough Antique Bottle Show Aug 29 & 30 Trot,1690,"$5,000",Fr6,Chris Angove,Jordan Leedham,TROTTERS,Mobile,VIC,15.0,15.0,False,NR51 (A46),s4431,"* Concession Driver Claims and Mares Allowance apply for eligibility purposes only, not within the barrier draw.",NR 44 to 49. PBD/NR. Trotters,157086,/queen-truscott,/chris-angove,/jordan-leedham,"BROWN, GREEN DIAMONDS",,,SP110826,SPC11082610,1,Shepparton,2026-08-11,Maryborough_1690,Maryborough_1690_trotters_mobile,551,181,5.6,29.6,31.9,29.5,30.0,maryborough,1690,trotters,mobile,164.0,23.0,32.0,14.02,33.54,-5.65
MH240826,MH240826_R9,MH240826_R9_MATISOFF,Maryborough,2026-08-24,Day,Day,9,5:02 PM,2026-08-24T07:02:00+00:00,2026-08-24T17:02:00+10:00,8,MATISOFF,Maryborough Antique Bottle Show Aug 29 & 30 Trot,1690,"$5,000",Sr1,Tim Mortlock,Trent Fiscalini,TROTTERS,Mobile,VIC,21.0,21.0,False,NR52 (A47),9516s,"* Concession Driver Claims and Mares Allowance apply for eligibility purposes only, not within the barrier draw.",NR 44 to 49. PBD/NR. Trotters,7077,/matisoff,/tim-mortlock,/trent-fiscalini,"DARK BLUE , GOLD VERTICAL STRIPE, WHITE SLEEVES",,,BN240626,BNC24062612,6,Bendigo,2026-06-24,Maryborough_1690,Maryborough_1690_trotters_mobile,551,181,5.6,29.6,31.9,29.5,30.0,maryborough,1690,trotters,mobile,161.0,15.0,35.0,9.32,31.06,-15.52
MH240826,MH240826_R9,MH240826_R9_POPPY POPSTAR,Maryborough,2026-08-24,Day,Day,9,5:02 PM,2026-08-24T07:02:00+00:00,2026-08-24T17:02:00+10:00,9,POPPY POPSTAR,Maryborough Antique Bottle Show Aug 29 & 30 Trot,1690,"$5,000",Sr2,Tarah McNamara,James Herbertson,TROTTERS,Mobile,VIC,4.5,4.5,False,NR53 (A48),25417,"* Concession Driver Claims and Mares Allowance apply for eligibility purposes only, not within the barrier draw.",NR 44 to 49. PBD/NR. Trotters,9594,/poppy-popstar,/tarah-mcnamara,/james-herbertson,"BLUE, WHITE LIGHTING BOLT, RED SLEEVES COLLAR & WAISTBAND",,,KI130826,KIC13082607,7,Kilmore,2026-08-13,Maryborough_1690,Maryborough_1690_trotters_mobile,551,181,5.6,29.6,31.9,29.5,30.0,maryborough,1690,trotters,mobile,127.0,12.0,26.0,9.45,29.92,-25.13
MH240826,MH240826_R9,MH240826_R9_DONA AMALIA,Maryborough,2026-08-24,Day,Day,9,5:02 PM,2026-08-24T07:02:00+00:00,2026-08-24T17:02:00+10:00,10,DONA AMALIA,Maryborough Antique Bottle Show Aug 29 & 30 Trot,1690,"$5,000",Sr3,John Tormey,Ellen Tormey,TROTTERS,Mobile,VIC,6.0,6.0,False,NR53 (A48),60227,"* Concession Driver Claims and Mares Allowance apply for eligibility purposes only, not within the barrier draw.",NR 44 to 49. PBD/NR. Trotters,2988,/dona-amalia,/john-tormey,/ellen-tormey,"BLACK, GREEN STARS, BLACK SLEEVES, GREEN STRIPE",,,KI300726,KIC30072606,7,Kilmore,2026-07-30,Maryborough_1690,Maryborough_1690_trotters_mobile,551,181,5.6,29.6,31.9,29.5,30.0,maryborough,1690,trotters,mobile,108.0,17.0,14.0,15.74,28.7,18.92
MH240826,MH240826_R9,MH240826_R9_BLACK AND GOLD,Maryborough,2026-08-24,Day,Day,9,5:02 PM,2026-08-24T07:02:00+00:00,2026-08-24T17:02:00+10:00,11,BLACK AND GOLD,Maryborough Antique Bottle Show Aug 29 & 30 Trot,1690,"$5,000",Sr4,Brett Shipway,Brett Shipway,TROTTERS,Mobile,VIC,11.0,11.0,False,NR54 (A49),59551,"* Concession Driver Claims and Mares Allowance apply for eligibility purposes only, not within the barrier draw.",NR 44 to 49. PBD/NR. Trotters,2929,/black-and-gold,/brett-shipway,/brett-shipway,"BROWN, PINK MALTESE CROSS, BROWN SLEEVES WITH PINK PIN STRIPE",,,BA190826,BAC19082608,1,Ballarat,2026-08-19,Maryborough_1690,Maryborough_1690_trotters_mobile,551,181,5.6,29.6,31.9,29.5,30.0,maryborough,1690,trotters,mobile,51.0,5.0,10.0,9.8,29.41,-43.83
PA240826,PA240826_R1,PA240826_R1_TILTHESUNSETS NZ,Pinjarra,2026-08-24,Day,Day,1,12:04 PM,2026-08-24T04:04:00+00:00,2026-08-24T14:04:00+10:00,1,TILTHESUNSETS NZ,Bonavista Bay @ Spurrs Stud Discretionary Handicap SS Trot,2116,"$9,360",FT Fr1,Nigel Johns,Toby Lynn,TROTTERS,Stand,WA,41.0,41.0,False,NR30,75960,DISCRETIONARY HANDICAPPING CONDITIONS APPLY: 30-39=FT 40-49=10M 50-59=20M 60-69=30M 70=40M NO CONCESSION CLAIMS.,NR up to 70. RBD. Trotters,187070,/tilthesunsets-nz,/nigel-johns,/toby-lynn,"GREY, BLACK & RED DIAGONAL STRIPES, GREY SLEEVES",,,PA170826,PAC17082606,10,Pinjarra,2026-08-17,Pinjarra_2116,Pinjarra_2116_trotters_stand,179,92,41.9,31.2,30.4,29.8,30.1,pinjarra,2116,trotters,stand,1.0,0.0,0.0,0.0,0.0,-100.0
PA240826,PA240826_R1,PA240826_R1_ELISH STAR,Pinjarra,2026-08-24,Day,Day,1,12:04 PM,2026-08-24T04:04:00+00:00,2026-08-24T14:04:00+10:00,2,ELISH STAR,Bonavista Bay @ Spurrs Stud Discretionary Handicap SS Trot,2116,"$9,360",FT Fr2,Karen Bennett,Kyle Harper,TROTTERS,Stand,WA,34.0,34.0,False,NR43,24558,DISCRETIONARY HANDICAPPING CONDITIONS APPLY: 30-39=FT 40-49=10M 50-59=20M 60-69=30M 70=40M NO CONCESSION CLAIMS.,NR up to 70. RBD. Trotters,4728,/elish-star,/karen-bennett,/kyle-harper,"PURPLE, WHITE CROSSED SASHES",,,PA170826,PAC17082606,8,Pinjarra,2026-08-17,Pinjarra_2116,Pinjarra_2116_trotters_stand,179,92,41.9,31.2,30.4,29.8,30.1,pinjarra,2116,trotters,stand,1.0,0.0,0.0,0.0,0.0,-100.0
PA240826,PA240826_R1,PA240826_R1_FRENCH MISSILE,Pinjarra,2026-08-24,Day,Day,1,12:04 PM,2026-08-24T04:04:00+00:00,2026-08-24T14:04:00+10:00,3,FRENCH MISSILE,Bonavista Bay @ Spurrs Stud Discretionary Handicap SS Trot,2116,"$9,360",10 Fr1,Jemma Hayman,Chris Lewis,TROTTERS,Stand,WA,3.5,3.5,False,NR48,7s10s,DISCRETIONARY HANDICAPPING CONDITIONS APPLY: 30-39=FT 40-49=10M 50-59=20M 60-69=30M 70=40M NO CONCESSION CLAIMS.,NR up to 70. RBD. Trotters,440346,/french-missile,/jemma-hayman,/chris-lewis,"PURPLE, WHITE STRIPED SLEEVES & SEAMS",,,BN100626,BNC10062609,10,Bendigo,2026-06-10,Pinjarra_2116,Pinjarra_2116_trotters_stand,179,92,41.9,31.2,30.4,29.8,30.1,pinjarra,2116,trotters,stand,1.0,0.0,0.0,0.0,0.0,-100.0
PA240826,PA240826_R1,PA240826_R1_LAVRADORE NZ,Pinjarra,2026-08-24,Day,Day,1,12:04 PM,2026-08-24T04:04:00+00:00,2026-08-24T14:04:00+10:00,4,LAVRADORE NZ,Bonavista Bay @ Spurrs Stud Discretionary Handicap SS Trot,2116,"$9,360",10 Fr2,Michael Young,Emily Suvaljko,TROTTERS,Stand,WA,5.0,5.0,False,NR44,60s17,DISCRETIONARY HANDICAPPING CONDITIONS APPLY: 30-39=FT 40-49=10M 50-59=20M 60-69=30M 70=40M NO CONCESSION CLAIMS.,NR up to 70. RBD. Trotters,7654,/lavradore-nz,/michael-young,/emily-suvaljko,"RED, BLACK QUARTERS WITH WHITE CARD SUIT SHAPES, WHITE COLLAR & SLEEVES WITH CARD SUIT SHAPES",,,PA100826,PAC10082609,7,Pinjarra,2026-08-10,Pinjarra_2116,Pinjarra_2116_trotters_stand,179,92,41.9,31.2,30.4,29.8,30.1,pinjarra,2116,trotters,stand,0.0,0.0,0.0,0.0,0.0,0.0
PA240826,PA240826_R1,PA240826_R1_BEE BEE BEROC,Pinjarra,2026-08-24,Day,Day,1,12:04 PM,2026-08-24T04:04:00+00:00,2026-08-24T14:04:00+10:00,5,BEE BEE BEROC,Bonavista Bay @ Spurrs Stud Discretionary Handicap SS Trot,2116,"$9,360",10 Fr3,Garry Johnson,Brock Johnson,TROTTERS,Stand,WA,18.0,18.0,False,NR49,40376,DISCRETIONARY HANDICAPPING CONDITIONS APPLY: 30-39=FT 40-49=10M 50-59=20M 60-69=30M 70=40M NO CONCESSION CLAIMS.,NR up to 70. RBD. Trotters,1736,/bee-bee-beroc,/garry-johnson,/brock-johnson,"BLUE, RED DIAMOND BRACES, WHITE SLEEVES",,ODS,GP140726,GPC14072601,6,Gloucester Park,2026-07-14,Pinjarra_2116,Pinjarra_2116_trotters_stand,179,92,41.9,31.2,30.4,29.8,30.1,pinjarra,2116,trotters,stand,0.0,0.0,0.0,0.0,0.0,0.0
PA240826,PA240826_R1,PA240826_R1_BONNIE RAE,Pinjarra,2026-08-24,Day,Day,1,12:04 PM,2026-08-24T04:04:00+00:00,2026-08-24T14:04:00+10:00,6,BONNIE RAE,Bonavista Bay @ Spurrs Stud Discretionary Handicap SS Trot,2116,"$9,360",20 Fr1,Karen Bennett,Lauren Harper,TROTTERS,Stand,WA,34.0,34.0,False,NR55,7s537,DISCRETIONARY HANDICAPPING CONDITIONS APPLY: 30-39=FT 40-49=10M 50-59=20M 60-69=30M 70=40M NO CONCESSION CLAIMS.,NR up to 70. RBD. Trotters,4953,/bonnie-rae,/karen-bennett,/lauren-harper,"PURPLE, PURPLE & WHITE CHECKED CROSSED SASHES",,,PA290626,PAC29062601,7,Pinjarra,2026-06-29,Pinjarra_2116,Pinjarra_2116_trotters_stand,179,92,41.9,31.2,30.4,29.8,30.1,pinjarra,2116,trotters,stand,1.0,0.0,0.0,0.0,0.0,-100.0
PA240826,PA240826_R1,PA240826_R1_SKY LINDY,Pinjarra,2026-08-24,Day,Day,1,12:04 PM,2026-08-24T04:04:00+00:00,2026-08-24T14:04:00+10:00,7,SKY LINDY,Bonavista Bay @ Spurrs Stud Discretionary Handicap SS Trot,2116,"$9,360",20 Fr2,Tracy Reay,Trent Wheeler,TROTTERS,Stand,WA,15.0,15.0,False,NR59,404s0,DISCRETIONARY HANDICAPPING CONDITIONS APPLY: 30-39=FT 40-49=10M 50-59=20M 60-69=30M 70=40M NO CONCESSION CLAIMS.,NR up to 70. RBD. Trotters,4744,/sky-lindy,/tracy-reay,/trent-wheeler,"BLUE, WHITE VEE, BLUE SLEEVES",,,PA170826,PAC17082606,11,Pinjarra,2026-08-17,Pinjarra_2116,Pinjarra_2116_trotters_stand,179,92,41.9,31.2,30.4,29.8,30.1,pinjarra,2116,trotters,stand,0.0,0.0,0.0,0.0,0.0,0.0
PA240826,PA240826_R1,PA240826_R1_SKY EAGLE,Pinjarra,2026-08-24,Day,Day,1,12:04 PM,2026-08-24T04:04:00+00:00,2026-08-24T14:04:00+10:00,8,SKY EAGLE,Bonavista Bay @ Spurrs Stud Discretionary Handicap SS Trot,2116,"$9,360",20 Fr3,Garry Johnson,Garry Johnson,TROTTERS,Stand,WA,23.0,23.0,False,NR60,8s765,DISCRETIONARY HANDICAPPING CONDITIONS APPLY: 30-39=FT 40-49=10M 50-59=20M 60-69=30M 70=40M NO CONCESSION CLAIMS.,NR up to 70. RBD. Trotters,10049,/sky-eagle,/garry-johnson,/garry-johnson,"RED, BLUE DIAMONDS, WHITE SLEEVES",,,PA170826,PAC17082606,5,Pinjarra,2026-08-17,Pinjarra_2116,Pinjarra_2116_trotters_stand,179,92,41.9,31.2,30.4,29.8,30.1,pinjarra,2116,trotters,stand,0.0,0.0,0.0,0.0,0.0,0.0
PA240826,PA240826_R1,PA240826_R1_JUSTLIKEFLAIR,Pinjarra,2026-08-24,Day,Day,1,12:04 PM,2026-08-24T04:04:00+00:00,2026-08-24T14:04:00+10:00,9,JUSTLIKEFLAIR,Bonavista Bay @ Spurrs Stud Discretionary Handicap SS Trot,2116,"$9,360",20 Fr4,Nigel Johns,Nigel Johns,TROTTERS,Stand,WA,3.5,3.5,False,NR58,8110s,DISCRETIONARY HANDICAPPING CONDITIONS APPLY: 30-39=FT 40-49=10M 50-59=20M 60-69=30M 70=40M NO CONCESSION CLAIMS.,NR up to 70. RBD. Trotters,432308,/justlikeflair,/nigel-johns,/nigel-johns,"GREY, BLACK & RED DIAGONAL STRIPES, BLACK SLEEVES",,RODS,PA010626,PAC01062601,10,Pinjarra,2026-06-01,Pinjarra_2116,Pinjarra_2116_trotters_stand,179,92,41.9,31.2,30.4,29.8,30.1,pinjarra,2116,trotters,stand,0.0,0.0,0.0,0.0,0.0,0.0
PA240826,PA240826_R1,PA240826_R1_MISS FRANCENE,Pinjarra,2026-08-24,Day,Day,1,12:04 PM,2026-08-24T04:04:00+00:00,2026-08-24T14:04:00+10:00,10,MISS FRANCENE,Bonavista Bay @ Spurrs Stud Discretionary Handicap SS Trot,2116,"$9,360",30 Fr1,Wayne Price,Wayne Price,TROTTERS,Stand,WA,51.0,51.0,False,NR61,470s6,DISCRETIONARY HANDICAPPING CONDITIONS APPLY: 30-39=FT 40-49=10M 50-59=20M 60-69=30M 70=40M NO CONCESSION CLAIMS.,NR up to 70. RBD. Trotters,4635,/miss-francene,/wayne-price,/wayne-price,"BLUE, RED YOKE & STAR, RED CUFFS",,,PA170826,PAC17082606,6,Pinjarra,2026-08-17,Pinjarra_2116,Pinjarra_2116_trotters_stand,179,92,41.9,31.2,30.4,29.8,30.1,pinjarra,2116,trotters,stand,1.0,0.0,1.0,0.0,100.0,-100.0
PA240826,PA240826_R1,PA240826_R1_LOTS OF CHANGE,Pinjarra,2026-08-24,Day,Day,1,12:04 PM,2026-08-24T04:04:00+00:00,2026-08-24T14:04:00+10:00,11,LOTS OF CHANGE,Bonavista Bay @ Spurrs Stud Discretionary Handicap SS Trot,2116,"$9,360",30 Fr2,Peter Tilbrook,Shannon Suvaljko,TROTTERS,Stand,WA,8.0,8.0,False,NR62,34154,DISCRETIONARY HANDICAPPING CONDITIONS APPLY: 30-39=FT 40-49=10M 50-59=20M 60-69=30M 70=40M NO CONCESSION CLAIMS.,NR up to 70. RBD. Trotters,11951,/lots-of-change,/peter-tilbrook,/shannon-suvaljko,"GOLD, MAROON DIAGONAL STRIPES, GOLD SLEEVES",,,PA170826,PAC17082606,4,Pinjarra,2026-08-17,Pinjarra_2116,Pinjarra_2116_trotters_stand,179,92,41.9,31.2,30.4,29.8,30.1,pinjarra,2116,trotters,stand,1.0,1.0,0.0,100.0,100.0,2995.98
PA240826,PA240826_R1,PA240826_R1_SELLUNE,Pinjarra,2026-08-24,Day,Day,1,12:04 PM,2026-08-24T04:04:00+00:00,2026-08-24T14:04:00+10:00,12,SELLUNE,Bonavista Bay @ Spurrs Stud Discretionary Handicap SS Trot,2116,"$9,360",30 Fr3,Nigel Johns,Donald Harper,TROTTERS,Stand,WA,26.0,26.0,False,NR64,34457,DISCRETIONARY HANDICAPPING CONDITIONS APPLY: 30-39=FT 40-49=10M 50-59=20M 60-69=30M 70=40M NO CONCESSION CLAIMS.,NR up to 70. RBD. Trotters,566,/sellune,/nigel-johns,/donald-harper,"GREY, BLACK & RED DIAGONAL STRIPES, RED SLEEVES",,ODS,PA170826,PAC17082606,7,Pinjarra,2026-08-17,Pinjarra_2116,Pinjarra_2116_trotters_stand,179,92,41.9,31.2,30.4,29.8,30.1,pinjarra,2116,trotters,stand,0.0,0.0,0.0,0.0,0.0,0.0
PA240826,PA240826_R2,PA240826_R2_CHUGACH,Pinjarra,2026-08-24,Day,Day,2,12:33 PM,2026-08-24T04:33:00+00:00,2026-08-24T14:33:00+10:00,1,CHUGACH,Goodtime Sammy @ Spurrs Stud 3yo Colts & Geldings Westbred Classic Heat 1 MS Pace,2185,"$9,360",Fr1,"G F J Bond, S A Bond",Deni Roberts,PACERS,Mobile,WA,1.95,1.95,False,NR58,1342s,1ST-3RD QUALIFY FOR THE FINAL AT GP 4-9-26. IF YOU QUALIFY FOR THE FINAL YOU MUST START IN IT OTHERWISE SCRATCHING PENALTIES WILL APPLY. NO CONCESSION CLAIMS.,3YO Colts and Geldings. No NR. RBD. Pacers,438980,/chugach,/g-f-j-bond-s-a-bond,/deni-roberts,"BLUE, PINK CIRCLE",,,GP290526,GPM29052610,2,Gloucester Park,2026-05-29,Pinjarra_2185,Pinjarra_2185_pacers_mobile,1372,1258,42.5,31.1,29.9,28.9,28.8,pinjarra,2185,pacers,mobile,1267.0,196.0,329.0,15.47,41.44,-16.35
PA240826,PA240826_R2,PA240826_R2_IDEAL AN ACE,Pinjarra,2026-08-24,Day,Day,2,12:33 PM,2026-08-24T04:33:00+00:00,2026-08-24T14:33:00+10:00,2,IDEAL AN ACE,Goodtime Sammy @ Spurrs Stud 3yo Colts & Geldings Westbred Classic Heat 1 MS Pace,2185,"$9,360",Fr2,Justin Prentice,Trent Wheeler,PACERS,Mobile,WA,9.0,9.0,False,NR52,1636s,1ST-3RD QUALIFY FOR THE FINAL AT GP 4-9-26. IF YOU QUALIFY FOR THE FINAL YOU MUST START IN IT OTHERWISE SCRATCHING PENALTIES WILL APPLY. NO CONCESSION CLAIMS.,3YO Colts and Geldings. No NR. RBD. Pacers,438820,/ideal-an-ace,/justin-prentice,/trent-wheeler,"PURPLE, GOLD DIAMONDS, DIAMOND CHECK SLEEVES, COLLAR & CUFFS",,,GP020626,GPC02062602,6,Gloucester Park,2026-06-02,Pinjarra_2185,Pinjarra_2185_pacers_mobile,1372,1258,42.5,31.1,29.9,28.9,28.8,pinjarra,2185,pacers,mobile,1263.0,162.0,254.0,12.83,32.94,-13.19
PA240826,PA240826_R2,PA240826_R2_WHERES MY HALO,Pinjarra,2026-08-24,Day,Day,2,12:33 PM,2026-08-24T04:33:00+00:00,2026-08-24T14:33:00+10:00,3,WHERES MY HALO,Goodtime Sammy @ Spurrs Stud 3yo Colts & Geldings Westbred Classic Heat 1 MS Pace,2185,"$9,360",Fr3,Geoffrey Scott,Geoffrey Scott,PACERS,Mobile,WA,201.0,201.0,False,NR44,46557,1ST-3RD QUALIFY FOR THE FINAL AT GP 4-9-26. IF YOU QUALIFY FOR THE FINAL YOU MUST START IN IT OTHERWISE SCRATCHING PENALTIES WILL APPLY. NO CONCESSION CLAIMS.,3YO Colts and Geldings. No NR. RBD. Pacers,439824,/wheres-my-halo,/geoffrey-scott,/geoffrey-scott,"BLACK, RED SASH, BLUE & RED HOOPED SLEEVES",,,BY210826,BYB21082601,7,Bunbury,2026-08-21,Pinjarra_2185,Pinjarra_2185_pacers_mobile,1372,1258,42.5,31.1,29.9,28.9,28.8,pinjarra,2185,pacers,mobile,1261.0,130.0,260.0,10.31,30.93,-23.9
PA240826,PA240826_R2,PA240826_R2_TEXAS STORM,Pinjarra,2026-08-24,Day,Day,2,12:33 PM,2026-08-24T04:33:00+00:00,2026-08-24T14:33:00+10:00,4,TEXAS STORM,Goodtime Sammy @ Spurrs Stud 3yo Colts & Geldings Westbred Classic Heat 1 MS Pace,2185,"$9,360",Fr4,Dylan Voak,Chris Voak,PACERS,Mobile,WA,9.0,9.0,False,NR49,42322,1ST-3RD QUALIFY FOR THE FINAL AT GP 4-9-26. IF YOU QUALIFY FOR THE FINAL YOU MUST START IN IT OTHERWISE SCRATCHING PENALTIES WILL APPLY. NO CONCESSION CLAIMS.,3YO Colts and Geldings. No NR. RBD. Pacers,440250,/texas-storm,/dylan-voak,/chris-voak,"PINK, GREY DIAMONDS, PINK & GREY DIAMOND CHECK SLEEVES, GREY COLLAR & WAISTBAND",,,NM110826,NMC11082602,2,Northam,2026-08-11,Pinjarra_2185,Pinjarra_2185_pacers_mobile,1372,1258,42.5,31.1,29.9,28.9,28.8,pinjarra,2185,pacers,mobile,1261.0,133.0,292.0,10.55,33.7,-27.58
PA240826,PA240826_R2,PA240826_R2_AUSSIE CAPTAIN,Pinjarra,2026-08-24,Day,Day,2,12:33 PM,2026-08-24T04:33:00+00:00,2026-08-24T14:33:00+10:00,5,AUSSIE CAPTAIN,Goodtime Sammy @ Spurrs Stud 3yo Colts & Geldings Westbred Classic Heat 1 MS Pace,2185,"$9,360",Fr5,Donald Harper,Donald Harper,PACERS,Mobile,WA,71.0,71.0,False,NR53,1578s,1ST-3RD QUALIFY FOR THE FINAL AT GP 4-9-26. IF YOU QUALIFY FOR THE FINAL YOU MUST START IN IT OTHERWISE SCRATCHING PENALTIES WILL APPLY. NO CONCESSION CLAIMS.,3YO Colts and Geldings. No NR. RBD. Pacers,438200,/aussie-captain,/donald-harper,/donald-harper,"GOLD, PINK YOKE WITH GOLD STARS, PINK BRACES & CUFFS",,,GP240326,GPC24032603,8,Gloucester Park,2026-03-24,Pinjarra_2185,Pinjarra_2185_pacers_mobile,1372,1258,42.5,31.1,29.9,28.9,28.8,pinjarra,2185,pacers,mobile,1253.0,142.0,272.0,11.33,33.04,-17.99
PA240826,PA240826_R2,PA240826_R2_FEAR THE STORM,Pinjarra,2026-08-24,Day,Day,2,12:33 PM,2026-08-24T04:33:00+00:00,2026-08-24T14:33:00+10:00,6,FEAR THE STORM,Goodtime Sammy @ Spurrs Stud 3yo Colts & Geldings Westbred Classic Heat 1 MS Pace,2185,"$9,360",Fr6,Gary Hall Jnr,Gary Hall Jnr,PACERS,Mobile,WA,31.0,31.0,False,NR51,26s80,1ST-3RD QUALIFY FOR THE FINAL AT GP 4-9-26. IF YOU QUALIFY FOR THE FINAL YOU MUST START IN IT OTHERWISE SCRATCHING PENALTIES WILL APPLY. NO CONCESSION CLAIMS.,3YO Colts and Geldings. No NR. RBD. Pacers,439513,/fear-the-storm,/gary-hall-jnr,/gary-hall-jnr,"GOLD, BLUE STARS & STRIPED SLEEVES WITH RED COLLAR, CUFFS & TRIM",,,BY280726,BYC28072603,12,Bunbury,2026-07-28,Pinjarra_2185,Pinjarra_2185_pacers_mobile,1372,1258,42.5,31.1,29.9,28.9,28.8,pinjarra,2185,pacers,mobile,1186.0,119.0,207.0,10.03,27.49,-16.3
PA240826,PA240826_R2,PA240826_R2_STORYBOOK HERO,Pinjarra,2026-08-24,Day,Day,2,12:33 PM,2026-08-24T04:33:00+00:00,2026-08-24T14:33:00+10:00,7,STORYBOOK HERO,Goodtime Sammy @ Spurrs Stud 3yo Colts & Geldings Westbred Classic Heat 1 MS Pace,2185,"$9,360",Fr7,Brad Lynn,Toby Lynn,PACERS,Mobile,WA,251.0,251.0,False,NR47,09s0,1ST-3RD QUALIFY FOR THE FINAL AT GP 4-9-26. IF YOU QUALIFY FOR THE FINAL YOU MUST START IN IT OTHERWISE SCRATCHING PENALTIES WILL APPLY. NO CONCESSION CLAIMS.,3YO Colts and Geldings. No NR. RBD. Pacers,439366,/storybook-hero,/brad-lynn,/toby-lynn,"GOLD, GREY STARS",,,PA100826,PAC10082611,10,Pinjarra,2026-08-10,Pinjarra_2185,Pinjarra_2185_pacers_mobile,1372,1258,42.5,31.1,29.9,28.9,28.8,pinjarra,2185,pacers,mobile,856.0,77.0,174.0,9.0,29.32,-27.87
PA240826,PA240826_R2,PA240826_R2_WESSY KID,Pinjarra,2026-08-24,Day,Day,2,12:33 PM,2026-08-24T04:33:00+00:00,2026-08-24T14:33:00+10:00,8,WESSY KID,Goodtime Sammy @ Spurrs Stud 3yo Colts & Geldings Westbred Classic Heat 1 MS Pace,2185,"$9,360",Sr1,Hayden Reeves,Stuart McDonald,PACERS,Mobile,WA,71.0,71.0,False,NR45,21880,1ST-3RD QUALIFY FOR THE FINAL AT GP 4-9-26. IF YOU QUALIFY FOR THE FINAL YOU MUST START IN IT OTHERWISE SCRATCHING PENALTIES WILL APPLY. NO CONCESSION CLAIMS.,3YO Colts and Geldings. No NR. RBD. Pacers,440046,/wessy-kid,/hayden-reeves,/stuart-mcdonald,"BLUE, WHITE CIRCLED R & STRIPED SLEEVES",,,PA170826,PAC17082603,10,Pinjarra,2026-08-17,Pinjarra_2185,Pinjarra_2185_pacers_mobile,1372,1258,42.5,31.1,29.9,28.9,28.8,pinjarra,2185,pacers,mobile,1100.0,105.0,284.0,9.55,35.36,-12.99
PA240826,PA240826_R2,PA240826_R2_WHEELSOFORTUNE,Pinjarra,2026-08-24,Day,Day,2,12:33 PM,2026-08-24T04:33:00+00:00,2026-08-24T14:33:00+10:00,9,WHEELSOFORTUNE,Goodtime Sammy @ Spurrs Stud 3yo Colts & Geldings Westbred Classic Heat 1 MS Pace,2185,"$9,360",Sr2,Aiden De Campo,Aiden De Campo,PACERS,Mobile,WA,6.0,6.0,False,NR58,1218s,1ST-3RD QUALIFY FOR THE FINAL AT GP 4-9-26. IF YOU QUALIFY FOR THE FINAL YOU MUST START IN IT OTHERWISE SCRATCHING PENALTIES WILL APPLY. NO CONCESSION CLAIMS.,3YO Colts and Geldings. No NR. RBD. Pacers,437993,/wheelsofortune,/aiden-de-campo,/aiden-de-campo,"ROYAL BLUE, 4 BLACK DIAMONDS, COLLAR, WAISTBAND, DIAMOND CHECKED SLEEVES & CUFFS",,,GP170426,GPM17042602,8,Gloucester Park,2026-04-17,Pinjarra_2185,Pinjarra_2185_pacers_mobile,1372,1258,42.5,31.1,29.9,28.9,28.8,pinjarra,2185,pacers,mobile,877.0,74.0,195.0,8.44,30.67,-17.25
PA240826,PA240826_R2,PA240826_R2_WAKE UP GEOFF,Pinjarra,2026-08-24,Day,Day,2,12:33 PM,2026-08-24T04:33:00+00:00,2026-08-24T14:33:00+10:00,10,WAKE UP GEOFF,Goodtime Sammy @ Spurrs Stud 3yo Colts & Geldings Westbred Classic Heat 1 MS Pace,2185,"$9,360",Sr3,Kim Prentice,Abbey Vidovich,PACERS,Mobile,WA,4.2,4.2,False,NR67,1s189,1ST-3RD QUALIFY FOR THE FINAL AT GP 4-9-26. IF YOU QUALIFY FOR THE FINAL YOU MUST START IN IT OTHERWISE SCRATCHING PENALTIES WILL APPLY. NO CONCESSION CLAIMS.,3YO Colts and Geldings. No NR. RBD. Pacers,438328,/wake-up-geoff,/kim-prentice,/abbey-vidovich,"PURPLE, GOLD ""Z"", GOLD ""Z"" ON SLEEVES",,,NG080826,NGC08082610,9,Narrogin,2026-08-08,Pinjarra_2185,Pinjarra_2185_pacers_mobile,1372,1258,42.5,31.1,29.9,28.9,28.8,pinjarra,2185,pacers,mobile,673.0,67.0,127.0,9.96,28.83,-0.64
PA240826,PA240826_R3,PA240826_R3_IDEAL DIAMOND,Pinjarra,2026-08-24,Day,Day,3,1:08 PM,2026-08-24T05:08:00+00:00,2026-08-24T15:08:00+10:00,1,IDEAL DIAMOND,Spurrs Stud for Your Double Westbred Bonuses 3yo Fillies Westbred Classic Heat 1 MS Pace,2185,"$9,360",Fr1,Ian Gossage,Kyle Symington,PACERS,Mobile,WA,5.5,5.5,False,NR54,73100,1ST-4TH QUALIFY FOR THE FINAL AT GP 4-9-26. IF YOU QUALIFY FOR THE FINAL YOU MUST START IN IT OTHERWISE SCRATCHING PENALTIES WILL APPLY. NO CONCESSION CLAIMS.,3YO Fillies. No NR. RBD. Pacers,438926,/ideal-diamond,/ian-gossage,/kyle-symington,"BLACK, GREEN DIAMONDS",,,GP310726,GPM31072610,12,Gloucester Park,2026-07-31,Pinjarra_2185,Pinjarra_2185_pacers_mobile,1372,1258,42.5,31.1,29.9,28.9,28.8,pinjarra,2185,pacers,mobile,1267.0,196.0,329.0,15.47,41.44,-16.35
PA240826,PA240826_R3,PA240826_R3_ZILLIONAIRE,Pinjarra,2026-08-24,Day,Day,3,1:08 PM,2026-08-24T05:08:00+00:00,2026-08-24T15:08:00+10:00,2,ZILLIONAIRE,Spurrs Stud for Your Double Westbred Bonuses 3yo Fillies Westbred Classic Heat 1 MS Pace,2185,"$9,360",Fr2,Cody Wallrodt,Cody Wallrodt,PACERS,Mobile,WA,251.0,251.0,False,NR45,20789,1ST-4TH QUALIFY FOR THE FINAL AT GP 4-9-26. IF YOU QUALIFY FOR THE FINAL YOU MUST START IN IT OTHERWISE SCRATCHING PENALTIES WILL APPLY. NO CONCESSION CLAIMS.,3YO Fillies. No NR. RBD. Pacers,439000,/zillionaire,/cody-wallrodt,/cody-wallrodt,"PURPLE, PINK ARMBANDS",,,BY210826,BYB21082601,9,Bunbury,2026-08-21,Pinjarra_2185,Pinjarra_2185_pacers_mobile,1372,1258,42.5,31.1,29.9,28.9,28.8,pinjarra,2185,pacers,mobile,1263.0,162.0,254.0,12.83,32.94,-13.19
PA240826,PA240826_R3,PA240826_R3_SOVEREIGN JEWEL,Pinjarra,2026-08-24,Day,Day,3,1:08 PM,2026-08-24T05:08:00+00:00,2026-08-24T15:08:00+10:00,3,SOVEREIGN JEWEL,Spurrs Stud for Your Double Westbred Bonuses 3yo Fillies Westbred Classic Heat 1 MS Pace,2185,"$9,360",Fr3,Dylan Egerton-Green,Dylan Egerton-Green,PACERS,Mobile,WA,1.95,1.95,False,NR59,3112s,1ST-4TH QUALIFY FOR THE FINAL AT GP 4-9-26. IF YOU QUALIFY FOR THE FINAL YOU MUST START IN IT OTHERWISE SCRATCHING PENALTIES WILL APPLY. NO CONCESSION CLAIMS.,3YO Fillies. No NR. RBD. Pacers,60577,/sovereign-jewel,/dylan-egerton-green,/dylan-egerton-green,"BLUE, GOLD CROWN, GOLD CROWN & CUFFS ON SLEEVES",,,GP220526,GPM22052601,2,Gloucester Park,2026-05-22,Pinjarra_2185,Pinjarra_2185_pacers_mobile,1372,1258,42.5,31.1,29.9,28.9,28.8,pinjarra,2185,pacers,mobile,1261.0,130.0,260.0,10.31,30.93,-23.9
PA240826,PA240826_R3,PA240826_R3_PERFECT MIKI,Pinjarra,2026-08-24,Day,Day,3,1:08 PM,2026-08-24T05:08:00+00:00,2026-08-24T15:08:00+10:00,4,PERFECT MIKI,Spurrs Stud for Your Double Westbred Bonuses 3yo Fillies Westbred Classic Heat 1 MS Pace,2185,"$9,360",Fr4,Justin Prentice,Gary Hall Jnr,PACERS,Mobile,WA,51.0,51.0,False,NR52,16166,1ST-4TH QUALIFY FOR THE FINAL AT GP 4-9-26. IF YOU QUALIFY FOR THE FINAL YOU MUST START IN IT OTHERWISE SCRATCHING PENALTIES WILL APPLY. NO CONCESSION CLAIMS.,3YO Fillies. No NR. RBD. Pacers,439083,/perfect-miki,/justin-prentice,/gary-hall-jnr,"PURPLE, GOLD DIAMONDS, DIAMOND CHECK SLEEVES, COLLAR & CUFFS",,,BY170726,BYB17072603,6,Bunbury,2026-07-17,Pinjarra_2185,Pinjarra_2185_pacers_mobile,1372,1258,42.5,31.1,29.9,28.9,28.8,pinjarra,2185,pacers,mobile,1261.0,133.0,292.0,10.55,33.7,-27.58
PA240826,PA240826_R3,PA240826_R3_IN FULL FLIGHT,Pinjarra,2026-08-24,Day,Day,3,1:08 PM,2026-08-24T05:08:00+00:00,2026-08-24T15:08:00+10:00,5,IN FULL FLIGHT,Spurrs Stud for Your Double Westbred Bonuses 3yo Fillies Westbred Classic Heat 1 MS Pace,2185,"$9,360",Fr5,Jemma Hayman,Shannon Suvaljko,PACERS,Mobile,WA,31.0,31.0,False,NR55,11585,1ST-4TH QUALIFY FOR THE FINAL AT GP 4-9-26. IF YOU QUALIFY FOR THE FINAL YOU MUST START IN IT OTHERWISE SCRATCHING PENALTIES WILL APPLY. NO CONCESSION CLAIMS.,3YO Fillies. No NR. RBD. Pacers,437890,/in-full-flight,/jemma-hayman,/shannon-suvaljko,"PURPLE, WHITE STRIPED SLEEVES & SEAMS",,,NG080826,NGC08082610,5,Narrogin,2026-08-08,Pinjarra_2185,Pinjarra_2185_pacers_mobile,1372,1258,42.5,31.1,29.9,28.9,28.8,pinjarra,2185,pacers,mobile,1253.0,142.0,272.0,11.33,33.04,-17.99
PA240826,PA240826_R3,PA240826_R3_INSURGENCY,Pinjarra,2026-08-24,Day,Day,3,1:08 PM,2026-08-24T05:08:00+00:00,2026-08-24T15:08:00+10:00,6,INSURGENCY,Spurrs Stud for Your Double Westbred Bonuses 3yo Fillies Westbred Classic Heat 1 MS Pace,2185,"$9,360",Fr6,Debra Lewis,Chris Lewis,PACERS,Mobile,WA,26.0,26.0,False,NR55,23577,1ST-4TH QUALIFY FOR THE FINAL AT GP 4-9-26. IF YOU QUALIFY FOR THE FINAL YOU MUST START IN IT OTHERWISE SCRATCHING PENALTIES WILL APPLY. NO CONCESSION CLAIMS.,3YO Fillies. No NR. RBD. Pacers,440864,/insurgency,/debra-lewis,/chris-lewis,"BLUE, BLACK YOKE & BRACES, WHITE TRIM, BLACK CUFFS, WHITE STAR SHOULDERS & CUFFS",,,PA170826,PAC17082603,7,Pinjarra,2026-08-17,Pinjarra_2185,Pinjarra_2185_pacers_mobile,1372,1258,42.5,31.1,29.9,28.9,28.8,pinjarra,2185,pacers,mobile,1186.0,119.0,207.0,10.03,27.49,-16.3
PA240826,PA240826_R3,PA240826_R3_EL RAES GIRL,Pinjarra,2026-08-24,Day,Day,3,1:08 PM,2026-08-24T05:08:00+00:00,2026-08-24T15:08:00+10:00,7,EL RAES GIRL,Spurrs Stud for Your Double Westbred Bonuses 3yo Fillies Westbred Classic Heat 1 MS Pace,2185,"$9,360",Fr7,Aiden De Campo,Aiden De Campo,PACERS,Mobile,WA,4.8,4.8,False,NR61,13122,1ST-4TH QUALIFY FOR THE FINAL AT GP 4-9-26. IF YOU QUALIFY FOR THE FINAL YOU MUST START IN IT OTHERWISE SCRATCHING PENALTIES WILL APPLY. NO CONCESSION CLAIMS.,3YO Fillies. No NR. RBD. Pacers,439437,/el-raes-girl,/aiden-de-campo,/aiden-de-campo,"ROYAL BLUE, 4 BLACK DIAMONDS, COLLAR, WAISTBAND, DIAMOND CHECKED SLEEVES & CUFFS",,,GP240726,GPM24072609,2,Gloucester Park,2026-07-24,Pinjarra_2185,Pinjarra_2185_pacers_mobile,1372,1258,42.5,31.1,29.9,28.9,28.8,pinjarra,2185,pacers,mobile,856.0,77.0,174.0,9.0,29.32,-27.87
PA240826,PA240826_R3,PA240826_R3_SHEZABECA,Pinjarra,2026-08-24,Day,Day,3,1:08 PM,2026-08-24T05:08:00+00:00,2026-08-24T15:08:00+10:00,8,SHEZABECA,Spurrs Stud for Your Double Westbred Bonuses 3yo Fillies Westbred Classic Heat 1 MS Pace,2185,"$9,360",Sr1,Mike Williams,Ryan Warwick,PACERS,Mobile,WA,23.0,23.0,False,NR50,54374,1ST-4TH QUALIFY FOR THE FINAL AT GP 4-9-26. IF YOU QUALIFY FOR THE FINAL YOU MUST START IN IT OTHERWISE SCRATCHING PENALTIES WILL APPLY. NO CONCESSION CLAIMS.,3YO Fillies. No NR. RBD. Pacers,439732,/shezabeca,/mike-williams,/ryan-warwick,"RED, WHITE STARS & SLEEVES WITH RED STARS, BLUE COLLAR & CUFFS",,,GP180826,GPC18082602,4,Gloucester Park,2026-08-18,Pinjarra_2185,Pinjarra_2185_pacers_mobile,1372,1258,42.5,31.1,29.9,28.9,28.8,pinjarra,2185,pacers,mobile,1100.0,105.0,284.0,9.55,35.36,-12.99
PA240826,PA240826_R3,PA240826_R3_SWEETER THE BETTOR,Pinjarra,2026-08-24,Day,Day,3,1:08 PM,2026-08-24T05:08:00+00:00,2026-08-24T15:08:00+10:00,9,SWEETER THE BETTOR,Spurrs Stud for Your Double Westbred Bonuses 3yo Fillies Westbred Classic Heat 1 MS Pace,2185,"$9,360",Sr2,Aiden De Campo,Joseph Suvaljko,PACERS,Mobile,WA,16.0,16.0,False,NR53,165s1,1ST-4TH QUALIFY FOR THE FINAL AT GP 4-9-26. IF YOU QUALIFY FOR THE FINAL YOU MUST START IN IT OTHERWISE SCRATCHING PENALTIES WILL APPLY. NO CONCESSION CLAIMS.,3YO Fillies. No NR. RBD. Pacers,437766,/sweeter-the-bettor,/aiden-de-campo,/joseph-suvaljko,"WHITE, GREEN HOOPS",,,NG080826,NGC08082610,1,Narrogin,2026-08-08,Pinjarra_2185,Pinjarra_2185_pacers_mobile,1372,1258,42.5,31.1,29.9,28.9,28.8,pinjarra,2185,pacers,mobile,877.0,74.0,195.0,8.44,30.67,-17.25
PA240826,PA240826_R3,PA240826_R3_MUNDI MISS,Pinjarra,2026-08-24,Day,Day,3,1:08 PM,2026-08-24T05:08:00+00:00,2026-08-24T15:08:00+10:00,10,MUNDI MISS,Spurrs Stud for Your Double Westbred Bonuses 3yo Fillies Westbred Classic Heat 1 MS Pace,2185,"$9,360",Sr3,Graeme Hammond,Lachlan Kennelly,PACERS,Mobile,WA,151.0,151.0,False,NR48,1s877,1ST-4TH QUALIFY FOR THE FINAL AT GP 4-9-26. IF YOU QUALIFY FOR THE FINAL YOU MUST START IN IT OTHERWISE SCRATCHING PENALTIES WILL APPLY. NO CONCESSION CLAIMS.,3YO Fillies. No NR. RBD. Pacers,439090,/mundi-miss,/graeme-hammond,/lachlan-kennelly,"BLUE, GOLD HOOP & ARMBANDS",,,GP180826,GPC18082602,7,Gloucester Park,2026-08-18,Pinjarra_2185,Pinjarra_2185_pacers_mobile,1372,1258,42.5,31.1,29.9,28.9,28.8,pinjarra,2185,pacers,mobile,673.0,67.0,127.0,9.96,28.83,-0.64
PA240826,PA240826_R3,PA240826_R3_TYPHOON TREASURE,Pinjarra,2026-08-24,Day,Day,3,1:08 PM,2026-08-24T05:08:00+00:00,2026-08-24T15:08:00+10:00,11,TYPHOON TREASURE,Spurrs Stud for Your Double Westbred Bonuses 3yo Fillies Westbred Classic Heat 1 MS Pace,2185,"$9,360",Sr4,Aiden De Campo,Ajay Markham,PACERS,Mobile,WA,23.0,23.0,False,NR54,10s19,1ST-4TH QUALIFY FOR THE FINAL AT GP 4-9-26. IF YOU QUALIFY FOR THE FINAL YOU MUST START IN IT OTHERWISE SCRATCHING PENALTIES WILL APPLY. NO CONCESSION CLAIMS.,3YO Fillies. No NR. RBD. Pacers,439004,/typhoon-treasure,/aiden-de-campo,/ajay-markham,"BLACK, GOLD HORSESHOE, GREEN & GOLD CUFFS",,,PA170826,PAC17082603,9,Pinjarra,2026-08-17,Pinjarra_2185,Pinjarra_2185_pacers_mobile,1372,1258,42.5,31.1,29.9,28.9,28.8,pinjarra,2185,pacers,mobile,461.0,33.0,82.0,7.16,24.95,-39.03
PA240826,PA240826_R3,PA240826_R3_NOT SO SWEET,Pinjarra,2026-08-24,Day,Day,3,1:08 PM,2026-08-24T05:08:00+00:00,2026-08-24T15:08:00+10:00,12,NOT SO SWEET,Spurrs Stud for Your Double Westbred Bonuses 3yo Fillies Westbred Classic Heat 1 MS Pace,2185,"$9,360",Sr5,"G F J Bond, S A Bond",Deni Roberts,PACERS,Mobile,WA,21.0,21.0,False,NR51,s1902,1ST-4TH QUALIFY FOR THE FINAL AT GP 4-9-26. IF YOU QUALIFY FOR THE FINAL YOU MUST START IN IT OTHERWISE SCRATCHING PENALTIES WILL APPLY. NO CONCESSION CLAIMS.,3YO Fillies. No NR. RBD. Pacers,438514,/not-so-sweet,/g-f-j-bond-s-a-bond,/deni-roberts,"BLUE, PINK CIRCLE",,RODM,GP180826,GPC18082602,2,Gloucester Park,2026-08-18,Pinjarra_2185,Pinjarra_2185_pacers_mobile,1372,1258,42.5,31.1,29.9,28.9,28.8,pinjarra,2185,pacers,mobile,271.0,22.0,48.0,8.12,25.83,-20.22
PA240826,PA240826_R4,PA240826_R4_BUMRAH,Pinjarra,2026-08-24,Day,Day,4,1:33 PM,2026-08-24T05:33:00+00:00,2026-08-24T15:33:00+10:00,1,BUMRAH,Check Out Spurrs Stud on Facebook 3yo Colts & Geldings Westbred Classic Heat 2 MS Pace,2185,"$9,360",Fr1,Gary Hall Snr,Stuart McDonald,PACERS,Mobile,WA,2.0,2.0,False,NR52,1449,1ST-3RD QUALIFY FOR THE FINAL AT GP 4-9-26. IF YOU QUALIFY FOR THE FINAL YOU MUST START IN IT OTHERWISE SCRATCHING PENALTIES WILL APPLY. NO CONCESSION CLAIMS.,3YO Colts and Geldings. No NR. RBD. Pacers,438056,/bumrah,/gary-hall-snr,/stuart-mcdonald,"BLUE, GOLD YOKE, STRIPES, CUFFS & BLUE STARS",,,GP140826,GPM14082603,9,Gloucester Park,2026-08-14,Pinjarra_2185,Pinjarra_2185_pacers_mobile,1372,1258,42.5,31.1,29.9,28.9,28.8,pinjarra,2185,pacers,mobile,1267.0,196.0,329.0,15.47,41.44,-16.35
PA240826,PA240826_R4,PA240826_R4_BETTOR BEHAVE,Pinjarra,2026-08-24,Day,Day,4,1:33 PM,2026-08-24T05:33:00+00:00,2026-08-24T15:33:00+10:00,2,BETTOR BEHAVE,Check Out Spurrs Stud on Facebook 3yo Colts & Geldings Westbred Classic Heat 2 MS Pace,2185,"$9,360",Fr2,Aiden De Campo,Aiden De Campo,PACERS,Mobile,WA,9.0,9.0,False,NR53,25s42,1ST-3RD QUALIFY FOR THE FINAL AT GP 4-9-26. IF YOU QUALIFY FOR THE FINAL YOU MUST START IN IT OTHERWISE SCRATCHING PENALTIES WILL APPLY. NO CONCESSION CLAIMS.,3YO Colts and Geldings. No NR. RBD. Pacers,438274,/bettor-behave,/aiden-de-campo,/aiden-de-campo,"ROYAL BLUE, 4 BLACK DIAMONDS, COLLAR, WAISTBAND, DIAMOND CHECKED SLEEVES & CUFFS",,,PA170826,PAC17082603,2,Pinjarra,2026-08-17,Pinjarra_2185,Pinjarra_2185_pacers_mobile,1372,1258,42.5,31.1,29.9,28.9,28.8,pinjarra,2185,pacers,mobile,1263.0,162.0,254.0,12.83,32.94,-13.19
PA240826,PA240826_R4,PA240826_R4_DEFEND THE RIGHT,Pinjarra,2026-08-24,Day,Day,4,1:33 PM,2026-08-24T05:33:00+00:00,2026-08-24T15:33:00+10:00,3,DEFEND THE RIGHT,Check Out Spurrs Stud on Facebook 3yo Colts & Geldings Westbred Classic Heat 2 MS Pace,2185,"$9,360",Fr3,Peter Anderson,Trent Wheeler,PACERS,Mobile,WA,126.0,126.0,False,NR47,77832,1ST-3RD QUALIFY FOR THE FINAL AT GP 4-9-26. IF YOU QUALIFY FOR THE FINAL YOU MUST START IN IT OTHERWISE SCRATCHING PENALTIES WILL APPLY. NO CONCESSION CLAIMS.,3YO Colts and Geldings. No NR. RBD. Pacers,439296,/defend-the-right,/peter-anderson,/trent-wheeler,"BLUE, GOLD DIAMOND CHECK SLEEVES",,,PA170826,PAC17082602,2,Pinjarra,2026-08-17,Pinjarra_2185,Pinjarra_2185_pacers_mobile,1372,1258,42.5,31.1,29.9,28.9,28.8,pinjarra,2185,pacers,mobile,1261.0,130.0,260.0,10.31,30.93,-23.9
PA240826,PA240826_R4,PA240826_R4_ALVAREZ,Pinjarra,2026-08-24,Day,Day,4,1:33 PM,2026-08-24T05:33:00+00:00,2026-08-24T15:33:00+10:00,4,ALVAREZ,Check Out Spurrs Stud on Facebook 3yo Colts & Geldings Westbred Classic Heat 2 MS Pace,2185,"$9,360",Fr4,Sonia Zucchiatti,Deni Roberts,PACERS,Mobile,WA,101.0,101.0,False,NR46,36729,1ST-3RD QUALIFY FOR THE FINAL AT GP 4-9-26. IF YOU QUALIFY FOR THE FINAL YOU MUST START IN IT OTHERWISE SCRATCHING PENALTIES WILL APPLY. NO CONCESSION CLAIMS.,3YO Colts and Geldings. No NR. RBD. Pacers,439909,/alvarez,/sonia-zucchiatti,/deni-roberts,"PURPLE, WHITE FLEUR DE LIS, PURPLE & WHITE DIAMOND CHECK SLEEVES",,,PA170826,PAC17082602,9,Pinjarra,2026-08-17,Pinjarra_2185,Pinjarra_2185_pacers_mobile,1372,1258,42.5,31.1,29.9,28.9,28.8,pinjarra,2185,pacers,mobile,1261.0,133.0,292.0,10.55,33.7,-27.58
PA240826,PA240826_R4,PA240826_R4_CROWN GENERAL,Pinjarra,2026-08-24,Day,Day,4,1:33 PM,2026-08-24T05:33:00+00:00,2026-08-24T15:33:00+10:00,5,CROWN GENERAL,Check Out Spurrs Stud on Facebook 3yo Colts & Geldings Westbred Classic Heat 2 MS Pace,2185,"$9,360",Fr5,Brad Lynn,Toby Lynn,PACERS,Mobile,WA,26.0,26.0,False,NR46,s4221,1ST-3RD QUALIFY FOR THE FINAL AT GP 4-9-26. IF YOU QUALIFY FOR THE FINAL YOU MUST START IN IT OTHERWISE SCRATCHING PENALTIES WILL APPLY. NO CONCESSION CLAIMS.,3YO Colts and Geldings. No NR. RBD. Pacers,438321,/crown-general,/brad-lynn,/toby-lynn,"GOLD, GREY STARS",,,PA170826,PAC17082610,1,Pinjarra,2026-08-17,Pinjarra_2185,Pinjarra_2185_pacers_mobile,1372,1258,42.5,31.1,29.9,28.9,28.8,pinjarra,2185,pacers,mobile,1253.0,142.0,272.0,11.33,33.04,-17.99
PA240826,PA240826_R4,PA240826_R4_TOO FAR AWAY TED,Pinjarra,2026-08-24,Day,Day,4,1:33 PM,2026-08-24T05:33:00+00:00,2026-08-24T15:33:00+10:00,6,TOO FAR AWAY TED,Check Out Spurrs Stud on Facebook 3yo Colts & Geldings Westbred Classic Heat 2 MS Pace,2185,"$9,360",Fr6,Chris Voak,Chris Voak,PACERS,Mobile,WA,15.0,15.0,False,NR51,2231s,1ST-3RD QUALIFY FOR THE FINAL AT GP 4-9-26. IF YOU QUALIFY FOR THE FINAL YOU MUST START IN IT OTHERWISE SCRATCHING PENALTIES WILL APPLY. NO CONCESSION CLAIMS.,3YO Colts and Geldings. No NR. RBD. Pacers,439147,/too-far-away-ted,/chris-voak,/chris-voak,"BLACK, WHITE HORSESHOES",,,GP021225,GPC02122501,1,Gloucester Park,2025-12-02,Pinjarra_2185,Pinjarra_2185_pacers_mobile,1372,1258,42.5,31.1,29.9,28.9,28.8,pinjarra,2185,pacers,mobile,1186.0,119.0,207.0,10.03,27.49,-16.3
PA240826,PA240826_R4,PA240826_R4_BROOME BEACH,Pinjarra,2026-08-24,Day,Day,4,1:33 PM,2026-08-24T05:33:00+00:00,2026-08-24T15:33:00+10:00,7,BROOME BEACH,Check Out Spurrs Stud on Facebook 3yo Colts & Geldings Westbred Classic Heat 2 MS Pace,2185,"$9,360",Fr7,Garry Butler,Garry Butler,PACERS,Mobile,WA,51.0,51.0,False,NR49,s8768,1ST-3RD QUALIFY FOR THE FINAL AT GP 4-9-26. IF YOU QUALIFY FOR THE FINAL YOU MUST START IN IT OTHERWISE SCRATCHING PENALTIES WILL APPLY. NO CONCESSION CLAIMS.,3YO Colts and Geldings. No NR. RBD. Pacers,439589,/broome-beach,/garry-butler,/garry-butler,"BLUE, GOLD CHEVRONS, GOLD SLEEVES WITH BLUE STARS",,,NM110826,NMC11082602,8,Northam,2026-08-11,Pinjarra_2185,Pinjarra_2185_pacers_mobile,1372,1258,42.5,31.1,29.9,28.9,28.8,pinjarra,2185,pacers,mobile,856.0,77.0,174.0,9.0,29.32,-27.87
PA240826,PA240826_R4,PA240826_R4_UNKNOWN,Pinjarra,2026-08-24,Day,Day,4,1:33 PM,2026-08-24T05:33:00+00:00,2026-08-24T15:33:00+10:00,8,UNKNOWN,Check Out Spurrs Stud on Facebook 3yo Colts & Geldings Westbred Classic Heat 2 MS Pace,2185,"$9,360",Sr1,Kevin Charles,Shannon Suvaljko,PACERS,Mobile,WA,51.0,51.0,False,NR41,39673,1ST-3RD QUALIFY FOR THE FINAL AT GP 4-9-26. IF YOU QUALIFY FOR THE FINAL YOU MUST START IN IT OTHERWISE SCRATCHING PENALTIES WILL APPLY. NO CONCESSION CLAIMS.,3YO Colts and Geldings. No NR. RBD. Pacers,438534,/unknown-438534,/kevin-charles,/shannon-suvaljko,"GOLD, PURPLE SPOTS & SLEEVES",,,PA170826,PAC17082610,3,Pinjarra,2026-08-17,Pinjarra_2185,Pinjarra_2185_pacers_mobile,1372,1258,42.5,31.1,29.9,28.9,28.8,pinjarra,2185,pacers,mobile,1100.0,105.0,284.0,9.55,35.36,-12.99
PA240826,PA240826_R4,PA240826_R4_GENTLEMANS PROMISE,Pinjarra,2026-08-24,Day,Day,4,1:33 PM,2026-08-24T05:33:00+00:00,2026-08-24T15:33:00+10:00,9,GENTLEMANS PROMISE,Check Out Spurrs Stud on Facebook 3yo Colts & Geldings Westbred Classic Heat 2 MS Pace,2185,"$9,360",Sr2,Kevin Keys,Ryan Warwick,PACERS,Mobile,WA,15.0,15.0,False,NR55,27023,1ST-3RD QUALIFY FOR THE FINAL AT GP 4-9-26. IF YOU QUALIFY FOR THE FINAL YOU MUST START IN IT OTHERWISE SCRATCHING PENALTIES WILL APPLY. NO CONCESSION CLAIMS.,3YO Colts and Geldings. No NR. RBD. Pacers,437688,/gentlemans-promise,/kevin-keys,/ryan-warwick,"PINK, BLACK CHECKS",,,GP140826,GPM14082603,3,Gloucester Park,2026-08-14,Pinjarra_2185,Pinjarra_2185_pacers_mobile,1372,1258,42.5,31.1,29.9,28.9,28.8,pinjarra,2185,pacers,mobile,877.0,74.0,195.0,8.44,30.67,-17.25
PA240826,PA240826_R4,PA240826_R4_IDEAL BEACH,Pinjarra,2026-08-24,Day,Day,4,1:33 PM,2026-08-24T05:33:00+00:00,2026-08-24T15:33:00+10:00,10,IDEAL BEACH,Check Out Spurrs Stud on Facebook 3yo Colts & Geldings Westbred Classic Heat 2 MS Pace,2185,"$9,360",Sr3,Justin Prentice,Gary Hall Jnr,PACERS,Mobile,WA,2.75,2.75,False,NR65,523s7,1ST-3RD QUALIFY FOR THE FINAL AT GP 4-9-26. IF YOU QUALIFY FOR THE FINAL YOU MUST START IN IT OTHERWISE SCRATCHING PENALTIES WILL APPLY. NO CONCESSION CLAIMS.,3YO Colts and Geldings. No NR. RBD. Pacers,437911,/ideal-beach,/justin-prentice,/gary-hall-jnr,"PURPLE, GOLD DIAMONDS, DIAMOND CHECK SLEEVES, COLLAR & CUFFS",,,GP140826,GPM14082603,7,Gloucester Park,2026-08-14,Pinjarra_2185,Pinjarra_2185_pacers_mobile,1372,1258,42.5,31.1,29.9,28.9,28.8,pinjarra,2185,pacers,mobile,673.0,67.0,127.0,9.96,28.83,-0.64
PA240826,PA240826_R5,PA240826_R5_SHOO BOOZY,Pinjarra,2026-08-24,Day,Day,5,2:10 PM,2026-08-24T06:10:00+00:00,2026-08-24T16:10:00+10:00,1,SHOO BOOZY,Spurrs Stud Breeding to Win 3yo Fillies Westbred Classic Heat 2 MS Pace,2185,"$9,360",Fr1,Aiden De Campo,Joseph Suvaljko,PACERS,Mobile,WA,3.0,3.0,False,NR55,7s127,1ST-4TH QUALIFY FOR THE FINAL AT GP 4-9-26. IF YOU QUALIFY FOR THE FINAL YOU MUST START IN IT OTHERWISE SCRATCHING PENALTIES WILL APPLY. NO CONCESSION CLAIMS.,3YO Fillies. No NR. RBD. Pacers,437950,/shoo-boozy,/aiden-de-campo,/joseph-suvaljko,"GOLD, BLUE CROWN, BLUE SLEEVES, GOLD CROWN",,,GP270726,GPC27072607,7,Gloucester Park,2026-07-27,Pinjarra_2185,Pinjarra_2185_pacers_mobile,1372,1258,42.5,31.1,29.9,28.9,28.8,pinjarra,2185,pacers,mobile,1267.0,196.0,329.0,15.47,41.44,-16.35
PA240826,PA240826_R5,PA240826_R5_SKYHIGH ADDA,Pinjarra,2026-08-24,Day,Day,5,2:10 PM,2026-08-24T06:10:00+00:00,2026-08-24T16:10:00+10:00,2,SKYHIGH ADDA,Spurrs Stud Breeding to Win 3yo Fillies Westbred Classic Heat 2 MS Pace,2185,"$9,360",Fr2,Jocelyn Young,Jocelyn Young,PACERS,Mobile,WA,10.0,10.0,False,NR58,1081s,1ST-4TH QUALIFY FOR THE FINAL AT GP 4-9-26. IF YOU QUALIFY FOR THE FINAL YOU MUST START IN IT OTHERWISE SCRATCHING PENALTIES WILL APPLY. NO CONCESSION CLAIMS.,3YO Fillies. No NR. RBD. Pacers,438488,/skyhigh-adda,/jocelyn-young,/jocelyn-young,"PURPLE, WHITE YOKE WITH 3 PURPLE STARS, WHITE BRACES, WHITE Y ON SLEEVES, WHITE CUFFS",,,NG190626,NGB19062602,1,Narrogin,2026-06-19,Pinjarra_2185,Pinjarra_2185_pacers_mobile,1372,1258,42.5,31.1,29.9,28.9,28.8,pinjarra,2185,pacers,mobile,1263.0,162.0,254.0,12.83,32.94,-13.19
PA240826,PA240826_R5,PA240826_R5_COCOBOLO,Pinjarra,2026-08-24,Day,Day,5,2:10 PM,2026-08-24T06:10:00+00:00,2026-08-24T16:10:00+10:00,3,COCOBOLO,Spurrs Stud Breeding to Win 3yo Fillies Westbred Classic Heat 2 MS Pace,2185,"$9,360",Fr3,Donald Harper,Donald Harper,PACERS,Mobile,WA,41.0,41.0,False,NR54,94900,1ST-4TH QUALIFY FOR THE FINAL AT GP 4-9-26. IF YOU QUALIFY FOR THE FINAL YOU MUST START IN IT OTHERWISE SCRATCHING PENALTIES WILL APPLY. NO CONCESSION CLAIMS.,3YO Fillies. No NR. RBD. Pacers,438958,/cocobolo,/donald-harper,/donald-harper,"GOLD, PINK YOKE WITH GOLD STARS, PINK BRACES & CUFFS",,,GP140826,GPM14082603,10,Gloucester Park,2026-08-14,Pinjarra_2185,Pinjarra_2185_pacers_mobile,1372,1258,42.5,31.1,29.9,28.9,28.8,pinjarra,2185,pacers,mobile,1261.0,130.0,260.0,10.31,30.93,-23.9
PA240826,PA240826_R5,PA240826_R5_HUDSON STREET,Pinjarra,2026-08-24,Day,Day,5,2:10 PM,2026-08-24T06:10:00+00:00,2026-08-24T16:10:00+10:00,4,HUDSON STREET,Spurrs Stud Breeding to Win 3yo Fillies Westbred Classic Heat 2 MS Pace,2185,"$9,360",Fr4,Jane Steer,Liam Elliott,PACERS,Mobile,WA,101.0,101.0,False,NR48,6s357,1ST-4TH QUALIFY FOR THE FINAL AT GP 4-9-26. IF YOU QUALIFY FOR THE FINAL YOU MUST START IN IT OTHERWISE SCRATCHING PENALTIES WILL APPLY. NO CONCESSION CLAIMS.,3YO Fillies. No NR. RBD. Pacers,437753,/hudson-street,/jane-steer,/liam-elliott,"BLACK, RED HOOPS, BLACK SLEEVES",,,ZO160826,ZOB16082601,7,Central Wheatbelt,2026-08-16,Pinjarra_2185,Pinjarra_2185_pacers_mobile,1372,1258,42.5,31.1,29.9,28.9,28.8,pinjarra,2185,pacers,mobile,1261.0,133.0,292.0,10.55,33.7,-27.58
PA240826,PA240826_R5,PA240826_R5_MA PETITE DAME,Pinjarra,2026-08-24,Day,Day,5,2:10 PM,2026-08-24T06:10:00+00:00,2026-08-24T16:10:00+10:00,5,MA PETITE DAME,Spurrs Stud Breeding to Win 3yo Fillies Westbred Classic Heat 2 MS Pace,2185,"$9,360",Fr5,Lisa Walton,Chris Lewis,PACERS,Mobile,WA,12.0,12.0,False,NR55,s5263,1ST-4TH QUALIFY FOR THE FINAL AT GP 4-9-26. IF YOU QUALIFY FOR THE FINAL YOU MUST START IN IT OTHERWISE SCRATCHING PENALTIES WILL APPLY. NO CONCESSION CLAIMS.,3YO Fillies. No NR. RBD. Pacers,437997,/ma-petite-dame,/lisa-walton,/chris-lewis,"GOLD, GREEN CROSS & ARMBANDS",,,GP180826,GPC18082602,3,Gloucester Park,2026-08-18,Pinjarra_2185,Pinjarra_2185_pacers_mobile,1372,1258,42.5,31.1,29.9,28.9,28.8,pinjarra,2185,pacers,mobile,1253.0,142.0,272.0,11.33,33.04,-17.99
PA240826,PA240826_R5,PA240826_R5_TRIXIE DORA,Pinjarra,2026-08-24,Day,Day,5,2:10 PM,2026-08-24T06:10:00+00:00,2026-08-24T16:10:00+10:00,6,TRIXIE DORA,Spurrs Stud Breeding to Win 3yo Fillies Westbred Classic Heat 2 MS Pace,2185,"$9,360",Fr6,Michael Young,Emily Suvaljko,PACERS,Mobile,WA,12.0,12.0,False,NR53,88334,1ST-4TH QUALIFY FOR THE FINAL AT GP 4-9-26. IF YOU QUALIFY FOR THE FINAL YOU MUST START IN IT OTHERWISE SCRATCHING PENALTIES WILL APPLY. NO CONCESSION CLAIMS.,3YO Fillies. No NR. RBD. Pacers,137412,/trixie-dora,/michael-young,/emily-suvaljko,"RED, BLACK QUARTERS WITH WHITE CARD SUIT SHAPES, WHITE COLLAR & SLEEVES WITH CARD SUIT SHAPES",,,PA170826,PAC17082603,4,Pinjarra,2026-08-17,Pinjarra_2185,Pinjarra_2185_pacers_mobile,1372,1258,42.5,31.1,29.9,28.9,28.8,pinjarra,2185,pacers,mobile,1186.0,119.0,207.0,10.03,27.49,-16.3
PA240826,PA240826_R5,PA240826_R5_THE SEA SIREN,Pinjarra,2026-08-24,Day,Day,5,2:10 PM,2026-08-24T06:10:00+00:00,2026-08-24T16:10:00+10:00,7,THE SEA SIREN,Spurrs Stud Breeding to Win 3yo Fillies Westbred Classic Heat 2 MS Pace,2185,"$9,360",Fr7,Dylan Egerton-Green,Dylan Egerton-Green,PACERS,Mobile,WA,10.0,10.0,False,NR52,6225r,1ST-4TH QUALIFY FOR THE FINAL AT GP 4-9-26. IF YOU QUALIFY FOR THE FINAL YOU MUST START IN IT OTHERWISE SCRATCHING PENALTIES WILL APPLY. NO CONCESSION CLAIMS.,3YO Fillies. No NR. RBD. Pacers,438830,/the-sea-siren,/dylan-egerton-green,/dylan-egerton-green,"AQUA, WHITE STARS, AQUA & BLUE DIAMOND CHECKED SLEEVES",,,PA130726,PAM13072610,r,Pinjarra,2026-07-13,Pinjarra_2185,Pinjarra_2185_pacers_mobile,1372,1258,42.5,31.1,29.9,28.9,28.8,pinjarra,2185,pacers,mobile,856.0,77.0,174.0,9.0,29.32,-27.87
PA240826,PA240826_R5,PA240826_R5_ALL AT ONCE,Pinjarra,2026-08-24,Day,Day,5,2:10 PM,2026-08-24T06:10:00+00:00,2026-08-24T16:10:00+10:00,8,ALL AT ONCE,Spurrs Stud Breeding to Win 3yo Fillies Westbred Classic Heat 2 MS Pace,2185,"$9,360",Sr1,Merv Cox,Ryan Warwick,PACERS,Mobile,WA,34.0,34.0,False,NR50,4s23,1ST-4TH QUALIFY FOR THE FINAL AT GP 4-9-26. IF YOU QUALIFY FOR THE FINAL YOU MUST START IN IT OTHERWISE SCRATCHING PENALTIES WILL APPLY. NO CONCESSION CLAIMS.,3YO Fillies. No NR. RBD. Pacers,438077,/all-at-once,/merv-cox,/ryan-warwick,"BLACK, RED, WHITE & BLUE BANDS",,,PA170826,PAC17082602,3,Pinjarra,2026-08-17,Pinjarra_2185,Pinjarra_2185_pacers_mobile,1372,1258,42.5,31.1,29.9,28.9,28.8,pinjarra,2185,pacers,mobile,1100.0,105.0,284.0,9.55,35.36,-12.99
PA240826,PA240826_R5,PA240826_R5_NOD FROM ABOVE,Pinjarra,2026-08-24,Day,Day,5,2:10 PM,2026-08-24T06:10:00+00:00,2026-08-24T16:10:00+10:00,9,NOD FROM ABOVE,Spurrs Stud Breeding to Win 3yo Fillies Westbred Classic Heat 2 MS Pace,2185,"$9,360",Sr2,Robert Abercromby,Shannon Suvaljko,PACERS,Mobile,WA,31.0,31.0,False,NR46,76445,1ST-4TH QUALIFY FOR THE FINAL AT GP 4-9-26. IF YOU QUALIFY FOR THE FINAL YOU MUST START IN IT OTHERWISE SCRATCHING PENALTIES WILL APPLY. NO CONCESSION CLAIMS.,3YO Fillies. No NR. RBD. Pacers,439851,/nod-from-above,/robert-abercromby,/shannon-suvaljko,"BLACK, TURQUOISE DIAMOND CHECKS, BLACK SLEEVES",,,GP180826,GPC18082602,5,Gloucester Park,2026-08-18,Pinjarra_2185,Pinjarra_2185_pacers_mobile,1372,1258,42.5,31.1,29.9,28.9,28.8,pinjarra,2185,pacers,mobile,877.0,74.0,195.0,8.44,30.67,-17.25
PA240826,PA240826_R5,PA240826_R5_HIGHVIEW ROZI,Pinjarra,2026-08-24,Day,Day,5,2:10 PM,2026-08-24T06:10:00+00:00,2026-08-24T16:10:00+10:00,10,HIGHVIEW ROZI,Spurrs Stud Breeding to Win 3yo Fillies Westbred Classic Heat 2 MS Pace,2185,"$9,360",Sr3,Simone Strachan,Abbey Vidovich,PACERS,Mobile,WA,61.0,61.0,False,NR44,44826,1ST-4TH QUALIFY FOR THE FINAL AT GP 4-9-26. IF YOU QUALIFY FOR THE FINAL YOU MUST START IN IT OTHERWISE SCRATCHING PENALTIES WILL APPLY. NO CONCESSION CLAIMS.,3YO Fillies. No NR. RBD. Pacers,439297,/highview-rozi,/simone-strachan,/abbey-vidovich,"GOLD, BLUE DIAMONDS",,,BY140826,BYB14082602,6,Bunbury,2026-08-14,Pinjarra_2185,Pinjarra_2185_pacers_mobile,1372,1258,42.5,31.1,29.9,28.9,28.8,pinjarra,2185,pacers,mobile,673.0,67.0,127.0,9.96,28.83,-0.64
PA240826,PA240826_R5,PA240826_R5_IM CATEGORY FIVE,Pinjarra,2026-08-24,Day,Day,5,2:10 PM,2026-08-24T06:10:00+00:00,2026-08-24T16:10:00+10:00,11,IM CATEGORY FIVE,Spurrs Stud Breeding to Win 3yo Fillies Westbred Classic Heat 2 MS Pace,2185,"$9,360",Sr4,Colin Brown,Maddison Brown,PACERS,Mobile,WA,3.2,3.2,False,NR66,35s34,1ST-4TH QUALIFY FOR THE FINAL AT GP 4-9-26. IF YOU QUALIFY FOR THE FINAL YOU MUST START IN IT OTHERWISE SCRATCHING PENALTIES WILL APPLY. NO CONCESSION CLAIMS.,3YO Fillies. No NR. RBD. Pacers,438825,/im-category-five,/colin-brown,/maddison-brown,"RED, WHITE DIAMOND CHECK SLEEVES",,,PA030826,PAC03082602,4,Pinjarra,2026-08-03,Pinjarra_2185,Pinjarra_2185_pacers_mobile,1372,1258,42.5,31.1,29.9,28.9,28.8,pinjarra,2185,pacers,mobile,461.0,33.0,82.0,7.16,24.95,-39.03
PA240826,PA240826_R5,PA240826_R5_MAAS ATTACK,Pinjarra,2026-08-24,Day,Day,5,2:10 PM,2026-08-24T06:10:00+00:00,2026-08-24T16:10:00+10:00,12,MAAS ATTACK,Spurrs Stud Breeding to Win 3yo Fillies Westbred Classic Heat 2 MS Pace,2185,"$9,360",Sr5,Aiden De Campo,Aiden De Campo,PACERS,Mobile,WA,12.0,12.0,False,NR51,s5366,1ST-4TH QUALIFY FOR THE FINAL AT GP 4-9-26. IF YOU QUALIFY FOR THE FINAL YOU MUST START IN IT OTHERWISE SCRATCHING PENALTIES WILL APPLY. NO CONCESSION CLAIMS.,3YO Fillies. No NR. RBD. Pacers,438544,/maas-attack,/aiden-de-campo,/aiden-de-campo,"WHITE, GREEN HOOPS",,,GP180826,GPC18082602,6,Gloucester Park,2026-08-18,Pinjarra_2185,Pinjarra_2185_pacers_mobile,1372,1258,42.5,31.1,29.9,28.9,28.8,pinjarra,2185,pacers,mobile,271.0,22.0,48.0,8.12,25.83,-20.22
PA240826,PA240826_R6,PA240826_R6_THELITTLE BUSTER,Pinjarra,2026-08-24,Day,Day,6,2:50 PM,2026-08-24T06:50:00+00:00,2026-08-24T16:50:00+10:00,1,THELITTLE BUSTER,Goodtime Sammy Your Double Westbred Sire 3yo Colts & Geldings Westbred Classic Heat 3 MS Pace,2185,"$9,360",Fr1,Peter Anderson,Gary Hall Jnr,PACERS,Mobile,WA,20.0,20.0,False,NR52,31,1ST-3RD QUALIFY FOR THE FINAL AT GP 4-9-26. IF YOU QUALIFY FOR THE FINAL YOU MUST START IN IT OTHERWISE SCRATCHING PENALTIES WILL APPLY. NO CONCESSION CLAIMS.,3YO Colts and Geldings. No NR. RBD. Pacers,437641,/thelittle-buster,/peter-anderson,/gary-hall-jnr,"BLUE, GOLD DIAMOND CHECK SLEEVES",,,PA170826,PAC17082602,1,Pinjarra,2026-08-17,Pinjarra_2185,Pinjarra_2185_pacers_mobile,1372,1258,42.5,31.1,29.9,28.9,28.8,pinjarra,2185,pacers,mobile,1267.0,196.0,329.0,15.47,41.44,-16.35
PA240826,PA240826_R6,PA240826_R6_MATERNAL DREAMS,Pinjarra,2026-08-24,Day,Day,6,2:50 PM,2026-08-24T06:50:00+00:00,2026-08-24T16:50:00+10:00,2,MATERNAL DREAMS,Goodtime Sammy Your Double Westbred Sire 3yo Colts & Geldings Westbred Classic Heat 3 MS Pace,2185,"$9,360",Fr2,Micheal Ferguson,Stuart McDonald,PACERS,Mobile,WA,3.8,3.8,False,NR53,9s333,1ST-3RD QUALIFY FOR THE FINAL AT GP 4-9-26. IF YOU QUALIFY FOR THE FINAL YOU MUST START IN IT OTHERWISE SCRATCHING PENALTIES WILL APPLY. NO CONCESSION CLAIMS.,3YO Colts and Geldings. No NR. RBD. Pacers,437909,/maternal-dreams,/micheal-ferguson,/stuart-mcdonald,"BLUE, BLACK CHEVRONS, WHITE TRIM, COLLAR, WAISTBAND & CUFFS",,,PA170826,PAC17082603,3,Pinjarra,2026-08-17,Pinjarra_2185,Pinjarra_2185_pacers_mobile,1372,1258,42.5,31.1,29.9,28.9,28.8,pinjarra,2185,pacers,mobile,1263.0,162.0,254.0,12.83,32.94,-13.19
PA240826,PA240826_R6,PA240826_R6_FISTFULL,Pinjarra,2026-08-24,Day,Day,6,2:50 PM,2026-08-24T06:50:00+00:00,2026-08-24T16:50:00+10:00,3,FISTFULL,Goodtime Sammy Your Double Westbred Sire 3yo Colts & Geldings Westbred Classic Heat 3 MS Pace,2185,"$9,360",Fr3,Russell Eddy,Ryan Warwick,PACERS,Mobile,WA,151.0,151.0,False,NR50,90s1,1ST-3RD QUALIFY FOR THE FINAL AT GP 4-9-26. IF YOU QUALIFY FOR THE FINAL YOU MUST START IN IT OTHERWISE SCRATCHING PENALTIES WILL APPLY. NO CONCESSION CLAIMS.,3YO Colts and Geldings. No NR. RBD. Pacers,439761,/fistfull,/russell-eddy,/ryan-warwick,"BLUE, RED YOKE & SLEEVES, BLUE CUFFS",,,PA100826,PAC10082611,1,Pinjarra,2026-08-10,Pinjarra_2185,Pinjarra_2185_pacers_mobile,1372,1258,42.5,31.1,29.9,28.9,28.8,pinjarra,2185,pacers,mobile,1261.0,130.0,260.0,10.31,30.93,-23.9
PA240826,PA240826_R6,PA240826_R6_AMALFI KNIGHT,Pinjarra,2026-08-24,Day,Day,6,2:50 PM,2026-08-24T06:50:00+00:00,2026-08-24T16:50:00+10:00,4,AMALFI KNIGHT,Goodtime Sammy Your Double Westbred Sire 3yo Colts & Geldings Westbred Classic Heat 3 MS Pace,2185,"$9,360",Fr4,Aiden De Campo,Aiden De Campo,PACERS,Mobile,WA,1.75,1.75,False,NR63,3212s,1ST-3RD QUALIFY FOR THE FINAL AT GP 4-9-26. IF YOU QUALIFY FOR THE FINAL YOU MUST START IN IT OTHERWISE SCRATCHING PENALTIES WILL APPLY. NO CONCESSION CLAIMS.,3YO Colts and Geldings. No NR. RBD. Pacers,438207,/amalfi-knight,/aiden-de-campo,/aiden-de-campo,"GOLD, BLUE CROWN, BLUE SLEEVES, GOLD CROWN",,,GP220526,GPM22052602,2,Gloucester Park,2026-05-22,Pinjarra_2185,Pinjarra_2185_pacers_mobile,1372,1258,42.5,31.1,29.9,28.9,28.8,pinjarra,2185,pacers,mobile,1261.0,133.0,292.0,10.55,33.7,-27.58
PA240826,PA240826_R6,PA240826_R6_ARMA MUSHU,Pinjarra,2026-08-24,Day,Day,6,2:50 PM,2026-08-24T06:50:00+00:00,2026-08-24T16:50:00+10:00,5,ARMA MUSHU,Goodtime Sammy Your Double Westbred Sire 3yo Colts & Geldings Westbred Classic Heat 3 MS Pace,2185,"$9,360",Fr5,Colin Brown,Maddison Brown,PACERS,Mobile,WA,91.0,91.0,False,NR47,130s9,1ST-3RD QUALIFY FOR THE FINAL AT GP 4-9-26. IF YOU QUALIFY FOR THE FINAL YOU MUST START IN IT OTHERWISE SCRATCHING PENALTIES WILL APPLY. NO CONCESSION CLAIMS.,3YO Colts and Geldings. No NR. RBD. Pacers,199240,/arma-mushu,/colin-brown,/maddison-brown,"RED, WHITE DIAMOND CHECK SLEEVES",,,NM010826,NMC01082610,9,Northam,2026-08-01,Pinjarra_2185,Pinjarra_2185_pacers_mobile,1372,1258,42.5,31.1,29.9,28.9,28.8,pinjarra,2185,pacers,mobile,1253.0,142.0,272.0,11.33,33.04,-17.99
PA240826,PA240826_R6,PA240826_R6_SOME LINE,Pinjarra,2026-08-24,Day,Day,6,2:50 PM,2026-08-24T06:50:00+00:00,2026-08-24T16:50:00+10:00,6,SOME LINE,Goodtime Sammy Your Double Westbred Sire 3yo Colts & Geldings Westbred Classic Heat 3 MS Pace,2185,"$9,360",Fr6,Kim Prentice,Abbey Vidovich,PACERS,Mobile,WA,41.0,41.0,False,NR53,64032,1ST-3RD QUALIFY FOR THE FINAL AT GP 4-9-26. IF YOU QUALIFY FOR THE FINAL YOU MUST START IN IT OTHERWISE SCRATCHING PENALTIES WILL APPLY. NO CONCESSION CLAIMS.,3YO Colts and Geldings. No NR. RBD. Pacers,439337,/some-line,/kim-prentice,/abbey-vidovich,"GOLD, PURPLE DIAMONDS & SLEEVES",,,NG080826,NGC08082610,2,Narrogin,2026-08-08,Pinjarra_2185,Pinjarra_2185_pacers_mobile,1372,1258,42.5,31.1,29.9,28.9,28.8,pinjarra,2185,pacers,mobile,1186.0,119.0,207.0,10.03,27.49,-16.3
PA240826,PA240826_R6,PA240826_R6_RAVENOUS,Pinjarra,2026-08-24,Day,Day,6,2:50 PM,2026-08-24T06:50:00+00:00,2026-08-24T16:50:00+10:00,7,RAVENOUS,Goodtime Sammy Your Double Westbred Sire 3yo Colts & Geldings Westbred Classic Heat 3 MS Pace,2185,"$9,360",Fr7,Brett Smith,Brett Smith,PACERS,Mobile,WA,71.0,71.0,False,NR43,48433,1ST-3RD QUALIFY FOR THE FINAL AT GP 4-9-26. IF YOU QUALIFY FOR THE FINAL YOU MUST START IN IT OTHERWISE SCRATCHING PENALTIES WILL APPLY. NO CONCESSION CLAIMS.,3YO Colts and Geldings. No NR. RBD. Pacers,439461,/ravenous,/brett-smith,/brett-smith,"BLACK, WHITE CROSSED DIAMOND SASHES & DIAMOND ON SLEEVES",,,NM110826,NMC11082602,3,Northam,2026-08-11,Pinjarra_2185,Pinjarra_2185_pacers_mobile,1372,1258,42.5,31.1,29.9,28.9,28.8,pinjarra,2185,pacers,mobile,856.0,77.0,174.0,9.0,29.32,-27.87
PA240826,PA240826_R6,PA240826_R6_RANGER RED,Pinjarra,2026-08-24,Day,Day,6,2:50 PM,2026-08-24T06:50:00+00:00,2026-08-24T16:50:00+10:00,8,RANGER RED,Goodtime Sammy Your Double Westbred Sire 3yo Colts & Geldings Westbred Classic Heat 3 MS Pace,2185,"$9,360",Sr1,Brad Lynn,Toby Lynn,PACERS,Mobile,WA,151.0,151.0,False,NR45,60385,1ST-3RD QUALIFY FOR THE FINAL AT GP 4-9-26. IF YOU QUALIFY FOR THE FINAL YOU MUST START IN IT OTHERWISE SCRATCHING PENALTIES WILL APPLY. NO CONCESSION CLAIMS.,3YO Colts and Geldings. No NR. RBD. Pacers,437707,/ranger-red,/brad-lynn,/toby-lynn,"BLUE, BLACK & WHITE BANDS & ARM BANDS",,,PA170826,PAC17082610,5,Pinjarra,2026-08-17,Pinjarra_2185,Pinjarra_2185_pacers_mobile,1372,1258,42.5,31.1,29.9,28.9,28.8,pinjarra,2185,pacers,mobile,1100.0,105.0,284.0,9.55,35.36,-12.99
PA240826,PA240826_R6,PA240826_R6_BUTTER ME UP,Pinjarra,2026-08-24,Day,Day,6,2:50 PM,2026-08-24T06:50:00+00:00,2026-08-24T16:50:00+10:00,9,BUTTER ME UP,Goodtime Sammy Your Double Westbred Sire 3yo Colts & Geldings Westbred Classic Heat 3 MS Pace,2185,"$9,360",Sr2,Michael Young,Emily Suvaljko,PACERS,Mobile,WA,31.0,31.0,False,NR52,6s992,1ST-3RD QUALIFY FOR THE FINAL AT GP 4-9-26. IF YOU QUALIFY FOR THE FINAL YOU MUST START IN IT OTHERWISE SCRATCHING PENALTIES WILL APPLY. NO CONCESSION CLAIMS.,3YO Colts and Geldings. No NR. RBD. Pacers,438322,/butter-me-up,/michael-young,/emily-suvaljko,"RED, BLACK QUARTERS WITH WHITE CARD SUIT SHAPES, WHITE COLLAR & SLEEVES WITH CARD SUIT SHAPES",,,ZO160826,ZOB16082601,2,Central Wheatbelt,2026-08-16,Pinjarra_2185,Pinjarra_2185_pacers_mobile,1372,1258,42.5,31.1,29.9,28.9,28.8,pinjarra,2185,pacers,mobile,877.0,74.0,195.0,8.44,30.67,-17.25
PA240826,PA240826_R6,PA240826_R6_EL MYSTRO,Pinjarra,2026-08-24,Day,Day,6,2:50 PM,2026-08-24T06:50:00+00:00,2026-08-24T16:50:00+10:00,10,EL MYSTRO,Goodtime Sammy Your Double Westbred Sire 3yo Colts & Geldings Westbred Classic Heat 3 MS Pace,2185,"$9,360",Sr3,Robbie Williams,Robbie Williams,PACERS,Mobile,WA,4.5,4.5,False,NR58,594s6,1ST-3RD QUALIFY FOR THE FINAL AT GP 4-9-26. IF YOU QUALIFY FOR THE FINAL YOU MUST START IN IT OTHERWISE SCRATCHING PENALTIES WILL APPLY. NO CONCESSION CLAIMS.,3YO Colts and Geldings. No NR. RBD. Pacers,438729,/el-mystro,/robbie-williams,/robbie-williams,"BLUE, RED STAR WITH WHITE TRIM, WHITE STRIPED SLEEVES WITH RED STARS",,,GP140826,GPM14082603,6,Gloucester Park,2026-08-14,Pinjarra_2185,Pinjarra_2185_pacers_mobile,1372,1258,42.5,31.1,29.9,28.9,28.8,pinjarra,2185,pacers,mobile,673.0,67.0,127.0,9.96,28.83,-0.64
PA240826,PA240826_R7,PA240826_R7_LIVY ANN,Pinjarra,2026-08-24,Day,Day,7,3:29 PM,2026-08-24T07:29:00+00:00,2026-08-24T17:29:00+10:00,1,LIVY ANN,Bonavista Bay Your Double Westbred Sire 3yo Fillies Westbred Classic Heat 3 MS Pace,2185,"$9,360",Fr1,Dylan Egerton-Green,Gary Hall Jnr,PACERS,Mobile,WA,10.0,10.0,False,NR54,0142s,1ST-4TH QUALIFY FOR THE FINAL AT GP 4-9-26. IF YOU QUALIFY FOR THE FINAL YOU MUST START IN IT OTHERWISE SCRATCHING PENALTIES WILL APPLY. NO CONCESSION CLAIMS.,3YO Fillies. No NR. RBD. Pacers,439127,/livy-ann,/dylan-egerton-green,/gary-hall-jnr,"BLUE, YELLOW EAGLE HEAD AND CUFFS",,,GP170426,GPM17042601,2,Gloucester Park,2026-04-17,Pinjarra_2185,Pinjarra_2185_pacers_mobile,1372,1258,42.5,31.1,29.9,28.9,28.8,pinjarra,2185,pacers,mobile,1267.0,196.0,329.0,15.47,41.44,-16.35
PA240826,PA240826_R7,PA240826_R7_DROP THE ACE,Pinjarra,2026-08-24,Day,Day,7,3:29 PM,2026-08-24T07:29:00+00:00,2026-08-24T17:29:00+10:00,2,DROP THE ACE,Bonavista Bay Your Double Westbred Sire 3yo Fillies Westbred Classic Heat 3 MS Pace,2185,"$9,360",Fr2,Shane Quadrio,Shannon Suvaljko,PACERS,Mobile,WA,15.0,15.0,False,NR52,0335s,1ST-4TH QUALIFY FOR THE FINAL AT GP 4-9-26. IF YOU QUALIFY FOR THE FINAL YOU MUST START IN IT OTHERWISE SCRATCHING PENALTIES WILL APPLY. NO CONCESSION CLAIMS.,3YO Fillies. No NR. RBD. Pacers,167879,/drop-the-ace,/shane-quadrio,/shannon-suvaljko,"BLUE, GOLD DIAMOND",,,GP160626,GPC16062602,5,Gloucester Park,2026-06-16,Pinjarra_2185,Pinjarra_2185_pacers_mobile,1372,1258,42.5,31.1,29.9,28.9,28.8,pinjarra,2185,pacers,mobile,1263.0,162.0,254.0,12.83,32.94,-13.19
PA240826,PA240826_R7,PA240826_R7_THE BLACK CHERRY,Pinjarra,2026-08-24,Day,Day,7,3:29 PM,2026-08-24T07:29:00+00:00,2026-08-24T17:29:00+10:00,3,THE BLACK CHERRY,Bonavista Bay Your Double Westbred Sire 3yo Fillies Westbred Classic Heat 3 MS Pace,2185,"$9,360",Fr3,Eric Chabros,Eric Chabros,PACERS,Mobile,WA,251.0,251.0,False,NR46,0s498,1ST-4TH QUALIFY FOR THE FINAL AT GP 4-9-26. IF YOU QUALIFY FOR THE FINAL YOU MUST START IN IT OTHERWISE SCRATCHING PENALTIES WILL APPLY. NO CONCESSION CLAIMS.,3YO Fillies. No NR. RBD. Pacers,437685,/the-black-cherry,/eric-chabros,/eric-chabros,"PURPLE, GOLD QUARTERS, LIGHT BLUE SLEEVES",,,BY140826,BYB14082602,8,Bunbury,2026-08-14,Pinjarra_2185,Pinjarra_2185_pacers_mobile,1372,1258,42.5,31.1,29.9,28.9,28.8,pinjarra,2185,pacers,mobile,1261.0,130.0,260.0,10.31,30.93,-23.9
PA240826,PA240826_R7,PA240826_R7_A PRECIOUS GEM,Pinjarra,2026-08-24,Day,Day,7,3:29 PM,2026-08-24T07:29:00+00:00,2026-08-24T17:29:00+10:00,4,A PRECIOUS GEM,Bonavista Bay Your Double Westbred Sire 3yo Fillies Westbred Classic Heat 3 MS Pace,2185,"$9,360",Fr4,Dylan Egerton-Green,Dylan Egerton-Green,PACERS,Mobile,WA,1.85,1.85,False,NR55,12261,1ST-4TH QUALIFY FOR THE FINAL AT GP 4-9-26. IF YOU QUALIFY FOR THE FINAL YOU MUST START IN IT OTHERWISE SCRATCHING PENALTIES WILL APPLY. NO CONCESSION CLAIMS.,3YO Fillies. No NR. RBD. Pacers,438251,/a-precious-gem,/dylan-egerton-green,/dylan-egerton-green,"AQUA, WHITE STARS, AQUA & BLUE DIAMOND CHECKED SLEEVES",,,GP240726,GPM24072609,1,Gloucester Park,2026-07-24,Pinjarra_2185,Pinjarra_2185_pacers_mobile,1372,1258,42.5,31.1,29.9,28.9,28.8,pinjarra,2185,pacers,mobile,1261.0,133.0,292.0,10.55,33.7,-27.58
PA240826,PA240826_R7,PA240826_R7_MISS BEJEWELED,Pinjarra,2026-08-24,Day,Day,7,3:29 PM,2026-08-24T07:29:00+00:00,2026-08-24T17:29:00+10:00,5,MISS BEJEWELED,Bonavista Bay Your Double Westbred Sire 3yo Fillies Westbred Classic Heat 3 MS Pace,2185,"$9,360",Fr5,Aiden De Campo,Joseph Suvaljko,PACERS,Mobile,WA,10.0,10.0,False,NR55,712s1,1ST-4TH QUALIFY FOR THE FINAL AT GP 4-9-26. IF YOU QUALIFY FOR THE FINAL YOU MUST START IN IT OTHERWISE SCRATCHING PENALTIES WILL APPLY. NO CONCESSION CLAIMS.,3YO Fillies. No NR. RBD. Pacers,438426,/miss-bejeweled,/aiden-de-campo,/joseph-suvaljko,"BLUE, BLACK YOKE & SLEEVES",,,GP180826,GPC18082602,1,Gloucester Park,2026-08-18,Pinjarra_2185,Pinjarra_2185_pacers_mobile,1372,1258,42.5,31.1,29.9,28.9,28.8,pinjarra,2185,pacers,mobile,1253.0,142.0,272.0,11.33,33.04,-17.99
PA240826,PA240826_R7,PA240826_R7_JUSTASMOOTH MIKI,Pinjarra,2026-08-24,Day,Day,7,3:29 PM,2026-08-24T07:29:00+00:00,2026-08-24T17:29:00+10:00,6,JUSTASMOOTH MIKI,Bonavista Bay Your Double Westbred Sire 3yo Fillies Westbred Classic Heat 3 MS Pace,2185,"$9,360",Fr6,Chris Voak,Chris Voak,PACERS,Mobile,WA,5.5,5.5,False,NR53,10s52,1ST-4TH QUALIFY FOR THE FINAL AT GP 4-9-26. IF YOU QUALIFY FOR THE FINAL YOU MUST START IN IT OTHERWISE SCRATCHING PENALTIES WILL APPLY. NO CONCESSION CLAIMS.,3YO Fillies. No NR. RBD. Pacers,439485,/justasmooth-miki,/chris-voak,/chris-voak,"GREY, PINK YOKE, HALF STRIPES, COLLAR & CUFFS, 4 WHITE MALTESE CROSSES ON YOKE & SLEEVES",,,GP140826,GPM14082603,2,Gloucester Park,2026-08-14,Pinjarra_2185,Pinjarra_2185_pacers_mobile,1372,1258,42.5,31.1,29.9,28.9,28.8,pinjarra,2185,pacers,mobile,1186.0,119.0,207.0,10.03,27.49,-16.3
PA240826,PA240826_R7,PA240826_R7_FREEMANS GIRL,Pinjarra,2026-08-24,Day,Day,7,3:29 PM,2026-08-24T07:29:00+00:00,2026-08-24T17:29:00+10:00,7,FREEMANS GIRL,Bonavista Bay Your Double Westbred Sire 3yo Fillies Westbred Classic Heat 3 MS Pace,2185,"$9,360",Fr7,Kim Prentice,Abbey Vidovich,PACERS,Mobile,WA,151.0,151.0,False,NR50,562,1ST-4TH QUALIFY FOR THE FINAL AT GP 4-9-26. IF YOU QUALIFY FOR THE FINAL YOU MUST START IN IT OTHERWISE SCRATCHING PENALTIES WILL APPLY. NO CONCESSION CLAIMS.,3YO Fillies. No NR. RBD. Pacers,438305,/freemans-girl,/kim-prentice,/abbey-vidovich,"GOLD, PURPLE DIAMONDS & SLEEVES",,,BY140826,BYB14082602,2,Bunbury,2026-08-14,Pinjarra_2185,Pinjarra_2185_pacers_mobile,1372,1258,42.5,31.1,29.9,28.9,28.8,pinjarra,2185,pacers,mobile,856.0,77.0,174.0,9.0,29.32,-27.87
PA240826,PA240826_R7,PA240826_R7_SLAY QUEEN,Pinjarra,2026-08-24,Day,Day,7,3:29 PM,2026-08-24T07:29:00+00:00,2026-08-24T17:29:00+10:00,8,SLAY QUEEN,Bonavista Bay Your Double Westbred Sire 3yo Fillies Westbred Classic Heat 3 MS Pace,2185,"$9,360",Sr1,"G F J Bond, S A Bond",Deni Roberts,PACERS,Mobile,WA,12.0,12.0,False,NR52,530s8,1ST-4TH QUALIFY FOR THE FINAL AT GP 4-9-26. IF YOU QUALIFY FOR THE FINAL YOU MUST START IN IT OTHERWISE SCRATCHING PENALTIES WILL APPLY. NO CONCESSION CLAIMS.,3YO Fillies. No NR. RBD. Pacers,438009,/slay-queen,/g-f-j-bond-s-a-bond,/deni-roberts,"BLUE, PINK CIRCLE",,,PA170826,PAC17082603,8,Pinjarra,2026-08-17,Pinjarra_2185,Pinjarra_2185_pacers_mobile,1372,1258,42.5,31.1,29.9,28.9,28.8,pinjarra,2185,pacers,mobile,1100.0,105.0,284.0,9.55,35.36,-12.99
PA240826,PA240826_R7,PA240826_R7_ROSIES BETTOR,Pinjarra,2026-08-24,Day,Day,7,3:29 PM,2026-08-24T07:29:00+00:00,2026-08-24T17:29:00+10:00,9,ROSIES BETTOR,Bonavista Bay Your Double Westbred Sire 3yo Fillies Westbred Classic Heat 3 MS Pace,2185,"$9,360",Sr2,Aiden De Campo,Aiden De Campo,PACERS,Mobile,WA,10.0,10.0,False,NR54,16s21,1ST-4TH QUALIFY FOR THE FINAL AT GP 4-9-26. IF YOU QUALIFY FOR THE FINAL YOU MUST START IN IT OTHERWISE SCRATCHING PENALTIES WILL APPLY. NO CONCESSION CLAIMS.,3YO Fillies. No NR. RBD. Pacers,438248,/rosies-bettor,/aiden-de-campo,/aiden-de-campo,"ROYAL BLUE, 4 BLACK DIAMONDS, COLLAR, WAISTBAND, DIAMOND CHECKED SLEEVES & CUFFS",,,BY140826,BYB14082602,1,Bunbury,2026-08-14,Pinjarra_2185,Pinjarra_2185_pacers_mobile,1372,1258,42.5,31.1,29.9,28.9,28.8,pinjarra,2185,pacers,mobile,877.0,74.0,195.0,8.44,30.67,-17.25
PA240826,PA240826_R7,PA240826_R7_STRANIERO DEL MARE,Pinjarra,2026-08-24,Day,Day,7,3:29 PM,2026-08-24T07:29:00+00:00,2026-08-24T17:29:00+10:00,10,STRANIERO DEL MARE,Bonavista Bay Your Double Westbred Sire 3yo Fillies Westbred Classic Heat 3 MS Pace,2185,"$9,360",Sr3,Cody Wallrodt,Cody Wallrodt,PACERS,Mobile,WA,151.0,151.0,False,NR46,s9758,1ST-4TH QUALIFY FOR THE FINAL AT GP 4-9-26. IF YOU QUALIFY FOR THE FINAL YOU MUST START IN IT OTHERWISE SCRATCHING PENALTIES WILL APPLY. NO CONCESSION CLAIMS.,3YO Fillies. No NR. RBD. Pacers,437690,/straniero-del-mare,/cody-wallrodt,/cody-wallrodt,"MAROON, GREEN STRIPES & YOKE WITH 4 MAROON DIAMONDS, GREEN DIAMOND CHECK SLEEVES",,,BY210826,BYB21082601,8,Bunbury,2026-08-21,Pinjarra_2185,Pinjarra_2185_pacers_mobile,1372,1258,42.5,31.1,29.9,28.9,28.8,pinjarra,2185,pacers,mobile,673.0,67.0,127.0,9.96,28.83,-0.64
PA240826,PA240826_R7,PA240826_R7_TSUNAMI WAVE,Pinjarra,2026-08-24,Day,Day,7,3:29 PM,2026-08-24T07:29:00+00:00,2026-08-24T17:29:00+10:00,11,TSUNAMI WAVE,Bonavista Bay Your Double Westbred Sire 3yo Fillies Westbred Classic Heat 3 MS Pace,2185,"$9,360",Sr4,Mike Howie,Trent Wheeler,PACERS,Mobile,WA,101.0,101.0,False,NR50,78313,1ST-4TH QUALIFY FOR THE FINAL AT GP 4-9-26. IF YOU QUALIFY FOR THE FINAL YOU MUST START IN IT OTHERWISE SCRATCHING PENALTIES WILL APPLY. NO CONCESSION CLAIMS.,3YO Fillies. No NR. RBD. Pacers,438527,/tsunami-wave,/mike-howie,/trent-wheeler,"WHITE, GREEN HOOPS",,,BY140826,BYB14082602,3,Bunbury,2026-08-14,Pinjarra_2185,Pinjarra_2185_pacers_mobile,1372,1258,42.5,31.1,29.9,28.9,28.8,pinjarra,2185,pacers,mobile,461.0,33.0,82.0,7.16,24.95,-39.03
PA240826,PA240826_R7,PA240826_R7_THE LIONS DEN,Pinjarra,2026-08-24,Day,Day,7,3:29 PM,2026-08-24T07:29:00+00:00,2026-08-24T17:29:00+10:00,12,THE LIONS DEN,Bonavista Bay Your Double Westbred Sire 3yo Fillies Westbred Classic Heat 3 MS Pace,2185,"$9,360",Sr5,Kim Young,Jocelyn Young,PACERS,Mobile,WA,101.0,101.0,False,NR52,5231,1ST-4TH QUALIFY FOR THE FINAL AT GP 4-9-26. IF YOU QUALIFY FOR THE FINAL YOU MUST START IN IT OTHERWISE SCRATCHING PENALTIES WILL APPLY. NO CONCESSION CLAIMS.,3YO Fillies. No NR. RBD. Pacers,439028,/the-lions-den,/kim-young,/jocelyn-young,"BLUE, GOLD & PINK DIAMOND CHECKED BAND & ARMBANDS",,ODM,PA100826,PAC10082603,1,Pinjarra,2026-08-10,Pinjarra_2185,Pinjarra_2185_pacers_mobile,1372,1258,42.5,31.1,29.9,28.9,28.8,pinjarra,2185,pacers,mobile,271.0,22.0,48.0,8.12,25.83,-20.22
PA240826,PA240826_R8,PA240826_R8_HE IS TALKING,Pinjarra,2026-08-24,Day,Day,8,3:59 PM,2026-08-24T07:59:00+00:00,2026-08-24T17:59:00+10:00,1,HE IS TALKING,Bonavista Bay Your X Factor Sire 3yo Colts & Geldings Westbred Classic Heat 4 MS Pace,2185,"$9,360",Fr1,Gary Hall Snr,Gary Hall Jnr,PACERS,Mobile,WA,2.25,2.25,False,NR58,21135,1ST-3RD QUALIFY FOR THE FINAL AT GP 4-9-26. IF YOU QUALIFY FOR THE FINAL YOU MUST START IN IT OTHERWISE SCRATCHING PENALTIES WILL APPLY. NO CONCESSION CLAIMS.,3YO Colts and Geldings. No NR. RBD. Pacers,438935,/he-is-talking,/gary-hall-snr,/gary-hall-jnr,"BLUE, GOLD YOKE, STRIPES, CUFFS & BLUE STARS",,,GP140826,GPM14082603,5,Gloucester Park,2026-08-14,Pinjarra_2185,Pinjarra_2185_pacers_mobile,1372,1258,42.5,31.1,29.9,28.9,28.8,pinjarra,2185,pacers,mobile,1267.0,196.0,329.0,15.47,41.44,-16.35
PA240826,PA240826_R8,PA240826_R8_WAVES OF FORTUNE,Pinjarra,2026-08-24,Day,Day,8,3:59 PM,2026-08-24T07:59:00+00:00,2026-08-24T17:59:00+10:00,2,WAVES OF FORTUNE,Bonavista Bay Your X Factor Sire 3yo Colts & Geldings Westbred Classic Heat 4 MS Pace,2185,"$9,360",Fr2,Debra Lewis,Chris Lewis,PACERS,Mobile,WA,34.0,34.0,False,NR52,67965,1ST-3RD QUALIFY FOR THE FINAL AT GP 4-9-26. IF YOU QUALIFY FOR THE FINAL YOU MUST START IN IT OTHERWISE SCRATCHING PENALTIES WILL APPLY. NO CONCESSION CLAIMS.,3YO Colts and Geldings. No NR. RBD. Pacers,437678,/waves-of-fortune,/debra-lewis,/chris-lewis,"BLUE, BLACK YOKE & BRACES, WHITE TRIM, BLACK CUFFS, WHITE STAR SHOULDERS & CUFFS",,,PA030826,PAC03082602,5,Pinjarra,2026-08-03,Pinjarra_2185,Pinjarra_2185_pacers_mobile,1372,1258,42.5,31.1,29.9,28.9,28.8,pinjarra,2185,pacers,mobile,1263.0,162.0,254.0,12.83,32.94,-13.19
PA240826,PA240826_R8,PA240826_R8_LORD VINCENTIUS,Pinjarra,2026-08-24,Day,Day,8,3:59 PM,2026-08-24T07:59:00+00:00,2026-08-24T17:59:00+10:00,3,LORD VINCENTIUS,Bonavista Bay Your X Factor Sire 3yo Colts & Geldings Westbred Classic Heat 4 MS Pace,2185,"$9,360",Fr3,Aiden De Campo,Joseph Suvaljko,PACERS,Mobile,WA,91.0,91.0,False,NR49,s8s31,1ST-3RD QUALIFY FOR THE FINAL AT GP 4-9-26. IF YOU QUALIFY FOR THE FINAL YOU MUST START IN IT OTHERWISE SCRATCHING PENALTIES WILL APPLY. NO CONCESSION CLAIMS.,3YO Colts and Geldings. No NR. RBD. Pacers,109779,/lord-vincentius,/aiden-de-campo,/joseph-suvaljko,"ROYAL BLUE, 4 BLACK DIAMONDS, COLLAR, WAISTBAND, DIAMOND CHECKED SLEEVES & CUFFS",,,GP040826,GPC04082610,1,Gloucester Park,2026-08-04,Pinjarra_2185,Pinjarra_2185_pacers_mobile,1372,1258,42.5,31.1,29.9,28.9,28.8,pinjarra,2185,pacers,mobile,1261.0,130.0,260.0,10.31,30.93,-23.9
PA240826,PA240826_R8,PA240826_R8_GLOBAL ARK,Pinjarra,2026-08-24,Day,Day,8,3:59 PM,2026-08-24T07:59:00+00:00,2026-08-24T17:59:00+10:00,4,GLOBAL ARK,Bonavista Bay Your X Factor Sire 3yo Colts & Geldings Westbred Classic Heat 4 MS Pace,2185,"$9,360",Fr4,Peter Anderson,Joe Suvaljko,PACERS,Mobile,WA,201.0,201.0,False,NR47,36456,1ST-3RD QUALIFY FOR THE FINAL AT GP 4-9-26. IF YOU QUALIFY FOR THE FINAL YOU MUST START IN IT OTHERWISE SCRATCHING PENALTIES WILL APPLY. NO CONCESSION CLAIMS.,3YO Colts and Geldings. No NR. RBD. Pacers,438258,/global-ark,/peter-anderson,/joe-suvaljko,"BLUE, GOLD DIAMOND CHECK SLEEVES",,,PA170826,PAC17082602,6,Pinjarra,2026-08-17,Pinjarra_2185,Pinjarra_2185_pacers_mobile,1372,1258,42.5,31.1,29.9,28.9,28.8,pinjarra,2185,pacers,mobile,1261.0,133.0,292.0,10.55,33.7,-27.58
PA240826,PA240826_R8,PA240826_R8_PORT TO PLEASE,Pinjarra,2026-08-24,Day,Day,8,3:59 PM,2026-08-24T07:59:00+00:00,2026-08-24T17:59:00+10:00,5,PORT TO PLEASE,Bonavista Bay Your X Factor Sire 3yo Colts & Geldings Westbred Classic Heat 4 MS Pace,2185,"$9,360",Fr5,Kevin Charles,Shannon Suvaljko,PACERS,Mobile,WA,151.0,151.0,False,NR44,83764,1ST-3RD QUALIFY FOR THE FINAL AT GP 4-9-26. IF YOU QUALIFY FOR THE FINAL YOU MUST START IN IT OTHERWISE SCRATCHING PENALTIES WILL APPLY. NO CONCESSION CLAIMS.,3YO Colts and Geldings. No NR. RBD. Pacers,439466,/port-to-please,/kevin-charles,/shannon-suvaljko,"CERISE, WHITE DIAMONDS, GOLD SLEEVES",,,PA170826,PAC17082610,4,Pinjarra,2026-08-17,Pinjarra_2185,Pinjarra_2185_pacers_mobile,1372,1258,42.5,31.1,29.9,28.9,28.8,pinjarra,2185,pacers,mobile,1253.0,142.0,272.0,11.33,33.04,-17.99
PA240826,PA240826_R8,PA240826_R8_MAELSTROME,Pinjarra,2026-08-24,Day,Day,8,3:59 PM,2026-08-24T07:59:00+00:00,2026-08-24T17:59:00+10:00,6,MAELSTROME,Bonavista Bay Your X Factor Sire 3yo Colts & Geldings Westbred Classic Heat 4 MS Pace,2185,"$9,360",Fr6,Brad Lynn,Toby Lynn,PACERS,Mobile,WA,251.0,251.0,False,NR44,37170,1ST-3RD QUALIFY FOR THE FINAL AT GP 4-9-26. IF YOU QUALIFY FOR THE FINAL YOU MUST START IN IT OTHERWISE SCRATCHING PENALTIES WILL APPLY. NO CONCESSION CLAIMS.,3YO Colts and Geldings. No NR. RBD. Pacers,441133,/maelstrome,/brad-lynn,/toby-lynn,"GOLD, GREY STARS",,,PA170826,PAC17082603,11,Pinjarra,2026-08-17,Pinjarra_2185,Pinjarra_2185_pacers_mobile,1372,1258,42.5,31.1,29.9,28.9,28.8,pinjarra,2185,pacers,mobile,1186.0,119.0,207.0,10.03,27.49,-16.3
PA240826,PA240826_R8,PA240826_R8_AMERICAN MACHINE,Pinjarra,2026-08-24,Day,Day,8,3:59 PM,2026-08-24T07:59:00+00:00,2026-08-24T17:59:00+10:00,7,AMERICAN MACHINE,Bonavista Bay Your X Factor Sire 3yo Colts & Geldings Westbred Classic Heat 4 MS Pace,2185,"$9,360",Fr7,Aiden De Campo,Aiden De Campo,PACERS,Mobile,WA,3.6,3.6,False,NR60,s221s,1ST-3RD QUALIFY FOR THE FINAL AT GP 4-9-26. IF YOU QUALIFY FOR THE FINAL YOU MUST START IN IT OTHERWISE SCRATCHING PENALTIES WILL APPLY. NO CONCESSION CLAIMS.,3YO Colts and Geldings. No NR. RBD. Pacers,438250,/american-machine,/aiden-de-campo,/aiden-de-campo,"BLACK, GOLD HORSESHOE, GREEN & GOLD CUFFS",,,GP220526,GPM22052602,1,Gloucester Park,2026-05-22,Pinjarra_2185,Pinjarra_2185_pacers_mobile,1372,1258,42.5,31.1,29.9,28.9,28.8,pinjarra,2185,pacers,mobile,856.0,77.0,174.0,9.0,29.32,-27.87
PA240826,PA240826_R8,PA240826_R8_TRICKY TEXAS,Pinjarra,2026-08-24,Day,Day,8,3:59 PM,2026-08-24T07:59:00+00:00,2026-08-24T17:59:00+10:00,8,TRICKY TEXAS,Bonavista Bay Your X Factor Sire 3yo Colts & Geldings Westbred Classic Heat 4 MS Pace,2185,"$9,360",Sr1,Dylan Egerton-Green,Dylan Egerton-Green,PACERS,Mobile,WA,2.5,2.5,False,NR54,3s211,1ST-3RD QUALIFY FOR THE FINAL AT GP 4-9-26. IF YOU QUALIFY FOR THE FINAL YOU MUST START IN IT OTHERWISE SCRATCHING PENALTIES WILL APPLY. NO CONCESSION CLAIMS.,3YO Colts and Geldings. No NR. RBD. Pacers,438227,/tricky-texas,/dylan-egerton-green,/dylan-egerton-green,"AQUA, WHITE STARS, AQUA & BLUE DIAMOND CHECKED SLEEVES",,,NM010826,NMC01082610,1,Northam,2026-08-01,Pinjarra_2185,Pinjarra_2185_pacers_mobile,1372,1258,42.5,31.1,29.9,28.9,28.8,pinjarra,2185,pacers,mobile,1100.0,105.0,284.0,9.55,35.36,-12.99
PA240826,PA240826_R8,PA240826_R8_BELIEVE IN BETTOR,Pinjarra,2026-08-24,Day,Day,8,3:59 PM,2026-08-24T07:59:00+00:00,2026-08-24T17:59:00+10:00,9,BELIEVE IN BETTOR,Bonavista Bay Your X Factor Sire 3yo Colts & Geldings Westbred Classic Heat 4 MS Pace,2185,"$9,360",Sr2,Michael Munro,Michael Munro,PACERS,Mobile,WA,34.0,34.0,False,NR46,s8501,1ST-3RD QUALIFY FOR THE FINAL AT GP 4-9-26. IF YOU QUALIFY FOR THE FINAL YOU MUST START IN IT OTHERWISE SCRATCHING PENALTIES WILL APPLY. NO CONCESSION CLAIMS.,3YO Colts and Geldings. No NR. RBD. Pacers,438337,/believe-in-bettor,/michael-munro-1282,/michael-munro-745,"GREEN & GOLD QUARTERS, GREEN, GOLD & BLACK STRIPED SLEEVES",,,PA100826,PAC10082612,1,Pinjarra,2026-08-10,Pinjarra_2185,Pinjarra_2185_pacers_mobile,1372,1258,42.5,31.1,29.9,28.9,28.8,pinjarra,2185,pacers,mobile,877.0,74.0,195.0,8.44,30.67,-17.25
PA240826,PA240826_R9,PA240826_R9_TRIROYALE BRIGADE NZ,Pinjarra,2026-08-24,Day,Day,9,4:30 PM,2026-08-24T08:30:00+00:00,2026-08-24T18:30:00+10:00,1,TRIROYALE BRIGADE NZ,Goodtime Sammy Unbeaten 2yo Son of Somebeachsomewhere MS Pace,1684,"$9,360",Fr1,Lara Brennan,Maddison Brown,PACERS,Mobile,WA,5.5,5.5,False,NR65,s0988,NOVICE DRIVER CONCESSION FOR BARRIER DRAW ONLY.. MARES CONCESSION FOR ELIGIBILITY & BARRIER DRAW.,4YO and older. NR 65 to 79. PBD/NR/L5$. Pacers,4590,/triroyale-brigade-nz,/lara-brennan,/maddison-brown,"GREY, WHITE SLEEVES WITH BLACK CHECKS, PINK SEAMS & CUFFS",,,PA170826,PAC17082608,8,Pinjarra,2026-08-17,Pinjarra_1684,Pinjarra_1684_pacers_mobile,493,467,5.4,29.2,30.2,29.0,28.7,pinjarra,1684,pacers,mobile,467.0,85.0,129.0,18.2,45.82,-12.19
PA240826,PA240826_R9,PA240826_R9_RAJAH ROCKS,Pinjarra,2026-08-24,Day,Day,9,4:30 PM,2026-08-24T08:30:00+00:00,2026-08-24T18:30:00+10:00,2,RAJAH ROCKS,Goodtime Sammy Unbeaten 2yo Son of Somebeachsomewhere MS Pace,1684,"$9,360",Fr2,Russell Eddy,Ryan Warwick,PACERS,Mobile,WA,18.0,18.0,False,NR65,80s73,NOVICE DRIVER CONCESSION FOR BARRIER DRAW ONLY.. MARES CONCESSION FOR ELIGIBILITY & BARRIER DRAW.,4YO and older. NR 65 to 79. PBD/NR/L5$. Pacers,11075,/rajah-rocks,/russell-eddy,/ryan-warwick,"BLUE, RED YOKE & SLEEVES, BLUE CUFFS",,,PA170826,PAC17082608,3,Pinjarra,2026-08-17,Pinjarra_1684,Pinjarra_1684_pacers_mobile,493,467,5.4,29.2,30.2,29.0,28.7,pinjarra,1684,pacers,mobile,467.0,50.0,131.0,10.71,38.76,-32.66
PA240826,PA240826_R9,PA240826_R9_TUBBS FARQUHAR,Pinjarra,2026-08-24,Day,Day,9,4:30 PM,2026-08-24T08:30:00+00:00,2026-08-24T18:30:00+10:00,3,TUBBS FARQUHAR,Goodtime Sammy Unbeaten 2yo Son of Somebeachsomewhere MS Pace,1684,"$9,360",Fr3,Hayden Reeves,Abbey Vidovich,PACERS,Mobile,WA,12.0,12.0,False,NR66 (A65),94083,NOVICE DRIVER CONCESSION FOR BARRIER DRAW ONLY.. MARES CONCESSION FOR ELIGIBILITY & BARRIER DRAW.,4YO and older. NR 65 to 79. PBD/NR/L5$. Pacers,7673,/tubbs-farquhar,/hayden-reeves,/abbey-vidovich,"WHITE, BLUE CIRCLED R & STRIPED SLEEVES, RED 'HCR' INITIALS",,,PA170826,PAC17082609,3,Pinjarra,2026-08-17,Pinjarra_1684,Pinjarra_1684_pacers_mobile,493,467,5.4,29.2,30.2,29.0,28.7,pinjarra,1684,pacers,mobile,467.0,58.0,103.0,12.42,34.48,-17.49
PA240826,PA240826_R9,PA240826_R9_HUNT THE MAGIC,Pinjarra,2026-08-24,Day,Day,9,4:30 PM,2026-08-24T08:30:00+00:00,2026-08-24T18:30:00+10:00,4,HUNT THE MAGIC,Goodtime Sammy Unbeaten 2yo Son of Somebeachsomewhere MS Pace,1684,"$9,360",Fr4,Ian Gossage,Emily Suvaljko,PACERS,Mobile,WA,14.0,14.0,False,NR67 (A65),75429,NOVICE DRIVER CONCESSION FOR BARRIER DRAW ONLY.. MARES CONCESSION FOR ELIGIBILITY & BARRIER DRAW.,4YO and older. NR 65 to 79. PBD/NR/L5$. Pacers,4277,/hunt-the-magic,/ian-gossage,/emily-suvaljko,"BLACK, GREEN DIAMONDS",,,GP140826,GPM14082610,9,Gloucester Park,2026-08-14,Pinjarra_1684,Pinjarra_1684_pacers_mobile,493,467,5.4,29.2,30.2,29.0,28.7,pinjarra,1684,pacers,mobile,467.0,49.0,113.0,10.49,34.69,-33.14
PA240826,PA240826_R9,PA240826_R9_BLUE BLAZER NZ,Pinjarra,2026-08-24,Day,Day,9,4:30 PM,2026-08-24T08:30:00+00:00,2026-08-24T18:30:00+10:00,5,BLUE BLAZER NZ,Goodtime Sammy Unbeaten 2yo Son of Somebeachsomewhere MS Pace,1684,"$9,360",Fr5,Robert Abercromby,Jocelyn Young,PACERS,Mobile,WA,14.0,14.0,False,NR64 (A65),33330,NOVICE DRIVER CONCESSION FOR BARRIER DRAW ONLY.. MARES CONCESSION FOR ELIGIBILITY & BARRIER DRAW.,4YO and older. NR 65 to 79. PBD/NR/L5$. Pacers,4136,/blue-blazer-nz,/robert-abercromby,/jocelyn-young,"BLACK, TURQUOISE DIAMOND CHECKS, BLACK SLEEVES",,,GP200726,GPC20072606,10,Gloucester Park,2026-07-20,Pinjarra_1684,Pinjarra_1684_pacers_mobile,493,467,5.4,29.2,30.2,29.0,28.7,pinjarra,1684,pacers,mobile,456.0,49.0,92.0,10.75,30.92,-18.04
PA240826,PA240826_R9,PA240826_R9_BEAT THE BANK,Pinjarra,2026-08-24,Day,Day,9,4:30 PM,2026-08-24T08:30:00+00:00,2026-08-24T18:30:00+10:00,6,BEAT THE BANK,Goodtime Sammy Unbeaten 2yo Son of Somebeachsomewhere MS Pace,1684,"$9,360",Fr6,Phil Duggan,Megan Worthington,PACERS,Mobile,WA,8.0,8.0,False,NR74 (A69),91916,NOVICE DRIVER CONCESSION FOR BARRIER DRAW ONLY.. MARES CONCESSION FOR ELIGIBILITY & BARRIER DRAW.,4YO and older. NR 65 to 79. PBD/NR/L5$. Pacers,7216,/beat-the-bank,/phil-duggan,/megan-worthington,"RED & WHITE QUARTERS, BLACK SLEEVES",,,GP210826,GPM21082611,6,Gloucester Park,2026-08-21,Pinjarra_1684,Pinjarra_1684_pacers_mobile,493,467,5.4,29.2,30.2,29.0,28.7,pinjarra,1684,pacers,mobile,422.0,46.0,85.0,10.9,31.04,-11.04
PA240826,PA240826_R9,PA240826_R9_THOMSON BAY,Pinjarra,2026-08-24,Day,Day,9,4:30 PM,2026-08-24T08:30:00+00:00,2026-08-24T18:30:00+10:00,7,THOMSON BAY,Goodtime Sammy Unbeaten 2yo Son of Somebeachsomewhere MS Pace,1684,"$9,360",Fr7,Hayden Reeves,Kylah Madden,PACERS,Mobile,WA,16.0,16.0,False,NR72,79936,NOVICE DRIVER CONCESSION FOR BARRIER DRAW ONLY.. MARES CONCESSION FOR ELIGIBILITY & BARRIER DRAW.,4YO and older. NR 65 to 79. PBD/NR/L5$. Pacers,1160,/thomson-bay,/hayden-reeves,/kylah-madden,"WHITE, PINK CIRCLED R & STRIPED SLEEVES",,,PA170826,PAC17082609,6,Pinjarra,2026-08-17,Pinjarra_1684,Pinjarra_1684_pacers_mobile,493,467,5.4,29.2,30.2,29.0,28.7,pinjarra,1684,pacers,mobile,298.0,29.0,47.0,9.73,25.5,-6.41
PA240826,PA240826_R9,PA240826_R9_MAJOR FREEWAY,Pinjarra,2026-08-24,Day,Day,9,4:30 PM,2026-08-24T08:30:00+00:00,2026-08-24T18:30:00+10:00,8,MAJOR FREEWAY,Goodtime Sammy Unbeaten 2yo Son of Somebeachsomewhere MS Pace,1684,"$9,360",Sr1,Hayden Reeves,Lachlan Kennelly,PACERS,Mobile,WA,5.5,5.5,False,NR69 (A65),47319,NOVICE DRIVER CONCESSION FOR BARRIER DRAW ONLY.. MARES CONCESSION FOR ELIGIBILITY & BARRIER DRAW.,4YO and older. NR 65 to 79. PBD/NR/L5$. Pacers,8861,/major-freeway,/hayden-reeves,/lachlan-kennelly,"BLUE, WHITE CIRCLED R & STRIPED SLEEVES",,,PA170826,PAC17082609,9,Pinjarra,2026-08-17,Pinjarra_1684,Pinjarra_1684_pacers_mobile,493,467,5.4,29.2,30.2,29.0,28.7,pinjarra,1684,pacers,mobile,369.0,33.0,90.0,8.94,33.33,-16.04
PA240826,PA240826_R9,PA240826_R9_SNAKEY BAY,Pinjarra,2026-08-24,Day,Day,9,4:30 PM,2026-08-24T08:30:00+00:00,2026-08-24T18:30:00+10:00,9,SNAKEY BAY,Goodtime Sammy Unbeaten 2yo Son of Somebeachsomewhere MS Pace,1684,"$9,360",Sr2,Hayden Reeves,Trent Wheeler,PACERS,Mobile,WA,26.0,26.0,False,NR67 (A65),16700,NOVICE DRIVER CONCESSION FOR BARRIER DRAW ONLY.. MARES CONCESSION FOR ELIGIBILITY & BARRIER DRAW.,4YO and older. NR 65 to 79. PBD/NR/L5$. Pacers,8877,/snakey-bay,/hayden-reeves,/trent-wheeler,"RED, YELLOW CIRCLE, YELLOW ""P"" IN CIRCLE",,,GP070826,GPM07082603,10,Gloucester Park,2026-08-07,Pinjarra_1684,Pinjarra_1684_pacers_mobile,493,467,5.4,29.2,30.2,29.0,28.7,pinjarra,1684,pacers,mobile,296.0,30.0,60.0,10.14,30.41,-9.2
PA240826,PA240826_R9,PA240826_R9_AWAITINGINSTRUCTIONS,Pinjarra,2026-08-24,Day,Day,9,4:30 PM,2026-08-24T08:30:00+00:00,2026-08-24T18:30:00+10:00,10,AWAITINGINSTRUCTIONS,Goodtime Sammy Unbeaten 2yo Son of Somebeachsomewhere MS Pace,1684,"$9,360",Sr3,Matthew Scott,Kyle Harper,PACERS,Mobile,WA,18.0,18.0,False,NR67,8s200,NOVICE DRIVER CONCESSION FOR BARRIER DRAW ONLY.. MARES CONCESSION FOR ELIGIBILITY & BARRIER DRAW.,4YO and older. NR 65 to 79. PBD/NR/L5$. Pacers,6129,/awaitinginstructions,/matthew-scott,/kyle-harper,"RED, WHITE CROSSED SASHES, BLACK ARMBANDS",,,GP180826,GPC18082607,10,Gloucester Park,2026-08-18,Pinjarra_1684,Pinjarra_1684_pacers_mobile,493,467,5.4,29.2,30.2,29.0,28.7,pinjarra,1684,pacers,mobile,227.0,17.0,46.0,7.49,27.75,-19.88
PA240826,PA240826_R9,PA240826_R9_IDEAL MUSCLE,Pinjarra,2026-08-24,Day,Day,9,4:30 PM,2026-08-24T08:30:00+00:00,2026-08-24T18:30:00+10:00,11,IDEAL MUSCLE,Goodtime Sammy Unbeaten 2yo Son of Somebeachsomewhere MS Pace,1684,"$9,360",Sr4,Daniel Walsh,Toby Lynn,PACERS,Mobile,WA,16.0,16.0,False,NR77 (A72),25496,NOVICE DRIVER CONCESSION FOR BARRIER DRAW ONLY.. MARES CONCESSION FOR ELIGIBILITY & BARRIER DRAW.,4YO and older. NR 65 to 79. PBD/NR/L5$. Pacers,4252,/ideal-muscle,/daniel-walsh,/toby-lynn,"RED, GOLD DIAMOND BRACES",,,PA030826,PAC03082606,6,Pinjarra,2026-08-03,Pinjarra_1684,Pinjarra_1684_pacers_mobile,493,467,5.4,29.2,30.2,29.0,28.7,pinjarra,1684,pacers,mobile,151.0,13.0,23.0,8.61,23.84,-20.47
PA240826,PA240826_R9,PA240826_R9_DEL BOCAVISTA BAY,Pinjarra,2026-08-24,Day,Day,9,4:30 PM,2026-08-24T08:30:00+00:00,2026-08-24T18:30:00+10:00,12,DEL BOCAVISTA BAY,Goodtime Sammy Unbeaten 2yo Son of Somebeachsomewhere MS Pace,1684,"$9,360",Sr5,Hayden Reeves,Stuart McDonald,PACERS,Mobile,WA,4.6,4.6,False,NR73,45229,NOVICE DRIVER CONCESSION FOR BARRIER DRAW ONLY.. MARES CONCESSION FOR ELIGIBILITY & BARRIER DRAW.,4YO and older. NR 65 to 79. PBD/NR/L5$. Pacers,8828,/del-bocavista-bay,/hayden-reeves,/stuart-mcdonald,"PINK, WHITE CIRCLED R & STRIPED SLEEVES",,,BY140826,BYB14082607,9,Bunbury,2026-08-14,Pinjarra_1684,Pinjarra_1684_pacers_mobile,493,467,5.4,29.2,30.2,29.0,28.7,pinjarra,1684,pacers,mobile,111.0,8.0,13.0,7.21,18.92,-1.5
PA240826,PA240826_R10,PA240826_R10_BULL SHARK BETTY,Pinjarra,2026-08-24,Day,Day,10,4:59 PM,2026-08-24T08:59:00+00:00,2026-08-24T18:59:00+10:00,1,BULL SHARK BETTY,Your Mare Will Have a Goodtime @ Spurrs Stud MS Pace,2185,"$9,360",Fr1,Mark Lee,Ajay Markham,PACERS,Mobile,WA,5.5,5.5,False,NR58 (A50),27638,NOVICE DRIVER CONCESSION FOR ELIGIBILITY & BARRIER DRAW. MARES CONCESSION FOR ELIGIBILITY & BARRIER DRAW.,4YO and older. NR 50 to 65. PBD/NR/L5$. Pacers,6099,/bull-shark-betty,/mark-lee-497,/ajay-markham,"BLUE, RED & WHITE V",,,GP180826,GPC18082606,8,Gloucester Park,2026-08-18,Pinjarra_2185,Pinjarra_2185_pacers_mobile,1372,1258,42.5,31.1,29.9,28.9,28.8,pinjarra,2185,pacers,mobile,1267.0,196.0,329.0,15.47,41.44,-16.35
PA240826,PA240826_R10,PA240826_R10_MACH FREEWAY,Pinjarra,2026-08-24,Day,Day,10,4:59 PM,2026-08-24T08:59:00+00:00,2026-08-24T18:59:00+10:00,2,MACH FREEWAY,Your Mare Will Have a Goodtime @ Spurrs Stud MS Pace,2185,"$9,360",Fr2,Hayden Reeves,Stuart McDonald,PACERS,Mobile,WA,20.0,20.0,False,NR54,18489,NOVICE DRIVER CONCESSION FOR ELIGIBILITY & BARRIER DRAW. MARES CONCESSION FOR ELIGIBILITY & BARRIER DRAW.,4YO and older. NR 50 to 65. PBD/NR/L5$. Pacers,20604,/mach-freeway,/hayden-reeves,/stuart-mcdonald,"WHITE, BLUE CIRCLED R & STRIPED SLEEVES, RED 'HCR' INITIALS",,,PA170826,PAC17082605,9,Pinjarra,2026-08-17,Pinjarra_2185,Pinjarra_2185_pacers_mobile,1372,1258,42.5,31.1,29.9,28.9,28.8,pinjarra,2185,pacers,mobile,1263.0,162.0,254.0,12.83,32.94,-13.19
PA240826,PA240826_R10,PA240826_R10_DEE JAYS BIG BOY,Pinjarra,2026-08-24,Day,Day,10,4:59 PM,2026-08-24T08:59:00+00:00,2026-08-24T18:59:00+10:00,3,DEE JAYS BIG BOY,Your Mare Will Have a Goodtime @ Spurrs Stud MS Pace,2185,"$9,360",Fr3,Hayden Reeves,Lachlan Kennelly,PACERS,Mobile,WA,4.8,4.8,False,NR60 (A55),23301,NOVICE DRIVER CONCESSION FOR ELIGIBILITY & BARRIER DRAW. MARES CONCESSION FOR ELIGIBILITY & BARRIER DRAW.,4YO and older. NR 50 to 65. PBD/NR/L5$. Pacers,3341,/dee-jays-big-boy,/hayden-reeves,/lachlan-kennelly,"BLUE, WHITE CIRCLED R & STRIPED SLEEVES",,,PA170826,PAC17082605,1,Pinjarra,2026-08-17,Pinjarra_2185,Pinjarra_2185_pacers_mobile,1372,1258,42.5,31.1,29.9,28.9,28.8,pinjarra,2185,pacers,mobile,1261.0,130.0,260.0,10.31,30.93,-23.9
PA240826,PA240826_R10,PA240826_R10_DAT LOVELY,Pinjarra,2026-08-24,Day,Day,10,4:59 PM,2026-08-24T08:59:00+00:00,2026-08-24T18:59:00+10:00,4,DAT LOVELY,Your Mare Will Have a Goodtime @ Spurrs Stud MS Pace,2185,"$9,360",Fr4,David Gravolin,Toby Lynn,PACERS,Mobile,WA,15.0,15.0,False,NR67 (A57),13176,NOVICE DRIVER CONCESSION FOR ELIGIBILITY & BARRIER DRAW. MARES CONCESSION FOR ELIGIBILITY & BARRIER DRAW.,4YO and older. NR 50 to 65. PBD/NR/L5$. Pacers,273,/dat-lovely,/david-gravolin,/toby-lynn,"BLACK, RED STAR, BLACK SLEEVES, RED ARMBANDS",,,GP310726,GPM31072602,6,Gloucester Park,2026-07-31,Pinjarra_2185,Pinjarra_2185_pacers_mobile,1372,1258,42.5,31.1,29.9,28.9,28.8,pinjarra,2185,pacers,mobile,1261.0,133.0,292.0,10.55,33.7,-27.58
PA240826,PA240826_R10,PA240826_R10_KOLISI,Pinjarra,2026-08-24,Day,Day,10,4:59 PM,2026-08-24T08:59:00+00:00,2026-08-24T18:59:00+10:00,5,KOLISI,Your Mare Will Have a Goodtime @ Spurrs Stud MS Pace,2185,"$9,360",Fr5,Terry Dymock,Deni Roberts,PACERS,Mobile,WA,51.0,51.0,False,NR60,46115,NOVICE DRIVER CONCESSION FOR ELIGIBILITY & BARRIER DRAW. MARES CONCESSION FOR ELIGIBILITY & BARRIER DRAW.,4YO and older. NR 50 to 65. PBD/NR/L5$. Pacers,3949,/kolisi,/terry-dymock,/deni-roberts,"BLACK, PURPLE DIAMONDS",,,NG080826,NGC08082607,5,Narrogin,2026-08-08,Pinjarra_2185,Pinjarra_2185_pacers_mobile,1372,1258,42.5,31.1,29.9,28.9,28.8,pinjarra,2185,pacers,mobile,1253.0,142.0,272.0,11.33,33.04,-17.99
PA240826,PA240826_R10,PA240826_R10_SOHO CONFIDENTIAL,Pinjarra,2026-08-24,Day,Day,10,4:59 PM,2026-08-24T08:59:00+00:00,2026-08-24T18:59:00+10:00,6,SOHO CONFIDENTIAL,Your Mare Will Have a Goodtime @ Spurrs Stud MS Pace,2185,"$9,360",Fr6,Glenn Elliott,Aiden De Campo,PACERS,Mobile,WA,3.5,3.5,False,NR63,25181,NOVICE DRIVER CONCESSION FOR ELIGIBILITY & BARRIER DRAW. MARES CONCESSION FOR ELIGIBILITY & BARRIER DRAW.,4YO and older. NR 50 to 65. PBD/NR/L5$. Pacers,11912,/soho-confidential,/glenn-elliott,/aiden-de-campo,"GREY, BLUE TRIM, YELLOW SLEEVES WITH BLUE STARS",,,ZO160826,ZOB16082606,1,Central Wheatbelt,2026-08-16,Pinjarra_2185,Pinjarra_2185_pacers_mobile,1372,1258,42.5,31.1,29.9,28.9,28.8,pinjarra,2185,pacers,mobile,1186.0,119.0,207.0,10.03,27.49,-16.3
PA240826,PA240826_R10,PA240826_R10_SWITCH BLADE,Pinjarra,2026-08-24,Day,Day,10,4:59 PM,2026-08-24T08:59:00+00:00,2026-08-24T18:59:00+10:00,7,SWITCH BLADE,Your Mare Will Have a Goodtime @ Spurrs Stud MS Pace,2185,"$9,360",Fr7,Brian Clemens,Emily Suvaljko,PACERS,Mobile,WA,12.0,12.0,False,NR64,22227,NOVICE DRIVER CONCESSION FOR ELIGIBILITY & BARRIER DRAW. MARES CONCESSION FOR ELIGIBILITY & BARRIER DRAW.,4YO and older. NR 50 to 65. PBD/NR/L5$. Pacers,109790,/switch-blade,/brian-clemens,/emily-suvaljko,"GOLD, PURPLE STAR",,,BY110726,BYC11072610,7,Bunbury,2026-07-11,Pinjarra_2185,Pinjarra_2185_pacers_mobile,1372,1258,42.5,31.1,29.9,28.9,28.8,pinjarra,2185,pacers,mobile,856.0,77.0,174.0,9.0,29.32,-27.87
PA240826,PA240826_R10,PA240826_R10_LUKES MISTAKE,Pinjarra,2026-08-24,Day,Day,10,4:59 PM,2026-08-24T08:59:00+00:00,2026-08-24T18:59:00+10:00,8,LUKES MISTAKE,Your Mare Will Have a Goodtime @ Spurrs Stud MS Pace,2185,"$9,360",Sr1,Matthew Scott,Shannon Suvaljko,PACERS,Mobile,WA,26.0,26.0,False,NR59,46620,NOVICE DRIVER CONCESSION FOR ELIGIBILITY & BARRIER DRAW. MARES CONCESSION FOR ELIGIBILITY & BARRIER DRAW.,4YO and older. NR 50 to 65. PBD/NR/L5$. Pacers,3467,/lukes-mistake,/matthew-scott,/shannon-suvaljko,"RED, WHITE CROSSED SASHES, BLACK ARMBANDS",,,PA170826,PAC17082609,10,Pinjarra,2026-08-17,Pinjarra_2185,Pinjarra_2185_pacers_mobile,1372,1258,42.5,31.1,29.9,28.9,28.8,pinjarra,2185,pacers,mobile,1100.0,105.0,284.0,9.55,35.36,-12.99
PA240826,PA240826_R10,PA240826_R10_TASHS SPARTAN,Pinjarra,2026-08-24,Day,Day,10,4:59 PM,2026-08-24T08:59:00+00:00,2026-08-24T18:59:00+10:00,9,TASHS SPARTAN,Your Mare Will Have a Goodtime @ Spurrs Stud MS Pace,2185,"$9,360",Sr2,Colin Joss,Gary Hall Jnr,PACERS,Mobile,WA,12.0,12.0,False,NR59,15985,NOVICE DRIVER CONCESSION FOR ELIGIBILITY & BARRIER DRAW. MARES CONCESSION FOR ELIGIBILITY & BARRIER DRAW.,4YO and older. NR 50 to 65. PBD/NR/L5$. Pacers,2577,/tashs-spartan,/colin-joss,/gary-hall-jnr,"RED, WHITE CHECKS & ARMBANDS",,,PA100826,PAC10082605,5,Pinjarra,2026-08-10,Pinjarra_2185,Pinjarra_2185_pacers_mobile,1372,1258,42.5,31.1,29.9,28.9,28.8,pinjarra,2185,pacers,mobile,877.0,74.0,195.0,8.44,30.67,-17.25
PA240826,PA240826_R10,PA240826_R10_SLIPALONG SAINT,Pinjarra,2026-08-24,Day,Day,10,4:59 PM,2026-08-24T08:59:00+00:00,2026-08-24T18:59:00+10:00,10,SLIPALONG SAINT,Your Mare Will Have a Goodtime @ Spurrs Stud MS Pace,2185,"$9,360",Sr3,Jane Steer,Liam Elliott,PACERS,Mobile,WA,15.0,15.0,False,NR62,s5404,NOVICE DRIVER CONCESSION FOR ELIGIBILITY & BARRIER DRAW. MARES CONCESSION FOR ELIGIBILITY & BARRIER DRAW.,4YO and older. NR 50 to 65. PBD/NR/L5$. Pacers,436823,/slipalong-saint,/jane-steer,/liam-elliott,"BLACK, RED HOOPS, BLACK SLEEVES",,,GP180826,GPC18082607,4,Gloucester Park,2026-08-18,Pinjarra_2185,Pinjarra_2185_pacers_mobile,1372,1258,42.5,31.1,29.9,28.9,28.8,pinjarra,2185,pacers,mobile,673.0,67.0,127.0,9.96,28.83,-0.64
PA240826,PA240826_R10,PA240826_R10_RONA MAY,Pinjarra,2026-08-24,Day,Day,10,4:59 PM,2026-08-24T08:59:00+00:00,2026-08-24T18:59:00+10:00,11,RONA MAY,Your Mare Will Have a Goodtime @ Spurrs Stud MS Pace,2185,"$9,360",Sr4,Diane Stampalia,Kylah Madden,PACERS,Mobile,WA,18.0,18.0,False,NR72 (A64),15617,NOVICE DRIVER CONCESSION FOR ELIGIBILITY & BARRIER DRAW. MARES CONCESSION FOR ELIGIBILITY & BARRIER DRAW.,4YO and older. NR 50 to 65. PBD/NR/L5$. Pacers,8824,/rona-may,/diane-stampalia,/kylah-madden,"TURQUOISE, RED DIAMONDS, WHITE HOOPED SLEEVES",,,NM110826,NMC11082607,7,Northam,2026-08-11,Pinjarra_2185,Pinjarra_2185_pacers_mobile,1372,1258,42.5,31.1,29.9,28.9,28.8,pinjarra,2185,pacers,mobile,461.0,33.0,82.0,7.16,24.95,-39.03
PA240826,PA240826_R10,PA240826_R10_MAJOR OVERS,Pinjarra,2026-08-24,Day,Day,10,4:59 PM,2026-08-24T08:59:00+00:00,2026-08-24T18:59:00+10:00,12,MAJOR OVERS,Your Mare Will Have a Goodtime @ Spurrs Stud MS Pace,2185,"$9,360",Sr5,Debra Lewis,Jocelyn Young,PACERS,Mobile,WA,15.0,15.0,False,NR65,47562,NOVICE DRIVER CONCESSION FOR ELIGIBILITY & BARRIER DRAW. MARES CONCESSION FOR ELIGIBILITY & BARRIER DRAW.,4YO and older. NR 50 to 65. PBD/NR/L5$. Pacers,3144,/major-overs,/debra-lewis,/jocelyn-young,"BLUE, BLACK YOKE & BRACES, WHITE TRIM, BLACK CUFFS, WHITE STAR SHOULDERS & CUFFS",,,PA170826,PAC17082608,2,Pinjarra,2026-08-17,Pinjarra_2185,Pinjarra_2185_pacers_mobile,1372,1258,42.5,31.1,29.9,28.9,28.8,pinjarra,2185,pacers,mobile,271.0,22.0,48.0,8.12,25.83,-20.22
PA240826,PA240826_R11,PA240826_R11_SHES A DACTYL,Pinjarra,2026-08-24,Day,Day,11,5:25 PM,2026-08-24T09:25:00+00:00,2026-08-24T19:25:00+10:00,1,SHES A DACTYL,Call Kevin Spurr for Bookings 0429 104 145 Lightning Lap MS Pace,1177,"$9,360",Fr1,Phil Duggan,Megan Worthington,PACERS,Mobile,WA,31.0,31.0,False,NR30,33506,NO CONCESSION CLAIMS.,4YO and older. NR up to 55. PBD/SEX/L5$. Pacers,1127,/shes-a-dactyl,/phil-duggan,/megan-worthington,"RED & WHITE QUARTERS, BLACK SLEEVES",,,PA170826,PAC17082604,6,Pinjarra,2026-08-17,Pinjarra_1177,Pinjarra_1177_pacers_mobile,224,224,0.0,28.2,28.4,2.4,0.6,pinjarra,1177,pacers,mobile,226.0,27.0,58.0,11.95,37.61,-19.02
PA240826,PA240826_R11,PA240826_R11_HEAVENLY BLISS,Pinjarra,2026-08-24,Day,Day,11,5:25 PM,2026-08-24T09:25:00+00:00,2026-08-24T19:25:00+10:00,2,HEAVENLY BLISS,Call Kevin Spurr for Bookings 0429 104 145 Lightning Lap MS Pace,1177,"$9,360",Fr2,Hayden Reeves,Trent Wheeler,PACERS,Mobile,WA,3.0,3.0,False,NR47,25963,NO CONCESSION CLAIMS.,4YO and older. NR up to 55. PBD/SEX/L5$. Pacers,3415,/heavenly-bliss,/hayden-reeves,/trent-wheeler,"BLUE, WHITE CIRCLED R & STRIPED SLEEVES",,,PA170826,PAC17082604,3,Pinjarra,2026-08-17,Pinjarra_1177,Pinjarra_1177_pacers_mobile,224,224,0.0,28.2,28.4,2.4,0.6,pinjarra,1177,pacers,mobile,226.0,28.0,49.0,12.39,34.07,-15.53
PA240826,PA240826_R11,PA240826_R11_PURA VIDA,Pinjarra,2026-08-24,Day,Day,11,5:25 PM,2026-08-24T09:25:00+00:00,2026-08-24T19:25:00+10:00,3,PURA VIDA,Call Kevin Spurr for Bookings 0429 104 145 Lightning Lap MS Pace,1177,"$9,360",Fr3,Terry Dymock,Deni Roberts,PACERS,Mobile,WA,31.0,31.0,False,NR41,61485,NO CONCESSION CLAIMS.,4YO and older. NR up to 55. PBD/SEX/L5$. Pacers,435831,/pura-vida,/terry-dymock,/deni-roberts,"PURPLE, BLACK QUARTERS",,,NG080826,NGC08082605,5,Narrogin,2026-08-08,Pinjarra_1177,Pinjarra_1177_pacers_mobile,224,224,0.0,28.2,28.4,2.4,0.6,pinjarra,1177,pacers,mobile,226.0,32.0,54.0,14.16,38.05,-2.16
PA240826,PA240826_R11,PA240826_R11_HOOAH,Pinjarra,2026-08-24,Day,Day,11,5:25 PM,2026-08-24T09:25:00+00:00,2026-08-24T19:25:00+10:00,4,HOOAH,Call Kevin Spurr for Bookings 0429 104 145 Lightning Lap MS Pace,1177,"$9,360",Fr4,Hayden Reeves,Stuart McDonald,PACERS,Mobile,WA,5.0,5.0,False,NR48,5s723,NO CONCESSION CLAIMS.,4YO and older. NR up to 55. PBD/SEX/L5$. Pacers,3662,/hooah,/hayden-reeves,/stuart-mcdonald,"WHITE, BLUE CIRCLED R & STRIPED SLEEVES, RED 'HCR' INITIALS",,,PA170826,PAC17082605,3,Pinjarra,2026-08-17,Pinjarra_1177,Pinjarra_1177_pacers_mobile,224,224,0.0,28.2,28.4,2.4,0.6,pinjarra,1177,pacers,mobile,226.0,27.0,59.0,11.95,38.05,-23.47
PA240826,PA240826_R11,PA240826_R11_IM DRINKINDOUBLES,Pinjarra,2026-08-24,Day,Day,11,5:25 PM,2026-08-24T09:25:00+00:00,2026-08-24T19:25:00+10:00,5,IM DRINKINDOUBLES,Call Kevin Spurr for Bookings 0429 104 145 Lightning Lap MS Pace,1177,"$9,360",Fr5,June Henderson,Sara Grout,PACERS,Mobile,WA,12.0,12.0,False,NR47,58081,NO CONCESSION CLAIMS.,4YO and older. NR up to 55. PBD/SEX/L5$. Pacers,4506,/im-drinkindoubles,/june-henderson,/sara-grout,"BLACK, BLUE STRIPES",,,PA130726,PAC13072612,1,Pinjarra,2026-07-13,Pinjarra_1177,Pinjarra_1177_pacers_mobile,224,224,0.0,28.2,28.4,2.4,0.6,pinjarra,1177,pacers,mobile,226.0,30.0,53.0,13.27,36.73,-11.34
PA240826,PA240826_R11,PA240826_R11_ARISE LAZARUS,Pinjarra,2026-08-24,Day,Day,11,5:25 PM,2026-08-24T09:25:00+00:00,2026-08-24T19:25:00+10:00,6,ARISE LAZARUS,Call Kevin Spurr for Bookings 0429 104 145 Lightning Lap MS Pace,1177,"$9,360",Fr6,Tracy Reay,Emily Suvaljko,PACERS,Mobile,WA,12.0,12.0,False,NR52,74581,NO CONCESSION CLAIMS.,4YO and older. NR up to 55. PBD/SEX/L5$. Pacers,56416,/arise-lazarus,/tracy-reay,/emily-suvaljko,"WHITE, RED DIAMOND, GREEN SLEEVES, RED ARMBANDS",,,NM110826,NMC11082604,1,Northam,2026-08-11,Pinjarra_1177,Pinjarra_1177_pacers_mobile,224,224,0.0,28.2,28.4,2.4,0.6,pinjarra,1177,pacers,mobile,223.0,26.0,59.0,11.66,38.12,-26.64
PA240826,PA240826_R11,PA240826_R11_IDOLISED,Pinjarra,2026-08-24,Day,Day,11,5:25 PM,2026-08-24T09:25:00+00:00,2026-08-24T19:25:00+10:00,7,IDOLISED,Call Kevin Spurr for Bookings 0429 104 145 Lightning Lap MS Pace,1177,"$9,360",Fr7,Russell Eddy,Ryan Warwick,PACERS,Mobile,WA,8.0,8.0,False,NR55,28s15,NO CONCESSION CLAIMS.,4YO and older. NR up to 55. PBD/SEX/L5$. Pacers,12852,/idolised,/russell-eddy,/ryan-warwick,"BLUE, RED YOKE & SLEEVES, BLUE CUFFS",,,PA170826,PAC17082605,5,Pinjarra,2026-08-17,Pinjarra_1177,Pinjarra_1177_pacers_mobile,224,224,0.0,28.2,28.4,2.4,0.6,pinjarra,1177,pacers,mobile,210.0,25.0,47.0,11.9,34.29,-29.73
PA240826,PA240826_R11,PA240826_R11_CALL TO ARMS,Pinjarra,2026-08-24,Day,Day,11,5:25 PM,2026-08-24T09:25:00+00:00,2026-08-24T19:25:00+10:00,8,CALL TO ARMS,Call Kevin Spurr for Bookings 0429 104 145 Lightning Lap MS Pace,1177,"$9,360",Sr1,Edward Burnham,Corey Peterson,PACERS,Mobile,WA,12.0,12.0,False,NR55,82684,NO CONCESSION CLAIMS.,4YO and older. NR up to 55. PBD/SEX/L5$. Pacers,4642,/call-to-arms,/edward-burnham,/corey-peterson,"BLACK, GOLD BAND & ARMBANDS",,,PA170826,PAC17082609,4,Pinjarra,2026-08-17,Pinjarra_1177,Pinjarra_1177_pacers_mobile,224,224,0.0,28.2,28.4,2.4,0.6,pinjarra,1177,pacers,mobile,78.0,5.0,20.0,6.41,32.05,-44.51
PA240826,PA240826_R11,PA240826_R11_LOWLANDS BEACH BOY,Pinjarra,2026-08-24,Day,Day,11,5:25 PM,2026-08-24T09:25:00+00:00,2026-08-24T19:25:00+10:00,9,LOWLANDS BEACH BOY,Call Kevin Spurr for Bookings 0429 104 145 Lightning Lap MS Pace,1177,"$9,360",Sr2,Terry Dymock,Chris Voak,PACERS,Mobile,WA,31.0,31.0,False,NR39,12636,NO CONCESSION CLAIMS.,4YO and older. NR up to 55. PBD/SEX/L5$. Pacers,1139,/lowlands-beach-boy,/terry-dymock,/chris-voak,"BLACK, PURPLE DIAMONDS",,,NG080826,NGC08082603,6,Narrogin,2026-08-08,Pinjarra_1177,Pinjarra_1177_pacers_mobile,224,224,0.0,28.2,28.4,2.4,0.6,pinjarra,1177,pacers,mobile,75.0,9.0,19.0,12.0,37.33,11.18
PA240826,PA240826_R11,PA240826_R11_BETTOR WASH UP,Pinjarra,2026-08-24,Day,Day,11,5:25 PM,2026-08-24T09:25:00+00:00,2026-08-24T19:25:00+10:00,10,BETTOR WASH UP,Call Kevin Spurr for Bookings 0429 104 145 Lightning Lap MS Pace,1177,"$9,360",Sr3,Michael Young,Gary Hall Jnr,PACERS,Mobile,WA,5.0,5.0,False,NR53,4189,NO CONCESSION CLAIMS.,4YO and older. NR up to 55. PBD/SEX/L5$. Pacers,436183,/bettor-wash-up,/michael-young,/gary-hall-jnr,"RED, BLACK QUARTERS WITH WHITE CARD SUIT SHAPES, WHITE COLLAR & SLEEVES WITH CARD SUIT SHAPES",,,BY280726,BYC28072607,9,Bunbury,2026-07-28,Pinjarra_1177,Pinjarra_1177_pacers_mobile,224,224,0.0,28.2,28.4,2.4,0.6,pinjarra,1177,pacers,mobile,62.0,6.0,7.0,9.68,20.97,9.61
PC250826,PC250826_R1,PC250826_R1_JINAN,Menangle,2026-08-25,Day,Day,1,1:33 PM,2026-08-25T03:33:00+00:00,2026-08-25T13:33:00+10:00,1,JINAN,Menangle Park Community Trotters Mobile,1609,"$9,996",Fr1,Martin Herbert,Molly Ison,TROTTERS,Mobile,NSW,,,False,NR42,4248s,"For Trotters with NR up to 52, or no more than 2LTW. Also eligible, 3YO Trotters with no more than 2 wins this season. No Concessions. A 1% deduction for Equine Rehoming will be applied to all prizemoney prior to distribution.",NR up to 52. PBD/NR. Trotters,187001,/jinan,/martin-herbert,/molly-ison,"WHITE, BLACK FERN",,,LM221225,LMC22122512,8,Goulburn,2025-12-22,Menangle_1609,Menangle_1609_trotters_mobile,3680,474,0.0,28.4,30.4,29.3,28.7,menangle,1609,trotters,mobile,474.0,28.0,71.0,5.91,20.89,-19.19
PC250826,PC250826_R1,PC250826_R1_ONE PINEVALE HILL,Menangle,2026-08-25,Day,Day,1,1:33 PM,2026-08-25T03:33:00+00:00,2026-08-25T13:33:00+10:00,2,ONE PINEVALE HILL,Menangle Park Community Trotters Mobile,1609,"$9,996",Fr2,Kerry Towers,Robert Morris,TROTTERS,Mobile,NSW,,,False,NR42,768s7,"For Trotters with NR up to 52, or no more than 2LTW. Also eligible, 3YO Trotters with no more than 2 wins this season. No Concessions. A 1% deduction for Equine Rehoming will be applied to all prizemoney prior to distribution.",NR up to 52. PBD/NR. Trotters,4747,/one-pinevale-hill,/kerry-towers,/robert-morris,"BLACK WITH ORANGE YOKE & BRACES, BLACK SLEEVES WITH ORANGE CUFFS",,,PC280726,PCC28072607,7,Tabcorp Pk Menangle,2026-07-28,Menangle_1609,Menangle_1609_trotters_mobile,3680,474,0.0,28.4,30.4,29.3,28.7,menangle,1609,trotters,mobile,474.0,35.0,94.0,7.38,27.22,-30.19
PC250826,PC250826_R1,PC250826_R1_MY HIGH PEAK,Menangle,2026-08-25,Day,Day,1,1:33 PM,2026-08-25T03:33:00+00:00,2026-08-25T13:33:00+10:00,3,MY HIGH PEAK,Menangle Park Community Trotters Mobile,1609,"$9,996",Fr3,David McElhinney,Glenn McElhinney,TROTTERS,Mobile,NSW,,,False,NR45,90s90,"For Trotters with NR up to 52, or no more than 2LTW. Also eligible, 3YO Trotters with no more than 2 wins this season. No Concessions. A 1% deduction for Equine Rehoming will be applied to all prizemoney prior to distribution.",NR up to 52. PBD/NR. Trotters,5000,/my-high-peak,/david-mcelhinney,/glenn-mcelhinney,"DARK BLUE, YELLOW STARS & STRIPED SLEEVES",,,PC110826,PCC11082607,11,Tabcorp Pk Menangle,2026-08-11,Menangle_1609,Menangle_1609_trotters_mobile,3680,474,0.0,28.4,30.4,29.3,28.7,menangle,1609,trotters,mobile,474.0,39.0,110.0,8.23,31.43,-23.76
PC250826,PC250826_R1,PC250826_R1_TRIUMPH STRIDE NZ,Menangle,2026-08-25,Day,Day,1,1:33 PM,2026-08-25T03:33:00+00:00,2026-08-25T13:33:00+10:00,4,TRIUMPH STRIDE NZ,Menangle Park Community Trotters Mobile,1609,"$9,996",Fr4,David Waite,Jack Callaghan,TROTTERS,Mobile,NSW,,,False,NR47,84s55,"For Trotters with NR up to 52, or no more than 2LTW. Also eligible, 3YO Trotters with no more than 2 wins this season. No Concessions. A 1% deduction for Equine Rehoming will be applied to all prizemoney prior to distribution.",NR up to 52. PBD/NR. Trotters,6326,/triumph-stride-nz,/david-waite,/jack-callaghan,"BLACK WITH YELLOW BRACES & DIAMONDS, RED TRIM, YELLOW & BLACK SLEEVES WITH ""JC"" INITIALS & RED TRIM",,,PC040826,PCC04082607,5,Tabcorp Pk Menangle,2026-08-04,Menangle_1609,Menangle_1609_trotters_mobile,3680,474,0.0,28.4,30.4,29.3,28.7,menangle,1609,trotters,mobile,474.0,54.0,121.0,11.39,36.92,-28.0
PC250826,PC250826_R1,PC250826_R1_EWING,Menangle,2026-08-25,Day,Day,1,1:33 PM,2026-08-25T03:33:00+00:00,2026-08-25T13:33:00+10:00,5,EWING,Menangle Park Community Trotters Mobile,1609,"$9,996",Fr5,Brad Abbott,Brad Abbott,TROTTERS,Mobile,NSW,,,False,NR50,46847,"For Trotters with NR up to 52, or no more than 2LTW. Also eligible, 3YO Trotters with no more than 2 wins this season. No Concessions. A 1% deduction for Equine Rehoming will be applied to all prizemoney prior to distribution.",NR up to 52. PBD/NR. Trotters,4703,/ewing,/brad-abbott,/brad-abbott,"DARK BLUE, LIGHT GREEN MALTESE, PINK STARRED SLEEVES",,,PC110826,PCC11082607,7,Tabcorp Pk Menangle,2026-08-11,Menangle_1609,Menangle_1609_trotters_mobile,3680,474,0.0,28.4,30.4,29.3,28.7,menangle,1609,trotters,mobile,473.0,84.0,120.0,17.76,43.13,-4.88
PC250826,PC250826_R1,PC250826_R1_ISLAND FRANKIE,Menangle,2026-08-25,Day,Day,1,1:33 PM,2026-08-25T03:33:00+00:00,2026-08-25T13:33:00+10:00,6,ISLAND FRANKIE,Menangle Park Community Trotters Mobile,1609,"$9,996",Fr6,Jarrod Alchin,Cameron Hart,TROTTERS,Mobile,NSW,,,False,NR50,s636s,"For Trotters with NR up to 52, or no more than 2LTW. Also eligible, 3YO Trotters with no more than 2 wins this season. No Concessions. A 1% deduction for Equine Rehoming will be applied to all prizemoney prior to distribution.",NR up to 52. PBD/NR. Trotters,440682,/island-frankie,/jarrod-alchin,/cameron-hart,"BLUE WITH YELLOW YOKE & BRACES, BLUE STARS, BLUE SLEEVES WITH YELLOW ""H"" AND YELLOW CUFFS",,,MX120626,MXC12062610,6,Melton,2026-06-12,Menangle_1609,Menangle_1609_trotters_mobile,3680,474,0.0,28.4,30.4,29.3,28.7,menangle,1609,trotters,mobile,464.0,68.0,133.0,14.66,43.32,-25.52
PC250826,PC250826_R1,PC250826_R1_DONNIE GAL,Menangle,2026-08-25,Day,Day,1,1:33 PM,2026-08-25T03:33:00+00:00,2026-08-25T13:33:00+10:00,7,DONNIE GAL,Menangle Park Community Trotters Mobile,1609,"$9,996",Fr7,Rikki Cernovskis,Rikki Cernovskis,TROTTERS,Mobile,NSW,,,False,NR52,s5737,"For Trotters with NR up to 52, or no more than 2LTW. Also eligible, 3YO Trotters with no more than 2 wins this season. No Concessions. A 1% deduction for Equine Rehoming will be applied to all prizemoney prior to distribution.",NR up to 52. PBD/NR. Trotters,59912,/donnie-gal,/rikki-cernovskis,/rikki-cernovskis,"RED, LIGHT BLUE MALTESE CROSS, YELLOW SLEEVES",,,PC040826,PCC04082607,7,Tabcorp Pk Menangle,2026-08-04,Menangle_1609,Menangle_1609_trotters_mobile,3680,474,0.0,28.4,30.4,29.3,28.7,menangle,1609,trotters,mobile,442.0,65.0,117.0,14.71,41.18,-15.03
PC250826,PC250826_R1,PC250826_R1_PRINCESS DU FER,Menangle,2026-08-25,Day,Day,1,1:33 PM,2026-08-25T03:33:00+00:00,2026-08-25T13:33:00+10:00,8,PRINCESS DU FER,Menangle Park Community Trotters Mobile,1609,"$9,996",Fr8,Blake Fitzpatrick,Zara Fitzpatrick,TROTTERS,Mobile,NSW,,,False,NR58,23604,"For Trotters with NR up to 52, or no more than 2LTW. Also eligible, 3YO Trotters with no more than 2 wins this season. No Concessions. A 1% deduction for Equine Rehoming will be applied to all prizemoney prior to distribution.",NR up to 52. PBD/NR. Trotters,6273,/princess-du-fer,/blake-fitzpatrick,/zara-fitzpatrick,"DARK GREEN, RED SPOTS, WHITE SLEEVES",,,PC110826,PCC11082607,4,Tabcorp Pk Menangle,2026-08-11,Menangle_1609,Menangle_1609_trotters_mobile,3680,474,0.0,28.4,30.4,29.3,28.7,menangle,1609,trotters,mobile,387.0,58.0,85.0,14.99,36.95,2.01
PC250826,PC250826_R1,PC250826_R1_VULCAN STRIDE,Menangle,2026-08-25,Day,Day,1,1:33 PM,2026-08-25T03:33:00+00:00,2026-08-25T13:33:00+10:00,9,VULCAN STRIDE,Menangle Park Community Trotters Mobile,1609,"$9,996",Fr9,David Waite,Joshua Gallagher,TROTTERS,Mobile,NSW,,,False,NR48,7360s,"For Trotters with NR up to 52, or no more than 2LTW. Also eligible, 3YO Trotters with no more than 2 wins this season. No Concessions. A 1% deduction for Equine Rehoming will be applied to all prizemoney prior to distribution.",NR up to 52. PBD/NR. Trotters,7024,/vulcan-stride,/david-waite,/joshua-gallagher,"LIGHT BLUE & YELLOW DIAMONDS, YELLOW SLEEVES",,ODM,ME240625,MEC24062507,10,Tabcorp Pk Menangle,2025-06-24,Menangle_1609,Menangle_1609_trotters_mobile,3680,474,0.0,28.4,30.4,29.3,28.7,menangle,1609,trotters,mobile,294.0,29.0,59.0,9.86,29.93,-20.17
PC250826,PC250826_R2,PC250826_R2_ORIA,Menangle,2026-08-25,Day,Day,2,2:07 PM,2026-08-25T04:07:00+00:00,2026-08-25T14:07:00+10:00,1,ORIA,Farmer Joes Outlet Trotters Mobile,1609,"$9,996",Fr1,Blake Fitzpatrick,Zara Fitzpatrick,TROTTERS,Mobile,NSW,,,False,NR62 (A54),0s349,"Also eligible, Trotters balloted from Menangle on 22/08/2026.Also eligible Claimers with a Claiming Price of $10000 (GST Inclusive) A 1% deduction for Equine Rehoming will be applied to all prizemoney prior to distribution.",NR up to 64. PBD/NR. Trotters,6276,/oria,/blake-fitzpatrick,/zara-fitzpatrick,"DARK GREEN, RED SPOTS, WHITE SLEEVES",,,PC180826,PCC18082608,9,Tabcorp Pk Menangle,2026-08-18,Menangle_1609,Menangle_1609_trotters_mobile,3680,474,0.0,28.4,30.4,29.3,28.7,menangle,1609,trotters,mobile,474.0,28.0,71.0,5.91,20.89,-19.19
PC250826,PC250826_R2,PC250826_R2_SHOULD BEABARCA,Menangle,2026-08-25,Day,Day,2,2:07 PM,2026-08-25T04:07:00+00:00,2026-08-25T14:07:00+10:00,2,SHOULD BEABARCA,Farmer Joes Outlet Trotters Mobile,1609,"$9,996",Fr2,Kerry Towers,Robert Morris,TROTTERS,Mobile,NSW,,,False,NR54,65607,"Also eligible, Trotters balloted from Menangle on 22/08/2026.Also eligible Claimers with a Claiming Price of $10000 (GST Inclusive) A 1% deduction for Equine Rehoming will be applied to all prizemoney prior to distribution.",NR up to 64. PBD/NR. Trotters,9686,/should-beabarca,/kerry-towers,/robert-morris,"BLACK WITH ORANGE YOKE & BRACES, BLACK SLEEVES WITH ORANGE CUFFS",,,PC180826,PCC18082608,7,Tabcorp Pk Menangle,2026-08-18,Menangle_1609,Menangle_1609_trotters_mobile,3680,474,0.0,28.4,30.4,29.3,28.7,menangle,1609,trotters,mobile,474.0,35.0,94.0,7.38,27.22,-30.19
PC250826,PC250826_R2,PC250826_R2_LAST CLANSMAN,Menangle,2026-08-25,Day,Day,2,2:07 PM,2026-08-25T04:07:00+00:00,2026-08-25T14:07:00+10:00,3,LAST CLANSMAN,Farmer Joes Outlet Trotters Mobile,1609,"$9,996",Fr3,KerryAnn Morris,Robert Morris,TROTTERS,Mobile,NSW,,,False,NR56,84726,"Also eligible, Trotters balloted from Menangle on 22/08/2026.Also eligible Claimers with a Claiming Price of $10000 (GST Inclusive) A 1% deduction for Equine Rehoming will be applied to all prizemoney prior to distribution.",NR up to 64. PBD/NR. Trotters,11210,/last-clansman,/kerryann-morris,/robert-morris,"BLACK WITH ORANGE YOKE & BRACES, BLACK SLEEVES WITH ORANGE CUFFS",,,PC180826,PCC18082608,6,Tabcorp Pk Menangle,2026-08-18,Menangle_1609,Menangle_1609_trotters_mobile,3680,474,0.0,28.4,30.4,29.3,28.7,menangle,1609,trotters,mobile,474.0,39.0,110.0,8.23,31.43,-23.76
PC250826,PC250826_R2,PC250826_R2_AFFAIRE DE COVER,Menangle,2026-08-25,Day,Day,2,2:07 PM,2026-08-25T04:07:00+00:00,2026-08-25T14:07:00+10:00,4,AFFAIRE DE COVER,Farmer Joes Outlet Trotters Mobile,1609,"$9,996",Fr4,Troy Williams,Chris Geary,TROTTERS,Mobile,NSW,,,False,NR59,73739,"Also eligible, Trotters balloted from Menangle on 22/08/2026.Also eligible Claimers with a Claiming Price of $10000 (GST Inclusive) A 1% deduction for Equine Rehoming will be applied to all prizemoney prior to distribution.",NR up to 64. PBD/NR. Trotters,5321,/affaire-de-cover,/troy-williams,/chris-geary,"WHITE, ORANGE MALTESE CROSS, BLACK & ORANGE STRIPED SLEEVES",,,PC220826,PCM22082606,9,Tabcorp Pk Menangle,2026-08-22,Menangle_1609,Menangle_1609_trotters_mobile,3680,474,0.0,28.4,30.4,29.3,28.7,menangle,1609,trotters,mobile,474.0,54.0,121.0,11.39,36.92,-28.0
PC250826,PC250826_R2,PC250826_R2_VALLEY STAR NZ,Menangle,2026-08-25,Day,Day,2,2:07 PM,2026-08-25T04:07:00+00:00,2026-08-25T14:07:00+10:00,5,VALLEY STAR NZ,Farmer Joes Outlet Trotters Mobile,1609,"$9,996",Fr5,Troy Williams,Jim Douglass,TROTTERS,Mobile,NSW,,,False,NR64,88079,"Also eligible, Trotters balloted from Menangle on 22/08/2026.Also eligible Claimers with a Claiming Price of $10000 (GST Inclusive) A 1% deduction for Equine Rehoming will be applied to all prizemoney prior to distribution.",NR up to 64. PBD/NR. Trotters,5285,/valley-star-nz,/troy-williams,/jim-douglass,"DARK BLUE, LIGHT BLUE LIGHTNING BOLT & ARMBAND",,,PC110826,PCC11082607,9,Tabcorp Pk Menangle,2026-08-11,Menangle_1609,Menangle_1609_trotters_mobile,3680,474,0.0,28.4,30.4,29.3,28.7,menangle,1609,trotters,mobile,473.0,84.0,120.0,17.76,43.13,-4.88
PC250826,PC250826_R2,PC250826_R2_CHIEF RUNNINGCLOUD,Menangle,2026-08-25,Day,Day,2,2:07 PM,2026-08-25T04:07:00+00:00,2026-08-25T14:07:00+10:00,6,CHIEF RUNNINGCLOUD,Farmer Joes Outlet Trotters Mobile,1609,"$9,996",Fr6,David Waite,Cameron Hart,TROTTERS,Mobile,NSW,,,False,NR69,17385,"Also eligible, Trotters balloted from Menangle on 22/08/2026.Also eligible Claimers with a Claiming Price of $10000 (GST Inclusive) A 1% deduction for Equine Rehoming will be applied to all prizemoney prior to distribution.",NR up to 64. PBD/NR. Trotters,5283,/chief-runningcloud,/david-waite,/cameron-hart,"BLUE WITH YELLOW YOKE & BRACES, BLUE STARS, BLUE SLEEVES WITH YELLOW ""H"" AND YELLOW CUFFS",,,PC180826,PCC18082608,5,Tabcorp Pk Menangle,2026-08-18,Menangle_1609,Menangle_1609_trotters_mobile,3680,474,0.0,28.4,30.4,29.3,28.7,menangle,1609,trotters,mobile,464.0,68.0,133.0,14.66,43.32,-25.52
PC250826,PC250826_R2,PC250826_R2_ITZFERGIETIME,Menangle,2026-08-25,Day,Day,2,2:07 PM,2026-08-25T04:07:00+00:00,2026-08-25T14:07:00+10:00,7,ITZFERGIETIME,Farmer Joes Outlet Trotters Mobile,1609,"$9,996",Fr7,Kerry Towers,Grace Panella,TROTTERS,Mobile,NSW,,,False,NR67 (A62),32562,"Also eligible, Trotters balloted from Menangle on 22/08/2026.Also eligible Claimers with a Claiming Price of $10000 (GST Inclusive) A 1% deduction for Equine Rehoming will be applied to all prizemoney prior to distribution.",NR up to 64. PBD/NR. Trotters,2236,/itzfergietime,/kerry-towers,/grace-panella,"DARK BLUE, WHITE YOKE & BRACES, DARK BLUE STARS, HOT PINK STRIPED SLEEVES",,,PC180826,PCC18082608,2,Tabcorp Pk Menangle,2026-08-18,Menangle_1609,Menangle_1609_trotters_mobile,3680,474,0.0,28.4,30.4,29.3,28.7,menangle,1609,trotters,mobile,442.0,65.0,117.0,14.71,41.18,-15.03
PC250826,PC250826_R2,PC250826_R2_LOTUS LOUISE,Menangle,2026-08-25,Day,Day,2,2:07 PM,2026-08-25T04:07:00+00:00,2026-08-25T14:07:00+10:00,8,LOTUS LOUISE,Farmer Joes Outlet Trotters Mobile,1609,"$9,996",Fr8,KerryAnn Morris,Jorja Daskalovski,TROTTERS,Mobile,NSW,,,False,NR69 (A64),22054,"Also eligible, Trotters balloted from Menangle on 22/08/2026.Also eligible Claimers with a Claiming Price of $10000 (GST Inclusive) A 1% deduction for Equine Rehoming will be applied to all prizemoney prior to distribution.",NR up to 64. PBD/NR. Trotters,42624,/lotus-louise,/kerryann-morris,/jorja-daskalovski,"RED, WHITE YOKE & BRACES, THREE RED STARS, WHITE SLEEVES, BLACK CUFFS",,,PC180826,PCC18082608,4,Tabcorp Pk Menangle,2026-08-18,Menangle_1609,Menangle_1609_trotters_mobile,3680,474,0.0,28.4,30.4,29.3,28.7,menangle,1609,trotters,mobile,387.0,58.0,85.0,14.99,36.95,2.01
PC250826,PC250826_R3,PC250826_R3_DREAM TO DANCE,Menangle,2026-08-25,Day,Day,3,2:46 PM,2026-08-25T04:46:00+00:00,2026-08-25T14:46:00+10:00,1,DREAM TO DANCE,Irt Horse Transport Pace,1609,"$6,936",Fr1,Kerry Towers,Joshua Gallagher,PACERS,Mobile,NSW,,,False,NR30,95828,No Concessions. A 1% deduction for Equine Rehoming will be applied to all prizemoney prior to distribution.,0LTW.Also eligible 3yo+ NR.47. RBD. Pacers,2276,/dream-to-dance,/kerry-towers,/joshua-gallagher,"BLUE WITH GREEN YOKE, GREEN BRACES, GREEN WAISTBAND, WHITE DIAMONDS, BLUE SLEEVES WITH GREEN CUFFS",,,PC180826,PCC18082611,8,Tabcorp Pk Menangle,2026-08-18,Menangle_1609,Menangle_1609_pacers_mobile,3680,3132,0.0,27.3,29.6,28.2,27.6,menangle,1609,pacers,mobile,3128.0,263.0,643.0,8.41,28.96,-32.57
PC250826,PC250826_R3,PC250826_R3_HESAA LISTER,Menangle,2026-08-25,Day,Day,3,2:46 PM,2026-08-25T04:46:00+00:00,2026-08-25T14:46:00+10:00,2,HESAA LISTER,Irt Horse Transport Pace,1609,"$6,936",Fr2,David Waite,Cameron Hart,PACERS,Mobile,NSW,,,False,NR42,23232,No Concessions. A 1% deduction for Equine Rehoming will be applied to all prizemoney prior to distribution.,0LTW.Also eligible 3yo+ NR.47. RBD. Pacers,7817,/hesaa-lister,/david-waite,/cameron-hart,"BLUE WITH YELLOW YOKE & BRACES, BLUE STARS, BLUE SLEEVES WITH YELLOW ""H"" AND YELLOW CUFFS",,,PC180826,PCC18082601,2,Tabcorp Pk Menangle,2026-08-18,Menangle_1609,Menangle_1609_pacers_mobile,3680,3132,0.0,27.3,29.6,28.2,27.6,menangle,1609,pacers,mobile,3131.0,272.0,683.0,8.69,30.5,-31.96
PC250826,PC250826_R3,PC250826_R3_WILL I AM,Menangle,2026-08-25,Day,Day,3,2:46 PM,2026-08-25T04:46:00+00:00,2026-08-25T14:46:00+10:00,3,WILL I AM,Irt Horse Transport Pace,1609,"$6,936",Fr3,Kerry Towers,Robert Morris,PACERS,Mobile,NSW,,,False,NR39,04533,No Concessions. A 1% deduction for Equine Rehoming will be applied to all prizemoney prior to distribution.,0LTW.Also eligible 3yo+ NR.47. RBD. Pacers,7755,/will-i-am,/kerry-towers,/robert-morris,"BLACK WITH ORANGE YOKE & BRACES, BLACK SLEEVES WITH ORANGE CUFFS",,,PC180826,PCC18082601,3,Tabcorp Pk Menangle,2026-08-18,Menangle_1609,Menangle_1609_pacers_mobile,3680,3132,0.0,27.3,29.6,28.2,27.6,menangle,1609,pacers,mobile,3132.0,332.0,691.0,10.6,32.66,-24.49
PC250826,PC250826_R3,PC250826_R3_GET US A TINNY,Menangle,2026-08-25,Day,Day,3,2:46 PM,2026-08-25T04:46:00+00:00,2026-08-25T14:46:00+10:00,4,GET US A TINNY,Irt Horse Transport Pace,1609,"$6,936",Fr4,Brad Abbott,Brad Abbott,PACERS,Mobile,NSW,,,False,NR39,63517,No Concessions. A 1% deduction for Equine Rehoming will be applied to all prizemoney prior to distribution.,0LTW.Also eligible 3yo+ NR.47. RBD. Pacers,5943,/get-us-a-tinny,/brad-abbott,/brad-abbott,"DARK BLUE, LIGHT GREEN MALTESE, PINK STARRED SLEEVES",,,PC180826,PCC18082611,7,Tabcorp Pk Menangle,2026-08-18,Menangle_1609,Menangle_1609_pacers_mobile,3680,3132,0.0,27.3,29.6,28.2,27.6,menangle,1609,pacers,mobile,3130.0,327.0,679.0,10.45,32.14,-25.3
PC250826,PC250826_R3,PC250826_R3_KING COREY,Menangle,2026-08-25,Day,Day,3,2:46 PM,2026-08-25T04:46:00+00:00,2026-08-25T14:46:00+10:00,5,KING COREY,Irt Horse Transport Pace,1609,"$6,936",Fr5,David Waite,Jack Callaghan,PACERS,Mobile,NSW,,,False,NR39,80765,No Concessions. A 1% deduction for Equine Rehoming will be applied to all prizemoney prior to distribution.,0LTW.Also eligible 3yo+ NR.47. RBD. Pacers,4368,/king-corey,/david-waite,/jack-callaghan,"BLACK WITH YELLOW BRACES & DIAMONDS, RED TRIM, YELLOW & BLACK SLEEVES WITH ""JC"" INITIALS & RED TRIM",,,PC180826,PCC18082601,5,Tabcorp Pk Menangle,2026-08-18,Menangle_1609,Menangle_1609_pacers_mobile,3680,3132,0.0,27.3,29.6,28.2,27.6,menangle,1609,pacers,mobile,3125.0,461.0,794.0,14.75,40.16,-3.94
PC250826,PC250826_R3,PC250826_R3_MICKEY BE NIMBLE,Menangle,2026-08-25,Day,Day,3,2:46 PM,2026-08-25T04:46:00+00:00,2026-08-25T14:46:00+10:00,6,MICKEY BE NIMBLE,Irt Horse Transport Pace,1609,"$6,936",Fr6,Kerry Towers,Grace Panella,PACERS,Mobile,NSW,,,False,NR42,75345,No Concessions. A 1% deduction for Equine Rehoming will be applied to all prizemoney prior to distribution.,0LTW.Also eligible 3yo+ NR.47. RBD. Pacers,15296,/mickey-be-nimble,/kerry-towers,/grace-panella,"DARK BLUE, WHITE YOKE & BRACES, DARK BLUE STARS, HOT PINK STRIPED SLEEVES",,,PC180826,PCC18082611,5,Tabcorp Pk Menangle,2026-08-18,Menangle_1609,Menangle_1609_pacers_mobile,3680,3132,0.0,27.3,29.6,28.2,27.6,menangle,1609,pacers,mobile,3111.0,409.0,758.0,13.15,37.51,-11.56
PC250826,PC250826_R3,PC250826_R3_TOMMYS LUCK,Menangle,2026-08-25,Day,Day,3,2:46 PM,2026-08-25T04:46:00+00:00,2026-08-25T14:46:00+10:00,7,TOMMYS LUCK,Irt Horse Transport Pace,1609,"$6,936",Fr7,Charles Britton,Jake Bigeni,PACERS,Mobile,NSW,,,False,NR40,85651,No Concessions. A 1% deduction for Equine Rehoming will be applied to all prizemoney prior to distribution.,0LTW.Also eligible 3yo+ NR.47. RBD. Pacers,1926,/tommys-luck,/charles-britton,/jake-bigeni,"BROWN, YELLOW SHAMROCK & SLEEVES",,,PC180826,PCC18082611,1,Tabcorp Pk Menangle,2026-08-18,Menangle_1609,Menangle_1609_pacers_mobile,3680,3132,0.0,27.3,29.6,28.2,27.6,menangle,1609,pacers,mobile,3054.0,373.0,715.0,12.21,35.63,-10.52
PC250826,PC250826_R3,PC250826_R3_SEE ME NO MORE,Menangle,2026-08-25,Day,Day,3,2:46 PM,2026-08-25T04:46:00+00:00,2026-08-25T14:46:00+10:00,8,SEE ME NO MORE,Irt Horse Transport Pace,1609,"$6,936",Fr8,David Waite,Sebastian Piltz,PACERS,Mobile,NSW,,,False,NR40,06584,No Concessions. A 1% deduction for Equine Rehoming will be applied to all prizemoney prior to distribution.,0LTW.Also eligible 3yo+ NR.47. RBD. Pacers,2837,/see-me-no-more,/david-waite,/sebastian-piltz,"BLACK, ORANGE HOOPS, BLACK SLEEVES",,,PC180826,PCC18082611,4,Tabcorp Pk Menangle,2026-08-18,Menangle_1609,Menangle_1609_pacers_mobile,3680,3132,0.0,27.3,29.6,28.2,27.6,menangle,1609,pacers,mobile,2869.0,277.0,607.0,9.65,30.81,-18.94
PC250826,PC250826_R3,PC250826_R3_BROOKESSMARTDANCER,Menangle,2026-08-25,Day,Day,3,2:46 PM,2026-08-25T04:46:00+00:00,2026-08-25T14:46:00+10:00,9,BROOKESSMARTDANCER,Irt Horse Transport Pace,1609,"$6,936",Fr9,Ashleigh Delosa,Ashleigh Delosa,PACERS,Mobile,NSW,,,False,NR37,58574,No Concessions. A 1% deduction for Equine Rehoming will be applied to all prizemoney prior to distribution.,0LTW.Also eligible 3yo+ NR.47. RBD. Pacers,4817,/brookessmartdancer,/ashleigh-delosa,/ashleigh-delosa,"RED, BLACK DIAMOND WITH WHITE OUTLINE, RED SLEEVES, BLACK STRIPE WITH WHITE OUTLINE",,,PC180826,PCC18082601,4,Tabcorp Pk Menangle,2026-08-18,Menangle_1609,Menangle_1609_pacers_mobile,3680,3132,0.0,27.3,29.6,28.2,27.6,menangle,1609,pacers,mobile,2439.0,255.0,445.0,10.46,28.7,-8.71
PC250826,PC250826_R3,PC250826_R3_I AM RAVISHING,Menangle,2026-08-25,Day,Day,3,2:46 PM,2026-08-25T04:46:00+00:00,2026-08-25T14:46:00+10:00,10,I AM RAVISHING,Irt Horse Transport Pace,1609,"$6,936",Fr10,Kerry Towers,Blake Hughes,PACERS,Mobile,NSW,,,False,NR45,74449,No Concessions. A 1% deduction for Equine Rehoming will be applied to all prizemoney prior to distribution.,0LTW.Also eligible 3yo+ NR.47. RBD. Pacers,439654,/i-am-ravishing,/kerry-towers,/blake-hughes,"BLACK WITH WHITE YOKE, BLUE BRACES & TWO BLUE STARS, BLUE SLEEVES WITH BLACK CUFFS",,,PC180826,PCC18082611,9,Tabcorp Pk Menangle,2026-08-18,Menangle_1609,Menangle_1609_pacers_mobile,3680,3132,0.0,27.3,29.6,28.2,27.6,menangle,1609,pacers,mobile,1625.0,152.0,249.0,9.35,24.68,-8.45
PC250826,PC250826_R4,PC250826_R4_TRIED AND TRUSTED,Menangle,2026-08-25,Day,Day,4,3:21 PM,2026-08-25T05:21:00+00:00,2026-08-25T15:21:00+10:00,1,TRIED AND TRUSTED,Woodlands Stud Supporting the Industry in 2026 Pace,1609,"$9,996",Fr1,Tiarn McElhinney,Cameron Hart,PACERS,Mobile,NSW,,,False,NR48,48026,For horses with 1-4 LTWs. No Concessions. A 1% deduction for Equine Rehoming will be applied to all prizemoney prior to distribution.,3YO and older. 2LTW. Also eligible 3yo+ NR.55. RBD. Pacers,6940,/tried-and-trusted,/tiarn-sutton,/cameron-hart,"BLACK, WHITE STRIPES, RED SLEEVES",,,PC180826,PCC18082602,6,Tabcorp Pk Menangle,2026-08-18,Menangle_1609,Menangle_1609_pacers_mobile,3680,3132,0.0,27.3,29.6,28.2,27.6,menangle,1609,pacers,mobile,3128.0,263.0,643.0,8.41,28.96,-32.57
PC250826,PC250826_R4,PC250826_R4_RUEBE STARBUCK NZ,Menangle,2026-08-25,Day,Day,4,3:21 PM,2026-08-25T05:21:00+00:00,2026-08-25T15:21:00+10:00,2,RUEBE STARBUCK NZ,Woodlands Stud Supporting the Industry in 2026 Pace,1609,"$9,996",Fr2,Gary Hargraves,Sebastian Piltz,PACERS,Mobile,NSW,,,False,NR54,67228,For horses with 1-4 LTWs. No Concessions. A 1% deduction for Equine Rehoming will be applied to all prizemoney prior to distribution.,3YO and older. 2LTW. Also eligible 3yo+ NR.55. RBD. Pacers,442202,/ruebe-starbuck-nz,/gary-hargraves,/sebastian-piltz,"LIGHT BLUE, WHITE YOKE AND BRACES, WHITE SLEEVES, LIGHT BLUE STARS",,,PE130826,PEC13082615,8,Penrith,2026-08-13,Menangle_1609,Menangle_1609_pacers_mobile,3680,3132,0.0,27.3,29.6,28.2,27.6,menangle,1609,pacers,mobile,3131.0,272.0,683.0,8.69,30.5,-31.96
PC250826,PC250826_R4,PC250826_R4_GYM JUNKY,Menangle,2026-08-25,Day,Day,4,3:21 PM,2026-08-25T05:21:00+00:00,2026-08-25T15:21:00+10:00,3,GYM JUNKY,Woodlands Stud Supporting the Industry in 2026 Pace,1609,"$9,996",Fr3,Luke McCarthy,Jack Callaghan,PACERS,Mobile,NSW,,,False,NR54,3221s,For horses with 1-4 LTWs. No Concessions. A 1% deduction for Equine Rehoming will be applied to all prizemoney prior to distribution.,3YO and older. 2LTW. Also eligible 3yo+ NR.55. RBD. Pacers,438204,/gym-junky,/luke-mccarthy,/jack-callaghan,,,,GD280126,GDC27012606,1,Globe Derby Park,2026-01-28,Menangle_1609,Menangle_1609_pacers_mobile,3680,3132,0.0,27.3,29.6,28.2,27.6,menangle,1609,pacers,mobile,3132.0,332.0,691.0,10.6,32.66,-24.49
PC250826,PC250826_R4,PC250826_R4_CENT FOR PLEASURE,Menangle,2026-08-25,Day,Day,4,3:21 PM,2026-08-25T05:21:00+00:00,2026-08-25T15:21:00+10:00,4,CENT FOR PLEASURE,Woodlands Stud Supporting the Industry in 2026 Pace,1609,"$9,996",Fr4,Bailey McDonough,Bailey McDonough,PACERS,Mobile,NSW,,,False,NR51,3451s,For horses with 1-4 LTWs. No Concessions. A 1% deduction for Equine Rehoming will be applied to all prizemoney prior to distribution.,3YO and older. 2LTW. Also eligible 3yo+ NR.55. RBD. Pacers,59537,/cent-for-pleasure,/bailey-mcdonough,/bailey-mcdonough,"BLACK, WHITE TRIM, WHITE COLLAR, RED TRIM, BLACK SLEEVES, WHITE CUFFS, RED TRIM, WHITE INITIAL ""M""",,,PE250526,BKC25052609,1,Penrith,2026-05-25,Menangle_1609,Menangle_1609_pacers_mobile,3680,3132,0.0,27.3,29.6,28.2,27.6,menangle,1609,pacers,mobile,3130.0,327.0,679.0,10.45,32.14,-25.3
PC250826,PC250826_R4,PC250826_R4_DUTTON,Menangle,2026-08-25,Day,Day,4,3:21 PM,2026-08-25T05:21:00+00:00,2026-08-25T15:21:00+10:00,5,DUTTON,Woodlands Stud Supporting the Industry in 2026 Pace,1609,"$9,996",Fr5,David Thorn,Jye Coney,PACERS,Mobile,NSW,,,False,NR51,16634,For horses with 1-4 LTWs. No Concessions. A 1% deduction for Equine Rehoming will be applied to all prizemoney prior to distribution.,3YO and older. 2LTW. Also eligible 3yo+ NR.55. RBD. Pacers,437947,/dutton,/david-thorn,/jye-coney,"PURPLE, WHITE SPOTS, HOOPED SLEEVES",,,PC110826,PCC11082609,4,Tabcorp Pk Menangle,2026-08-11,Menangle_1609,Menangle_1609_pacers_mobile,3680,3132,0.0,27.3,29.6,28.2,27.6,menangle,1609,pacers,mobile,3125.0,461.0,794.0,14.75,40.16,-3.94
PC250826,PC250826_R4,PC250826_R4_HYKEEPMEPOSTED,Menangle,2026-08-25,Day,Day,4,3:21 PM,2026-08-25T05:21:00+00:00,2026-08-25T15:21:00+10:00,6,HYKEEPMEPOSTED,Woodlands Stud Supporting the Industry in 2026 Pace,1609,"$9,996",Fr6,Kerry Towers,Robert Morris,PACERS,Mobile,NSW,,,False,NR49,65485,For horses with 1-4 LTWs. No Concessions. A 1% deduction for Equine Rehoming will be applied to all prizemoney prior to distribution.,3YO and older. 2LTW. Also eligible 3yo+ NR.55. RBD. Pacers,437444,/hykeepmeposted,/kerry-towers,/robert-morris,"RED, BLACK QUARTERS, RED SLEEVES",,,PC180826,PCC18082602,5,Tabcorp Pk Menangle,2026-08-18,Menangle_1609,Menangle_1609_pacers_mobile,3680,3132,0.0,27.3,29.6,28.2,27.6,menangle,1609,pacers,mobile,3111.0,409.0,758.0,13.15,37.51,-11.56
PC250826,PC250826_R4,PC250826_R4_CONSORT NZ,Menangle,2026-08-25,Day,Day,4,3:21 PM,2026-08-25T05:21:00+00:00,2026-08-25T15:21:00+10:00,7,CONSORT NZ,Woodlands Stud Supporting the Industry in 2026 Pace,1609,"$9,996",Fr7,James Rattray,James Rattray,PACERS,Mobile,NSW,,,False,NR54,99334,For horses with 1-4 LTWs. No Concessions. A 1% deduction for Equine Rehoming will be applied to all prizemoney prior to distribution.,3YO and older. 2LTW. Also eligible 3yo+ NR.55. RBD. Pacers,445743,/consort-nz,/james-rattray,/james-rattray,"RED, WHITE YOKE, BLUE BRACES, DIAMONDS & WAISTBAND, RED SLEEVES, WHITE ""R"" & CUFFS",,,PC110826,PCC11082602,4,Tabcorp Pk Menangle,2026-08-11,Menangle_1609,Menangle_1609_pacers_mobile,3680,3132,0.0,27.3,29.6,28.2,27.6,menangle,1609,pacers,mobile,3054.0,373.0,715.0,12.21,35.63,-10.52
PC250826,PC250826_R4,PC250826_R4_HELENS BOY,Menangle,2026-08-25,Day,Day,4,3:21 PM,2026-08-25T05:21:00+00:00,2026-08-25T15:21:00+10:00,8,HELENS BOY,Woodlands Stud Supporting the Industry in 2026 Pace,1609,"$9,996",Fr8,Ian Wilson,Jim Douglass,PACERS,Mobile,NSW,,,False,NR48,41628,For horses with 1-4 LTWs. No Concessions. A 1% deduction for Equine Rehoming will be applied to all prizemoney prior to distribution.,3YO and older. 2LTW. Also eligible 3yo+ NR.55. RBD. Pacers,56399,/helens-boy,/ian-wilson,/jim-douglass,"DARK BLUE, LIGHT BLUE LIGHTNING BOLT & ARMBAND",,,PC180826,PCC18082602,8,Tabcorp Pk Menangle,2026-08-18,Menangle_1609,Menangle_1609_pacers_mobile,3680,3132,0.0,27.3,29.6,28.2,27.6,menangle,1609,pacers,mobile,2869.0,277.0,607.0,9.65,30.81,-18.94
PC250826,PC250826_R4,PC250826_R4_TIGER EUPHEME,Menangle,2026-08-25,Day,Day,4,3:21 PM,2026-08-25T05:21:00+00:00,2026-08-25T15:21:00+10:00,9,TIGER EUPHEME,Woodlands Stud Supporting the Industry in 2026 Pace,1609,"$9,996",Fr9,Kevin Pizzuto,Joshua Gallagher,PACERS,Mobile,NSW,,,False,NR50,536s9,For horses with 1-4 LTWs. No Concessions. A 1% deduction for Equine Rehoming will be applied to all prizemoney prior to distribution.,3YO and older. 2LTW. Also eligible 3yo+ NR.55. RBD. Pacers,168077,/tiger-eupheme-168077,/kevin-pizzuto,/joshua-gallagher,"BLACK, WHITE MALTESE CROSS, WHITE HOOPED SLEEVES",,ODM,PC110826,PCC11082602,9,Tabcorp Pk Menangle,2026-08-11,Menangle_1609,Menangle_1609_pacers_mobile,3680,3132,0.0,27.3,29.6,28.2,27.6,menangle,1609,pacers,mobile,2439.0,255.0,445.0,10.46,28.7,-8.71
PC250826,PC250826_R5,PC250826_R5_KELLOSHIEL,Menangle,2026-08-25,Day,Day,5,4:03 PM,2026-08-25T06:03:00+00:00,2026-08-25T16:03:00+10:00,1,KELLOSHIEL,Stronghold Facility Services Pace,1609,"$9,996",Fr1,George Duncan,Vaughan Duncan,PACERS,Mobile,NSW,,,False,NR51 (A46),73107,"Dual Concessions apply (Driver, Mare). A 1% deduction for Equine Rehoming will be applied to all prizemoney prior to distribution.",NR up to 58. PBD/NR. Pacers,12292,/kelloshiel,/george-duncan,/vaughan-duncan,"BROWN, PINK YOKE & BRACES, BROWN HORSESHOES, GOLD TRIM, BROWN SLEEVES, PINK CUFFS",,,PC180826,PCC18082602,7,Tabcorp Pk Menangle,2026-08-18,Menangle_1609,Menangle_1609_pacers_mobile,3680,3132,0.0,27.3,29.6,28.2,27.6,menangle,1609,pacers,mobile,3128.0,263.0,643.0,8.41,28.96,-32.57
PC250826,PC250826_R5,PC250826_R5_GISSELLE,Menangle,2026-08-25,Day,Day,5,4:03 PM,2026-08-25T06:03:00+00:00,2026-08-25T16:03:00+10:00,2,GISSELLE,Stronghold Facility Services Pace,1609,"$9,996",Fr2,Bruce Fox,Molly Ison,PACERS,Mobile,NSW,,,False,NR65 (A55),s0611,"Dual Concessions apply (Driver, Mare). A 1% deduction for Equine Rehoming will be applied to all prizemoney prior to distribution.",NR up to 58. PBD/NR. Pacers,9254,/gisselle,/bruce-fox,/molly-ison,"PINK, BLACK YOKE & BRACES, PINK STARS, BLACK SLEEVES, PINK CUFFS",,,PE200826,PEC20082606,1,Penrith,2026-08-20,Menangle_1609,Menangle_1609_pacers_mobile,3680,3132,0.0,27.3,29.6,28.2,27.6,menangle,1609,pacers,mobile,3131.0,272.0,683.0,8.69,30.5,-31.96
PC250826,PC250826_R5,PC250826_R5_CHARLIES ACE NZ,Menangle,2026-08-25,Day,Day,5,4:03 PM,2026-08-25T06:03:00+00:00,2026-08-25T16:03:00+10:00,3,CHARLIES ACE NZ,Stronghold Facility Services Pace,1609,"$9,996",Fr3,Troy Williams,Robert Morris,PACERS,Mobile,NSW,,,False,NR57 (A52),78867,"Dual Concessions apply (Driver, Mare). A 1% deduction for Equine Rehoming will be applied to all prizemoney prior to distribution.",NR up to 58. PBD/NR. Pacers,5052,/charlies-ace-nz,/troy-williams,/robert-morris,"WHITE, ORANGE MALTESE CROSS, BLACK & ORANGE STRIPED SLEEVES",,,PC180826,PCC18082612,7,Tabcorp Pk Menangle,2026-08-18,Menangle_1609,Menangle_1609_pacers_mobile,3680,3132,0.0,27.3,29.6,28.2,27.6,menangle,1609,pacers,mobile,3132.0,332.0,691.0,10.6,32.66,-24.49
PC250826,PC250826_R5,PC250826_R5_KATES VIRTUE,Menangle,2026-08-25,Day,Day,5,4:03 PM,2026-08-25T06:03:00+00:00,2026-08-25T16:03:00+10:00,4,KATES VIRTUE,Stronghold Facility Services Pace,1609,"$9,996",Fr4,Ian Wilson,Jim Douglass,PACERS,Mobile,NSW,,,False,NR59 (A54),48721,"Dual Concessions apply (Driver, Mare). A 1% deduction for Equine Rehoming will be applied to all prizemoney prior to distribution.",NR up to 58. PBD/NR. Pacers,2270,/kates-virtue,/ian-wilson,/jim-douglass,"DARK BLUE, LIGHT BLUE HORSESHOE & SLEEVES",,,PE130826,PEC13082605,1,Penrith,2026-08-13,Menangle_1609,Menangle_1609_pacers_mobile,3680,3132,0.0,27.3,29.6,28.2,27.6,menangle,1609,pacers,mobile,3130.0,327.0,679.0,10.45,32.14,-25.3
PC250826,PC250826_R5,PC250826_R5_OUR UNCLE JIM,Menangle,2026-08-25,Day,Day,5,4:03 PM,2026-08-25T06:03:00+00:00,2026-08-25T16:03:00+10:00,5,OUR UNCLE JIM,Stronghold Facility Services Pace,1609,"$9,996",Fr5,Leon Jurd,Mason Bigeni,PACERS,Mobile,NSW,,,False,NR59 (A54),56583,"Dual Concessions apply (Driver, Mare). A 1% deduction for Equine Rehoming will be applied to all prizemoney prior to distribution.",NR up to 58. PBD/NR. Pacers,2204,/our-uncle-jim,/leon-jurd,/mason-bigeni,"BLUE, WHITE YOKE & BRACES, BLUE DIAMONDS, BLACK SLEEVES, 'MB' INITIALS",,,PC180826,PCC18082612,3,Tabcorp Pk Menangle,2026-08-18,Menangle_1609,Menangle_1609_pacers_mobile,3680,3132,0.0,27.3,29.6,28.2,27.6,menangle,1609,pacers,mobile,3125.0,461.0,794.0,14.75,40.16,-3.94
PC250826,PC250826_R5,PC250826_R5_GEM N EM NZ,Menangle,2026-08-25,Day,Day,5,4:03 PM,2026-08-25T06:03:00+00:00,2026-08-25T16:03:00+10:00,6,GEM N EM NZ,Stronghold Facility Services Pace,1609,"$9,996",Fr6,Jason Grimson,Cameron Hart,PACERS,Mobile,NSW,,,False,NR62 (A57),19905,"Dual Concessions apply (Driver, Mare). A 1% deduction for Equine Rehoming will be applied to all prizemoney prior to distribution.",NR up to 58. PBD/NR. Pacers,446347,/gem-n-em-nz-446347,/jason-grimson,/cameron-hart,"BLUE WITH YELLOW YOKE & BRACES, BLUE STARS, BLUE SLEEVES WITH YELLOW ""H"" AND YELLOW CUFFS",,,PC180826,PCC18082612,5,Tabcorp Pk Menangle,2026-08-18,Menangle_1609,Menangle_1609_pacers_mobile,3680,3132,0.0,27.3,29.6,28.2,27.6,menangle,1609,pacers,mobile,3111.0,409.0,758.0,13.15,37.51,-11.56
PC250826,PC250826_R5,PC250826_R5_ROCLEA IMAGE,Menangle,2026-08-25,Day,Day,5,4:03 PM,2026-08-25T06:03:00+00:00,2026-08-25T16:03:00+10:00,7,ROCLEA IMAGE,Stronghold Facility Services Pace,1609,"$9,996",Fr7,Troy Williams,Joshua Gallagher,PACERS,Mobile,NSW,,,False,NR58,07900,"Dual Concessions apply (Driver, Mare). A 1% deduction for Equine Rehoming will be applied to all prizemoney prior to distribution.",NR up to 58. PBD/NR. Pacers,4780,/roclea-image,/troy-williams,/joshua-gallagher,"WHITE, ORANGE MALTESE CROSS, BLACK & ORANGE STRIPED SLEEVES",,,PE230726,PEC23072619,10,Penrith,2026-07-23,Menangle_1609,Menangle_1609_pacers_mobile,3680,3132,0.0,27.3,29.6,28.2,27.6,menangle,1609,pacers,mobile,3054.0,373.0,715.0,12.21,35.63,-10.52
PC250826,PC250826_R5,PC250826_R5_POLLY PUT KETTLEON,Menangle,2026-08-25,Day,Day,5,4:03 PM,2026-08-25T06:03:00+00:00,2026-08-25T16:03:00+10:00,8,POLLY PUT KETTLEON,Stronghold Facility Services Pace,1609,"$9,996",Fr8,Kevin Pizzuto,Lucas Rando,PACERS,Mobile,NSW,,,False,NR63 (A58),96688,"Dual Concessions apply (Driver, Mare). A 1% deduction for Equine Rehoming will be applied to all prizemoney prior to distribution.",NR up to 58. PBD/NR. Pacers,2027,/polly-put-kettleon,/kevin-pizzuto,/lucas-rando,"BLACK, WHITE MALTESE CROSS, WHITE HOOPED SLEEVES",,,PE130826,PEC13082618,8,Penrith,2026-08-13,Menangle_1609,Menangle_1609_pacers_mobile,3680,3132,0.0,27.3,29.6,28.2,27.6,menangle,1609,pacers,mobile,2869.0,277.0,607.0,9.65,30.81,-18.94
PC250826,PC250826_R5,PC250826_R5_LEXUS LOU,Menangle,2026-08-25,Day,Day,5,4:03 PM,2026-08-25T06:03:00+00:00,2026-08-25T16:03:00+10:00,9,LEXUS LOU,Stronghold Facility Services Pace,1609,"$9,996",SCR,Jason Grimson,,PACERS,Mobile,NSW,,,True,NR58,52362,"Dual Concessions apply (Driver, Mare). A 1% deduction for Equine Rehoming will be applied to all prizemoney prior to distribution.",NR up to 58. PBD/NR. Pacers,434390,/lexus-lou,/jason-grimson,,"DARK GREEN, YELLOW DIAGONAL STRIPES",,,PC180826,PCC18082612,2,Tabcorp Pk Menangle,2026-08-18,Menangle_1609,Menangle_1609_pacers_mobile,3680,3132,0.0,27.3,29.6,28.2,27.6,menangle,1609,pacers,mobile,0.0,0.0,0.0,0.0,0.0,0.0
PC250826,PC250826_R6,PC250826_R6_GIMME A REASON,Menangle,2026-08-25,Day,Day,6,4:37 PM,2026-08-25T06:37:00+00:00,2026-08-25T16:37:00+10:00,1,GIMME A REASON,Pryde's Stamina Pace,1609,"$9,996",Fr1,David Waite,Cameron Hart,PACERS,Mobile,NSW,,,False,NR52,00637,For horses with 5+ LTWs. No Concessions. A 1% deduction for Equine Rehoming will be applied to all prizemoney prior to distribution.,3YO and older. 2LTW. Also eligible 3yo+ NR.55. RBD. Pacers,7825,/gimme-a-reason,/david-waite,/cameron-hart,"BLUE WITH YELLOW YOKE & BRACES, BLUE STARS, BLUE SLEEVES WITH YELLOW ""H"" AND YELLOW CUFFS",,,PE130826,PEC13082605,7,Penrith,2026-08-13,Menangle_1609,Menangle_1609_pacers_mobile,3680,3132,0.0,27.3,29.6,28.2,27.6,menangle,1609,pacers,mobile,3128.0,263.0,643.0,8.41,28.96,-32.57
PC250826,PC250826_R6,PC250826_R6_VESPA STRIDE,Menangle,2026-08-25,Day,Day,6,4:37 PM,2026-08-25T06:37:00+00:00,2026-08-25T16:37:00+10:00,2,VESPA STRIDE,Pryde's Stamina Pace,1609,"$9,996",Fr2,Brad Abbott,Brad Abbott,PACERS,Mobile,NSW,,,False,NR50,57563,For horses with 5+ LTWs. No Concessions. A 1% deduction for Equine Rehoming will be applied to all prizemoney prior to distribution.,3YO and older. 2LTW. Also eligible 3yo+ NR.55. RBD. Pacers,156920,/vespa-stride,/brad-abbott,/brad-abbott,"DARK BLUE, LIGHT GREEN MALTESE, PINK STARRED SLEEVES",,,PC180826,PCC18082602,3,Tabcorp Pk Menangle,2026-08-18,Menangle_1609,Menangle_1609_pacers_mobile,3680,3132,0.0,27.3,29.6,28.2,27.6,menangle,1609,pacers,mobile,3131.0,272.0,683.0,8.69,30.5,-31.96
PC250826,PC250826_R6,PC250826_R6_BLISSES BEST,Menangle,2026-08-25,Day,Day,6,4:37 PM,2026-08-25T06:37:00+00:00,2026-08-25T16:37:00+10:00,3,BLISSES BEST,Pryde's Stamina Pace,1609,"$9,996",Fr3,Troy Williams,Cooper Griffiths,PACERS,Mobile,NSW,,,False,NR53,49869,For horses with 5+ LTWs. No Concessions. A 1% deduction for Equine Rehoming will be applied to all prizemoney prior to distribution.,3YO and older. 2LTW. Also eligible 3yo+ NR.55. RBD. Pacers,60583,/blisses-best,/troy-williams,/cooper-griffiths,"WHITE, ORANGE MALTESE CROSS, BLACK & ORANGE STRIPED SLEEVES",,,PC180826,PCC18082602,9,Tabcorp Pk Menangle,2026-08-18,Menangle_1609,Menangle_1609_pacers_mobile,3680,3132,0.0,27.3,29.6,28.2,27.6,menangle,1609,pacers,mobile,3132.0,332.0,691.0,10.6,32.66,-24.49
PC250826,PC250826_R6,PC250826_R6_RACING WRITER,Menangle,2026-08-25,Day,Day,6,4:37 PM,2026-08-25T06:37:00+00:00,2026-08-25T16:37:00+10:00,4,RACING WRITER,Pryde's Stamina Pace,1609,"$9,996",Fr4,Chris Judd,Jye Coney,PACERS,Mobile,NSW,,,False,NR49,15317,For horses with 5+ LTWs. No Concessions. A 1% deduction for Equine Rehoming will be applied to all prizemoney prior to distribution.,3YO and older. 2LTW. Also eligible 3yo+ NR.55. RBD. Pacers,3986,/racing-writer,/chris-judd,/jye-coney,"BLACK, BLUE YOKE & BRACES, WHITE HORSESHOES, BLUE SLEEVES, BLACK CUFFS",,,BH190826,BHC19082604,7,Bathurst,2026-08-19,Menangle_1609,Menangle_1609_pacers_mobile,3680,3132,0.0,27.3,29.6,28.2,27.6,menangle,1609,pacers,mobile,3130.0,327.0,679.0,10.45,32.14,-25.3
PC250826,PC250826_R6,PC250826_R6_EXPLOSIVE BRONSKI,Menangle,2026-08-25,Day,Day,6,4:37 PM,2026-08-25T06:37:00+00:00,2026-08-25T16:37:00+10:00,5,EXPLOSIVE BRONSKI,Pryde's Stamina Pace,1609,"$9,996",Fr5,Kerry Towers,Robert Morris,PACERS,Mobile,NSW,,,False,NR55,83352,For horses with 5+ LTWs. No Concessions. A 1% deduction for Equine Rehoming will be applied to all prizemoney prior to distribution.,3YO and older. 2LTW. Also eligible 3yo+ NR.55. RBD. Pacers,2265,/explosive-bronski,/kerry-towers,/robert-morris,"BLACK WITH ORANGE YOKE & BRACES, BLACK SLEEVES WITH ORANGE CUFFS",,,PC180826,PCC18082602,2,Tabcorp Pk Menangle,2026-08-18,Menangle_1609,Menangle_1609_pacers_mobile,3680,3132,0.0,27.3,29.6,28.2,27.6,menangle,1609,pacers,mobile,3125.0,461.0,794.0,14.75,40.16,-3.94
PC250826,PC250826_R6,PC250826_R6_RIO DE JANEIRO BLUE NZ,Menangle,2026-08-25,Day,Day,6,4:37 PM,2026-08-25T06:37:00+00:00,2026-08-25T16:37:00+10:00,6,RIO DE JANEIRO BLUE NZ,Pryde's Stamina Pace,1609,"$9,996",Fr6,Leon Jurd,Chris Geary,PACERS,Mobile,NSW,,,False,NR50,88637,For horses with 5+ LTWs. No Concessions. A 1% deduction for Equine Rehoming will be applied to all prizemoney prior to distribution.,3YO and older. 2LTW. Also eligible 3yo+ NR.55. RBD. Pacers,5289,/rio-de-janeiro-blue-nz,/leon-jurd,/chris-geary,"RED, BLACK DIAMOND WITH WHITE OUTLINE, RED SLEEVES, BLACK STRIPE WITH WHITE OUTLINE",,,PE200826,PEC20082604,7,Penrith,2026-08-20,Menangle_1609,Menangle_1609_pacers_mobile,3680,3132,0.0,27.3,29.6,28.2,27.6,menangle,1609,pacers,mobile,3111.0,409.0,758.0,13.15,37.51,-11.56
PC250826,PC250826_R6,PC250826_R6_AGIFTFROMTHEANGELS,Menangle,2026-08-25,Day,Day,6,4:37 PM,2026-08-25T06:37:00+00:00,2026-08-25T16:37:00+10:00,7,AGIFTFROMTHEANGELS,Pryde's Stamina Pace,1609,"$9,996",Fr7,Grace Panella,,PACERS,Mobile,NSW,,,False,NR51,16676,For horses with 5+ LTWs. No Concessions. A 1% deduction for Equine Rehoming will be applied to all prizemoney prior to distribution.,3YO and older. 2LTW. Also eligible 3yo+ NR.55. RBD. Pacers,2354,/agiftfromtheangels,/grace-panella,,,,,NR210826,NRC21082604,6,Newcastle,2026-08-21,Menangle_1609,Menangle_1609_pacers_mobile,3680,3132,0.0,27.3,29.6,28.2,27.6,menangle,1609,pacers,mobile,3054.0,373.0,715.0,12.21,35.63,-10.52
PC250826,PC250826_R6,PC250826_R6_BIRDY GAL,Menangle,2026-08-25,Day,Day,6,4:37 PM,2026-08-25T06:37:00+00:00,2026-08-25T16:37:00+10:00,8,BIRDY GAL,Pryde's Stamina Pace,1609,"$9,996",Fr8,George Duncan,Vaughan Duncan,PACERS,Mobile,NSW,,,False,NR51,42221,For horses with 5+ LTWs. No Concessions. A 1% deduction for Equine Rehoming will be applied to all prizemoney prior to distribution.,3YO and older. 2LTW. Also eligible 3yo+ NR.55. RBD. Pacers,6813,/birdy-gal,/george-duncan,/vaughan-duncan,"BROWN, PINK YOKE & BRACES, BROWN HORSESHOES, GOLD TRIM, BROWN SLEEVES, PINK CUFFS",,,PC180826,PCC18082601,1,Tabcorp Pk Menangle,2026-08-18,Menangle_1609,Menangle_1609_pacers_mobile,3680,3132,0.0,27.3,29.6,28.2,27.6,menangle,1609,pacers,mobile,2869.0,277.0,607.0,9.65,30.81,-18.94
PC250826,PC250826_R6,PC250826_R6_PARALLEL,Menangle,2026-08-25,Day,Day,6,4:37 PM,2026-08-25T06:37:00+00:00,2026-08-25T16:37:00+10:00,9,PARALLEL,Pryde's Stamina Pace,1609,"$9,996",Fr9,KerryAnn Morris,Robert Morris,PACERS,Mobile,NSW,,,False,NR49,16234,For horses with 5+ LTWs. No Concessions. A 1% deduction for Equine Rehoming will be applied to all prizemoney prior to distribution.,3YO and older. 2LTW. Also eligible 3yo+ NR.55. RBD. Pacers,5045,/parallel,/kerryann-morris,/robert-morris,"BLACK WITH ORANGE YOKE & BRACES, BLACK SLEEVES WITH ORANGE CUFFS",,,PC180826,PCC18082602,4,Tabcorp Pk Menangle,2026-08-18,Menangle_1609,Menangle_1609_pacers_mobile,3680,3132,0.0,27.3,29.6,28.2,27.6,menangle,1609,pacers,mobile,2439.0,255.0,445.0,10.46,28.7,-8.71
PC250826,PC250826_R6,PC250826_R6_SMOKESCREEN,Menangle,2026-08-25,Day,Day,6,4:37 PM,2026-08-25T06:37:00+00:00,2026-08-25T16:37:00+10:00,10,SMOKESCREEN,Pryde's Stamina Pace,1609,"$9,996",Fr10,Troy Williams,Joshua Gallagher,PACERS,Mobile,NSW,,,False,NR52,91769,For horses with 5+ LTWs. No Concessions. A 1% deduction for Equine Rehoming will be applied to all prizemoney prior to distribution.,3YO and older. 2LTW. Also eligible 3yo+ NR.55. RBD. Pacers,137618,/smokescreen,/troy-williams,/joshua-gallagher,"BLUE WITH GREEN YOKE, GREEN BRACES, GREEN WAISTBAND, WHITE DIAMONDS, BLUE SLEEVES WITH GREEN CUFFS",,ODM,PC180826,PCC18082612,9,Tabcorp Pk Menangle,2026-08-18,Menangle_1609,Menangle_1609_pacers_mobile,3680,3132,0.0,27.3,29.6,28.2,27.6,menangle,1609,pacers,mobile,1625.0,152.0,249.0,9.35,24.68,-8.45
PC250826,PC250826_R7,PC250826_R7_KEAYANG SANTIAGO,Menangle,2026-08-25,Day,Day,7,5:13 PM,2026-08-25T07:13:00+00:00,2026-08-25T17:13:00+10:00,1,KEAYANG SANTIAGO,Bubba Gump Pest Control Pace,1609,"$9,996",Fr1,Bailey McDonough,Bailey McDonough,PACERS,Mobile,NSW,,,False,NR59,2540s,"Dual Concessions apply (Driver, Mare). A 1% deduction for Equine Rehoming will be applied to all prizemoney prior to distribution.",NR up to 64. PBD/NR. Pacers,4427,/keayang-santiago,/bailey-mcdonough,/bailey-mcdonough,"BLACK, WHITE TRIM, WHITE COLLAR, RED TRIM, BLACK SLEEVES, WHITE CUFFS, RED TRIM, WHITE INITIAL ""M""",,,PE180626,PEC18062617,10,Penrith,2026-06-18,Menangle_1609,Menangle_1609_pacers_mobile,3680,3132,0.0,27.3,29.6,28.2,27.6,menangle,1609,pacers,mobile,3128.0,263.0,643.0,8.41,28.96,-32.57
PC250826,PC250826_R7,PC250826_R7_UNCLE TIGER,Menangle,2026-08-25,Day,Day,7,5:13 PM,2026-08-25T07:13:00+00:00,2026-08-25T17:13:00+10:00,2,UNCLE TIGER,Bubba Gump Pest Control Pace,1609,"$9,996",Fr2,David Aiken,Jai Meikle,PACERS,Mobile,NSW,,,False,NR65 (A60),02104,"Dual Concessions apply (Driver, Mare). A 1% deduction for Equine Rehoming will be applied to all prizemoney prior to distribution.",NR up to 64. PBD/NR. Pacers,12196,/uncle-tiger,/david-aiken,/jai-meikle,"WHITE, YELLOW STARS & BRACES, YELLOW SLEEVES WITH BLUE STRIPE & CUFFS",,,PC180826,PCC18082603,4,Tabcorp Pk Menangle,2026-08-18,Menangle_1609,Menangle_1609_pacers_mobile,3680,3132,0.0,27.3,29.6,28.2,27.6,menangle,1609,pacers,mobile,3131.0,272.0,683.0,8.69,30.5,-31.96
PC250826,PC250826_R7,PC250826_R7_SPIRIT OF ARION NZ,Menangle,2026-08-25,Day,Day,7,5:13 PM,2026-08-25T07:13:00+00:00,2026-08-25T17:13:00+10:00,3,SPIRIT OF ARION NZ,Bubba Gump Pest Control Pace,1609,"$9,996",Fr3,Leon Jurd,Cooper Griffiths,PACERS,Mobile,NSW,,,False,NR65 (A60),98763,"Dual Concessions apply (Driver, Mare). A 1% deduction for Equine Rehoming will be applied to all prizemoney prior to distribution.",NR up to 64. PBD/NR. Pacers,6236,/spirit-of-arion-nz,/leon-jurd,/cooper-griffiths,"BLUE & WHITE VERTICAL STRIPES, BLACK YOKE, THREE WHITE DIAMONDS, BLACK SLEEVES, BLUE CUFFS",,,PC180826,PCC18082603,3,Tabcorp Pk Menangle,2026-08-18,Menangle_1609,Menangle_1609_pacers_mobile,3680,3132,0.0,27.3,29.6,28.2,27.6,menangle,1609,pacers,mobile,3132.0,332.0,691.0,10.6,32.66,-24.49
PC250826,PC250826_R7,PC250826_R7_LOVE A BELLE,Menangle,2026-08-25,Day,Day,7,5:13 PM,2026-08-25T07:13:00+00:00,2026-08-25T17:13:00+10:00,4,LOVE A BELLE,Bubba Gump Pest Control Pace,1609,"$9,996",Fr4,Chris Judd,Mason Bigeni,PACERS,Mobile,NSW,,,False,NR70 (A60),06431,"Dual Concessions apply (Driver, Mare). A 1% deduction for Equine Rehoming will be applied to all prizemoney prior to distribution.",NR up to 64. PBD/NR. Pacers,4781,/love-a-belle,/chris-judd,/mason-bigeni,"BLUE, WHITE YOKE & BRACES, BLUE DIAMONDS, BLACK SLEEVES, 'MB' INITIALS",,,PC180826,PCC18082612,1,Tabcorp Pk Menangle,2026-08-18,Menangle_1609,Menangle_1609_pacers_mobile,3680,3132,0.0,27.3,29.6,28.2,27.6,menangle,1609,pacers,mobile,3130.0,327.0,679.0,10.45,32.14,-25.3
PC250826,PC250826_R7,PC250826_R7_LOCHINVAR MARCELLO,Menangle,2026-08-25,Day,Day,7,5:13 PM,2026-08-25T07:13:00+00:00,2026-08-25T17:13:00+10:00,5,LOCHINVAR MARCELLO,Bubba Gump Pest Control Pace,1609,"$9,996",Fr5,KerryAnn Morris,Robert Morris,PACERS,Mobile,NSW,,,False,NR61,13344,"Dual Concessions apply (Driver, Mare). A 1% deduction for Equine Rehoming will be applied to all prizemoney prior to distribution.",NR up to 64. PBD/NR. Pacers,440253,/lochinvar-marcello,/kerryann-morris,/robert-morris,"BLACK WITH ORANGE YOKE & BRACES, BLACK SLEEVES WITH ORANGE CUFFS",,,PC080826,PCM08082610,4,Tabcorp Pk Menangle,2026-08-08,Menangle_1609,Menangle_1609_pacers_mobile,3680,3132,0.0,27.3,29.6,28.2,27.6,menangle,1609,pacers,mobile,3125.0,461.0,794.0,14.75,40.16,-3.94
PC250826,PC250826_R7,PC250826_R7_EBONY KARALTA,Menangle,2026-08-25,Day,Day,7,5:13 PM,2026-08-25T07:13:00+00:00,2026-08-25T17:13:00+10:00,6,EBONY KARALTA,Bubba Gump Pest Control Pace,1609,"$9,996",Fr6,James Rattray,James Rattray,PACERS,Mobile,NSW,,,False,NR62,98536,"Dual Concessions apply (Driver, Mare). A 1% deduction for Equine Rehoming will be applied to all prizemoney prior to distribution.",NR up to 64. PBD/NR. Pacers,12125,/ebony-karalta,/james-rattray,/james-rattray,"RED, WHITE YOKE, BLUE BRACES, DIAMONDS & WAISTBAND, RED SLEEVES, WHITE ""R"" & CUFFS",,,PC010826,PCM01082614,6,Tabcorp Pk Menangle,2026-08-01,Menangle_1609,Menangle_1609_pacers_mobile,3680,3132,0.0,27.3,29.6,28.2,27.6,menangle,1609,pacers,mobile,3111.0,409.0,758.0,13.15,37.51,-11.56
PC250826,PC250826_R7,PC250826_R7_RADIANT AMBER,Menangle,2026-08-25,Day,Day,7,5:13 PM,2026-08-25T07:13:00+00:00,2026-08-25T17:13:00+10:00,7,RADIANT AMBER,Bubba Gump Pest Control Pace,1609,"$9,996",Fr7,Grace Panella,Blake Hughes,PACERS,Mobile,NSW,,,False,NR67 (A62),79852,"Dual Concessions apply (Driver, Mare). A 1% deduction for Equine Rehoming will be applied to all prizemoney prior to distribution.",NR up to 64. PBD/NR. Pacers,6795,/radiant-amber,/grace-panella,/blake-hughes,,,,NR070826,NRC07082608,2,Newcastle,2026-08-07,Menangle_1609,Menangle_1609_pacers_mobile,3680,3132,0.0,27.3,29.6,28.2,27.6,menangle,1609,pacers,mobile,3054.0,373.0,715.0,12.21,35.63,-10.52
PC250826,PC250826_R7,PC250826_R7_WE ALWAYS HAVE FAITH NZ,Menangle,2026-08-25,Day,Day,7,5:13 PM,2026-08-25T07:13:00+00:00,2026-08-25T17:13:00+10:00,8,WE ALWAYS HAVE FAITH NZ,Bubba Gump Pest Control Pace,1609,"$9,996",Fr8,Troy Williams,Vaughan Duncan,PACERS,Mobile,NSW,,,False,NR63,68808,"Dual Concessions apply (Driver, Mare). A 1% deduction for Equine Rehoming will be applied to all prizemoney prior to distribution.",NR up to 64. PBD/NR. Pacers,8428,/we-always-have-faith-nz,/troy-williams,/vaughan-duncan,"BROWN, PINK YOKE & BRACES, BROWN HORSESHOES, GOLD TRIM, BROWN SLEEVES, PINK CUFFS",,,PC180826,PCC18082603,8,Tabcorp Pk Menangle,2026-08-18,Menangle_1609,Menangle_1609_pacers_mobile,3680,3132,0.0,27.3,29.6,28.2,27.6,menangle,1609,pacers,mobile,2869.0,277.0,607.0,9.65,30.81,-18.94
PC250826,PC250826_R7,PC250826_R7_CREDULOUS,Menangle,2026-08-25,Day,Day,7,5:13 PM,2026-08-25T07:13:00+00:00,2026-08-25T17:13:00+10:00,9,CREDULOUS,Bubba Gump Pest Control Pace,1609,"$9,996",Fr9,KerryAnn Morris,Joshua Gallagher,PACERS,Mobile,NSW,,,False,NR68 (A63),19669,"Dual Concessions apply (Driver, Mare). A 1% deduction for Equine Rehoming will be applied to all prizemoney prior to distribution.",NR up to 64. PBD/NR. Pacers,2459,/credulous,/kerryann-morris,/joshua-gallagher,"BLUE WITH GREEN YOKE, GREEN BRACES, GREEN WAISTBAND, WHITE DIAMONDS, BLUE SLEEVES WITH GREEN CUFFS",,,PC180826,PCC18082603,9,Tabcorp Pk Menangle,2026-08-18,Menangle_1609,Menangle_1609_pacers_mobile,3680,3132,0.0,27.3,29.6,28.2,27.6,menangle,1609,pacers,mobile,2439.0,255.0,445.0,10.46,28.7,-8.71
PC250826,PC250826_R7,PC250826_R7_ROCKIN BULL,Menangle,2026-08-25,Day,Day,7,5:13 PM,2026-08-25T07:13:00+00:00,2026-08-25T17:13:00+10:00,10,ROCKIN BULL,Bubba Gump Pest Control Pace,1609,"$9,996",Fr10,Seaton Grima,Jason Grimson,PACERS,Mobile,NSW,,,False,NR63,74331,"Dual Concessions apply (Driver, Mare). A 1% deduction for Equine Rehoming will be applied to all prizemoney prior to distribution.",NR up to 64. PBD/NR. Pacers,60352,/rockin-bull,/seaton-grima,/jason-grimson,"BLACK, YELLOW YOKE & BRACES, BLACK HORSESHOES, BLACK & YELLOW HALF SLEEVES",,,NR140826,NRC14082606,1,Newcastle,2026-08-14,Menangle_1609,Menangle_1609_pacers_mobile,3680,3132,0.0,27.3,29.6,28.2,27.6,menangle,1609,pacers,mobile,1625.0,152.0,249.0,9.35,24.68,-8.45
PC250826,PC250826_R8,PC250826_R8_RED REACTOR NZ,Menangle,2026-08-25,Day,Day,8,5:39 PM,2026-08-25T07:39:00+00:00,2026-08-25T17:39:00+10:00,1,RED REACTOR NZ,Success Stud All Your Horse Breeding Needs Pace,1609,"$9,996",Fr1,Ian Wilson,Jim Douglass,PACERS,Mobile,NSW,,,False,NR66,70574,"Dual Concessions apply (Driver, Mare). Also eligible, Pacers balloted from Menangle on 22/08/2026 with NR up to 80. A 1% deduction for Equine Rehoming will be applied to all prizemoney prior to distribution.",NR up to 75. PBD/L5$. Pacers,2073,/red-reactor-nz,/ian-wilson,/jim-douglass,"DARK BLUE, LIGHT BLUE LIGHTNING BOLT & ARMBAND",,,PE130826,PEC13082618,4,Penrith,2026-08-13,Menangle_1609,Menangle_1609_pacers_mobile,3680,3132,0.0,27.3,29.6,28.2,27.6,menangle,1609,pacers,mobile,3128.0,263.0,643.0,8.41,28.96,-32.57
PC250826,PC250826_R8,PC250826_R8_MONTALBANO,Menangle,2026-08-25,Day,Day,8,5:39 PM,2026-08-25T07:39:00+00:00,2026-08-25T17:39:00+10:00,2,MONTALBANO,Success Stud All Your Horse Breeding Needs Pace,1609,"$9,996",Fr2,Chris Judd,Jye Coney,PACERS,Mobile,NSW,,,False,NR78,75727,"Dual Concessions apply (Driver, Mare). Also eligible, Pacers balloted from Menangle on 22/08/2026 with NR up to 80. A 1% deduction for Equine Rehoming will be applied to all prizemoney prior to distribution.",NR up to 75. PBD/L5$. Pacers,5296,/montalbano,/chris-judd,/jye-coney,"BLACK, BLUE YOKE & BRACES, WHITE HORSESHOES, BLUE SLEEVES, BLACK CUFFS",,,PC180826,PCC18082604,7,Tabcorp Pk Menangle,2026-08-18,Menangle_1609,Menangle_1609_pacers_mobile,3680,3132,0.0,27.3,29.6,28.2,27.6,menangle,1609,pacers,mobile,3131.0,272.0,683.0,8.69,30.5,-31.96
PC250826,PC250826_R8,PC250826_R8_OUTSIDE FIGHTER,Menangle,2026-08-25,Day,Day,8,5:39 PM,2026-08-25T07:39:00+00:00,2026-08-25T17:39:00+10:00,3,OUTSIDE FIGHTER,Success Stud All Your Horse Breeding Needs Pace,1609,"$9,996",Fr3,Julie Henman,Jack Callaghan,PACERS,Mobile,NSW,,,False,NR75,95264,"Dual Concessions apply (Driver, Mare). Also eligible, Pacers balloted from Menangle on 22/08/2026 with NR up to 80. A 1% deduction for Equine Rehoming will be applied to all prizemoney prior to distribution.",NR up to 75. PBD/L5$. Pacers,5250,/outside-fighter,/julie-henman,/jack-callaghan,"BLACK WITH YELLOW BRACES & DIAMONDS, RED TRIM, YELLOW & BLACK SLEEVES WITH ""JC"" INITIALS & RED TRIM",,,PC180826,PCC18082604,4,Tabcorp Pk Menangle,2026-08-18,Menangle_1609,Menangle_1609_pacers_mobile,3680,3132,0.0,27.3,29.6,28.2,27.6,menangle,1609,pacers,mobile,3132.0,332.0,691.0,10.6,32.66,-24.49
PC250826,PC250826_R8,PC250826_R8_LAYDEN,Menangle,2026-08-25,Day,Day,8,5:39 PM,2026-08-25T07:39:00+00:00,2026-08-25T17:39:00+10:00,4,LAYDEN,Success Stud All Your Horse Breeding Needs Pace,1609,"$9,996",Fr4,Jarrod Alchin,Cameron Hart,PACERS,Mobile,NSW,,,False,NR73,09238,"Dual Concessions apply (Driver, Mare). Also eligible, Pacers balloted from Menangle on 22/08/2026 with NR up to 80. A 1% deduction for Equine Rehoming will be applied to all prizemoney prior to distribution.",NR up to 75. PBD/L5$. Pacers,2621,/layden,/jarrod-alchin,/cameron-hart,"BLUE, RED STAR & SLEEVES",,,PC110826,PCC11082604,8,Tabcorp Pk Menangle,2026-08-11,Menangle_1609,Menangle_1609_pacers_mobile,3680,3132,0.0,27.3,29.6,28.2,27.6,menangle,1609,pacers,mobile,3130.0,327.0,679.0,10.45,32.14,-25.3
PC250826,PC250826_R8,PC250826_R8_MONTEFIORE NZ,Menangle,2026-08-25,Day,Day,8,5:39 PM,2026-08-25T07:39:00+00:00,2026-08-25T17:39:00+10:00,5,MONTEFIORE NZ,Success Stud All Your Horse Breeding Needs Pace,1609,"$9,996",Fr5,David Thorn,Blake Fitzpatrick,PACERS,Mobile,NSW,,,False,NR73,37r65,"Dual Concessions apply (Driver, Mare). Also eligible, Pacers balloted from Menangle on 22/08/2026 with NR up to 80. A 1% deduction for Equine Rehoming will be applied to all prizemoney prior to distribution.",NR up to 75. PBD/L5$. Pacers,5150,/montefiore-nz,/david-thorn,/blake-fitzpatrick,"BLACK & ORANGE DIAMONDS, ORANGE SLEEVES",,,PC180826,PCC18082604,5,Tabcorp Pk Menangle,2026-08-18,Menangle_1609,Menangle_1609_pacers_mobile,3680,3132,0.0,27.3,29.6,28.2,27.6,menangle,1609,pacers,mobile,3125.0,461.0,794.0,14.75,40.16,-3.94
PC250826,PC250826_R8,PC250826_R8_CAPTAIN KOBE NZ,Menangle,2026-08-25,Day,Day,8,5:39 PM,2026-08-25T07:39:00+00:00,2026-08-25T17:39:00+10:00,6,CAPTAIN KOBE NZ,Success Stud All Your Horse Breeding Needs Pace,1609,"$9,996",Fr6,Luke McCarthy,Luke McCarthy,PACERS,Mobile,NSW,,,False,NR68,3285s,"Dual Concessions apply (Driver, Mare). Also eligible, Pacers balloted from Menangle on 22/08/2026 with NR up to 80. A 1% deduction for Equine Rehoming will be applied to all prizemoney prior to distribution.",NR up to 75. PBD/L5$. Pacers,436925,/captain-kobe-nz-436925,/luke-mccarthy,/luke-mccarthy,,,,RN170526,RNC17052611,5,Rangiora,2026-05-17,Menangle_1609,Menangle_1609_pacers_mobile,3680,3132,0.0,27.3,29.6,28.2,27.6,menangle,1609,pacers,mobile,3111.0,409.0,758.0,13.15,37.51,-11.56
PC250826,PC250826_R8,PC250826_R8_CASH AND BLING,Menangle,2026-08-25,Day,Day,8,5:39 PM,2026-08-25T07:39:00+00:00,2026-08-25T17:39:00+10:00,7,CASH AND BLING,Success Stud All Your Horse Breeding Needs Pace,1609,"$9,996",Fr7,Darren Binskin,Ashleigh Delosa,PACERS,Mobile,NSW,,,False,NR70,62855,"Dual Concessions apply (Driver, Mare). Also eligible, Pacers balloted from Menangle on 22/08/2026 with NR up to 80. A 1% deduction for Equine Rehoming will be applied to all prizemoney prior to distribution.",NR up to 75. PBD/L5$. Pacers,5455,/cash-and-bling,/darren-binskin,/ashleigh-delosa,"RED, BLACK DIAMOND WITH WHITE OUTLINE, RED SLEEVES, BLACK STRIPE WITH WHITE OUTLINE",,,PC220826,PCM22082612,5,Tabcorp Pk Menangle,2026-08-22,Menangle_1609,Menangle_1609_pacers_mobile,3680,3132,0.0,27.3,29.6,28.2,27.6,menangle,1609,pacers,mobile,3054.0,373.0,715.0,12.21,35.63,-10.52
PC250826,PC250826_R8,PC250826_R8_HEZATREACHEROUS,Menangle,2026-08-25,Day,Day,8,5:39 PM,2026-08-25T07:39:00+00:00,2026-08-25T17:39:00+10:00,8,HEZATREACHEROUS,Success Stud All Your Horse Breeding Needs Pace,1609,"$9,996",Fr8,KerryAnn Morris,Robert Morris,PACERS,Mobile,NSW,,,False,NR73,478s9,"Dual Concessions apply (Driver, Mare). Also eligible, Pacers balloted from Menangle on 22/08/2026 with NR up to 80. A 1% deduction for Equine Rehoming will be applied to all prizemoney prior to distribution.",NR up to 75. PBD/L5$. Pacers,119121,/hezatreacherous,/kerryann-morris,/robert-morris,"RED & WHITE DIAGONAL STRIPES, RED SLEEVES",,,PC180826,PCC18082604,9,Tabcorp Pk Menangle,2026-08-18,Menangle_1609,Menangle_1609_pacers_mobile,3680,3132,0.0,27.3,29.6,28.2,27.6,menangle,1609,pacers,mobile,2869.0,277.0,607.0,9.65,30.81,-18.94
PC250826,PC250826_R8,PC250826_R8_ROMANEE NZ,Menangle,2026-08-25,Day,Day,8,5:39 PM,2026-08-25T07:39:00+00:00,2026-08-25T17:39:00+10:00,9,ROMANEE NZ,Success Stud All Your Horse Breeding Needs Pace,1609,"$9,996",Fr9,Mark Lefoe,Mason Bigeni,PACERS,Mobile,NSW,,,False,NR71,78841,"Dual Concessions apply (Driver, Mare). Also eligible, Pacers balloted from Menangle on 22/08/2026 with NR up to 80. A 1% deduction for Equine Rehoming will be applied to all prizemoney prior to distribution.",NR up to 75. PBD/L5$. Pacers,2145,/romanee-nz,/mark-lefoe,/mason-bigeni,"DARK BLUE, WHITE HORSESHOES, LIGHT BLUE SLEEVES",,,PC180826,PCC18082603,1,Tabcorp Pk Menangle,2026-08-18,Menangle_1609,Menangle_1609_pacers_mobile,3680,3132,0.0,27.3,29.6,28.2,27.6,menangle,1609,pacers,mobile,2439.0,255.0,445.0,10.46,28.7,-8.71
PC250826,PC250826_R8,PC250826_R8_PARTY CENTRAL NZ,Menangle,2026-08-25,Day,Day,8,5:39 PM,2026-08-25T07:39:00+00:00,2026-08-25T17:39:00+10:00,10,PARTY CENTRAL NZ,Success Stud All Your Horse Breeding Needs Pace,1609,"$9,996",Fr10,Jason Grimson,Cameron Hart,PACERS,Mobile,NSW,,,False,NR72,53154,"Dual Concessions apply (Driver, Mare). Also eligible, Pacers balloted from Menangle on 22/08/2026 with NR up to 80. A 1% deduction for Equine Rehoming will be applied to all prizemoney prior to distribution.",NR up to 75. PBD/L5$. Pacers,437804,/party-central-nz,/jason-grimson,/cameron-hart,"BLUE WITH YELLOW YOKE & BRACES, BLUE STARS, BLUE SLEEVES WITH YELLOW ""H"" AND YELLOW CUFFS",,,PC150826,PCM15082605,4,Tabcorp Pk Menangle,2026-08-15,Menangle_1609,Menangle_1609_pacers_mobile,3680,3132,0.0,27.3,29.6,28.2,27.6,menangle,1609,pacers,mobile,1625.0,152.0,249.0,9.35,24.68,-8.45
PP250826,PP250826_R1,PP250826_R1_SPORTSFLIGHT,Port Pirie,2026-08-25,Night,Night,1,5:51 PM,2026-08-25T08:21:00+00:00,2026-08-25T18:21:00+10:00,1,SPORTSFLIGHT,'The Radiant' October 10 Pace,1609,"$5,000",Fr1,Mick Darling,Wayne Hill,PACERS,Mobile,SA,,,False,NR46 (A41),15442,"*Local Ratings Concessions apply. *Barrier draw as follows: Horses rated 41 to 44 to be drawn randomly as a group, followed by horses rated 45 to 47.",NR 41 to 47. PBD/NR(41-44)/NR(45-47). Pacers,111101,/sportsflight,/mick-darling,/wayne-hill,"ORANGE, YELLOW SLEEVES",,,PP110826,PPC11082603,2,Port Pirie,2026-08-11,Port Pirie_1609,Port Pirie_1609_pacers_mobile,402,397,0.0,28.7,31.7,28.7,29.6,port pirie,1609,pacers,mobile,397.0,37.0,119.0,9.32,39.29,-41.55
PP250826,PP250826_R1,PP250826_R1_WHATA OPTIMIST,Port Pirie,2026-08-25,Night,Night,1,5:51 PM,2026-08-25T08:21:00+00:00,2026-08-25T18:21:00+10:00,2,WHATA OPTIMIST,'The Radiant' October 10 Pace,1609,"$5,000",Fr2,Reece Moore,Michael A Smith,PACERS,Mobile,SA,,,False,NR44,58116,"*Local Ratings Concessions apply. *Barrier draw as follows: Horses rated 41 to 44 to be drawn randomly as a group, followed by horses rated 45 to 47.",NR 41 to 47. PBD/NR(41-44)/NR(45-47). Pacers,3954,/whata-optimist,/reece-moore,/michael-a-smith,"GOLD, BLACK HRSA LOGO, RAINBOW STAR & STARRED SLEEVES",,,GD220826,GDC22082605,6,Globe Derby Park,2026-08-22,Port Pirie_1609,Port Pirie_1609_pacers_mobile,402,397,0.0,28.7,31.7,28.7,29.6,port pirie,1609,pacers,mobile,397.0,56.0,115.0,14.11,43.07,-15.62
PP250826,PP250826_R1,PP250826_R1_MALACHITE ROCK,Port Pirie,2026-08-25,Night,Night,1,5:51 PM,2026-08-25T08:21:00+00:00,2026-08-25T18:21:00+10:00,3,MALACHITE ROCK,'The Radiant' October 10 Pace,1609,"$5,000",Fr3,Lars Ahlfors,Kevin Weidenbach,PACERS,Mobile,SA,,,False,NR42,65437,"*Local Ratings Concessions apply. *Barrier draw as follows: Horses rated 41 to 44 to be drawn randomly as a group, followed by horses rated 45 to 47.",NR 41 to 47. PBD/NR(41-44)/NR(45-47). Pacers,3929,/malachite-rock,/lars-ahlfors,/kevin-weidenbach,"BLUE, WHITE TRIANGLE & SLEEVES",,,GD100826,GDC10082611,7,Globe Derby Park,2026-08-10,Port Pirie_1609,Port Pirie_1609_pacers_mobile,402,397,0.0,28.7,31.7,28.7,29.6,port pirie,1609,pacers,mobile,397.0,58.0,109.0,14.61,42.07,-20.34
PP250826,PP250826_R1,PP250826_R1_LORD VERDE NZ,Port Pirie,2026-08-25,Night,Night,1,5:51 PM,2026-08-25T08:21:00+00:00,2026-08-25T18:21:00+10:00,4,LORD VERDE NZ,'The Radiant' October 10 Pace,1609,"$5,000",Fr4,Reece Moore,Reece Moore,PACERS,Mobile,SA,,,False,NR41,32788,"*Local Ratings Concessions apply. *Barrier draw as follows: Horses rated 41 to 44 to be drawn randomly as a group, followed by horses rated 45 to 47.",NR 41 to 47. PBD/NR(41-44)/NR(45-47). Pacers,1579,/lord-verde-nz,/reece-moore,/reece-moore,"LIGHT BLUE, PURPLE CROSSED SASHES, NAVY BLUE SLEEVES",,,GD220826,GDC22082606,8,Globe Derby Park,2026-08-22,Port Pirie_1609,Port Pirie_1609_pacers_mobile,402,397,0.0,28.7,31.7,28.7,29.6,port pirie,1609,pacers,mobile,395.0,70.0,118.0,17.72,47.59,-10.91
PP250826,PP250826_R1,PP250826_R1_LONESTAR WARRIOR,Port Pirie,2026-08-25,Night,Night,1,5:51 PM,2026-08-25T08:21:00+00:00,2026-08-25T18:21:00+10:00,5,LONESTAR WARRIOR,'The Radiant' October 10 Pace,1609,"$5,000",Fr5,Nick Tardio,Danielle Hill,PACERS,Mobile,SA,,,False,NR53 (A46),37648,"*Local Ratings Concessions apply. *Barrier draw as follows: Horses rated 41 to 44 to be drawn randomly as a group, followed by horses rated 45 to 47.",NR 41 to 47. PBD/NR(41-44)/NR(45-47). Pacers,11176,/lonestar-warrior,/nick-tardio,/danielle-hill,"ROYAL BLUE, GREEN V, PURPLE SLEEVES, BLUE STRIPE",,,GD010826,GDC01082609,8,Globe Derby Park,2026-08-01,Port Pirie_1609,Port Pirie_1609_pacers_mobile,402,397,0.0,28.7,31.7,28.7,29.6,port pirie,1609,pacers,mobile,380.0,62.0,122.0,16.32,48.42,-18.99
PP250826,PP250826_R1,PP250826_R1_ELLA KATE,Port Pirie,2026-08-25,Night,Night,1,5:51 PM,2026-08-25T08:21:00+00:00,2026-08-25T18:21:00+10:00,6,ELLA KATE,'The Radiant' October 10 Pace,1609,"$5,000",Fr6,Dale Afford,Dale Afford,PACERS,Mobile,SA,,,False,NR57 (A45),52121,"*Local Ratings Concessions apply. *Barrier draw as follows: Horses rated 41 to 44 to be drawn randomly as a group, followed by horses rated 45 to 47.",NR 41 to 47. PBD/NR(41-44)/NR(45-47). Pacers,439932,/ella-kate,/dale-afford,/dale-afford,"GREEN, RED STARS",,,AW170826,AWC17082601,1,Gawler,2026-08-17,Port Pirie_1609,Port Pirie_1609_pacers_mobile,402,397,0.0,28.7,31.7,28.7,29.6,port pirie,1609,pacers,mobile,277.0,51.0,68.0,18.41,42.96,-4.54
PP250826,PP250826_R1,PP250826_R1_TWO WAY WONDER,Port Pirie,2026-08-25,Night,Night,1,5:51 PM,2026-08-25T08:21:00+00:00,2026-08-25T18:21:00+10:00,7,TWO WAY WONDER,'The Radiant' October 10 Pace,1609,"$5,000",Sr1,Francesca Carbone,Corey Johnson,PACERS,Mobile,SA,,,False,NR44,71559,"*Local Ratings Concessions apply. *Barrier draw as follows: Horses rated 41 to 44 to be drawn randomly as a group, followed by horses rated 45 to 47.",NR 41 to 47. PBD/NR(41-44)/NR(45-47). Pacers,1052,/two-way-wonder,/francesca-carbone,/corey-johnson,"GOLD, RED STRIPES",,,AW170826,AWC17082606,9,Gawler,2026-08-17,Port Pirie_1609,Port Pirie_1609_pacers_mobile,402,397,0.0,28.7,31.7,28.7,29.6,port pirie,1609,pacers,mobile,272.0,35.0,70.0,12.87,38.6,-4.73
PP250826,PP250826_R1,PP250826_R1_WINSTON ALEXANDER,Port Pirie,2026-08-25,Night,Night,1,5:51 PM,2026-08-25T08:21:00+00:00,2026-08-25T18:21:00+10:00,8,WINSTON ALEXANDER,'The Radiant' October 10 Pace,1609,"$5,000",Sr2,Leah Holman,Todd Mumford,PACERS,Mobile,SA,,,False,NR46,51s75,"*Local Ratings Concessions apply. *Barrier draw as follows: Horses rated 41 to 44 to be drawn randomly as a group, followed by horses rated 45 to 47.",NR 41 to 47. PBD/NR(41-44)/NR(45-47). Pacers,10673,/winston-alexander,/leah-holman,/todd-mumford,"GOLD, RED LIGHTNING BOLT",,,PP110826,PPC11082603,5,Port Pirie,2026-08-11,Port Pirie_1609,Port Pirie_1609_pacers_mobile,402,397,0.0,28.7,31.7,28.7,29.6,port pirie,1609,pacers,mobile,171.0,17.0,47.0,9.94,37.43,-23.74
PP250826,PP250826_R2,PP250826_R2_MACHETE ROULETTE,Port Pirie,2026-08-25,Night,Night,2,6:21 PM,2026-08-25T08:51:00+00:00,2026-08-25T18:51:00+10:00,1,MACHETE ROULETTE,Fleurieu Civil Pace,1609,"$5,000",Fr1,Dale Afford,Dale Afford,PACERS,Mobile,SA,,,False,NR61 (A51),3237s,"*Local Ratings Concessions apply. *Barrier draw as follows: Horses rated 48 to 51 to be drawn randomly as a group, followed by horses rated 52 to 55.",NR 48 to 55. PBD/NR(48-51)/NR(52-55). Pacers,58720,/machete-roulette,/dale-afford,/dale-afford,"GREEN, RED STARS",,,GD230526,GDC23052609,7,Globe Derby Park,2026-05-23,Port Pirie_1609,Port Pirie_1609_pacers_mobile,402,397,0.0,28.7,31.7,28.7,29.6,port pirie,1609,pacers,mobile,397.0,37.0,119.0,9.32,39.29,-41.55
PP250826,PP250826_R2,PP250826_R2_UPRIGHT,Port Pirie,2026-08-25,Night,Night,2,6:21 PM,2026-08-25T08:51:00+00:00,2026-08-25T18:51:00+10:00,2,UPRIGHT,Fleurieu Civil Pace,1609,"$5,000",Fr2,Kevin Weidenbach,Kevin Weidenbach,PACERS,Mobile,SA,,,False,NR53 (A51),31111,"*Local Ratings Concessions apply. *Barrier draw as follows: Horses rated 48 to 51 to be drawn randomly as a group, followed by horses rated 52 to 55.",NR 48 to 55. PBD/NR(48-51)/NR(52-55). Pacers,3593,/upright,/kevin-weidenbach,/kevin-weidenbach,"ORANGE, BLACK & WHITE CHECKED SASH, ORANGE SLEEVES WITH BLACK STRIPE, BLACK WAISTBAND,COLLAR & CUFFS",,,PP110826,PPC11082603,1,Port Pirie,2026-08-11,Port Pirie_1609,Port Pirie_1609_pacers_mobile,402,397,0.0,28.7,31.7,28.7,29.6,port pirie,1609,pacers,mobile,397.0,56.0,115.0,14.11,43.07,-15.62
PP250826,PP250826_R2,PP250826_R2_DUKE OF DUNDEE NZ,Port Pirie,2026-08-25,Night,Night,2,6:21 PM,2026-08-25T08:51:00+00:00,2026-08-25T18:51:00+10:00,3,DUKE OF DUNDEE NZ,Fleurieu Civil Pace,1609,"$5,000",Fr3,Daniel Tucker,Bernadette Page,PACERS,Mobile,SA,,,False,NR54 (A51),3875s,"*Local Ratings Concessions apply. *Barrier draw as follows: Horses rated 48 to 51 to be drawn randomly as a group, followed by horses rated 52 to 55.",NR 48 to 55. PBD/NR(48-51)/NR(52-55). Pacers,207,/duke-of-dundee-nz,/daniel-tucker,/bernadette-page,"BLACK & WHITE QUARTERS, WHITE SLEEVES",,,PP170326,PPC17032601,5,Port Pirie,2026-03-17,Port Pirie_1609,Port Pirie_1609_pacers_mobile,402,397,0.0,28.7,31.7,28.7,29.6,port pirie,1609,pacers,mobile,397.0,58.0,109.0,14.61,42.07,-20.34
PP250826,PP250826_R2,PP250826_R2_NITEONTHETOWN,Port Pirie,2026-08-25,Night,Night,2,6:21 PM,2026-08-25T08:51:00+00:00,2026-08-25T18:51:00+10:00,4,NITEONTHETOWN,Fleurieu Civil Pace,1609,"$5,000",Fr4,Mick Dennis,Wayne Hill,PACERS,Mobile,SA,,,False,NR55 (A52),38421,"*Local Ratings Concessions apply. *Barrier draw as follows: Horses rated 48 to 51 to be drawn randomly as a group, followed by horses rated 52 to 55.",NR 48 to 55. PBD/NR(48-51)/NR(52-55). Pacers,12352,/niteonthetown,/michael-dennis,/wayne-hill,"WHITE, GREEN & PURPLE DOUBLE V",,,PP110826,PPC11082605,1,Port Pirie,2026-08-11,Port Pirie_1609,Port Pirie_1609_pacers_mobile,402,397,0.0,28.7,31.7,28.7,29.6,port pirie,1609,pacers,mobile,395.0,70.0,118.0,17.72,47.59,-10.91
PP250826,PP250826_R2,PP250826_R2_MY ULTIMATE SKEETA,Port Pirie,2026-08-25,Night,Night,2,6:21 PM,2026-08-25T08:51:00+00:00,2026-08-25T18:51:00+10:00,5,MY ULTIMATE SKEETA,Fleurieu Civil Pace,1609,"$5,000",Fr5,Trent Hoare,Michael A Smith,PACERS,Mobile,SA,,,False,NR58 (A55),s9444,"*Local Ratings Concessions apply. *Barrier draw as follows: Horses rated 48 to 51 to be drawn randomly as a group, followed by horses rated 52 to 55.",NR 48 to 55. PBD/NR(48-51)/NR(52-55). Pacers,3849,/my-ultimate-skeeta,/trent-hoare,/michael-a-smith,"BLACK & ORANGE,ORANGE SLEEVES WITH BLACK CHECKS, ORANGE STARS INSIDE BLACK CIRCLES, 'TH' LOGO",,,PP110826,PPC11082605,4,Port Pirie,2026-08-11,Port Pirie_1609,Port Pirie_1609_pacers_mobile,402,397,0.0,28.7,31.7,28.7,29.6,port pirie,1609,pacers,mobile,380.0,62.0,122.0,16.32,48.42,-18.99
PP250826,PP250826_R2,PP250826_R2_BALLADORO,Port Pirie,2026-08-25,Night,Night,2,6:21 PM,2026-08-25T08:51:00+00:00,2026-08-25T18:51:00+10:00,6,BALLADORO,Fleurieu Civil Pace,1609,"$5,000",Fr6,Dale Afford,Danielle Hill,PACERS,Mobile,SA,,,False,NR52,15316,"*Local Ratings Concessions apply. *Barrier draw as follows: Horses rated 48 to 51 to be drawn randomly as a group, followed by horses rated 52 to 55.",NR 48 to 55. PBD/NR(48-51)/NR(52-55). Pacers,59549,/balladoro,/dale-afford,/danielle-hill,"RED, GREEN STARS",,,PP110826,PPC11082605,6,Port Pirie,2026-08-11,Port Pirie_1609,Port Pirie_1609_pacers_mobile,402,397,0.0,28.7,31.7,28.7,29.6,port pirie,1609,pacers,mobile,277.0,51.0,68.0,18.41,42.96,-4.54
PP250826,PP250826_R2,PP250826_R2_TOMMY MACH,Port Pirie,2026-08-25,Night,Night,2,6:21 PM,2026-08-25T08:51:00+00:00,2026-08-25T18:51:00+10:00,7,TOMMY MACH,Fleurieu Civil Pace,1609,"$5,000",Sr1,"M J Schrader, B L Smith",Corey Johnson,PACERS,Mobile,SA,,,False,NR53 (A52),66558,"*Local Ratings Concessions apply. *Barrier draw as follows: Horses rated 48 to 51 to be drawn randomly as a group, followed by horses rated 52 to 55.",NR 48 to 55. PBD/NR(48-51)/NR(52-55). Pacers,56072,/tommy-mach,/m-j-schrader-b-l-smith,/corey-johnson,"BLUE & WHITE STRIPES, RED SLEEVES",,,GD150826,GDC15082603,8,Globe Derby Park,2026-08-15,Port Pirie_1609,Port Pirie_1609_pacers_mobile,402,397,0.0,28.7,31.7,28.7,29.6,port pirie,1609,pacers,mobile,272.0,35.0,70.0,12.87,38.6,-4.73
PP250826,PP250826_R3,PP250826_R3_MY GIRL MIA,Port Pirie,2026-08-25,Night,Night,3,6:55 PM,2026-08-25T09:25:00+00:00,2026-08-25T19:25:00+10:00,1,MY GIRL MIA,Spencer Motor Company Pace (Heat 2),1609,"$3,500",Fr1,Michael A Smith,Michael A Smith,PACERS,Mobile,SA,,,False,NR47 (A40),55s55,"*For 3yo & older horses with no more than 2 lifetime wins (excluding dead heats). *No Driver Concessions. *No Mares Concessions. *Heat(s) for a Final of $8,000 to be conducted on August 31 at Globe Derby Park. *Heat(s) also to be programmed on August 24 at Globe Derby Park. *Horses can only contest one Heat. *Distance of final is 1800m. *Heats are Ratings exempt.",3YO and older. 2 LIFETIME WINS. PBD/LTW. Pacers,437062,/my-girl-mia,/michael-a-smith,/michael-a-smith,GREEN & PINK QUARTERS,,,AW170826,AWC17082601,5,Gawler,2026-08-17,Port Pirie_1609,Port Pirie_1609_pacers_mobile,402,397,0.0,28.7,31.7,28.7,29.6,port pirie,1609,pacers,mobile,397.0,37.0,119.0,9.32,39.29,-41.55
PP250826,PP250826_R3,PP250826_R3_WAITPINGA REACTOR,Port Pirie,2026-08-25,Night,Night,3,6:55 PM,2026-08-25T09:25:00+00:00,2026-08-25T19:25:00+10:00,2,WAITPINGA REACTOR,Spencer Motor Company Pace (Heat 2),1609,"$3,500",Fr2,Mick Dennis,Mick Dennis,PACERS,Mobile,SA,,,False,NR45 (A40),s6275,"*For 3yo & older horses with no more than 2 lifetime wins (excluding dead heats). *No Driver Concessions. *No Mares Concessions. *Heat(s) for a Final of $8,000 to be conducted on August 31 at Globe Derby Park. *Heat(s) also to be programmed on August 24 at Globe Derby Park. *Horses can only contest one Heat. *Distance of final is 1800m. *Heats are Ratings exempt.",3YO and older. 2 LIFETIME WINS. PBD/LTW. Pacers,3932,/waitpinga-reactor,/michael-dennis,/michael-dennis,"WHITE, GREEN & PURPLE DOUBLE V",,,PP110826,PPC11082606,5,Port Pirie,2026-08-11,Port Pirie_1609,Port Pirie_1609_pacers_mobile,402,397,0.0,28.7,31.7,28.7,29.6,port pirie,1609,pacers,mobile,397.0,56.0,115.0,14.11,43.07,-15.62
PP250826,PP250826_R3,PP250826_R3_ONE MILLIE,Port Pirie,2026-08-25,Night,Night,3,6:55 PM,2026-08-25T09:25:00+00:00,2026-08-25T19:25:00+10:00,3,ONE MILLIE,Spencer Motor Company Pace (Heat 2),1609,"$3,500",Fr3,Peter Bain,Wayne Hill,PACERS,Mobile,SA,,,False,NR57 (A47),1212s,"*For 3yo & older horses with no more than 2 lifetime wins (excluding dead heats). *No Driver Concessions. *No Mares Concessions. *Heat(s) for a Final of $8,000 to be conducted on August 31 at Globe Derby Park. *Heat(s) also to be programmed on August 24 at Globe Derby Park. *Horses can only contest one Heat. *Distance of final is 1800m. *Heats are Ratings exempt.",3YO and older. 2 LIFETIME WINS. PBD/LTW. Pacers,437684,/one-millie,/peter-bain,/wayne-hill,"RED, BLACK AND WHITE CHECKED SASH, BLUE AND WHITE HOOPED SLEEVES",,,MX131225,MXM13122505,2,Melton,2025-12-13,Port Pirie_1609,Port Pirie_1609_pacers_mobile,402,397,0.0,28.7,31.7,28.7,29.6,port pirie,1609,pacers,mobile,397.0,58.0,109.0,14.61,42.07,-20.34
PP250826,PP250826_R3,PP250826_R3_BUSTNLOOSE,Port Pirie,2026-08-25,Night,Night,3,6:55 PM,2026-08-25T09:25:00+00:00,2026-08-25T19:25:00+10:00,4,BUSTNLOOSE,Spencer Motor Company Pace (Heat 2),1609,"$3,500",Fr4,Leah Holman,Todd Mumford,PACERS,Mobile,SA,,,False,NR54 (A46),234s4,"*For 3yo & older horses with no more than 2 lifetime wins (excluding dead heats). *No Driver Concessions. *No Mares Concessions. *Heat(s) for a Final of $8,000 to be conducted on August 31 at Globe Derby Park. *Heat(s) also to be programmed on August 24 at Globe Derby Park. *Horses can only contest one Heat. *Distance of final is 1800m. *Heats are Ratings exempt.",3YO and older. 2 LIFETIME WINS. PBD/LTW. Pacers,110362,/bustnloose,/leah-holman,/todd-mumford,"GOLD, RED LIGHTNING BOLT",,,PP110826,PPC11082608,4,Port Pirie,2026-08-11,Port Pirie_1609,Port Pirie_1609_pacers_mobile,402,397,0.0,28.7,31.7,28.7,29.6,port pirie,1609,pacers,mobile,395.0,70.0,118.0,17.72,47.59,-10.91
PP250826,PP250826_R3,PP250826_R3_PLATINUM DANCER,Port Pirie,2026-08-25,Night,Night,3,6:55 PM,2026-08-25T09:25:00+00:00,2026-08-25T19:25:00+10:00,5,PLATINUM DANCER,Spencer Motor Company Pace (Heat 2),1609,"$3,500",Fr5,Adam Beshara,Matt Maguire,PACERS,Mobile,SA,,,False,NR49 (A40),s3544,"*For 3yo & older horses with no more than 2 lifetime wins (excluding dead heats). *No Driver Concessions. *No Mares Concessions. *Heat(s) for a Final of $8,000 to be conducted on August 31 at Globe Derby Park. *Heat(s) also to be programmed on August 24 at Globe Derby Park. *Horses can only contest one Heat. *Distance of final is 1800m. *Heats are Ratings exempt.",3YO and older. 2 LIFETIME WINS. PBD/LTW. Pacers,111825,/platinum-dancer,/adam-beshara,/matt-maguire,"PINK & BLACK CHECK,PINK SLEEVES, BLACK CUFFS",,ODM,GD030826,GDC03082601,4,Globe Derby Park,2026-08-03,Port Pirie_1609,Port Pirie_1609_pacers_mobile,402,397,0.0,28.7,31.7,28.7,29.6,port pirie,1609,pacers,mobile,380.0,62.0,122.0,16.32,48.42,-18.99
PP250826,PP250826_R3,PP250826_R3_WAITPINGA STORM,Port Pirie,2026-08-25,Night,Night,3,6:55 PM,2026-08-25T09:25:00+00:00,2026-08-25T19:25:00+10:00,6,WAITPINGA STORM,Spencer Motor Company Pace (Heat 2),1609,"$3,500",Fr6,Angela Chapman,Angela Chapman,PACERS,Mobile,SA,,,False,NR48 (A40),2286s,"*For 3yo & older horses with no more than 2 lifetime wins (excluding dead heats). *No Driver Concessions. *No Mares Concessions. *Heat(s) for a Final of $8,000 to be conducted on August 31 at Globe Derby Park. *Heat(s) also to be programmed on August 24 at Globe Derby Park. *Horses can only contest one Heat. *Distance of final is 1800m. *Heats are Ratings exempt.",3YO and older. 2 LIFETIME WINS. PBD/LTW. Pacers,439936,/waitpinga-storm,/angela-chapman,/angela-chapman,RED WITH BLUE MALTESE CROSS AND CUFFS,,ODM,VH050426,VHC05042608,6,Victor Harbor,2026-04-05,Port Pirie_1609,Port Pirie_1609_pacers_mobile,402,397,0.0,28.7,31.7,28.7,29.6,port pirie,1609,pacers,mobile,277.0,51.0,68.0,18.41,42.96,-4.54
PP250826,PP250826_R3,PP250826_R3_DARK ECLIPSE,Port Pirie,2026-08-25,Night,Night,3,6:55 PM,2026-08-25T09:25:00+00:00,2026-08-25T19:25:00+10:00,7,DARK ECLIPSE,Spencer Motor Company Pace (Heat 2),1609,"$3,500",Sr1,Leah Holman,Danielle Hill,PACERS,Mobile,SA,,,False,NR52 (A44),616s6,"*For 3yo & older horses with no more than 2 lifetime wins (excluding dead heats). *No Driver Concessions. *No Mares Concessions. *Heat(s) for a Final of $8,000 to be conducted on August 31 at Globe Derby Park. *Heat(s) also to be programmed on August 24 at Globe Derby Park. *Horses can only contest one Heat. *Distance of final is 1800m. *Heats are Ratings exempt.",3YO and older. 2 LIFETIME WINS. PBD/LTW. Pacers,113470,/dark-eclipse,/leah-holman,/danielle-hill,"HOT PINK, BLACK DIAMONDS, BLACK SLEEVES WITH WHITE HOOPS",,,PP110826,PPC11082608,6,Port Pirie,2026-08-11,Port Pirie_1609,Port Pirie_1609_pacers_mobile,402,397,0.0,28.7,31.7,28.7,29.6,port pirie,1609,pacers,mobile,272.0,35.0,70.0,12.87,38.6,-4.73
PP250826,PP250826_R4,PP250826_R4_DASHING COWBOY,Port Pirie,2026-08-25,Night,Night,4,7:29 PM,2026-08-25T09:59:00+00:00,2026-08-25T19:59:00+10:00,1,DASHING COWBOY,Ct Electrical & Data Pace,1609,"$3,500",Fr1,Kevin Weidenbach,Matt Maguire,PACERS,Mobile,SA,,,False,NR35,58189,*Local Ratings Concessions apply. *No Driver Concessions. *No Mares Concessions. *Ratings exempt race.,NR up to 40. RBD. Pacers,9084,/dashing-cowboy,/kevin-weidenbach,/matt-maguire,"ORANGE, BLACK & WHITE CHECKED SASH, ORANGE SLEEVES WITH BLACK STRIPE, BLACK WAISTBAND,COLLAR & CUFFS",,,GD220826,GDC22082606,9,Globe Derby Park,2026-08-22,Port Pirie_1609,Port Pirie_1609_pacers_mobile,402,397,0.0,28.7,31.7,28.7,29.6,port pirie,1609,pacers,mobile,397.0,37.0,119.0,9.32,39.29,-41.55
PP250826,PP250826_R4,PP250826_R4_HEATHBERN BRUCE,Port Pirie,2026-08-25,Night,Night,4,7:29 PM,2026-08-25T09:59:00+00:00,2026-08-25T19:59:00+10:00,2,HEATHBERN BRUCE,Ct Electrical & Data Pace,1609,"$3,500",Fr2,Daniel Tucker,Bernadette Page,PACERS,Mobile,SA,,,False,NR45 (A40),56563,*Local Ratings Concessions apply. *No Driver Concessions. *No Mares Concessions. *Ratings exempt race.,NR up to 40. RBD. Pacers,733,/heathbern-bruce,/daniel-tucker,/bernadette-page,"BLACK & WHITE QUARTERS, WHITE SLEEVES",,,AW170826,AWC17082610,3,Gawler,2026-08-17,Port Pirie_1609,Port Pirie_1609_pacers_mobile,402,397,0.0,28.7,31.7,28.7,29.6,port pirie,1609,pacers,mobile,397.0,56.0,115.0,14.11,43.07,-15.62
PP250826,PP250826_R4,PP250826_R4_WELL WELL,Port Pirie,2026-08-25,Night,Night,4,7:29 PM,2026-08-25T09:59:00+00:00,2026-08-25T19:59:00+10:00,3,WELL WELL,Ct Electrical & Data Pace,1609,"$3,500",Fr3,Kevin Weidenbach,Kevin Weidenbach,PACERS,Mobile,SA,,,False,NR38,37560,*Local Ratings Concessions apply. *No Driver Concessions. *No Mares Concessions. *Ratings exempt race.,NR up to 40. RBD. Pacers,107,/well-well,/kevin-weidenbach,/kevin-weidenbach,"WHITE, GOLD & GREEN SASH",,,GD220826,GDC22082606,10,Globe Derby Park,2026-08-22,Port Pirie_1609,Port Pirie_1609_pacers_mobile,402,397,0.0,28.7,31.7,28.7,29.6,port pirie,1609,pacers,mobile,397.0,58.0,109.0,14.61,42.07,-20.34
PP250826,PP250826_R4,PP250826_R4_KEILAH NZ,Port Pirie,2026-08-25,Night,Night,4,7:29 PM,2026-08-25T09:59:00+00:00,2026-08-25T19:59:00+10:00,4,KEILAH NZ,Ct Electrical & Data Pace,1609,"$3,500",Fr4,Nick Tardio,Danielle Hill,PACERS,Mobile,SA,,,False,NR40,42712,*Local Ratings Concessions apply. *No Driver Concessions. *No Mares Concessions. *Ratings exempt race.,NR up to 40. RBD. Pacers,959,/keilah-nz,/nick-tardio,/danielle-hill,"ROYAL BLUE, GREEN V, PURPLE SLEEVES, BLUE STRIPE",,,GD150826,GDC15082604,2,Globe Derby Park,2026-08-15,Port Pirie_1609,Port Pirie_1609_pacers_mobile,402,397,0.0,28.7,31.7,28.7,29.6,port pirie,1609,pacers,mobile,395.0,70.0,118.0,17.72,47.59,-10.91
PP250826,PP250826_R4,PP250826_R4_ROLL WITH MUSTARD,Port Pirie,2026-08-25,Night,Night,4,7:29 PM,2026-08-25T09:59:00+00:00,2026-08-25T19:59:00+10:00,5,ROLL WITH MUSTARD,Ct Electrical & Data Pace,1609,"$3,500",Fr5,Rehn Nagel,Wayne Hill,PACERS,Mobile,SA,,,False,NR43 (A40),48s38,*Local Ratings Concessions apply. *No Driver Concessions. *No Mares Concessions. *Ratings exempt race.,NR up to 40. RBD. Pacers,5368,/roll-with-mustard,/rehn-nagel,/wayne-hill,"EMERALD GREEN, BLACK DIAMOND, PINK SLEEVES",,,PP110826,PPC11082603,8,Port Pirie,2026-08-11,Port Pirie_1609,Port Pirie_1609_pacers_mobile,402,397,0.0,28.7,31.7,28.7,29.6,port pirie,1609,pacers,mobile,380.0,62.0,122.0,16.32,48.42,-18.99
PP250826,PP250826_R4,PP250826_R4_SAL WESTER,Port Pirie,2026-08-25,Night,Night,4,7:29 PM,2026-08-25T09:59:00+00:00,2026-08-25T19:59:00+10:00,6,SAL WESTER,Ct Electrical & Data Pace,1609,"$3,500",Fr6,Dale Afford,Dale Afford,PACERS,Mobile,SA,,,False,NR46 (A40),3s121,*Local Ratings Concessions apply. *No Driver Concessions. *No Mares Concessions. *Ratings exempt race.,NR up to 40. RBD. Pacers,137544,/sal-wester,/dale-afford,/dale-afford,"GOLD, PURPLE BAND",,,GD220826,GDC22082610,1,Globe Derby Park,2026-08-22,Port Pirie_1609,Port Pirie_1609_pacers_mobile,402,397,0.0,28.7,31.7,28.7,29.6,port pirie,1609,pacers,mobile,277.0,51.0,68.0,18.41,42.96,-4.54
PP250826,PP250826_R5,PP250826_R5_NEDS BEACH NZ,Port Pirie,2026-08-25,Night,Night,5,8:03 PM,2026-08-25T10:33:00+00:00,2026-08-25T20:33:00+10:00,1,NEDS BEACH NZ,Mm Electrical Pace,1609,"$3,500",Fr1,Reece Moore,Kevin Weidenbach,PACERS,Mobile,SA,,,False,NR44 (A56),99414,"*Also eligible claimers with a claiming price not exceeding $9,000 *Local Ratings Concessions apply. *Barrier draw as follows: Horses rated 56 to 59 & claimers up to $5,000 to be drawn on wins in their last 5 starts, followed by horses rated 60 to 64 & claimers from $5,001 to $7,000, followed by horses rated 65 to 69 & claimers from $7,001 to $9,000. *Ratings exempt race.",NR 56 to 69. PBD/NR. Pacers,154,/neds-beach-nz,/reece-moore,/kevin-weidenbach,"LIGHT BLUE, PURPLE CROSSED SASHES, NAVY BLUE SLEEVES",,,GD220826,GDC22082605,4,Globe Derby Park,2026-08-22,Port Pirie_1609,Port Pirie_1609_pacers_mobile,402,397,0.0,28.7,31.7,28.7,29.6,port pirie,1609,pacers,mobile,397.0,37.0,119.0,9.32,39.29,-41.55
PP250826,PP250826_R5,PP250826_R5_ZANY GIRL,Port Pirie,2026-08-25,Night,Night,5,8:03 PM,2026-08-25T10:33:00+00:00,2026-08-25T20:33:00+10:00,2,ZANY GIRL,Mm Electrical Pace,1609,"$3,500",Fr2,"M J Schrader, B L Smith",Corey Johnson,PACERS,Mobile,SA,,,False,NR65 (A57),31223,"*Also eligible claimers with a claiming price not exceeding $9,000 *Local Ratings Concessions apply. *Barrier draw as follows: Horses rated 56 to 59 & claimers up to $5,000 to be drawn on wins in their last 5 starts, followed by horses rated 60 to 64 & claimers from $5,001 to $7,000, followed by horses rated 65 to 69 & claimers from $7,001 to $9,000. *Ratings exempt race.",NR 56 to 69. PBD/NR. Pacers,56070,/zany-girl,/m-j-schrader-b-l-smith,/corey-johnson,"BLUE & WHITE STRIPES, RED SLEEVES",,,GD220826,GDC22082603,3,Globe Derby Park,2026-08-22,Port Pirie_1609,Port Pirie_1609_pacers_mobile,402,397,0.0,28.7,31.7,28.7,29.6,port pirie,1609,pacers,mobile,397.0,56.0,115.0,14.11,43.07,-15.62
PP250826,PP250826_R5,PP250826_R5_MISTER QUIRK,Port Pirie,2026-08-25,Night,Night,5,8:03 PM,2026-08-25T10:33:00+00:00,2026-08-25T20:33:00+10:00,3,MISTER QUIRK,Mm Electrical Pace,1609,"$3,500",Fr3,Trent Hoare,Michael A Smith,PACERS,Mobile,SA,,,False,NR63 (A62),82782,"*Also eligible claimers with a claiming price not exceeding $9,000 *Local Ratings Concessions apply. *Barrier draw as follows: Horses rated 56 to 59 & claimers up to $5,000 to be drawn on wins in their last 5 starts, followed by horses rated 60 to 64 & claimers from $5,001 to $7,000, followed by horses rated 65 to 69 & claimers from $7,001 to $9,000. *Ratings exempt race.",NR 56 to 69. PBD/NR. Pacers,5234,/mister-quirk,/trent-hoare,/michael-a-smith,"BLACK & ORANGE,ORANGE SLEEVES WITH BLACK CHECKS, ORANGE STARS INSIDE BLACK CIRCLES, 'TH' LOGO",,,NR310726,NRC31072606,2,Newcastle,2026-07-31,Port Pirie_1609,Port Pirie_1609_pacers_mobile,402,397,0.0,28.7,31.7,28.7,29.6,port pirie,1609,pacers,mobile,397.0,58.0,109.0,14.61,42.07,-20.34
PP250826,PP250826_R5,PP250826_R5_ALAKAZAM,Port Pirie,2026-08-25,Night,Night,5,8:03 PM,2026-08-25T10:33:00+00:00,2026-08-25T20:33:00+10:00,4,ALAKAZAM,Mm Electrical Pace,1609,"$3,500",Fr4,Dale Afford,Dale Afford,PACERS,Mobile,SA,,,False,NR64,23425,"*Also eligible claimers with a claiming price not exceeding $9,000 *Local Ratings Concessions apply. *Barrier draw as follows: Horses rated 56 to 59 & claimers up to $5,000 to be drawn on wins in their last 5 starts, followed by horses rated 60 to 64 & claimers from $5,001 to $7,000, followed by horses rated 65 to 69 & claimers from $7,001 to $9,000. *Ratings exempt race.",NR 56 to 69. PBD/NR. Pacers,949,/alakazam,/dale-afford,/dale-afford,"GREEN, RED STARS",,,PP280726,PPC28072601,5,Port Pirie,2026-07-28,Port Pirie_1609,Port Pirie_1609_pacers_mobile,402,397,0.0,28.7,31.7,28.7,29.6,port pirie,1609,pacers,mobile,395.0,70.0,118.0,17.72,47.59,-10.91
PP250826,PP250826_R5,PP250826_R5_CLASSIC LINE,Port Pirie,2026-08-25,Night,Night,5,8:03 PM,2026-08-25T10:33:00+00:00,2026-08-25T20:33:00+10:00,5,CLASSIC LINE,Mm Electrical Pace,1609,"$3,500",Fr5,Reece Moore,Wayne Hill,PACERS,Mobile,SA,,,False,NR69,52385,"*Also eligible claimers with a claiming price not exceeding $9,000 *Local Ratings Concessions apply. *Barrier draw as follows: Horses rated 56 to 59 & claimers up to $5,000 to be drawn on wins in their last 5 starts, followed by horses rated 60 to 64 & claimers from $5,001 to $7,000, followed by horses rated 65 to 69 & claimers from $7,001 to $9,000. *Ratings exempt race.",NR 56 to 69. PBD/NR. Pacers,55769,/classic-line,/reece-moore,/wayne-hill,"GOLD, BLACK HRSA LOGO, RAINBOW STAR & STARRED SLEEVES",,,GD220826,GDC22082602,5,Globe Derby Park,2026-08-22,Port Pirie_1609,Port Pirie_1609_pacers_mobile,402,397,0.0,28.7,31.7,28.7,29.6,port pirie,1609,pacers,mobile,380.0,62.0,122.0,16.32,48.42,-18.99
PP250826,PP250826_R6,PP250826_R6_B T CAPTIVATE NZ,Port Pirie,2026-08-25,Night,Night,6,8:37 PM,2026-08-25T11:07:00+00:00,2026-08-25T21:07:00+10:00,1,B T CAPTIVATE NZ,Sd Caputo & Sons Pace,1609,"$5,000",Fr1,Peter Bain,Wayne Hill,PACERS,Mobile,SA,,,False,NR52 (A42),22s,*For horses with nil lifetime wins (excluding dead heats). *No Driver Concessions. *No Mares Concessions.,MAIDEN. RBD. Pacers,442130,/b-t-captivate-nz,/peter-bain,/wayne-hill,"WHITE,RED YOKE, ABR, SUMMIT LOGO, RED SLEEVES, BLUE (R SIDE) & YELLOW (L SIDE) STARS MATCHING CUFFS",,,EH020825,EHM02082502,2,Hobart,2025-08-02,Port Pirie_1609,Port Pirie_1609_pacers_mobile,402,397,0.0,28.7,31.7,28.7,29.6,port pirie,1609,pacers,mobile,397.0,37.0,119.0,9.32,39.29,-41.55
PP250826,PP250826_R6,PP250826_R6_BROBENAH GIRL,Port Pirie,2026-08-25,Night,Night,6,8:37 PM,2026-08-25T11:07:00+00:00,2026-08-25T21:07:00+10:00,2,BROBENAH GIRL,Sd Caputo & Sons Pace,1609,"$5,000",Fr2,Paul Weidenbach,Kevin Weidenbach,PACERS,Mobile,SA,,,False,NR45 (A40),989s3,*For horses with nil lifetime wins (excluding dead heats). *No Driver Concessions. *No Mares Concessions.,MAIDEN. RBD. Pacers,3352,/brobenah-girl,/paul-weidenbach,/kevin-weidenbach,"WHITE, GOLD & GREEN SASH",,,AW170826,AWC17082602,3,Gawler,2026-08-17,Port Pirie_1609,Port Pirie_1609_pacers_mobile,402,397,0.0,28.7,31.7,28.7,29.6,port pirie,1609,pacers,mobile,397.0,56.0,115.0,14.11,43.07,-15.62
PP250826,PP250826_R6,PP250826_R6_AGRIPPA,Port Pirie,2026-08-25,Night,Night,6,8:37 PM,2026-08-25T11:07:00+00:00,2026-08-25T21:07:00+10:00,3,AGRIPPA,Sd Caputo & Sons Pace,1609,"$5,000",Fr3,Dale Afford,Dale Afford,PACERS,Mobile,SA,,,False,NR49 (A40),43644,*For horses with nil lifetime wins (excluding dead heats). *No Driver Concessions. *No Mares Concessions.,MAIDEN. RBD. Pacers,440215,/agrippa,/dale-afford,/dale-afford,"GREEN, RED STARS",,,AW170826,AWC17082602,4,Gawler,2026-08-17,Port Pirie_1609,Port Pirie_1609_pacers_mobile,402,397,0.0,28.7,31.7,28.7,29.6,port pirie,1609,pacers,mobile,397.0,58.0,109.0,14.61,42.07,-20.34
PP250826,PP250826_R6,PP250826_R6_ULTIMATE SAFARI,Port Pirie,2026-08-25,Night,Night,6,8:37 PM,2026-08-25T11:07:00+00:00,2026-08-25T21:07:00+10:00,4,ULTIMATE SAFARI,Sd Caputo & Sons Pace,1609,"$5,000",Fr4,Trent Hoare,Michael A Smith,PACERS,Mobile,SA,,,False,NR47 (A40),458s5,*For horses with nil lifetime wins (excluding dead heats). *No Driver Concessions. *No Mares Concessions.,MAIDEN. RBD. Pacers,56089,/ultimate-safari,/trent-hoare,/michael-a-smith,"BLACK & ORANGE,ORANGE SLEEVES WITH BLACK CHECKS, ORANGE STARS INSIDE BLACK CIRCLES, 'TH' LOGO",,,PP110826,PPC11082604,5,Port Pirie,2026-08-11,Port Pirie_1609,Port Pirie_1609_pacers_mobile,402,397,0.0,28.7,31.7,28.7,29.6,port pirie,1609,pacers,mobile,395.0,70.0,118.0,17.72,47.59,-10.91
PP250826,PP250826_R6,PP250826_R6_LOVE OF THE SEA,Port Pirie,2026-08-25,Night,Night,6,8:37 PM,2026-08-25T11:07:00+00:00,2026-08-25T21:07:00+10:00,5,LOVE OF THE SEA,Sd Caputo & Sons Pace,1609,"$5,000",Fr5,Daniel Tucker,Bernadette Page,PACERS,Mobile,SA,,,False,NR40,55538,*For horses with nil lifetime wins (excluding dead heats). *No Driver Concessions. *No Mares Concessions.,MAIDEN. RBD. Pacers,13328,/love-of-the-sea,/daniel-tucker,/bernadette-page,"BLACK & WHITE QUARTERS, WHITE SLEEVES",,,AW170826,AWC17082602,8,Gawler,2026-08-17,Port Pirie_1609,Port Pirie_1609_pacers_mobile,402,397,0.0,28.7,31.7,28.7,29.6,port pirie,1609,pacers,mobile,380.0,62.0,122.0,16.32,48.42,-18.99
PP250826,PP250826_R6,PP250826_R6_TIGER MUMFF,Port Pirie,2026-08-25,Night,Night,6,8:37 PM,2026-08-25T11:07:00+00:00,2026-08-25T21:07:00+10:00,6,TIGER MUMFF,Sd Caputo & Sons Pace,1609,"$5,000",Fr6,Leah Holman,Todd Mumford,PACERS,Mobile,SA,,,False,NR49 (A40),75s66,*For horses with nil lifetime wins (excluding dead heats). *No Driver Concessions. *No Mares Concessions.,MAIDEN. RBD. Pacers,110361,/tiger-mumff,/leah-holman,/todd-mumford,"GOLD, RED LIGHTNING BOLT",,ODM,PP110826,PPC11082604,6,Port Pirie,2026-08-11,Port Pirie_1609,Port Pirie_1609_pacers_mobile,402,397,0.0,28.7,31.7,28.7,29.6,port pirie,1609,pacers,mobile,277.0,51.0,68.0,18.41,42.96,-4.54
RE240826,RE240826_R1,RE240826_R1_ONE LAST ROLL,Redcliffe,2026-08-24,Night,Night,1,5:47 PM,2026-08-24T07:47:00+00:00,2026-08-24T17:47:00+10:00,1,ONE LAST ROLL,Garrards Here on Track Pace,2040,"$4,060",Fr1,Matthew Clayton,Layne Dwyer,PACERS,Mobile,QLD,12.0,12.0,False,NR47,72697,DC. MC. Race field to be selected in Lowest to Highest field selection point score order. QBRED Cash Bonus race. A 1% deduction for Equine Welfare will be applied to all prizemoney prior to distribution.,3YO and older. NR up to 70. PBD/NR/L4$. Pacers,301,/one-last-roll,/matthew-clayton,/layne-dwyer,"BLUE & WHITE QUARTERS, RED SLEEVES",,,UG090826,UGB09082604,7,Marburg,2026-08-09,Redcliffe_2040,Redcliffe_2040_pacers_mobile,1256,1254,31.4,31.0,30.7,29.1,29.7,redcliffe,2040,pacers,mobile,1254.0,201.0,369.0,16.03,45.45,-23.37
RE240826,RE240826_R1,RE240826_R1_MY PURPLE PATCH,Redcliffe,2026-08-24,Night,Night,1,5:47 PM,2026-08-24T07:47:00+00:00,2026-08-24T17:47:00+10:00,2,MY PURPLE PATCH,Garrards Here on Track Pace,2040,"$4,060",Fr2,Alyce Finnis,Brendan Barnes,PACERS,Mobile,QLD,21.0,21.0,False,NR57,55764,DC. MC. Race field to be selected in Lowest to Highest field selection point score order. QBRED Cash Bonus race. A 1% deduction for Equine Welfare will be applied to all prizemoney prior to distribution.,3YO and older. NR up to 70. PBD/NR/L4$. Pacers,3425,/my-purple-patch,/alyce-finnis,/brendan-barnes,"GREEN, PINK QUARTERS, BLUE SLEEVES",,,RE130826,REC13082611,4,Redcliffe,2026-08-13,Redcliffe_2040,Redcliffe_2040_pacers_mobile,1256,1254,31.4,31.0,30.7,29.1,29.7,redcliffe,2040,pacers,mobile,1254.0,152.0,255.0,12.12,32.46,-18.33
RE240826,RE240826_R1,RE240826_R1_ALLMIGHTY MAX,Redcliffe,2026-08-24,Night,Night,1,5:47 PM,2026-08-24T07:47:00+00:00,2026-08-24T17:47:00+10:00,3,ALLMIGHTY MAX,Garrards Here on Track Pace,2040,"$4,060",Fr3,Steve Furey,Adam Richardson,PACERS,Mobile,QLD,6.0,6.0,False,NR59 B5,6330s,DC. MC. Race field to be selected in Lowest to Highest field selection point score order. QBRED Cash Bonus race. A 1% deduction for Equine Welfare will be applied to all prizemoney prior to distribution.,3YO and older. NR up to 70. PBD/NR/L4$. Pacers,1571,/allmighty-max,/steve-furey,/adam-richardson,"BLUE, RED SOUTHERN CROSS STARS",,,RE050626,REC05062602,10,Redcliffe,2026-06-05,Redcliffe_2040,Redcliffe_2040_pacers_mobile,1256,1254,31.4,31.0,30.7,29.1,29.7,redcliffe,2040,pacers,mobile,1252.0,154.0,279.0,12.3,34.58,-16.87
RE240826,RE240826_R1,RE240826_R1_PUMPKIN PAT,Redcliffe,2026-08-24,Night,Night,1,5:47 PM,2026-08-24T07:47:00+00:00,2026-08-24T17:47:00+10:00,4,PUMPKIN PAT,Garrards Here on Track Pace,2040,"$4,060",Fr4,Greg Elkins,Matt Elkins,PACERS,Mobile,QLD,7.5,7.5,False,NR65 (A60) B4,97s94,DC. MC. Race field to be selected in Lowest to Highest field selection point score order. QBRED Cash Bonus race. A 1% deduction for Equine Welfare will be applied to all prizemoney prior to distribution.,3YO and older. NR up to 70. PBD/NR/L4$. Pacers,5437,/pumpkin-pat,/greg-elkins,/matt-elkins,"GOLD, BLACK HORSESHOES, STRIPED SLEEVES",,,RE170826,REB17082602,4,Redcliffe,2026-08-17,Redcliffe_2040,Redcliffe_2040_pacers_mobile,1256,1254,31.4,31.0,30.7,29.1,29.7,redcliffe,2040,pacers,mobile,1252.0,126.0,264.0,10.06,31.15,-19.65
RE240826,RE240826_R1,RE240826_R1_FOXFIRE EASTON NZ,Redcliffe,2026-08-24,Night,Night,1,5:47 PM,2026-08-24T07:47:00+00:00,2026-08-24T17:47:00+10:00,5,FOXFIRE EASTON NZ,Garrards Here on Track Pace,2040,"$4,060",Fr5,Lola Weidemann,Lola Weidemann,PACERS,Mobile,QLD,11.0,11.0,False,NR63,60041,DC. MC. Race field to be selected in Lowest to Highest field selection point score order. QBRED Cash Bonus race. A 1% deduction for Equine Welfare will be applied to all prizemoney prior to distribution.,3YO and older. NR up to 70. PBD/NR/L4$. Pacers,6877,/foxfire-easton-nz-6877,/lola-weidemann,/lola-weidemann,"GREEN, WHITE BAND",,,RE170826,REB17082602,1,Redcliffe,2026-08-17,Redcliffe_2040,Redcliffe_2040_pacers_mobile,1256,1254,31.4,31.0,30.7,29.1,29.7,redcliffe,2040,pacers,mobile,1244.0,133.0,247.0,10.69,30.55,-21.52
RE240826,RE240826_R1,RE240826_R1_WESTERN ARTERRA,Redcliffe,2026-08-24,Night,Night,1,5:47 PM,2026-08-24T07:47:00+00:00,2026-08-24T17:47:00+10:00,6,WESTERN ARTERRA,Garrards Here on Track Pace,2040,"$4,060",Fr6,Melissa Kendall,Taleah McMullen,PACERS,Mobile,QLD,14.0,14.0,False,NR66 B5,71159,DC. MC. Race field to be selected in Lowest to Highest field selection point score order. QBRED Cash Bonus race. A 1% deduction for Equine Welfare will be applied to all prizemoney prior to distribution.,3YO and older. NR up to 70. PBD/NR/L4$. Pacers,11208,/western-arterra,/melissa-kendall,/taleah-mcmullen,"BLACK, PURPLE HOOPS & ARMBANDS",,,AP180826,APC18082604,9,Albion Park,2026-08-18,Redcliffe_2040,Redcliffe_2040_pacers_mobile,1256,1254,31.4,31.0,30.7,29.1,29.7,redcliffe,2040,pacers,mobile,1045.0,78.0,188.0,7.46,25.45,-30.95
RE240826,RE240826_R1,RE240826_R1_DENVER COLORADO,Redcliffe,2026-08-24,Night,Night,1,5:47 PM,2026-08-24T07:47:00+00:00,2026-08-24T17:47:00+10:00,7,DENVER COLORADO,Garrards Here on Track Pace,2040,"$4,060",Sr1,Steve Furey,Jack Chapple,PACERS,Mobile,QLD,14.0,14.0,False,NR60,90572,DC. MC. Race field to be selected in Lowest to Highest field selection point score order. QBRED Cash Bonus race. A 1% deduction for Equine Welfare will be applied to all prizemoney prior to distribution.,3YO and older. NR up to 70. PBD/NR/L4$. Pacers,436617,/denver-colorado,/steve-furey,/jack-chapple,"BROWN, GOLD BRACES",,,RE170826,REB17082602,2,Redcliffe,2026-08-17,Redcliffe_2040,Redcliffe_2040_pacers_mobile,1256,1254,31.4,31.0,30.7,29.1,29.7,redcliffe,2040,pacers,mobile,1234.0,154.0,349.0,12.48,40.76,-9.42
RE240826,RE240826_R1,RE240826_R1_LETHAL LOUIE,Redcliffe,2026-08-24,Night,Night,1,5:47 PM,2026-08-24T07:47:00+00:00,2026-08-24T17:47:00+10:00,8,LETHAL LOUIE,Garrards Here on Track Pace,2040,"$4,060",Sr2,Alyce Finnis,Jayson Finnis,PACERS,Mobile,QLD,16.0,16.0,False,NR62 B5,3s938,DC. MC. Race field to be selected in Lowest to Highest field selection point score order. QBRED Cash Bonus race. A 1% deduction for Equine Welfare will be applied to all prizemoney prior to distribution.,3YO and older. NR up to 70. PBD/NR/L4$. Pacers,113,/lethal-louie,/alyce-finnis,/jayson-finnis,"ORANGE,EMERALD GREEN YOKE & BRACES,3 WHITE STARS,BLUE & WHITE STRIPED SLEEVES,BLUE COLLAR/BAND",,,RE130826,REC13082601,8,Redcliffe,2026-08-13,Redcliffe_2040,Redcliffe_2040_pacers_mobile,1256,1254,31.4,31.0,30.7,29.1,29.7,redcliffe,2040,pacers,mobile,1165.0,115.0,248.0,9.87,31.16,-22.22
RE240826,RE240826_R1,RE240826_R1_COMMODORE JUJON,Redcliffe,2026-08-24,Night,Night,1,5:47 PM,2026-08-24T07:47:00+00:00,2026-08-24T17:47:00+10:00,9,COMMODORE JUJON,Garrards Here on Track Pace,2040,"$4,060",Sr3,Trent Moffat,Will Rothwell,PACERS,Mobile,QLD,2.5,2.5,False,NR68 (A63) B5,15865,DC. MC. Race field to be selected in Lowest to Highest field selection point score order. QBRED Cash Bonus race. A 1% deduction for Equine Welfare will be applied to all prizemoney prior to distribution.,3YO and older. NR up to 70. PBD/NR/L4$. Pacers,2324,/commodore-jujon,/trent-moffat,/will-rothwell,"RED, BLUE V & STRIPED SLEEVES",,,RE120826,REC12082601,5,Redcliffe,2026-08-12,Redcliffe_2040,Redcliffe_2040_pacers_mobile,1256,1254,31.4,31.0,30.7,29.1,29.7,redcliffe,2040,pacers,mobile,991.0,108.0,246.0,10.9,35.72,-14.13
RE240826,RE240826_R1,RE240826_R1_ROCKS OR DIAMONDS,Redcliffe,2026-08-24,Night,Night,1,5:47 PM,2026-08-24T07:47:00+00:00,2026-08-24T17:47:00+10:00,10,ROCKS OR DIAMONDS,Garrards Here on Track Pace,2040,"$4,060",Sr4,Brian McCall,Mitch Cox,PACERS,Mobile,QLD,6.0,6.0,False,NR72 (A67) B5,05406,DC. MC. Race field to be selected in Lowest to Highest field selection point score order. QBRED Cash Bonus race. A 1% deduction for Equine Welfare will be applied to all prizemoney prior to distribution.,3YO and older. NR up to 70. PBD/NR/L4$. Pacers,2429,/rocks-or-diamonds,/brian-mccall,/mitchell-cox,"BLACK, YELLOW SPOTS",,,RE170826,REB17082602,6,Redcliffe,2026-08-17,Redcliffe_2040,Redcliffe_2040_pacers_mobile,1256,1254,31.4,31.0,30.7,29.1,29.7,redcliffe,2040,pacers,mobile,262.0,31.0,63.0,11.83,35.88,-23.33
RE240826,RE240826_R2,RE240826_R2_TAYLORS FOUR,Redcliffe,2026-08-24,Night,Night,2,6:14 PM,2026-08-24T08:14:00+00:00,2026-08-24T18:14:00+10:00,1,TAYLORS FOUR,Coast2coast Grounds & Gardens Pace,2040,"$4,060",Fr1,John McMullen,Matt Elkins,PACERS,Mobile,QLD,2.5,2.5,False,NR48 (A45),78576,"DC. MC. Horses that have not won a race with a total stake more than $5,000 at their last 4 starts. Race field to be selected in Lowest to Highest field selection point score order. QBRED Cash Bonus race. A 1% deduction for Equine Welfare will be applied to all prizemoney prior to distribution.",3YO and older. NR 45 to 49. PBD/NR. Pacers,7511,/taylors-four,/john-mcmullen,/matt-elkins,"BLACK, YELLOW YOKE, BRACES & BAND, BLACK HORSESHOES, YELLOW SLEEVES",,,UG090826,UGB09082604,6,Marburg,2026-08-09,Redcliffe_2040,Redcliffe_2040_pacers_mobile,1256,1254,31.4,31.0,30.7,29.1,29.7,redcliffe,2040,pacers,mobile,1254.0,201.0,369.0,16.03,45.45,-23.37
RE240826,RE240826_R2,RE240826_R2_DESIGNER JEWEL,Redcliffe,2026-08-24,Night,Night,2,6:14 PM,2026-08-24T08:14:00+00:00,2026-08-24T18:14:00+10:00,2,DESIGNER JEWEL,Coast2coast Grounds & Gardens Pace,2040,"$4,060",Fr2,Gemma Hewitt,Brendan Barnes,PACERS,Mobile,QLD,21.0,21.0,False,NR47 (A45),55757,"DC. MC. Horses that have not won a race with a total stake more than $5,000 at their last 4 starts. Race field to be selected in Lowest to Highest field selection point score order. QBRED Cash Bonus race. A 1% deduction for Equine Welfare will be applied to all prizemoney prior to distribution.",3YO and older. NR 45 to 49. PBD/NR. Pacers,53113,/designer-jewel,/gemma-hewitt,/brendan-barnes,"WHITE, RED HORSESHOES, WHITE SLEEVES WITH RED VERTICAL STRIPES",,,RE030826,REB03082607,7,Redcliffe,2026-08-03,Redcliffe_2040,Redcliffe_2040_pacers_mobile,1256,1254,31.4,31.0,30.7,29.1,29.7,redcliffe,2040,pacers,mobile,1254.0,152.0,255.0,12.12,32.46,-18.33
RE240826,RE240826_R2,RE240826_R2_ASCOT ANNIE,Redcliffe,2026-08-24,Night,Night,2,6:14 PM,2026-08-24T08:14:00+00:00,2026-08-24T18:14:00+10:00,3,ASCOT ANNIE,Coast2coast Grounds & Gardens Pace,2040,"$4,060",Fr3,Peter Greig,Peter Greig,PACERS,Mobile,QLD,12.0,12.0,False,NR47 (A45),19074,"DC. MC. Horses that have not won a race with a total stake more than $5,000 at their last 4 starts. Race field to be selected in Lowest to Highest field selection point score order. QBRED Cash Bonus race. A 1% deduction for Equine Welfare will be applied to all prizemoney prior to distribution.",3YO and older. NR 45 to 49. PBD/NR. Pacers,885,/ascot-annie,/peter-greig,/peter-greig,"RED, BLACK SASH, WHITE SLEEVES",,,UG090826,UGB09082604,4,Marburg,2026-08-09,Redcliffe_2040,Redcliffe_2040_pacers_mobile,1256,1254,31.4,31.0,30.7,29.1,29.7,redcliffe,2040,pacers,mobile,1252.0,154.0,279.0,12.3,34.58,-16.87
RE240826,RE240826_R2,RE240826_R2_ABSOLUTELY STOKED,Redcliffe,2026-08-24,Night,Night,2,6:14 PM,2026-08-24T08:14:00+00:00,2026-08-24T18:14:00+10:00,4,ABSOLUTELY STOKED,Coast2coast Grounds & Gardens Pace,2040,"$4,060",Fr4,Gary Gerrard,Jack Chapple,PACERS,Mobile,QLD,14.0,14.0,False,NR49 (A45),2s168,"DC. MC. Horses that have not won a race with a total stake more than $5,000 at their last 4 starts. Race field to be selected in Lowest to Highest field selection point score order. QBRED Cash Bonus race. A 1% deduction for Equine Welfare will be applied to all prizemoney prior to distribution.",3YO and older. NR 45 to 49. PBD/NR. Pacers,8297,/absolutely-stoked,/gary-gerrard,/jack-chapple,"BLUE & RED CHECKS, WHITE SLEEVES",,,RE120826,REC12082613,8,Redcliffe,2026-08-12,Redcliffe_2040,Redcliffe_2040_pacers_mobile,1256,1254,31.4,31.0,30.7,29.1,29.7,redcliffe,2040,pacers,mobile,1252.0,126.0,264.0,10.06,31.15,-19.65
RE240826,RE240826_R2,RE240826_R2_SHES IN LINE NZ,Redcliffe,2026-08-24,Night,Night,2,6:14 PM,2026-08-24T08:14:00+00:00,2026-08-24T18:14:00+10:00,5,SHES IN LINE NZ,Coast2coast Grounds & Gardens Pace,2040,"$4,060",Fr5,John McMullen,Taleah McMullen,PACERS,Mobile,QLD,5.0,5.0,False,NR54 (A49),85323,"DC. MC. Horses that have not won a race with a total stake more than $5,000 at their last 4 starts. Race field to be selected in Lowest to Highest field selection point score order. QBRED Cash Bonus race. A 1% deduction for Equine Welfare will be applied to all prizemoney prior to distribution.",3YO and older. NR 45 to 49. PBD/NR. Pacers,6470,/shes-in-line-nz,/john-mcmullen,/taleah-mcmullen,"RED, WHITE BRACES & YOKE, RED STARS",,,RE170826,REB17082603,3,Redcliffe,2026-08-17,Redcliffe_2040,Redcliffe_2040_pacers_mobile,1256,1254,31.4,31.0,30.7,29.1,29.7,redcliffe,2040,pacers,mobile,1244.0,133.0,247.0,10.69,30.55,-21.52
RE240826,RE240826_R2,RE240826_R2_VINCENT TIME,Redcliffe,2026-08-24,Night,Night,2,6:14 PM,2026-08-24T08:14:00+00:00,2026-08-24T18:14:00+10:00,6,VINCENT TIME,Coast2coast Grounds & Gardens Pace,2040,"$4,060",Fr6,Greg Elkins,Mitch Cox,PACERS,Mobile,QLD,11.0,11.0,False,NR54 (A49),34s46,"DC. MC. Horses that have not won a race with a total stake more than $5,000 at their last 4 starts. Race field to be selected in Lowest to Highest field selection point score order. QBRED Cash Bonus race. A 1% deduction for Equine Welfare will be applied to all prizemoney prior to distribution.",3YO and older. NR 45 to 49. PBD/NR. Pacers,2451,/vincent-time,/greg-elkins,/mitchell-cox,"GOLD, BLACK HORSESHOES, STRIPED SLEEVES",,,RE170826,REB17082603,6,Redcliffe,2026-08-17,Redcliffe_2040,Redcliffe_2040_pacers_mobile,1256,1254,31.4,31.0,30.7,29.1,29.7,redcliffe,2040,pacers,mobile,1045.0,78.0,188.0,7.46,25.45,-30.95
RE240826,RE240826_R2,RE240826_R2_PENNIE PACKER,Redcliffe,2026-08-24,Night,Night,2,6:14 PM,2026-08-24T08:14:00+00:00,2026-08-24T18:14:00+10:00,7,PENNIE PACKER,Coast2coast Grounds & Gardens Pace,2040,"$4,060",Sr1,Steve Furey,Will Rothwell,PACERS,Mobile,QLD,6.0,6.0,False,NR51 (A46),76628,"DC. MC. Horses that have not won a race with a total stake more than $5,000 at their last 4 starts. Race field to be selected in Lowest to Highest field selection point score order. QBRED Cash Bonus race. A 1% deduction for Equine Welfare will be applied to all prizemoney prior to distribution.",3YO and older. NR 45 to 49. PBD/NR. Pacers,2437,/pennie-packer,/steve-furey,/will-rothwell,"BROWN, GOLD BRACES",,,AP060826,APC06082604,8,Albion Park,2026-08-06,Redcliffe_2040,Redcliffe_2040_pacers_mobile,1256,1254,31.4,31.0,30.7,29.1,29.7,redcliffe,2040,pacers,mobile,1234.0,154.0,349.0,12.48,40.76,-9.42
RE240826,RE240826_R2,RE240826_R2_LULU LUCIFER,Redcliffe,2026-08-24,Night,Night,2,6:14 PM,2026-08-24T08:14:00+00:00,2026-08-24T18:14:00+10:00,8,LULU LUCIFER,Coast2coast Grounds & Gardens Pace,2040,"$4,060",Sr2,Lola Weidemann,Lola Weidemann,PACERS,Mobile,QLD,8.0,8.0,False,NR51 (A46) B5,u1175,"DC. MC. Horses that have not won a race with a total stake more than $5,000 at their last 4 starts. Race field to be selected in Lowest to Highest field selection point score order. QBRED Cash Bonus race. A 1% deduction for Equine Welfare will be applied to all prizemoney prior to distribution.",3YO and older. NR 45 to 49. PBD/NR. Pacers,5464,/lulu-lucifer,/lola-weidemann,/lola-weidemann,"GREEN, WHITE BAND",,,RE170826,REB17082602,5,Redcliffe,2026-08-17,Redcliffe_2040,Redcliffe_2040_pacers_mobile,1256,1254,31.4,31.0,30.7,29.1,29.7,redcliffe,2040,pacers,mobile,1165.0,115.0,248.0,9.87,31.16,-22.22
RE240826,RE240826_R2,RE240826_R2_ROCKTIME,Redcliffe,2026-08-24,Night,Night,2,6:14 PM,2026-08-24T08:14:00+00:00,2026-08-24T18:14:00+10:00,9,ROCKTIME,Coast2coast Grounds & Gardens Pace,2040,"$4,060",Sr3,Lola Weidemann,Adam Richardson,PACERS,Mobile,QLD,12.0,12.0,False,NR48,19037,"DC. MC. Horses that have not won a race with a total stake more than $5,000 at their last 4 starts. Race field to be selected in Lowest to Highest field selection point score order. QBRED Cash Bonus race. A 1% deduction for Equine Welfare will be applied to all prizemoney prior to distribution.",3YO and older. NR 45 to 49. PBD/NR. Pacers,2420,/rocktime,/lola-weidemann,/adam-richardson,"GREEN, YELLOW SLEEVES",,,UG280626,UGB28062603,7,Marburg,2026-06-28,Redcliffe_2040,Redcliffe_2040_pacers_mobile,1256,1254,31.4,31.0,30.7,29.1,29.7,redcliffe,2040,pacers,mobile,991.0,108.0,246.0,10.9,35.72,-14.13
RE240826,RE240826_R2,RE240826_R2_TWEEDY NZ,Redcliffe,2026-08-24,Night,Night,2,6:14 PM,2026-08-24T08:14:00+00:00,2026-08-24T18:14:00+10:00,10,TWEEDY NZ,Coast2coast Grounds & Gardens Pace,2040,"$4,060",Sr4,Mark Rees,Jack Harrington,PACERS,Mobile,QLD,14.0,14.0,False,NR54 (A49),15879,"DC. MC. Horses that have not won a race with a total stake more than $5,000 at their last 4 starts. Race field to be selected in Lowest to Highest field selection point score order. QBRED Cash Bonus race. A 1% deduction for Equine Welfare will be applied to all prizemoney prior to distribution.",3YO and older. NR 45 to 49. PBD/NR. Pacers,56384,/tweedy-nz,/mark-rees,/jack-harrington,"WHITE, BLUE BAND & ARMBANDS",,,AP250726,APM25072613,9,Albion Park,2026-07-25,Redcliffe_2040,Redcliffe_2040_pacers_mobile,1256,1254,31.4,31.0,30.7,29.1,29.7,redcliffe,2040,pacers,mobile,262.0,31.0,63.0,11.83,35.88,-23.33
RE240826,RE240826_R3,RE240826_R3_TIGER SHIRL NZ,Redcliffe,2026-08-24,Night,Night,3,6:46 PM,2026-08-24T08:46:00+00:00,2026-08-24T18:46:00+10:00,1,TIGER SHIRL NZ,Wolf Signs Pace,1780,"$4,000",Fr1,Mark Rees,Jack Harrington,PACERS,Mobile,QLD,12.0,12.0,False,NR55 (A50),79085,"DC. MC. Horses that have not won a race with a total stake more than $5,000 at their last 4 starts. Race field to be selected in Lowest to Highest field selection point score order. QBRED Cash Bonus race. A 1% deduction for Equine Welfare will be applied to all prizemoney prior to distribution.",3YO and older. NR 50 to 55. PBD/NR. Pacers,445117,/tiger-shirl-nz-445117,/mark-rees,/jack-harrington,"WHITE, BLUE BAND & ARMBANDS",,,UG090826,UGB09082602,5,Marburg,2026-08-09,Redcliffe_1780,Redcliffe_1780_pacers_mobile,4953,4918,11.4,30.4,31.1,29.4,29.7,redcliffe,1780,pacers,mobile,4918.0,712.0,1415.0,14.48,43.25,-24.74
RE240826,RE240826_R3,RE240826_R3_DOCTA FEELGOOD,Redcliffe,2026-08-24,Night,Night,3,6:46 PM,2026-08-24T08:46:00+00:00,2026-08-24T18:46:00+10:00,2,DOCTA FEELGOOD,Wolf Signs Pace,1780,"$4,000",Fr2,Vic Frost,Will Rothwell,PACERS,Mobile,QLD,1.75,1.75,False,NR51 (A50),97572,"DC. MC. Horses that have not won a race with a total stake more than $5,000 at their last 4 starts. Race field to be selected in Lowest to Highest field selection point score order. QBRED Cash Bonus race. A 1% deduction for Equine Welfare will be applied to all prizemoney prior to distribution.",3YO and older. NR 50 to 55. PBD/NR. Pacers,1561,/docta-feelgood,/vic-frost,/will-rothwell,"HOT PINK WITH BLACK LETTER G, HOT PINK SLEEVES WITH BLACK ""GG"" ON CUFFS",,,RE170826,REB17082603,2,Redcliffe,2026-08-17,Redcliffe_1780,Redcliffe_1780_pacers_mobile,4953,4918,11.4,30.4,31.1,29.4,29.7,redcliffe,1780,pacers,mobile,4918.0,573.0,1098.0,11.65,33.98,-25.44
RE240826,RE240826_R3,RE240826_R3_SWEET LAD JUJON,Redcliffe,2026-08-24,Night,Night,3,6:46 PM,2026-08-24T08:46:00+00:00,2026-08-24T18:46:00+10:00,3,SWEET LAD JUJON,Wolf Signs Pace,1780,"$4,000",SCR,Trent Moffat,Mitch Cox,PACERS,Mobile,QLD,7.0,7.0,True,NR55 (A50),37880,"DC. MC. Horses that have not won a race with a total stake more than $5,000 at their last 4 starts. Race field to be selected in Lowest to Highest field selection point score order. QBRED Cash Bonus race. A 1% deduction for Equine Welfare will be applied to all prizemoney prior to distribution.",3YO and older. NR 50 to 55. PBD/NR. Pacers,435718,/sweet-lad-jujon,/trent-moffat,/mitchell-cox,"RED, BLUE V & STRIPED SLEEVES",,,AP220826,APM22082606,12,Albion Park,2026-08-22,Redcliffe_1780,Redcliffe_1780_pacers_mobile,4953,4918,11.4,30.4,31.1,29.4,29.7,redcliffe,1780,pacers,mobile,0.0,0.0,0.0,0.0,0.0,0.0
RE240826,RE240826_R3,RE240826_R3_JACCKA COOPER NZ,Redcliffe,2026-08-24,Night,Night,3,6:46 PM,2026-08-24T08:46:00+00:00,2026-08-24T18:46:00+10:00,4,JACCKA COOPER NZ,Wolf Signs Pace,1780,"$4,000",Fr3,Jack Butler,Tamara Battle,PACERS,Mobile,QLD,6.0,6.0,False,NR55 (A50),60876,"DC. MC. Horses that have not won a race with a total stake more than $5,000 at their last 4 starts. Race field to be selected in Lowest to Highest field selection point score order. QBRED Cash Bonus race. A 1% deduction for Equine Welfare will be applied to all prizemoney prior to distribution.",3YO and older. NR 50 to 55. PBD/NR. Pacers,434269,/jaccka-cooper-nz-434269,/jack-butler,/tamara-battle,"DARK BLUE, RED DIAMONDS, HOOPED SLEEVES",,,RE130826,REC13082611,6,Redcliffe,2026-08-13,Redcliffe_1780,Redcliffe_1780_pacers_mobile,4953,4918,11.4,30.4,31.1,29.4,29.7,redcliffe,1780,pacers,mobile,4916.0,624.0,1098.0,12.69,35.03,-15.72
RE240826,RE240826_R3,RE240826_R3_STORMTIDE,Redcliffe,2026-08-24,Night,Night,3,6:46 PM,2026-08-24T08:46:00+00:00,2026-08-24T18:46:00+10:00,5,STORMTIDE,Wolf Signs Pace,1780,"$4,000",Fr4,Greg Franklin,Luke Thirgood,PACERS,Mobile,QLD,9.0,9.0,False,NR58 (A53) B5,34787,"DC. MC. Horses that have not won a race with a total stake more than $5,000 at their last 4 starts. Race field to be selected in Lowest to Highest field selection point score order. QBRED Cash Bonus race. A 1% deduction for Equine Welfare will be applied to all prizemoney prior to distribution.",3YO and older. NR 50 to 55. PBD/NR. Pacers,1735,/stormtide,/greg-franklin,/luke-thirgood,"BLUE, GREY SLEEVES",,,RE150726,REC15072602,7,Redcliffe,2026-07-15,Redcliffe_1780,Redcliffe_1780_pacers_mobile,4953,4918,11.4,30.4,31.1,29.4,29.7,redcliffe,1780,pacers,mobile,4907.0,622.0,1074.0,12.68,34.56,-9.16
RE240826,RE240826_R3,RE240826_R3_B MAC C NZ,Redcliffe,2026-08-24,Night,Night,3,6:46 PM,2026-08-24T08:46:00+00:00,2026-08-24T18:46:00+10:00,6,B MAC C NZ,Wolf Signs Pace,1780,"$4,000",Fr5,John McMullen,Adam Richardson,PACERS,Mobile,QLD,12.0,12.0,False,NR55 B5,24349,"DC. MC. Horses that have not won a race with a total stake more than $5,000 at their last 4 starts. Race field to be selected in Lowest to Highest field selection point score order. QBRED Cash Bonus race. A 1% deduction for Equine Welfare will be applied to all prizemoney prior to distribution.",3YO and older. NR 50 to 55. PBD/NR. Pacers,814,/b-mac-c-nz,/john-mcmullen,/adam-richardson,"BLUE, RED SOUTHERN CROSS STARS",,,AP140826,APC14082603,9,Albion Park,2026-08-14,Redcliffe_1780,Redcliffe_1780_pacers_mobile,4953,4918,11.4,30.4,31.1,29.4,29.7,redcliffe,1780,pacers,mobile,4816.0,562.0,1042.0,11.67,33.31,-23.18
RE240826,RE240826_R3,RE240826_R3_SPLASHNDASH,Redcliffe,2026-08-24,Night,Night,3,6:46 PM,2026-08-24T08:46:00+00:00,2026-08-24T18:46:00+10:00,7,SPLASHNDASH,Wolf Signs Pace,1780,"$4,000",Sr1,John McMullen,Matt Elkins,PACERS,Mobile,QLD,8.0,8.0,False,NR51,05487,"DC. MC. Horses that have not won a race with a total stake more than $5,000 at their last 4 starts. Race field to be selected in Lowest to Highest field selection point score order. QBRED Cash Bonus race. A 1% deduction for Equine Welfare will be applied to all prizemoney prior to distribution.",3YO and older. NR 50 to 55. PBD/NR. Pacers,10880,/splashndash,/john-mcmullen,/matt-elkins,"BLACK, YELLOW YOKE, BRACES & BAND, BLACK HORSESHOES, YELLOW SLEEVES",,,RE170826,REB17082603,7,Redcliffe,2026-08-17,Redcliffe_1780,Redcliffe_1780_pacers_mobile,4953,4918,11.4,30.4,31.1,29.4,29.7,redcliffe,1780,pacers,mobile,4835.0,484.0,1261.0,10.01,36.09,-20.04
RE240826,RE240826_R3,RE240826_R3_IM BUSTED,Redcliffe,2026-08-24,Night,Night,3,6:46 PM,2026-08-24T08:46:00+00:00,2026-08-24T18:46:00+10:00,8,IM BUSTED,Wolf Signs Pace,1780,"$4,000",Sr2,Debra Belford,Mark Belford,PACERS,Mobile,QLD,21.0,21.0,False,NR51,7s505,"DC. MC. Horses that have not won a race with a total stake more than $5,000 at their last 4 starts. Race field to be selected in Lowest to Highest field selection point score order. QBRED Cash Bonus race. A 1% deduction for Equine Welfare will be applied to all prizemoney prior to distribution.",3YO and older. NR 50 to 55. PBD/NR. Pacers,437861,/im-busted,/debra-belford,/mark-belford,"BLUE, YELLOW BRACES & ARMBANDS",,,RE170826,REB17082603,5,Redcliffe,2026-08-17,Redcliffe_1780,Redcliffe_1780_pacers_mobile,4953,4918,11.4,30.4,31.1,29.4,29.7,redcliffe,1780,pacers,mobile,4581.0,506.0,1128.0,11.05,35.67,-17.25
RE240826,RE240826_R3,RE240826_R3_SATURDAY DANCE,Redcliffe,2026-08-24,Night,Night,3,6:46 PM,2026-08-24T08:46:00+00:00,2026-08-24T18:46:00+10:00,9,SATURDAY DANCE,Wolf Signs Pace,1780,"$4,000",Sr3,Alyce Finnis,Taleah McMullen,PACERS,Mobile,QLD,16.0,16.0,False,NR58 (A53),28975,"DC. MC. Horses that have not won a race with a total stake more than $5,000 at their last 4 starts. Race field to be selected in Lowest to Highest field selection point score order. QBRED Cash Bonus race. A 1% deduction for Equine Welfare will be applied to all prizemoney prior to distribution.",3YO and older. NR 50 to 55. PBD/NR. Pacers,7800,/saturday-dance,/alyce-finnis,/taleah-mcmullen,"GREEN, PINK QUARTERS, BLUE SLEEVES",,,RE130826,REC13082602,5,Redcliffe,2026-08-13,Redcliffe_1780,Redcliffe_1780_pacers_mobile,4953,4918,11.4,30.4,31.1,29.4,29.7,redcliffe,1780,pacers,mobile,3721.0,460.0,942.0,12.36,37.68,-11.05
RE240826,RE240826_R4,RE240826_R4_DOOO DONT THINK,Redcliffe,2026-08-24,Night,Night,4,7:12 PM,2026-08-24T09:12:00+00:00,2026-08-24T19:12:00+10:00,1,DOOO DONT THINK,Mazda Aspley Pace,2040,"$4,060",Fr1,Melissa Kendall,Zac Chappenden,PACERS,Mobile,QLD,2.6,2.6,False,NR34,09796,"NDC. NMC. Horses that have not won a race with a total stake more than $5,000 at their last 4 starts. Race field to be selected in Lowest to Highest field selection point score order. QBRED Cash Bonus race. A 1% deduction for Equine Welfare will be applied to all prizemoney prior to distribution.",3YO and older. NR up to 40. PBD/L4$. Pacers,212,/dooo-dont-think,/melissa-kendall,/zac-chappenden,"BLACK, PURPLE HOOPS & ARMBANDS",,,AP180826,APC18082607,6,Albion Park,2026-08-18,Redcliffe_2040,Redcliffe_2040_pacers_mobile,1256,1254,31.4,31.0,30.7,29.1,29.7,redcliffe,2040,pacers,mobile,1254.0,201.0,369.0,16.03,45.45,-23.37
RE240826,RE240826_R4,RE240826_R4_BLUE BLOODZ,Redcliffe,2026-08-24,Night,Night,4,7:12 PM,2026-08-24T09:12:00+00:00,2026-08-24T19:12:00+10:00,2,BLUE BLOODZ,Mazda Aspley Pace,2040,"$4,060",Fr2,Mark Dux,Adam Richardson,PACERS,Mobile,QLD,5.0,5.0,False,NR32,27889,"NDC. NMC. Horses that have not won a race with a total stake more than $5,000 at their last 4 starts. Race field to be selected in Lowest to Highest field selection point score order. QBRED Cash Bonus race. A 1% deduction for Equine Welfare will be applied to all prizemoney prior to distribution.",3YO and older. NR up to 40. PBD/L4$. Pacers,7476,/blue-bloodz,/mark-dux,/adam-richardson,"BLUE, RED SOUTHERN CROSS STARS",,,AP180826,APC18082607,9,Albion Park,2026-08-18,Redcliffe_2040,Redcliffe_2040_pacers_mobile,1256,1254,31.4,31.0,30.7,29.1,29.7,redcliffe,2040,pacers,mobile,1254.0,152.0,255.0,12.12,32.46,-18.33
RE240826,RE240826_R4,RE240826_R4_ROCKNROLL DA GAMA,Redcliffe,2026-08-24,Night,Night,4,7:12 PM,2026-08-24T09:12:00+00:00,2026-08-24T19:12:00+10:00,3,ROCKNROLL DA GAMA,Mazda Aspley Pace,2040,"$4,060",Fr3,Lola Weidemann,Brendan Barnes,PACERS,Mobile,QLD,9.0,9.0,False,NR38,74567,"NDC. NMC. Horses that have not won a race with a total stake more than $5,000 at their last 4 starts. Race field to be selected in Lowest to Highest field selection point score order. QBRED Cash Bonus race. A 1% deduction for Equine Welfare will be applied to all prizemoney prior to distribution.",3YO and older. NR up to 40. PBD/L4$. Pacers,845,/rocknroll-da-gama,/lola-weidemann,/brendan-barnes,"WHITE, BLACK STAR",,,RE170826,REB17082613,7,Redcliffe,2026-08-17,Redcliffe_2040,Redcliffe_2040_pacers_mobile,1256,1254,31.4,31.0,30.7,29.1,29.7,redcliffe,2040,pacers,mobile,1252.0,154.0,279.0,12.3,34.58,-16.87
RE240826,RE240826_R4,RE240826_R4_GRACENAVA,Redcliffe,2026-08-24,Night,Night,4,7:12 PM,2026-08-24T09:12:00+00:00,2026-08-24T19:12:00+10:00,4,GRACENAVA,Mazda Aspley Pace,2040,"$4,060",Fr4,Lola Weidemann,Lola Weidemann,PACERS,Mobile,QLD,14.0,14.0,False,NR38 B5,88736,"NDC. NMC. Horses that have not won a race with a total stake more than $5,000 at their last 4 starts. Race field to be selected in Lowest to Highest field selection point score order. QBRED Cash Bonus race. A 1% deduction for Equine Welfare will be applied to all prizemoney prior to distribution.",3YO and older. NR up to 40. PBD/L4$. Pacers,5673,/gracenava,/lola-weidemann,/lola-weidemann,"GREEN, WHITE BAND",,,RE170826,REB17082612,6,Redcliffe,2026-08-17,Redcliffe_2040,Redcliffe_2040_pacers_mobile,1256,1254,31.4,31.0,30.7,29.1,29.7,redcliffe,2040,pacers,mobile,1252.0,126.0,264.0,10.06,31.15,-19.65
RE240826,RE240826_R4,RE240826_R4_EBONY BELLE,Redcliffe,2026-08-24,Night,Night,4,7:12 PM,2026-08-24T09:12:00+00:00,2026-08-24T19:12:00+10:00,5,EBONY BELLE,Mazda Aspley Pace,2040,"$4,060",Fr5,Greg Franklin,Tamara Battle,PACERS,Mobile,QLD,8.0,8.0,False,NR35,67256,"NDC. NMC. Horses that have not won a race with a total stake more than $5,000 at their last 4 starts. Race field to be selected in Lowest to Highest field selection point score order. QBRED Cash Bonus race. A 1% deduction for Equine Welfare will be applied to all prizemoney prior to distribution.",3YO and older. NR up to 40. PBD/L4$. Pacers,8293,/ebony-belle,/greg-franklin,/tamara-battle,"BLUE, GREY SLEEVES",,,RE130826,REC13082605,6,Redcliffe,2026-08-13,Redcliffe_2040,Redcliffe_2040_pacers_mobile,1256,1254,31.4,31.0,30.7,29.1,29.7,redcliffe,2040,pacers,mobile,1244.0,133.0,247.0,10.69,30.55,-21.52
RE240826,RE240826_R4,RE240826_R4_MAJOR MISCHIEF,Redcliffe,2026-08-24,Night,Night,4,7:12 PM,2026-08-24T09:12:00+00:00,2026-08-24T19:12:00+10:00,6,MAJOR MISCHIEF,Mazda Aspley Pace,2040,"$4,060",Fr6,Dean Weller,Dean Weller,PACERS,Mobile,QLD,21.0,21.0,False,NR34,23278,"NDC. NMC. Horses that have not won a race with a total stake more than $5,000 at their last 4 starts. Race field to be selected in Lowest to Highest field selection point score order. QBRED Cash Bonus race. A 1% deduction for Equine Welfare will be applied to all prizemoney prior to distribution.",3YO and older. NR up to 40. PBD/L4$. Pacers,5415,/major-mischief,/dean-weller,/dean-weller,"GOLD, BLACK CROSSED SASHES",,,RE130826,REC13082605,8,Redcliffe,2026-08-13,Redcliffe_2040,Redcliffe_2040_pacers_mobile,1256,1254,31.4,31.0,30.7,29.1,29.7,redcliffe,2040,pacers,mobile,1045.0,78.0,188.0,7.46,25.45,-30.95
RE240826,RE240826_R4,RE240826_R4_TAKE COURAGE,Redcliffe,2026-08-24,Night,Night,4,7:12 PM,2026-08-24T09:12:00+00:00,2026-08-24T19:12:00+10:00,7,TAKE COURAGE,Mazda Aspley Pace,2040,"$4,060",Sr1,Billy Moore,Jonah Hutchinson,PACERS,Mobile,QLD,8.0,8.0,False,NR40,16938,"NDC. NMC. Horses that have not won a race with a total stake more than $5,000 at their last 4 starts. Race field to be selected in Lowest to Highest field selection point score order. QBRED Cash Bonus race. A 1% deduction for Equine Welfare will be applied to all prizemoney prior to distribution.",3YO and older. NR up to 40. PBD/L4$. Pacers,5477,/take-courage,/billy-moore,/jonah-hutchinson,"AQUA, SILVER DIAMOND BAND & ARMBANDS",,,RE170826,REB17082605,8,Redcliffe,2026-08-17,Redcliffe_2040,Redcliffe_2040_pacers_mobile,1256,1254,31.4,31.0,30.7,29.1,29.7,redcliffe,2040,pacers,mobile,1234.0,154.0,349.0,12.48,40.76,-9.42
RE240826,RE240826_R4,RE240826_R4_IDEAL TIGER NZ,Redcliffe,2026-08-24,Night,Night,4,7:12 PM,2026-08-24T09:12:00+00:00,2026-08-24T19:12:00+10:00,8,IDEAL TIGER NZ,Mazda Aspley Pace,2040,"$4,060",Sr2,Greg Elkins,Matt Elkins,PACERS,Mobile,QLD,11.0,11.0,False,NR38,59347,"NDC. NMC. Horses that have not won a race with a total stake more than $5,000 at their last 4 starts. Race field to be selected in Lowest to Highest field selection point score order. QBRED Cash Bonus race. A 1% deduction for Equine Welfare will be applied to all prizemoney prior to distribution.",3YO and older. NR up to 40. PBD/L4$. Pacers,872,/ideal-tiger-nz,/greg-elkins,/matt-elkins,"GOLD, BLACK HORSESHOES, STRIPED SLEEVES",,,RE130826,REC13082613,7,Redcliffe,2026-08-13,Redcliffe_2040,Redcliffe_2040_pacers_mobile,1256,1254,31.4,31.0,30.7,29.1,29.7,redcliffe,2040,pacers,mobile,1165.0,115.0,248.0,9.87,31.16,-22.22
RE240826,RE240826_R4,RE240826_R4_GALVARINO,Redcliffe,2026-08-24,Night,Night,4,7:12 PM,2026-08-24T09:12:00+00:00,2026-08-24T19:12:00+10:00,9,GALVARINO,Mazda Aspley Pace,2040,"$4,060",Sr3,David Rodger,Layne Dwyer,PACERS,Mobile,QLD,21.0,21.0,False,NR37,17380,"NDC. NMC. Horses that have not won a race with a total stake more than $5,000 at their last 4 starts. Race field to be selected in Lowest to Highest field selection point score order. QBRED Cash Bonus race. A 1% deduction for Equine Welfare will be applied to all prizemoney prior to distribution.",3YO and older. NR up to 40. PBD/L4$. Pacers,7682,/galvarino,/david-rodger,/layne-dwyer,"GOLD, PURPLE SASH, BLACK SLEEVES",,,AP180826,APC18082607,12,Albion Park,2026-08-18,Redcliffe_2040,Redcliffe_2040_pacers_mobile,1256,1254,31.4,31.0,30.7,29.1,29.7,redcliffe,2040,pacers,mobile,991.0,108.0,246.0,10.9,35.72,-14.13
RE240826,RE240826_R4,RE240826_R4_BOKHARI,Redcliffe,2026-08-24,Night,Night,4,7:12 PM,2026-08-24T09:12:00+00:00,2026-08-24T19:12:00+10:00,10,BOKHARI,Mazda Aspley Pace,2040,"$4,060",Sr4,Karly Larpent,Dale Larpent,PACERS,Mobile,QLD,12.0,12.0,False,NR40,77651,"NDC. NMC. Horses that have not won a race with a total stake more than $5,000 at their last 4 starts. Race field to be selected in Lowest to Highest field selection point score order. QBRED Cash Bonus race. A 1% deduction for Equine Welfare will be applied to all prizemoney prior to distribution.",3YO and older. NR up to 40. PBD/L4$. Pacers,5442,/bokhari,/karly-larpent,/dale-larpent,"YELLOW & NAVY STRIPES, NAVY YOKE WITH YELLOW STARS, YELLOW SLEEVES, NAVY DIAMONDS & CUFFS",,,RE170826,REB17082612,1,Redcliffe,2026-08-17,Redcliffe_2040,Redcliffe_2040_pacers_mobile,1256,1254,31.4,31.0,30.7,29.1,29.7,redcliffe,2040,pacers,mobile,262.0,31.0,63.0,11.83,35.88,-23.33
RE240826,RE240826_R5,RE240826_R5_ALSROKSTAR,Redcliffe,2026-08-24,Night,Night,5,7:41 PM,2026-08-24T09:41:00+00:00,2026-08-24T19:41:00+10:00,1,ALSROKSTAR,Stevie Redback Pest Control Pace,1780,"$4,000",Fr1,Matt Crone,Gavin Crone,PACERS,Mobile,QLD,14.0,14.0,False,NR41,42089,"NDC. NMC. Horses that have not won a race with a total stake more than $5,000 at their last 4 starts. Race field to be selected in Lowest to Highest field selection point score order. QBRED Cash Bonus race. A 1% deduction for Equine Welfare will be applied to all prizemoney prior to distribution.",3YO and older. NR 41 to 44. PBD/NR. Pacers,192029,/alsrokstar,/matt-crone,/gavin-crone,"BLUE, YELLOW YOKE WITH BLUE STARS, YELLOW BRACES, BAND & SLEEVES WITH BLUE HORSE SHOE HEAD",,,RE120826,REC12082604,9,Redcliffe,2026-08-12,Redcliffe_1780,Redcliffe_1780_pacers_mobile,4953,4918,11.4,30.4,31.1,29.4,29.7,redcliffe,1780,pacers,mobile,4918.0,712.0,1415.0,14.48,43.25,-24.74
RE240826,RE240826_R5,RE240826_R5_ERASMUS,Redcliffe,2026-08-24,Night,Night,5,7:41 PM,2026-08-24T09:41:00+00:00,2026-08-24T19:41:00+10:00,2,ERASMUS,Stevie Redback Pest Control Pace,1780,"$4,000",Fr2,Ryan Veivers,Brendan Barnes,PACERS,Mobile,QLD,2.5,2.5,False,NR42,85713,"NDC. NMC. Horses that have not won a race with a total stake more than $5,000 at their last 4 starts. Race field to be selected in Lowest to Highest field selection point score order. QBRED Cash Bonus race. A 1% deduction for Equine Welfare will be applied to all prizemoney prior to distribution.",3YO and older. NR 41 to 44. PBD/NR. Pacers,436026,/erasmus,/ryan-veivers,/brendan-barnes,"BLACK, RED BRACES, BLACK YOKE, RED DIAMONDS, BLACK SLEEVES",,,RE170826,REB17082605,3,Redcliffe,2026-08-17,Redcliffe_1780,Redcliffe_1780_pacers_mobile,4953,4918,11.4,30.4,31.1,29.4,29.7,redcliffe,1780,pacers,mobile,4918.0,573.0,1098.0,11.65,33.98,-25.44
RE240826,RE240826_R5,RE240826_R5_WAR CLUB,Redcliffe,2026-08-24,Night,Night,5,7:41 PM,2026-08-24T09:41:00+00:00,2026-08-24T19:41:00+10:00,3,WAR CLUB,Stevie Redback Pest Control Pace,1780,"$4,000",Fr3,Jonah Hutchinson,Jonah Hutchinson,PACERS,Mobile,QLD,7.0,7.0,False,NR42,48749,"NDC. NMC. Horses that have not won a race with a total stake more than $5,000 at their last 4 starts. Race field to be selected in Lowest to Highest field selection point score order. QBRED Cash Bonus race. A 1% deduction for Equine Welfare will be applied to all prizemoney prior to distribution.",3YO and older. NR 41 to 44. PBD/NR. Pacers,1901,/war-club,/jonah-hutchinson,/jonah-hutchinson,"BLACK, BLUE YOKE, BRACES & BAND, BLACK HORSESHOES, WHITE SLEEVES, BLACK H AND CUFFS",,,AP180826,APC18082616,9,Albion Park,2026-08-18,Redcliffe_1780,Redcliffe_1780_pacers_mobile,4953,4918,11.4,30.4,31.1,29.4,29.7,redcliffe,1780,pacers,mobile,4916.0,624.0,1098.0,12.69,35.03,-15.72
RE240826,RE240826_R5,RE240826_R5_HOLME BOY,Redcliffe,2026-08-24,Night,Night,5,7:41 PM,2026-08-24T09:41:00+00:00,2026-08-24T19:41:00+10:00,4,HOLME BOY,Stevie Redback Pest Control Pace,1780,"$4,000",Fr4,Ryan Veivers,Zac Chappenden,PACERS,Mobile,QLD,12.0,12.0,False,NR42,67836,"NDC. NMC. Horses that have not won a race with a total stake more than $5,000 at their last 4 starts. Race field to be selected in Lowest to Highest field selection point score order. QBRED Cash Bonus race. A 1% deduction for Equine Welfare will be applied to all prizemoney prior to distribution.",3YO and older. NR 41 to 44. PBD/NR. Pacers,2380,/holme-boy,/ryan-veivers,/zac-chappenden,"RED, BLACK BRACES & YOKE, WHITE DIAMONDS, RED SLEEVES, BLACK STRIPE, WHITE DIAMOND",,,RE170826,REB17082605,6,Redcliffe,2026-08-17,Redcliffe_1780,Redcliffe_1780_pacers_mobile,4953,4918,11.4,30.4,31.1,29.4,29.7,redcliffe,1780,pacers,mobile,4907.0,622.0,1074.0,12.68,34.56,-9.16
RE240826,RE240826_R5,RE240826_R5_YOGI,Redcliffe,2026-08-24,Night,Night,5,7:41 PM,2026-08-24T09:41:00+00:00,2026-08-24T19:41:00+10:00,5,YOGI,Stevie Redback Pest Control Pace,1780,"$4,000",Fr5,David Rodger,Adam Richardson,PACERS,Mobile,QLD,9.0,9.0,False,NR41,31559,"NDC. NMC. Horses that have not won a race with a total stake more than $5,000 at their last 4 starts. Race field to be selected in Lowest to Highest field selection point score order. QBRED Cash Bonus race. A 1% deduction for Equine Welfare will be applied to all prizemoney prior to distribution.",3YO and older. NR 41 to 44. PBD/NR. Pacers,8492,/yogi,/david-rodger,/adam-richardson,"GOLD, PURPLE SASH, BLACK SLEEVES",,ODM,UG090826,UGB09082613,9,Marburg,2026-08-09,Redcliffe_1780,Redcliffe_1780_pacers_mobile,4953,4918,11.4,30.4,31.1,29.4,29.7,redcliffe,1780,pacers,mobile,4816.0,562.0,1042.0,11.67,33.31,-23.18
RE240826,RE240826_R5,RE240826_R5_WINDY HILL WHISKEY,Redcliffe,2026-08-24,Night,Night,5,7:41 PM,2026-08-24T09:41:00+00:00,2026-08-24T19:41:00+10:00,6,WINDY HILL WHISKEY,Stevie Redback Pest Control Pace,1780,"$4,000",Fr6,Jack Butler,Layne Dwyer,PACERS,Mobile,QLD,6.5,6.5,False,NR43,75415,"NDC. NMC. Horses that have not won a race with a total stake more than $5,000 at their last 4 starts. Race field to be selected in Lowest to Highest field selection point score order. QBRED Cash Bonus race. A 1% deduction for Equine Welfare will be applied to all prizemoney prior to distribution.",3YO and older. NR 41 to 44. PBD/NR. Pacers,56369,/windy-hill-whiskey,/jack-butler,/layne-dwyer,"DARK BLUE, RED DIAMONDS, HOOPED SLEEVES",,ODM,UG090826,UGB09082604,5,Marburg,2026-08-09,Redcliffe_1780,Redcliffe_1780_pacers_mobile,4953,4918,11.4,30.4,31.1,29.4,29.7,redcliffe,1780,pacers,mobile,4040.0,363.0,782.0,8.99,28.34,-24.29
RE240826,RE240826_R5,RE240826_R5_DIEGO DELGADO,Redcliffe,2026-08-24,Night,Night,5,7:41 PM,2026-08-24T09:41:00+00:00,2026-08-24T19:41:00+10:00,7,DIEGO DELGADO,Stevie Redback Pest Control Pace,1780,"$4,000",Sr1,Melissa Kendall,Matt Elkins,PACERS,Mobile,QLD,7.5,7.5,False,NR42,80407,"NDC. NMC. Horses that have not won a race with a total stake more than $5,000 at their last 4 starts. Race field to be selected in Lowest to Highest field selection point score order. QBRED Cash Bonus race. A 1% deduction for Equine Welfare will be applied to all prizemoney prior to distribution.",3YO and older. NR 41 to 44. PBD/NR. Pacers,756,/diego-delgado,/melissa-kendall,/matt-elkins,"BLACK, PURPLE HOOPS & ARMBANDS",,,AP180826,APC18082616,7,Albion Park,2026-08-18,Redcliffe_1780,Redcliffe_1780_pacers_mobile,4953,4918,11.4,30.4,31.1,29.4,29.7,redcliffe,1780,pacers,mobile,4835.0,484.0,1261.0,10.01,36.09,-20.04
RE240826,RE240826_R5,RE240826_R5_CHEEKY BABY,Redcliffe,2026-08-24,Night,Night,5,7:41 PM,2026-08-24T09:41:00+00:00,2026-08-24T19:41:00+10:00,8,CHEEKY BABY,Stevie Redback Pest Control Pace,1780,"$4,000",Sr2,Darren McCall,Leonard Cain,PACERS,Mobile,QLD,12.0,12.0,False,NR43,98838,"NDC. NMC. Horses that have not won a race with a total stake more than $5,000 at their last 4 starts. Race field to be selected in Lowest to Highest field selection point score order. QBRED Cash Bonus race. A 1% deduction for Equine Welfare will be applied to all prizemoney prior to distribution.",3YO and older. NR 41 to 44. PBD/NR. Pacers,436822,/cheeky-baby,/darren-mccall,/leonard-cain,"BLACK, YELLOW YOKE, WHITE STARS, YELLOW SLEEVES, WHITE STAR",,,RE120826,REC12082604,8,Redcliffe,2026-08-12,Redcliffe_1780,Redcliffe_1780_pacers_mobile,4953,4918,11.4,30.4,31.1,29.4,29.7,redcliffe,1780,pacers,mobile,4581.0,506.0,1128.0,11.05,35.67,-17.25
RE240826,RE240826_R5,RE240826_R5_SKINNY HORACE,Redcliffe,2026-08-24,Night,Night,5,7:41 PM,2026-08-24T09:41:00+00:00,2026-08-24T19:41:00+10:00,9,SKINNY HORACE,Stevie Redback Pest Control Pace,1780,"$4,000",Sr3,Dean Weller,Dean Weller,PACERS,Mobile,QLD,21.0,21.0,False,NR44,33859,"NDC. NMC. Horses that have not won a race with a total stake more than $5,000 at their last 4 starts. Race field to be selected in Lowest to Highest field selection point score order. QBRED Cash Bonus race. A 1% deduction for Equine Welfare will be applied to all prizemoney prior to distribution.",3YO and older. NR 41 to 44. PBD/NR. Pacers,470,/skinny-horace,/dean-weller,/dean-weller,"GOLD, BLACK CROSSED SASHES",,,RE130826,REC13082604,9,Redcliffe,2026-08-13,Redcliffe_1780,Redcliffe_1780_pacers_mobile,4953,4918,11.4,30.4,31.1,29.4,29.7,redcliffe,1780,pacers,mobile,3721.0,460.0,942.0,12.36,37.68,-11.05
RE240826,RE240826_R6,RE240826_R6_LESVOS LAD,Redcliffe,2026-08-24,Night,Night,6,8:09 PM,2026-08-24T10:09:00+00:00,2026-08-24T20:09:00+10:00,1,LESVOS LAD,Mr T Removals Pace,2040,"$4,060",Fr1,Jenny Anderson,Jack Chapple,PACERS,Mobile,QLD,21.0,21.0,False,NR30,79885,"NDC. NMC. Horses that have not won a race with a total stake more than $5,000 at their last 4 starts. Race field to be selected in Lowest to Highest field selection point score order. QBRED Cash Bonus race. A 1% deduction for Equine Welfare will be applied to all prizemoney prior to distribution.",3YO and older. NR up to 40. PBD/L4$. Pacers,7749,/lesvos-lad,/jenny-anderson,/jack-chapple,"PURPLE, WHITE STARS, PURPLE SLEEVES, WHITE STARS",,,RE170826,REB17082612,5,Redcliffe,2026-08-17,Redcliffe_2040,Redcliffe_2040_pacers_mobile,1256,1254,31.4,31.0,30.7,29.1,29.7,redcliffe,2040,pacers,mobile,1254.0,201.0,369.0,16.03,45.45,-23.37
RE240826,RE240826_R6,RE240826_R6_THE POST OFFICE,Redcliffe,2026-08-24,Night,Night,6,8:09 PM,2026-08-24T10:09:00+00:00,2026-08-24T20:09:00+10:00,2,THE POST OFFICE,Mr T Removals Pace,2040,"$4,060",Fr2,Charlie Chiang,Layne Dwyer,PACERS,Mobile,QLD,31.0,31.0,False,NR35,45855,"NDC. NMC. Horses that have not won a race with a total stake more than $5,000 at their last 4 starts. Race field to be selected in Lowest to Highest field selection point score order. QBRED Cash Bonus race. A 1% deduction for Equine Welfare will be applied to all prizemoney prior to distribution.",3YO and older. NR up to 40. PBD/L4$. Pacers,440992,/the-post-office,/charlie-chiang,/layne-dwyer,"YELLOW, DARK BLUE M",,,RE170826,REB17082606,5,Redcliffe,2026-08-17,Redcliffe_2040,Redcliffe_2040_pacers_mobile,1256,1254,31.4,31.0,30.7,29.1,29.7,redcliffe,2040,pacers,mobile,1254.0,152.0,255.0,12.12,32.46,-18.33
RE240826,RE240826_R6,RE240826_R6_BRITTS MATE NZ,Redcliffe,2026-08-24,Night,Night,6,8:09 PM,2026-08-24T10:09:00+00:00,2026-08-24T20:09:00+10:00,3,BRITTS MATE NZ,Mr T Removals Pace,2040,"$4,060",Fr3,Al Barnes,Brendan Barnes,PACERS,Mobile,QLD,2.5,2.5,False,NR39,39683,"NDC. NMC. Horses that have not won a race with a total stake more than $5,000 at their last 4 starts. Race field to be selected in Lowest to Highest field selection point score order. QBRED Cash Bonus race. A 1% deduction for Equine Welfare will be applied to all prizemoney prior to distribution.",3YO and older. NR up to 40. PBD/L4$. Pacers,12233,/britts-mate-nz,/al-barnes,/brendan-barnes,"BLACK, RED BRACES, WHITE YOKE WITH BLACK STARS, RED SLEEVES, WHITE BB, BLACK CUFFS",,,RE170826,REB17082606,3,Redcliffe,2026-08-17,Redcliffe_2040,Redcliffe_2040_pacers_mobile,1256,1254,31.4,31.0,30.7,29.1,29.7,redcliffe,2040,pacers,mobile,1252.0,154.0,279.0,12.3,34.58,-16.87
RE240826,RE240826_R6,RE240826_R6_BETTOR DREAM SWEET,Redcliffe,2026-08-24,Night,Night,6,8:09 PM,2026-08-24T10:09:00+00:00,2026-08-24T20:09:00+10:00,4,BETTOR DREAM SWEET,Mr T Removals Pace,2040,"$4,060",Fr4,Colin Godden,Adam Richardson,PACERS,Mobile,QLD,16.0,16.0,False,NR30,76638,"NDC. NMC. Horses that have not won a race with a total stake more than $5,000 at their last 4 starts. Race field to be selected in Lowest to Highest field selection point score order. QBRED Cash Bonus race. A 1% deduction for Equine Welfare will be applied to all prizemoney prior to distribution.",3YO and older. NR up to 40. PBD/L4$. Pacers,86,/bettor-dream-sweet,/colin-godden,/adam-richardson,"ORANGE, PURPLE V & ARMBANDS",,,RE170826,REB17082606,8,Redcliffe,2026-08-17,Redcliffe_2040,Redcliffe_2040_pacers_mobile,1256,1254,31.4,31.0,30.7,29.1,29.7,redcliffe,2040,pacers,mobile,1252.0,126.0,264.0,10.06,31.15,-19.65
RE240826,RE240826_R6,RE240826_R6_ICANANDIWILL,Redcliffe,2026-08-24,Night,Night,6,8:09 PM,2026-08-24T10:09:00+00:00,2026-08-24T20:09:00+10:00,5,ICANANDIWILL,Mr T Removals Pace,2040,"$4,060",Fr5,Al Barnes,Lola Weidemann,PACERS,Mobile,QLD,12.0,12.0,False,NR38,72959,"NDC. NMC. Horses that have not won a race with a total stake more than $5,000 at their last 4 starts. Race field to be selected in Lowest to Highest field selection point score order. QBRED Cash Bonus race. A 1% deduction for Equine Welfare will be applied to all prizemoney prior to distribution.",3YO and older. NR up to 40. PBD/L4$. Pacers,11764,/icanandiwill,/al-barnes,/lola-weidemann,"BLACK, GREY, RED & YELLOW SASHES, GREY SLEEVES",,,RE070826,REC07082612,9,Redcliffe,2026-08-07,Redcliffe_2040,Redcliffe_2040_pacers_mobile,1256,1254,31.4,31.0,30.7,29.1,29.7,redcliffe,2040,pacers,mobile,1244.0,133.0,247.0,10.69,30.55,-21.52
RE240826,RE240826_R6,RE240826_R6_THE REAL VANESSA,Redcliffe,2026-08-24,Night,Night,6,8:09 PM,2026-08-24T10:09:00+00:00,2026-08-24T20:09:00+10:00,6,THE REAL VANESSA,Mr T Removals Pace,2040,"$4,060",Fr6,Peter Greig,Peter Greig,PACERS,Mobile,QLD,7.5,7.5,False,NR37,04820,"NDC. NMC. Horses that have not won a race with a total stake more than $5,000 at their last 4 starts. Race field to be selected in Lowest to Highest field selection point score order. QBRED Cash Bonus race. A 1% deduction for Equine Welfare will be applied to all prizemoney prior to distribution.",3YO and older. NR up to 40. PBD/L4$. Pacers,12680,/the-real-vanessa,/peter-greig,/peter-greig,"RED, BLACK SASH, WHITE SLEEVES",,,AP180826,APC18082607,10,Albion Park,2026-08-18,Redcliffe_2040,Redcliffe_2040_pacers_mobile,1256,1254,31.4,31.0,30.7,29.1,29.7,redcliffe,2040,pacers,mobile,1045.0,78.0,188.0,7.46,25.45,-30.95
RE240826,RE240826_R6,RE240826_R6_MULLUM BOY,Redcliffe,2026-08-24,Night,Night,6,8:09 PM,2026-08-24T10:09:00+00:00,2026-08-24T20:09:00+10:00,7,MULLUM BOY,Mr T Removals Pace,2040,"$4,060",Sr1,Dean Weller,Dean Weller,PACERS,Mobile,QLD,14.0,14.0,False,NR32,74734,"NDC. NMC. Horses that have not won a race with a total stake more than $5,000 at their last 4 starts. Race field to be selected in Lowest to Highest field selection point score order. QBRED Cash Bonus race. A 1% deduction for Equine Welfare will be applied to all prizemoney prior to distribution.",3YO and older. NR up to 40. PBD/L4$. Pacers,2926,/mullum-boy,/dean-weller,/dean-weller,"GOLD, BLACK CROSSED SASHES",,,RE170826,REB17082606,4,Redcliffe,2026-08-17,Redcliffe_2040,Redcliffe_2040_pacers_mobile,1256,1254,31.4,31.0,30.7,29.1,29.7,redcliffe,2040,pacers,mobile,1234.0,154.0,349.0,12.48,40.76,-9.42
RE240826,RE240826_R6,RE240826_R6_ROSEANNE RUBY,Redcliffe,2026-08-24,Night,Night,6,8:09 PM,2026-08-24T10:09:00+00:00,2026-08-24T20:09:00+10:00,8,ROSEANNE RUBY,Mr T Removals Pace,2040,"$4,060",Sr2,John McMullen,Taleah McMullen,PACERS,Mobile,QLD,7.5,7.5,False,NR37,89927,"NDC. NMC. Horses that have not won a race with a total stake more than $5,000 at their last 4 starts. Race field to be selected in Lowest to Highest field selection point score order. QBRED Cash Bonus race. A 1% deduction for Equine Welfare will be applied to all prizemoney prior to distribution.",3YO and older. NR up to 40. PBD/L4$. Pacers,11872,/roseanne-ruby,/john-mcmullen,/taleah-mcmullen,"RED, WHITE BRACES & YOKE, RED STARS",,,RE170826,REB17082612,7,Redcliffe,2026-08-17,Redcliffe_2040,Redcliffe_2040_pacers_mobile,1256,1254,31.4,31.0,30.7,29.1,29.7,redcliffe,2040,pacers,mobile,1165.0,115.0,248.0,9.87,31.16,-22.22
RE240826,RE240826_R6,RE240826_R6_THE BLACK FOX,Redcliffe,2026-08-24,Night,Night,6,8:09 PM,2026-08-24T10:09:00+00:00,2026-08-24T20:09:00+10:00,9,THE BLACK FOX,Mr T Removals Pace,2040,"$4,060",Sr3,David Rodger,Leonard Cain,PACERS,Mobile,QLD,12.0,12.0,False,NR30,66543,"NDC. NMC. Horses that have not won a race with a total stake more than $5,000 at their last 4 starts. Race field to be selected in Lowest to Highest field selection point score order. QBRED Cash Bonus race. A 1% deduction for Equine Welfare will be applied to all prizemoney prior to distribution.",3YO and older. NR up to 40. PBD/L4$. Pacers,1875,/the-black-fox,/david-rodger,/leonard-cain,"GOLD, PURPLE SASH, BLACK SLEEVES",,,UG090826,UGB09082606,3,Marburg,2026-08-09,Redcliffe_2040,Redcliffe_2040_pacers_mobile,1256,1254,31.4,31.0,30.7,29.1,29.7,redcliffe,2040,pacers,mobile,991.0,108.0,246.0,10.9,35.72,-14.13
RE240826,RE240826_R6,RE240826_R6_SKYLAR BREE,Redcliffe,2026-08-24,Night,Night,6,8:09 PM,2026-08-24T10:09:00+00:00,2026-08-24T20:09:00+10:00,10,SKYLAR BREE,Mr T Removals Pace,2040,"$4,060",Sr4,Greg Elkins,Matt Elkins,PACERS,Mobile,QLD,4.0,4.0,False,NR40,81s58,"NDC. NMC. Horses that have not won a race with a total stake more than $5,000 at their last 4 starts. Race field to be selected in Lowest to Highest field selection point score order. QBRED Cash Bonus race. A 1% deduction for Equine Welfare will be applied to all prizemoney prior to distribution.",3YO and older. NR up to 40. PBD/L4$. Pacers,2443,/skylar-bree,/greg-elkins,/matt-elkins,"GOLD, BLACK HORSESHOES, STRIPED SLEEVES",,,RE170826,REB17082603,8,Redcliffe,2026-08-17,Redcliffe_2040,Redcliffe_2040_pacers_mobile,1256,1254,31.4,31.0,30.7,29.1,29.7,redcliffe,2040,pacers,mobile,262.0,31.0,63.0,11.83,35.88,-23.33
RE240826,RE240826_R7,RE240826_R7_LITTLE WHIPPET,Redcliffe,2026-08-24,Night,Night,7,8:37 PM,2026-08-24T10:37:00+00:00,2026-08-24T20:37:00+10:00,1,LITTLE WHIPPET,Pelican Waters Resort 2 to 3 Wins Pace,2040,"$4,060",Fr1,Colin Godden,Adam Richardson,PACERS,Mobile,QLD,3.0,3.0,False,NR39,58353,NDC. NMC. Horses with no more than 3 lifetime wins. Race field to be selected in Lowest to Highest field selection point score order. QBRED Cash Bonus race. A 1% deduction for Equine Welfare will be applied to all prizemoney prior to distribution.,Up to 3 LTW. PBD/NR. Pacers,6185,/little-whippet,/colin-godden,/adam-richardson,"ORANGE, PURPLE V & ARMBANDS",,,RE190826,REC19082605,3,Redcliffe,2026-08-19,Redcliffe_2040,Redcliffe_2040_pacers_mobile,1256,1254,31.4,31.0,30.7,29.1,29.7,redcliffe,2040,pacers,mobile,1254.0,201.0,369.0,16.03,45.45,-23.37
RE240826,RE240826_R7,RE240826_R7_JINDALEA JACK,Redcliffe,2026-08-24,Night,Night,7,8:37 PM,2026-08-24T10:37:00+00:00,2026-08-24T20:37:00+10:00,2,JINDALEA JACK,Pelican Waters Resort 2 to 3 Wins Pace,2040,"$4,060",Fr2,Dan Russell,Matt Elkins,PACERS,Mobile,QLD,14.0,14.0,False,NR43,39726,NDC. NMC. Horses with no more than 3 lifetime wins. Race field to be selected in Lowest to Highest field selection point score order. QBRED Cash Bonus race. A 1% deduction for Equine Welfare will be applied to all prizemoney prior to distribution.,Up to 3 LTW. PBD/NR. Pacers,5688,/jindalea-jack,/dan-russell,/matt-elkins,"RED, BLUE STARS",,,UG090826,UGB09082607,6,Marburg,2026-08-09,Redcliffe_2040,Redcliffe_2040_pacers_mobile,1256,1254,31.4,31.0,30.7,29.1,29.7,redcliffe,2040,pacers,mobile,1254.0,152.0,255.0,12.12,32.46,-18.33
RE240826,RE240826_R7,RE240826_R7_MACMUFF,Redcliffe,2026-08-24,Night,Night,7,8:37 PM,2026-08-24T10:37:00+00:00,2026-08-24T20:37:00+10:00,3,MACMUFF,Pelican Waters Resort 2 to 3 Wins Pace,2040,"$4,060",Fr3,Lola Weidemann,Lola Weidemann,PACERS,Mobile,QLD,81.0,81.0,False,NR45,s6841,NDC. NMC. Horses with no more than 3 lifetime wins. Race field to be selected in Lowest to Highest field selection point score order. QBRED Cash Bonus race. A 1% deduction for Equine Welfare will be applied to all prizemoney prior to distribution.,Up to 3 LTW. PBD/NR. Pacers,157033,/macmuff,/lola-weidemann,/lola-weidemann,"GREEN, WHITE BAND",,,RE170826,REB17082609,1,Redcliffe,2026-08-17,Redcliffe_2040,Redcliffe_2040_pacers_mobile,1256,1254,31.4,31.0,30.7,29.1,29.7,redcliffe,2040,pacers,mobile,1252.0,154.0,279.0,12.3,34.58,-16.87
RE240826,RE240826_R7,RE240826_R7_TELLMEBOUTIT,Redcliffe,2026-08-24,Night,Night,7,8:37 PM,2026-08-24T10:37:00+00:00,2026-08-24T20:37:00+10:00,4,TELLMEBOUTIT,Pelican Waters Resort 2 to 3 Wins Pace,2040,"$4,060",Fr4,Peter Greig,Taleah McMullen,PACERS,Mobile,QLD,6.0,6.0,False,NR47,14605,NDC. NMC. Horses with no more than 3 lifetime wins. Race field to be selected in Lowest to Highest field selection point score order. QBRED Cash Bonus race. A 1% deduction for Equine Welfare will be applied to all prizemoney prior to distribution.,Up to 3 LTW. PBD/NR. Pacers,10134,/tellmeboutit,/peter-greig,/taleah-mcmullen,"RED, WHITE PIPING",,,AP180826,APC18082606,5,Albion Park,2026-08-18,Redcliffe_2040,Redcliffe_2040_pacers_mobile,1256,1254,31.4,31.0,30.7,29.1,29.7,redcliffe,2040,pacers,mobile,1252.0,126.0,264.0,10.06,31.15,-19.65
RE240826,RE240826_R7,RE240826_R7_HYPNOTIZE ME,Redcliffe,2026-08-24,Night,Night,7,8:37 PM,2026-08-24T10:37:00+00:00,2026-08-24T20:37:00+10:00,5,HYPNOTIZE ME,Pelican Waters Resort 2 to 3 Wins Pace,2040,"$4,060",Fr5,Matt Crone,Matt Crone,PACERS,Mobile,QLD,31.0,31.0,False,NR51,658s0,NDC. NMC. Horses with no more than 3 lifetime wins. Race field to be selected in Lowest to Highest field selection point score order. QBRED Cash Bonus race. A 1% deduction for Equine Welfare will be applied to all prizemoney prior to distribution.,Up to 3 LTW. PBD/NR. Pacers,439528,/hypnotize-me,/matt-crone,/matt-crone,"BLUE, YELLOW YOKE WITH BLUE STARS, YELLOW BRACES, BAND & SLEEVES WITH BLUE HORSE SHOE HEAD",,,AP140826,APC14082619,11,Albion Park,2026-08-14,Redcliffe_2040,Redcliffe_2040_pacers_mobile,1256,1254,31.4,31.0,30.7,29.1,29.7,redcliffe,2040,pacers,mobile,1244.0,133.0,247.0,10.69,30.55,-21.52
RE240826,RE240826_R7,RE240826_R7_QILIN,Redcliffe,2026-08-24,Night,Night,7,8:37 PM,2026-08-24T10:37:00+00:00,2026-08-24T20:37:00+10:00,6,QILIN,Pelican Waters Resort 2 to 3 Wins Pace,2040,"$4,060",Fr6,Trent Moffat,Trent Moffat,PACERS,Mobile,QLD,5.0,5.0,False,NR49,51670,NDC. NMC. Horses with no more than 3 lifetime wins. Race field to be selected in Lowest to Highest field selection point score order. QBRED Cash Bonus race. A 1% deduction for Equine Welfare will be applied to all prizemoney prior to distribution.,Up to 3 LTW. PBD/NR. Pacers,440115,/qilin,/trent-moffat,/trent-moffat,"BLACK, GOLD STARS, BLACK SLEEVES, GOLD CHEVRONS",,ODM,AP140826,APC14082611,10,Albion Park,2026-08-14,Redcliffe_2040,Redcliffe_2040_pacers_mobile,1256,1254,31.4,31.0,30.7,29.1,29.7,redcliffe,2040,pacers,mobile,1045.0,78.0,188.0,7.46,25.45,-30.95
RE240826,RE240826_R7,RE240826_R7_ITS A SPONGE DARL,Redcliffe,2026-08-24,Night,Night,7,8:37 PM,2026-08-24T10:37:00+00:00,2026-08-24T20:37:00+10:00,7,ITS A SPONGE DARL,Pelican Waters Resort 2 to 3 Wins Pace,2040,"$4,060",Sr1,Peter Greig,Peter Greig,PACERS,Mobile,QLD,7.0,7.0,False,NR49,48529,NDC. NMC. Horses with no more than 3 lifetime wins. Race field to be selected in Lowest to Highest field selection point score order. QBRED Cash Bonus race. A 1% deduction for Equine Welfare will be applied to all prizemoney prior to distribution.,Up to 3 LTW. PBD/NR. Pacers,57875,/its-a-sponge-darl,/peter-greig,/peter-greig,"RED, BLACK SASH, WHITE SLEEVES",,,AP140826,APC14082604,9,Albion Park,2026-08-14,Redcliffe_2040,Redcliffe_2040_pacers_mobile,1256,1254,31.4,31.0,30.7,29.1,29.7,redcliffe,2040,pacers,mobile,1234.0,154.0,349.0,12.48,40.76,-9.42
RE240826,RE240826_R7,RE240826_R7_JUST PINNY,Redcliffe,2026-08-24,Night,Night,7,8:37 PM,2026-08-24T10:37:00+00:00,2026-08-24T20:37:00+10:00,8,JUST PINNY,Pelican Waters Resort 2 to 3 Wins Pace,2040,"$4,060",Sr2,Jenny Anderson,Jack Chapple,PACERS,Mobile,QLD,8.0,8.0,False,NR50,88585,NDC. NMC. Horses with no more than 3 lifetime wins. Race field to be selected in Lowest to Highest field selection point score order. QBRED Cash Bonus race. A 1% deduction for Equine Welfare will be applied to all prizemoney prior to distribution.,Up to 3 LTW. PBD/NR. Pacers,137578,/just-pinny,/jenny-anderson,/jack-chapple,"PURPLE, WHITE STARS, PURPLE SLEEVES, WHITE STARS",,,RE210826,REC21082608,5,Redcliffe,2026-08-21,Redcliffe_2040,Redcliffe_2040_pacers_mobile,1256,1254,31.4,31.0,30.7,29.1,29.7,redcliffe,2040,pacers,mobile,1165.0,115.0,248.0,9.87,31.16,-22.22
RE240826,RE240826_R7,RE240826_R7_MULLUM JUDITH,Redcliffe,2026-08-24,Night,Night,7,8:37 PM,2026-08-24T10:37:00+00:00,2026-08-24T20:37:00+10:00,9,MULLUM JUDITH,Pelican Waters Resort 2 to 3 Wins Pace,2040,"$4,060",Sr3,Jack Butler,Layne Dwyer,PACERS,Mobile,QLD,3.6,3.6,False,NR50,51985,NDC. NMC. Horses with no more than 3 lifetime wins. Race field to be selected in Lowest to Highest field selection point score order. QBRED Cash Bonus race. A 1% deduction for Equine Welfare will be applied to all prizemoney prior to distribution.,Up to 3 LTW. PBD/NR. Pacers,182004,/mullum-judith,/jack-butler,/layne-dwyer,"DARK BLUE, RED DIAMONDS, HOOPED SLEEVES",,,RE130826,REC13082603,5,Redcliffe,2026-08-13,Redcliffe_2040,Redcliffe_2040_pacers_mobile,1256,1254,31.4,31.0,30.7,29.1,29.7,redcliffe,2040,pacers,mobile,991.0,108.0,246.0,10.9,35.72,-14.13
RE240826,RE240826_R8,RE240826_R8_SOCIAL OUTING,Redcliffe,2026-08-24,Night,Night,8,9:04 PM,2026-08-24T11:04:00+00:00,2026-08-24T21:04:00+10:00,1,SOCIAL OUTING,Become a Redcliffe Hrc Member Maiden Pace,1780,"$4,600",Fr1,Mitch Cox,Mitch Cox,PACERS,Mobile,QLD,2.0,2.0,False,NR42,87232,NDC. NMC. Horses that have never won a race. A 1% deduction for Equine Welfare will be applied to all prizemoney prior to distribution.,MAIDEN. RBD. Pacers,441650,/social-outing,/mitchell-cox,/mitchell-cox,"BLACK, MAROON BRACES & YOKE WITH BLACK DIAMONDS, WHITE PIPING, BLACK SLEEVES",,,RE170826,REB17082609,2,Redcliffe,2026-08-17,Redcliffe_1780,Redcliffe_1780_pacers_mobile,4953,4918,11.4,30.4,31.1,29.4,29.7,redcliffe,1780,pacers,mobile,4918.0,712.0,1415.0,14.48,43.25,-24.74
RE240826,RE240826_R8,RE240826_R8_MULLUM PATSY,Redcliffe,2026-08-24,Night,Night,8,9:04 PM,2026-08-24T11:04:00+00:00,2026-08-24T21:04:00+10:00,2,MULLUM PATSY,Become a Redcliffe Hrc Member Maiden Pace,1780,"$4,600",Fr2,Matt Crone,Matt Crone,PACERS,Mobile,QLD,16.0,16.0,False,NR50,,NDC. NMC. Horses that have never won a race. A 1% deduction for Equine Welfare will be applied to all prizemoney prior to distribution.,MAIDEN. RBD. Pacers,187092,/mullum-patsy,/matt-crone,/matt-crone,"BLUE, YELLOW YOKE WITH BLUE STARS, YELLOW BRACES, BAND & SLEEVES WITH BLUE HORSE SHOE HEAD",,,,,,,,Redcliffe_1780,Redcliffe_1780_pacers_mobile,4953,4918,11.4,30.4,31.1,29.4,29.7,redcliffe,1780,pacers,mobile,4918.0,573.0,1098.0,11.65,33.98,-25.44
RE240826,RE240826_R8,RE240826_R8_MELTON FOURHUNDRED,Redcliffe,2026-08-24,Night,Night,8,9:04 PM,2026-08-24T11:04:00+00:00,2026-08-24T21:04:00+10:00,3,MELTON FOURHUNDRED,Become a Redcliffe Hrc Member Maiden Pace,1780,"$4,600",Fr3,George Michael,Taleah McMullen,PACERS,Mobile,QLD,14.0,14.0,False,NR50,5,NDC. NMC. Horses that have never won a race. A 1% deduction for Equine Welfare will be applied to all prizemoney prior to distribution.,MAIDEN. RBD. Pacers,438466,/melton-fourhundred,/george-michael,/taleah-mcmullen,"GOLD, PURPLE MALTESE CROSS, WHITE SLEEVES",,,RE170826,REB17082609,5,Redcliffe,2026-08-17,Redcliffe_1780,Redcliffe_1780_pacers_mobile,4953,4918,11.4,30.4,31.1,29.4,29.7,redcliffe,1780,pacers,mobile,4916.0,624.0,1098.0,12.69,35.03,-15.72
RE240826,RE240826_R8,RE240826_R8_MCROCKIN,Redcliffe,2026-08-24,Night,Night,8,9:04 PM,2026-08-24T11:04:00+00:00,2026-08-24T21:04:00+10:00,4,MCROCKIN,Become a Redcliffe Hrc Member Maiden Pace,1780,"$4,600",Fr4,Gemma Hewitt,Brendan Barnes,PACERS,Mobile,QLD,6.0,6.0,False,NR47,23376,NDC. NMC. Horses that have never won a race. A 1% deduction for Equine Welfare will be applied to all prizemoney prior to distribution.,MAIDEN. RBD. Pacers,440195,/mcrockin,/gemma-hewitt,/brendan-barnes,"PURPLE, RED YOKE & BRACES, PURPLE STARS",,,RE120826,REC12082607,6,Redcliffe,2026-08-12,Redcliffe_1780,Redcliffe_1780_pacers_mobile,4953,4918,11.4,30.4,31.1,29.4,29.7,redcliffe,1780,pacers,mobile,4907.0,622.0,1074.0,12.68,34.56,-9.16
RE240826,RE240826_R8,RE240826_R8_TINTIN IN LOGAN,Redcliffe,2026-08-24,Night,Night,8,9:04 PM,2026-08-24T11:04:00+00:00,2026-08-24T21:04:00+10:00,5,TINTIN IN LOGAN,Become a Redcliffe Hrc Member Maiden Pace,1780,"$4,600",Fr5,Doug Lee,Layne Dwyer,PACERS,Mobile,QLD,11.0,11.0,False,NR42,255s6,NDC. NMC. Horses that have never won a race. A 1% deduction for Equine Welfare will be applied to all prizemoney prior to distribution.,MAIDEN. RBD. Pacers,440354,/tintin-in-logan,/doug-lee,/layne-dwyer,"BROWN, ORANGE SPOTS, BROWN SLEEVES",,,RE170826,REB17082609,6,Redcliffe,2026-08-17,Redcliffe_1780,Redcliffe_1780_pacers_mobile,4953,4918,11.4,30.4,31.1,29.4,29.7,redcliffe,1780,pacers,mobile,4816.0,562.0,1042.0,11.67,33.31,-23.18
RE240826,RE240826_R8,RE240826_R8_MY SWEET ELISE,Redcliffe,2026-08-24,Night,Night,8,9:04 PM,2026-08-24T11:04:00+00:00,2026-08-24T21:04:00+10:00,6,MY SWEET ELISE,Become a Redcliffe Hrc Member Maiden Pace,1780,"$4,600",Fr6,Matt Crone,Gavin Crone,PACERS,Mobile,QLD,21.0,21.0,False,NR47,s396s,NDC. NMC. Horses that have never won a race. A 1% deduction for Equine Welfare will be applied to all prizemoney prior to distribution.,MAIDEN. RBD. Pacers,156972,/my-sweet-elise,/matt-crone,/gavin-crone,"YELLOW, BLUE SLEEVES",,ODM,RE301025,REC30102507,6,Redcliffe,2025-10-30,Redcliffe_1780,Redcliffe_1780_pacers_mobile,4953,4918,11.4,30.4,31.1,29.4,29.7,redcliffe,1780,pacers,mobile,4040.0,363.0,782.0,8.99,28.34,-24.29
RE240826,RE240826_R8,RE240826_R8_THE SWANSONG,Redcliffe,2026-08-24,Night,Night,8,9:04 PM,2026-08-24T11:04:00+00:00,2026-08-24T21:04:00+10:00,7,THE SWANSONG,Become a Redcliffe Hrc Member Maiden Pace,1780,"$4,600",Sr1,John Chicken,Adam Richardson,PACERS,Mobile,QLD,14.0,14.0,False,NR43,s2768,NDC. NMC. Horses that have never won a race. A 1% deduction for Equine Welfare will be applied to all prizemoney prior to distribution.,MAIDEN. RBD. Pacers,440272,/the-swansong,/john-chicken,/adam-richardson,"MAUVE, GREEN SASH",,,RE170826,REB17082609,8,Redcliffe,2026-08-17,Redcliffe_1780,Redcliffe_1780_pacers_mobile,4953,4918,11.4,30.4,31.1,29.4,29.7,redcliffe,1780,pacers,mobile,4835.0,484.0,1261.0,10.01,36.09,-20.04
RE240826,RE240826_R8,RE240826_R8_SWEDESBORO,Redcliffe,2026-08-24,Night,Night,8,9:04 PM,2026-08-24T11:04:00+00:00,2026-08-24T21:04:00+10:00,8,SWEDESBORO,Become a Redcliffe Hrc Member Maiden Pace,1780,"$4,600",Sr2,Ron Sallis,Jack Chapple,PACERS,Mobile,QLD,6.0,6.0,False,NR42,78337,NDC. NMC. Horses that have never won a race. A 1% deduction for Equine Welfare will be applied to all prizemoney prior to distribution.,MAIDEN. RBD. Pacers,56185,/swedesboro,/ron-sallis,/jack-chapple,"ORANGE, GREEN SHAMROCK, BLACK SLEEVES",,,RE120826,REC12082607,7,Redcliffe,2026-08-12,Redcliffe_1780,Redcliffe_1780_pacers_mobile,4953,4918,11.4,30.4,31.1,29.4,29.7,redcliffe,1780,pacers,mobile,4581.0,506.0,1128.0,11.05,35.67,-17.25
RE240826,RE240826_R8,RE240826_R8_KIPCHOGE,Redcliffe,2026-08-24,Night,Night,8,9:04 PM,2026-08-24T11:04:00+00:00,2026-08-24T21:04:00+10:00,9,KIPCHOGE,Become a Redcliffe Hrc Member Maiden Pace,1780,"$4,600",Sr3,John McMullen,Matt Elkins,PACERS,Mobile,QLD,14.0,14.0,False,NR44,54353,NDC. NMC. Horses that have never won a race. A 1% deduction for Equine Welfare will be applied to all prizemoney prior to distribution.,MAIDEN. RBD. Pacers,437679,/kipchoge,/john-mcmullen,/matt-elkins,"BLACK, YELLOW YOKE, BRACES & BAND, BLACK HORSESHOES, YELLOW SLEEVES",,,UG090826,UGB09082609,3,Marburg,2026-08-09,Redcliffe_1780,Redcliffe_1780_pacers_mobile,4953,4918,11.4,30.4,31.1,29.4,29.7,redcliffe,1780,pacers,mobile,3721.0,460.0,942.0,12.36,37.68,-11.05
RE260826,RE260826_R1,RE260826_R1_ROLLYARRRZ NZ,Redcliffe,2026-08-26,Night,Night,1,5:50 PM,2026-08-26T07:50:00+00:00,2026-08-26T17:50:00+10:00,1,ROLLYARRRZ NZ,Garrards Horse & Hound Pace,1780,"$6,200",Fr1,Alanah Richardson,Adam Richardson,PACERS,Mobile,QLD,,,False,NR44 (A45),79362,"DC. MC. Restricted to horses that have not won a race with a total stake more than $6,500 at Albion Park, Menangle or Melton at their last 4 starts. A 1% deduction for Equine Welfare will be applied to all prizemoney prior to distribution.",3YO and older. NR 45 to 51. PBD/NR. Pacers,2604,/rollyarrrz-nz,/alanah-richardson,/adam-richardson,"ROYAL BLUE, WHITE BRACES & ROYAL BLUE STARS, RED COLLAR & WAISTBAND, ROYAL BLUE SLEEVES, RED PIPING",,,RE030826,REB03082605,2,Redcliffe,2026-08-03,Redcliffe_1780,Redcliffe_1780_pacers_mobile,4953,4918,11.4,30.4,31.1,29.4,29.7,redcliffe,1780,pacers,mobile,4918.0,712.0,1415.0,14.48,43.25,-24.74
RE260826,RE260826_R1,RE260826_R1_FRANCS FOR COMING,Redcliffe,2026-08-26,Night,Night,1,5:50 PM,2026-08-26T07:50:00+00:00,2026-08-26T17:50:00+10:00,2,FRANCS FOR COMING,Garrards Horse & Hound Pace,1780,"$6,200",Fr2,Colin Godden,Mitch Cox,PACERS,Mobile,QLD,,,False,NR47 (A45),35184,"DC. MC. Restricted to horses that have not won a race with a total stake more than $6,500 at Albion Park, Menangle or Melton at their last 4 starts. A 1% deduction for Equine Welfare will be applied to all prizemoney prior to distribution.",3YO and older. NR 45 to 51. PBD/NR. Pacers,435489,/francs-for-coming,/colin-godden,/mitchell-cox,"ORANGE, PURPLE V & ARMBANDS",,,RE190826,REC19082604,4,Redcliffe,2026-08-19,Redcliffe_1780,Redcliffe_1780_pacers_mobile,4953,4918,11.4,30.4,31.1,29.4,29.7,redcliffe,1780,pacers,mobile,4918.0,573.0,1098.0,11.65,33.98,-25.44
RE260826,RE260826_R1,RE260826_R1_THE TIGER ARMY,Redcliffe,2026-08-26,Night,Night,1,5:50 PM,2026-08-26T07:50:00+00:00,2026-08-26T17:50:00+10:00,3,THE TIGER ARMY,Garrards Horse & Hound Pace,1780,"$6,200",Fr3,Ryan Veivers,Shane Graham,PACERS,Mobile,QLD,,,False,NR45,02527,"DC. MC. Restricted to horses that have not won a race with a total stake more than $6,500 at Albion Park, Menangle or Melton at their last 4 starts. A 1% deduction for Equine Welfare will be applied to all prizemoney prior to distribution.",3YO and older. NR 45 to 51. PBD/NR. Pacers,4620,/the-tiger-army,/ryan-veivers,/shane-graham,"RED, BLACK BRACES & YOKE, WHITE DIAMONDS, RED SLEEVES, BLACK STRIPE, WHITE DIAMOND",,,RE190826,REC19082603,7,Redcliffe,2026-08-19,Redcliffe_1780,Redcliffe_1780_pacers_mobile,4953,4918,11.4,30.4,31.1,29.4,29.7,redcliffe,1780,pacers,mobile,4916.0,624.0,1098.0,12.69,35.03,-15.72
RE260826,RE260826_R1,RE260826_R1_TERRAGONG SWINGER,Redcliffe,2026-08-26,Night,Night,1,5:50 PM,2026-08-26T07:50:00+00:00,2026-08-26T17:50:00+10:00,4,TERRAGONG SWINGER,Garrards Horse & Hound Pace,1780,"$6,200",Fr4,Graham Dwyer,Greg Bennett,PACERS,Mobile,QLD,,,False,NR46,63611,"DC. MC. Restricted to horses that have not won a race with a total stake more than $6,500 at Albion Park, Menangle or Melton at their last 4 starts. A 1% deduction for Equine Welfare will be applied to all prizemoney prior to distribution.",3YO and older. NR 45 to 51. PBD/NR. Pacers,430901,/terragong-swinger,/graham-dwyer,/greg-bennett,"RED, BLACK HORSE & WHITE CROWN LOGO, WHITE KINGSLODGE SLEEVES",,,RE190826,REC19082604,1,Redcliffe,2026-08-19,Redcliffe_1780,Redcliffe_1780_pacers_mobile,4953,4918,11.4,30.4,31.1,29.4,29.7,redcliffe,1780,pacers,mobile,4907.0,622.0,1074.0,12.68,34.56,-9.16
RE260826,RE260826_R1,RE260826_R1_GRIGORA,Redcliffe,2026-08-26,Night,Night,1,5:50 PM,2026-08-26T07:50:00+00:00,2026-08-26T17:50:00+10:00,5,GRIGORA,Garrards Horse & Hound Pace,1780,"$6,200",Fr5,Anna Woodmansey,Jack Chapple,PACERS,Mobile,QLD,,,False,NR48,41450,"DC. MC. Restricted to horses that have not won a race with a total stake more than $6,500 at Albion Park, Menangle or Melton at their last 4 starts. A 1% deduction for Equine Welfare will be applied to all prizemoney prior to distribution.",3YO and older. NR 45 to 51. PBD/NR. Pacers,2901,/grigora,/anna-woodmansey,/jack-chapple,"BLUE, RED & WHITE DIAGONAL STRIPES, WHITE SLEEVES",,,RE190826,REC19082603,10,Redcliffe,2026-08-19,Redcliffe_1780,Redcliffe_1780_pacers_mobile,4953,4918,11.4,30.4,31.1,29.4,29.7,redcliffe,1780,pacers,mobile,4816.0,562.0,1042.0,11.67,33.31,-23.18
RE260826,RE260826_R1,RE260826_R1_WEHAVTIME NZ,Redcliffe,2026-08-26,Night,Night,1,5:50 PM,2026-08-26T07:50:00+00:00,2026-08-26T17:50:00+10:00,6,WEHAVTIME NZ,Garrards Horse & Hound Pace,1780,"$6,200",Fr6,Debra Belford,Dean Belford,PACERS,Mobile,QLD,,,False,NR49,31987,"DC. MC. Restricted to horses that have not won a race with a total stake more than $6,500 at Albion Park, Menangle or Melton at their last 4 starts. A 1% deduction for Equine Welfare will be applied to all prizemoney prior to distribution.",3YO and older. NR 45 to 51. PBD/NR. Pacers,434738,/wehavtime-nz-434738,/debra-belford,/dean-belford,"BLACK, GREEN SUN LOGO",,,RE030826,REB03082603,7,Redcliffe,2026-08-03,Redcliffe_1780,Redcliffe_1780_pacers_mobile,4953,4918,11.4,30.4,31.1,29.4,29.7,redcliffe,1780,pacers,mobile,4040.0,363.0,782.0,8.99,28.34,-24.29
RE260826,RE260826_R1,RE260826_R1_IDEAL PURSUIT,Redcliffe,2026-08-26,Night,Night,1,5:50 PM,2026-08-26T07:50:00+00:00,2026-08-26T17:50:00+10:00,7,IDEAL PURSUIT,Garrards Horse & Hound Pace,1780,"$6,200",Sr1,Darrel Graham,Tom Callaghan,PACERS,Mobile,QLD,,,False,NR51 (A46),61568,"DC. MC. Restricted to horses that have not won a race with a total stake more than $6,500 at Albion Park, Menangle or Melton at their last 4 starts. A 1% deduction for Equine Welfare will be applied to all prizemoney prior to distribution.",3YO and older. NR 45 to 51. PBD/NR. Pacers,438678,/ideal-pursuit,/darrel-graham,/tom-callaghan,"GOLD & GREEN STRIPES, GOLD YOKE & SLEEVES",,,AP200826,APC20082604,8,Albion Park,2026-08-20,Redcliffe_1780,Redcliffe_1780_pacers_mobile,4953,4918,11.4,30.4,31.1,29.4,29.7,redcliffe,1780,pacers,mobile,4835.0,484.0,1261.0,10.01,36.09,-20.04
RE260826,RE260826_R1,RE260826_R1_HES REGAL,Redcliffe,2026-08-26,Night,Night,1,5:50 PM,2026-08-26T07:50:00+00:00,2026-08-26T17:50:00+10:00,8,HES REGAL,Garrards Horse & Hound Pace,1780,"$6,200",Sr2,Dan Russell,Dan Russell,PACERS,Mobile,QLD,,,False,NR47,35159,"DC. MC. Restricted to horses that have not won a race with a total stake more than $6,500 at Albion Park, Menangle or Melton at their last 4 starts. A 1% deduction for Equine Welfare will be applied to all prizemoney prior to distribution.",3YO and older. NR 45 to 51. PBD/NR. Pacers,9271,/hes-regal,/dan-russell,/dan-russell,"RED, BLUE STARS",,,RE190826,REC19082603,9,Redcliffe,2026-08-19,Redcliffe_1780,Redcliffe_1780_pacers_mobile,4953,4918,11.4,30.4,31.1,29.4,29.7,redcliffe,1780,pacers,mobile,4581.0,506.0,1128.0,11.05,35.67,-17.25
RE260826,RE260826_R1,RE260826_R1_PRINCE JOY,Redcliffe,2026-08-26,Night,Night,1,5:50 PM,2026-08-26T07:50:00+00:00,2026-08-26T17:50:00+10:00,9,PRINCE JOY,Garrards Horse & Hound Pace,1780,"$6,200",Sr3,Tayla Gillespie,Angus Garrard,PACERS,Mobile,QLD,,,False,NR48,43741,"DC. MC. Restricted to horses that have not won a race with a total stake more than $6,500 at Albion Park, Menangle or Melton at their last 4 starts. A 1% deduction for Equine Welfare will be applied to all prizemoney prior to distribution.",3YO and older. NR 45 to 51. PBD/NR. Pacers,2440,/prince-joy,/tayla-gillespie,/angus-garrard,"WHITE, FIVE STAR HORSE TRANSPORT LOGO, BLUE STARS SLEEVES",,,RE190826,REC19082612,1,Redcliffe,2026-08-19,Redcliffe_1780,Redcliffe_1780_pacers_mobile,4953,4918,11.4,30.4,31.1,29.4,29.7,redcliffe,1780,pacers,mobile,3721.0,460.0,942.0,12.36,37.68,-11.05
RE260826,RE260826_R2,RE260826_R2_OYSTER STRIDE,Redcliffe,2026-08-26,Night,Night,2,6:22 PM,2026-08-26T08:22:00+00:00,2026-08-26T18:22:00+10:00,1,OYSTER STRIDE,Coast2coast Grounds & Gardens Pace,2040,"$4,660",Fr1,Graham White,Greg Bennett,PACERS,Mobile,QLD,,,False,NR38 (A40),01784,"NDC. NMC. Restricted to horses that have not won a race with a total stake more than $6,500 at Albion Park, Menangle or Melton at their last 4 starts. A 1% deduction for Equine Welfare will be applied to all prizemoney prior to distribution.",3YO and older. NR 40 to 44. PBD/NR. Pacers,5432,/oyster-stride,/graham-white,/greg-bennett,"ROYAL BLUE, RED MALTESE CROSS",,,RE190826,REC19082613,4,Redcliffe,2026-08-19,Redcliffe_2040,Redcliffe_2040_pacers_mobile,1256,1254,31.4,31.0,30.7,29.1,29.7,redcliffe,2040,pacers,mobile,1254.0,201.0,369.0,16.03,45.45,-23.37
RE260826,RE260826_R2,RE260826_R2_SPORTY AZZ,Redcliffe,2026-08-26,Night,Night,2,6:22 PM,2026-08-26T08:22:00+00:00,2026-08-26T18:22:00+10:00,2,SPORTY AZZ,Coast2coast Grounds & Gardens Pace,2040,"$4,660",Fr2,Dan Russell,Dan Russell,PACERS,Mobile,QLD,,,False,NR40,25515,"NDC. NMC. Restricted to horses that have not won a race with a total stake more than $6,500 at Albion Park, Menangle or Melton at their last 4 starts. A 1% deduction for Equine Welfare will be applied to all prizemoney prior to distribution.",3YO and older. NR 40 to 44. PBD/NR. Pacers,2741,/sporty-azz,/dan-russell,/dan-russell,"RED, BLUE STARS",,,RE190826,REC19082613,5,Redcliffe,2026-08-19,Redcliffe_2040,Redcliffe_2040_pacers_mobile,1256,1254,31.4,31.0,30.7,29.1,29.7,redcliffe,2040,pacers,mobile,1254.0,152.0,255.0,12.12,32.46,-18.33
RE260826,RE260826_R2,RE260826_R2_MALIBU DREAM,Redcliffe,2026-08-26,Night,Night,2,6:22 PM,2026-08-26T08:22:00+00:00,2026-08-26T18:22:00+10:00,3,MALIBU DREAM,Coast2coast Grounds & Gardens Pace,2040,"$4,660",Fr3,Ryan Veivers,Nathan Dawson,PACERS,Mobile,QLD,,,False,NR41,56817,"NDC. NMC. Restricted to horses that have not won a race with a total stake more than $6,500 at Albion Park, Menangle or Melton at their last 4 starts. A 1% deduction for Equine Welfare will be applied to all prizemoney prior to distribution.",3YO and older. NR 40 to 44. PBD/NR. Pacers,5418,/malibu-dream,/ryan-veivers,/nathan-dawson,"BLACK, RED BRACES, BLACK YOKE, RED DIAMONDS, BLACK SLEEVES",,,RE190826,REC19082612,7,Redcliffe,2026-08-19,Redcliffe_2040,Redcliffe_2040_pacers_mobile,1256,1254,31.4,31.0,30.7,29.1,29.7,redcliffe,2040,pacers,mobile,1252.0,154.0,279.0,12.3,34.58,-16.87
RE260826,RE260826_R2,RE260826_R2_MISS HATTIE,Redcliffe,2026-08-26,Night,Night,2,6:22 PM,2026-08-26T08:22:00+00:00,2026-08-26T18:22:00+10:00,4,MISS HATTIE,Coast2coast Grounds & Gardens Pace,2040,"$4,660",Fr4,Mat Wright,Clint Sneddon,PACERS,Mobile,QLD,,,False,NR40,54758,"NDC. NMC. Restricted to horses that have not won a race with a total stake more than $6,500 at Albion Park, Menangle or Melton at their last 4 starts. A 1% deduction for Equine Welfare will be applied to all prizemoney prior to distribution.",3YO and older. NR 40 to 44. PBD/NR. Pacers,1912,/miss-hattie,/mat-wright,/clint-sneddon,"WHITE, BLACK STAR, RED SLEEVES",,,RE210826,REC21082604,8,Redcliffe,2026-08-21,Redcliffe_2040,Redcliffe_2040_pacers_mobile,1256,1254,31.4,31.0,30.7,29.1,29.7,redcliffe,2040,pacers,mobile,1252.0,126.0,264.0,10.06,31.15,-19.65
RE260826,RE260826_R2,RE260826_R2_SNIP OF BEAUTY,Redcliffe,2026-08-26,Night,Night,2,6:22 PM,2026-08-26T08:22:00+00:00,2026-08-26T18:22:00+10:00,5,SNIP OF BEAUTY,Coast2coast Grounds & Gardens Pace,2040,"$4,660",Fr5,Jonah Hutchinson,Jonah Hutchinson,PACERS,Mobile,QLD,,,False,NR43,84354,"NDC. NMC. Restricted to horses that have not won a race with a total stake more than $6,500 at Albion Park, Menangle or Melton at their last 4 starts. A 1% deduction for Equine Welfare will be applied to all prizemoney prior to distribution.",3YO and older. NR 40 to 44. PBD/NR. Pacers,12219,/snip-of-beauty,/jonah-hutchinson,/jonah-hutchinson,"BLACK, BLUE YOKE, BRACES & BAND, BLACK HORSESHOES, WHITE SLEEVES, BLACK H AND CUFFS",,,RE190826,REC19082612,4,Redcliffe,2026-08-19,Redcliffe_2040,Redcliffe_2040_pacers_mobile,1256,1254,31.4,31.0,30.7,29.1,29.7,redcliffe,2040,pacers,mobile,1244.0,133.0,247.0,10.69,30.55,-21.52
RE260826,RE260826_R2,RE260826_R2_MISTER DELWIN,Redcliffe,2026-08-26,Night,Night,2,6:22 PM,2026-08-26T08:22:00+00:00,2026-08-26T18:22:00+10:00,6,MISTER DELWIN,Coast2coast Grounds & Gardens Pace,2040,"$4,660",Fr6,Graham Dwyer,Graham Dwyer,PACERS,Mobile,QLD,,,False,NR44,65596,"NDC. NMC. Restricted to horses that have not won a race with a total stake more than $6,500 at Albion Park, Menangle or Melton at their last 4 starts. A 1% deduction for Equine Welfare will be applied to all prizemoney prior to distribution.",3YO and older. NR 40 to 44. PBD/NR. Pacers,11294,/mister-delwin,/graham-dwyer,/graham-dwyer,"BLUE, RED & WHITE CHECKED SASH",,,RE190826,REC19082612,6,Redcliffe,2026-08-19,Redcliffe_2040,Redcliffe_2040_pacers_mobile,1256,1254,31.4,31.0,30.7,29.1,29.7,redcliffe,2040,pacers,mobile,1045.0,78.0,188.0,7.46,25.45,-30.95
RE260826,RE260826_R2,RE260826_R2_PLAYFUL MISS,Redcliffe,2026-08-26,Night,Night,2,6:22 PM,2026-08-26T08:22:00+00:00,2026-08-26T18:22:00+10:00,7,PLAYFUL MISS,Coast2coast Grounds & Gardens Pace,2040,"$4,660",Sr1,Jonah Hutchinson,Paige Bevan,PACERS,Mobile,QLD,,,False,NR40,89409,"NDC. NMC. Restricted to horses that have not won a race with a total stake more than $6,500 at Albion Park, Menangle or Melton at their last 4 starts. A 1% deduction for Equine Welfare will be applied to all prizemoney prior to distribution.",3YO and older. NR 40 to 44. PBD/NR. Pacers,5089,/playful-miss,/jonah-hutchinson,/paige-bevan,"BLACK, BLUE YOKE, BRACES & BAND, BLACK HORSESHOES, WHITE SLEEVES, BLACK H AND CUFFS",,,RE210826,REC21082604,9,Redcliffe,2026-08-21,Redcliffe_2040,Redcliffe_2040_pacers_mobile,1256,1254,31.4,31.0,30.7,29.1,29.7,redcliffe,2040,pacers,mobile,1234.0,154.0,349.0,12.48,40.76,-9.42
RE260826,RE260826_R2,RE260826_R2_BEACH MAGIC,Redcliffe,2026-08-26,Night,Night,2,6:22 PM,2026-08-26T08:22:00+00:00,2026-08-26T18:22:00+10:00,8,BEACH MAGIC,Coast2coast Grounds & Gardens Pace,2040,"$4,660",Sr2,Alanah Richardson,Adam Richardson,PACERS,Mobile,QLD,,,False,NR42,22212,"NDC. NMC. Restricted to horses that have not won a race with a total stake more than $6,500 at Albion Park, Menangle or Melton at their last 4 starts. A 1% deduction for Equine Welfare will be applied to all prizemoney prior to distribution.",3YO and older. NR 40 to 44. PBD/NR. Pacers,5421,/beach-magic,/alanah-richardson,/adam-richardson,"ROYAL BLUE, WHITE BRACES & ROYAL BLUE STARS, RED COLLAR & WAISTBAND, ROYAL BLUE SLEEVES, RED PIPING",,,RE310726,REC31072604,2,Redcliffe,2026-07-31,Redcliffe_2040,Redcliffe_2040_pacers_mobile,1256,1254,31.4,31.0,30.7,29.1,29.7,redcliffe,2040,pacers,mobile,1165.0,115.0,248.0,9.87,31.16,-22.22
RE260826,RE260826_R2,RE260826_R2_SMIRKS LIKA BOSS,Redcliffe,2026-08-26,Night,Night,2,6:22 PM,2026-08-26T08:22:00+00:00,2026-08-26T18:22:00+10:00,9,SMIRKS LIKA BOSS,Coast2coast Grounds & Gardens Pace,2040,"$4,660",Sr3,Charlie Chiang,Angus Garrard,PACERS,Mobile,QLD,,,False,NR43,24345,"NDC. NMC. Restricted to horses that have not won a race with a total stake more than $6,500 at Albion Park, Menangle or Melton at their last 4 starts. A 1% deduction for Equine Welfare will be applied to all prizemoney prior to distribution.",3YO and older. NR 40 to 44. PBD/NR. Pacers,2373,/smirks-lika-boss,/charlie-chiang,/angus-garrard,"YELLOW, DARK BLUE M",,,RE190826,REC19082612,5,Redcliffe,2026-08-19,Redcliffe_2040,Redcliffe_2040_pacers_mobile,1256,1254,31.4,31.0,30.7,29.1,29.7,redcliffe,2040,pacers,mobile,991.0,108.0,246.0,10.9,35.72,-14.13
RE260826,RE260826_R2,RE260826_R2_ARKUNA,Redcliffe,2026-08-26,Night,Night,2,6:22 PM,2026-08-26T08:22:00+00:00,2026-08-26T18:22:00+10:00,10,ARKUNA,Coast2coast Grounds & Gardens Pace,2040,"$4,660",Sr4,Grant Dixon,Grant Dixon,PACERS,Mobile,QLD,,,False,NR48,87881,"NDC. NMC. Restricted to horses that have not won a race with a total stake more than $6,500 at Albion Park, Menangle or Melton at their last 4 starts. A 1% deduction for Equine Welfare will be applied to all prizemoney prior to distribution.",3YO and older. NR 40 to 44. PBD/NR. Pacers,11758,/arkuna,/grant-dixon,/grant-dixon,"NAVY BLUE, WHITE V, RED SLEEVES, GOLD STARS",,,RE210826,REC21082604,1,Redcliffe,2026-08-21,Redcliffe_2040,Redcliffe_2040_pacers_mobile,1256,1254,31.4,31.0,30.7,29.1,29.7,redcliffe,2040,pacers,mobile,262.0,31.0,63.0,11.83,35.88,-23.33
RE260826,RE260826_R3,RE260826_R3_ROCKIN IN PARADISE,Redcliffe,2026-08-26,Night,Night,3,6:50 PM,2026-08-26T08:50:00+00:00,2026-08-26T18:50:00+10:00,1,ROCKIN IN PARADISE,Wolf Signs Pace,2040,"$6,260",Fr1,Chris Frisby,Nathan Dawson,PACERS,Mobile,QLD,,,False,NR56,04090,"DC. MC. Restricted to horses that have not won a race with a total stake more than $6,500 at Albion Park, Menangle or Melton at their last 4 starts. A 1% deduction for Equine Welfare will be applied to all prizemoney prior to distribution.",3YO and older. NR 52 to 58. PBD/LTW/NR. Pacers,2411,/rockin-in-paradise,/chris-frisby,/nathan-dawson,"ROYAL BLUE, YELLOW SHEAF & B, LIGHT BLUE SLEEVES, YELLOW DIAMONDS",,,RE050826,REC05082602,10,Redcliffe,2026-08-05,Redcliffe_2040,Redcliffe_2040_pacers_mobile,1256,1254,31.4,31.0,30.7,29.1,29.7,redcliffe,2040,pacers,mobile,1254.0,201.0,369.0,16.03,45.45,-23.37
RE260826,RE260826_R3,RE260826_R3_JIVE MASTER,Redcliffe,2026-08-26,Night,Night,3,6:50 PM,2026-08-26T08:50:00+00:00,2026-08-26T18:50:00+10:00,2,JIVE MASTER,Wolf Signs Pace,2040,"$6,260",Fr2,Ben Battle,Tamara Battle,PACERS,Mobile,QLD,,,False,NR55 (A52),17526,"DC. MC. Restricted to horses that have not won a race with a total stake more than $6,500 at Albion Park, Menangle or Melton at their last 4 starts. A 1% deduction for Equine Welfare will be applied to all prizemoney prior to distribution.",3YO and older. NR 52 to 58. PBD/LTW/NR. Pacers,137514,/jive-master,/ben-battle,/tamara-battle,"WHITE, BLUE YOKE & WAISTBAND, WHITE SLEEVES, BLUE & GOLD STRIPE, BLUE CUFFS",,,RE190826,REC19082602,6,Redcliffe,2026-08-19,Redcliffe_2040,Redcliffe_2040_pacers_mobile,1256,1254,31.4,31.0,30.7,29.1,29.7,redcliffe,2040,pacers,mobile,1254.0,152.0,255.0,12.12,32.46,-18.33
RE260826,RE260826_R3,RE260826_R3_JOHN WAYNE NZ,Redcliffe,2026-08-26,Night,Night,3,6:50 PM,2026-08-26T08:50:00+00:00,2026-08-26T18:50:00+10:00,3,JOHN WAYNE NZ,Wolf Signs Pace,2040,"$6,260",Fr3,Colin Godden,Adam Richardson,PACERS,Mobile,QLD,,,False,NR52,30387,"DC. MC. Restricted to horses that have not won a race with a total stake more than $6,500 at Albion Park, Menangle or Melton at their last 4 starts. A 1% deduction for Equine Welfare will be applied to all prizemoney prior to distribution.",3YO and older. NR 52 to 58. PBD/LTW/NR. Pacers,3109,/john-wayne-nz,/colin-godden,/adam-richardson,"ORANGE, PURPLE V & ARMBANDS",,,RE210826,REC21082602,7,Redcliffe,2026-08-21,Redcliffe_2040,Redcliffe_2040_pacers_mobile,1256,1254,31.4,31.0,30.7,29.1,29.7,redcliffe,2040,pacers,mobile,1252.0,154.0,279.0,12.3,34.58,-16.87
RE260826,RE260826_R3,RE260826_R3_CANADIAN LASS NZ,Redcliffe,2026-08-26,Night,Night,3,6:50 PM,2026-08-26T08:50:00+00:00,2026-08-26T18:50:00+10:00,4,CANADIAN LASS NZ,Wolf Signs Pace,2040,"$6,260",Fr4,Graham Dwyer,Greg Bennett,PACERS,Mobile,QLD,,,False,NR60 (A55),68883,"DC. MC. Restricted to horses that have not won a race with a total stake more than $6,500 at Albion Park, Menangle or Melton at their last 4 starts. A 1% deduction for Equine Welfare will be applied to all prizemoney prior to distribution.",3YO and older. NR 52 to 58. PBD/LTW/NR. Pacers,445787,/canadian-lass-nz,/graham-dwyer,/greg-bennett,"RED, BLACK HORSE & WHITE CROWN LOGO, WHITE KINGSLODGE SLEEVES",,,RE210826,REC21082602,3,Redcliffe,2026-08-21,Redcliffe_2040,Redcliffe_2040_pacers_mobile,1256,1254,31.4,31.0,30.7,29.1,29.7,redcliffe,2040,pacers,mobile,1252.0,126.0,264.0,10.06,31.15,-19.65
RE260826,RE260826_R3,RE260826_R3_WINDY HILL WALLY,Redcliffe,2026-08-26,Night,Night,3,6:50 PM,2026-08-26T08:50:00+00:00,2026-08-26T18:50:00+10:00,5,WINDY HILL WALLY,Wolf Signs Pace,2040,"$6,260",Fr5,Jack Butler,,PACERS,Mobile,QLD,,,False,NR56 (A53) B5,28496,"DC. MC. Restricted to horses that have not won a race with a total stake more than $6,500 at Albion Park, Menangle or Melton at their last 4 starts. A 1% deduction for Equine Welfare will be applied to all prizemoney prior to distribution.",3YO and older. NR 52 to 58. PBD/LTW/NR. Pacers,2533,/windy-hill-wally,/jack-butler,,"DARK BLUE, RED DIAMONDS, HOOPED SLEEVES",,,RE120826,REC12082612,6,Redcliffe,2026-08-12,Redcliffe_2040,Redcliffe_2040_pacers_mobile,1256,1254,31.4,31.0,30.7,29.1,29.7,redcliffe,2040,pacers,mobile,1244.0,133.0,247.0,10.69,30.55,-21.52
RE260826,RE260826_R3,RE260826_R3_ROCK NIEN,Redcliffe,2026-08-26,Night,Night,3,6:50 PM,2026-08-26T08:50:00+00:00,2026-08-26T18:50:00+10:00,6,ROCK NIEN,Wolf Signs Pace,2040,"$6,260",Fr6,Tayla Gillespie,Angus Garrard,PACERS,Mobile,QLD,,,False,NR58 B5,52621,"DC. MC. Restricted to horses that have not won a race with a total stake more than $6,500 at Albion Park, Menangle or Melton at their last 4 starts. A 1% deduction for Equine Welfare will be applied to all prizemoney prior to distribution.",3YO and older. NR 52 to 58. PBD/LTW/NR. Pacers,2548,/rock-nien,/tayla-gillespie,/angus-garrard,"WHITE, FIVE STAR HORSE TRANSPORT LOGO, BLUE STARS SLEEVES",,,RE190826,REC19082602,1,Redcliffe,2026-08-19,Redcliffe_2040,Redcliffe_2040_pacers_mobile,1256,1254,31.4,31.0,30.7,29.1,29.7,redcliffe,2040,pacers,mobile,1045.0,78.0,188.0,7.46,25.45,-30.95
RE260826,RE260826_R3,RE260826_R3_MAHINDI NZ,Redcliffe,2026-08-26,Night,Night,3,6:50 PM,2026-08-26T08:50:00+00:00,2026-08-26T18:50:00+10:00,7,MAHINDI NZ,Wolf Signs Pace,2040,"$6,260",Sr1,Colin Godden,Shane Graham,PACERS,Mobile,QLD,,,False,NR59 (A54) B5,55551,"DC. MC. Restricted to horses that have not won a race with a total stake more than $6,500 at Albion Park, Menangle or Melton at their last 4 starts. A 1% deduction for Equine Welfare will be applied to all prizemoney prior to distribution.",3YO and older. NR 52 to 58. PBD/LTW/NR. Pacers,6290,/mahindi-nz,/colin-godden,/shane-graham,"ORANGE, PURPLE V & ARMBANDS",,,RE210826,REC21082603,1,Redcliffe,2026-08-21,Redcliffe_2040,Redcliffe_2040_pacers_mobile,1256,1254,31.4,31.0,30.7,29.1,29.7,redcliffe,2040,pacers,mobile,1234.0,154.0,349.0,12.48,40.76,-9.42
RE260826,RE260826_R3,RE260826_R3_WESTERN BILL,Redcliffe,2026-08-26,Night,Night,3,6:50 PM,2026-08-26T08:50:00+00:00,2026-08-26T18:50:00+10:00,8,WESTERN BILL,Wolf Signs Pace,2040,"$6,260",Sr2,Anna Woodmansey,Jack Chapple,PACERS,Mobile,QLD,,,False,NR57,71815,"DC. MC. Restricted to horses that have not won a race with a total stake more than $6,500 at Albion Park, Menangle or Melton at their last 4 starts. A 1% deduction for Equine Welfare will be applied to all prizemoney prior to distribution.",3YO and older. NR 52 to 58. PBD/LTW/NR. Pacers,4001,/western-bill,/anna-woodmansey,/jack-chapple,"BLUE, RED & WHITE DIAGONAL STRIPES, WHITE SLEEVES",,,RE190826,REC19082602,5,Redcliffe,2026-08-19,Redcliffe_2040,Redcliffe_2040_pacers_mobile,1256,1254,31.4,31.0,30.7,29.1,29.7,redcliffe,2040,pacers,mobile,1165.0,115.0,248.0,9.87,31.16,-22.22
RE260826,RE260826_R4,RE260826_R4_CHARLIE CHUCKLES,Redcliffe,2026-08-26,Night,Night,4,7:25 PM,2026-08-26T09:25:00+00:00,2026-08-26T19:25:00+10:00,1,CHARLIE CHUCKLES,Mazda Aspley Pace,2040,"$4,660",Fr1,Ashleigh Chalmers,Holly Chalmers,PACERS,Mobile,QLD,,,False,NR44,64141,"NDC. NMC. Restricted to horses that have not won a race with a total stake more than $6,500 at Albion Park, Menangle or Melton at their last 4 starts. A 1% deduction for Equine Welfare will be applied to all prizemoney prior to distribution.",3YO and older. NR 40 to 44. PBD/NR. Pacers,913,/charlie-chuckles,/ashleigh-chalmers,/holly-chalmers,"ROYAL BLUE, RED CHEVRONS & SLEEVES, ROYAL BLUE STARS",,,RE210826,REC21082612,1,Redcliffe,2026-08-21,Redcliffe_2040,Redcliffe_2040_pacers_mobile,1256,1254,31.4,31.0,30.7,29.1,29.7,redcliffe,2040,pacers,mobile,1254.0,201.0,369.0,16.03,45.45,-23.37
RE260826,RE260826_R4,RE260826_R4_DIGBY DEVIL,Redcliffe,2026-08-26,Night,Night,4,7:25 PM,2026-08-26T09:25:00+00:00,2026-08-26T19:25:00+10:00,2,DIGBY DEVIL,Mazda Aspley Pace,2040,"$4,660",Fr2,Jason Carkeet,,PACERS,Mobile,QLD,,,False,NR41,42333,"NDC. NMC. Restricted to horses that have not won a race with a total stake more than $6,500 at Albion Park, Menangle or Melton at their last 4 starts. A 1% deduction for Equine Welfare will be applied to all prizemoney prior to distribution.",3YO and older. NR 40 to 44. PBD/NR. Pacers,436109,/digby-devil,/jason-carkeet,,"DARK BLUE & WHITE CHECKS, GOLD SLEEVES",,,RE190826,REC19082604,3,Redcliffe,2026-08-19,Redcliffe_2040,Redcliffe_2040_pacers_mobile,1256,1254,31.4,31.0,30.7,29.1,29.7,redcliffe,2040,pacers,mobile,1254.0,152.0,255.0,12.12,32.46,-18.33
RE260826,RE260826_R4,RE260826_R4_DIGBY JOY,Redcliffe,2026-08-26,Night,Night,4,7:25 PM,2026-08-26T09:25:00+00:00,2026-08-26T19:25:00+10:00,3,DIGBY JOY,Mazda Aspley Pace,2040,"$4,660",Fr3,Jason Carkeet,,PACERS,Mobile,QLD,,,False,NR42,38177,"NDC. NMC. Restricted to horses that have not won a race with a total stake more than $6,500 at Albion Park, Menangle or Melton at their last 4 starts. A 1% deduction for Equine Welfare will be applied to all prizemoney prior to distribution.",3YO and older. NR 40 to 44. PBD/NR. Pacers,436272,/digby-joy,/jason-carkeet,,"DARK BLUE & WHITE CHECKS, GOLD SLEEVES",,,RE190826,REC19082604,7,Redcliffe,2026-08-19,Redcliffe_2040,Redcliffe_2040_pacers_mobile,1256,1254,31.4,31.0,30.7,29.1,29.7,redcliffe,2040,pacers,mobile,1252.0,154.0,279.0,12.3,34.58,-16.87
RE260826,RE260826_R4,RE260826_R4_ART OF ROCK,Redcliffe,2026-08-26,Night,Night,4,7:25 PM,2026-08-26T09:25:00+00:00,2026-08-26T19:25:00+10:00,4,ART OF ROCK,Mazda Aspley Pace,2040,"$4,660",Fr4,Ben Battle,Tamara Battle,PACERS,Mobile,QLD,,,False,NR42,41055,"NDC. NMC. Restricted to horses that have not won a race with a total stake more than $6,500 at Albion Park, Menangle or Melton at their last 4 starts. A 1% deduction for Equine Welfare will be applied to all prizemoney prior to distribution.",3YO and older. NR 40 to 44. PBD/NR. Pacers,5647,/art-of-rock,/ben-battle,/tamara-battle,"DARK BLUE, GREY YOKE & BRACES, BLACK STARS",,,RE170826,REB17082605,5,Redcliffe,2026-08-17,Redcliffe_2040,Redcliffe_2040_pacers_mobile,1256,1254,31.4,31.0,30.7,29.1,29.7,redcliffe,2040,pacers,mobile,1252.0,126.0,264.0,10.06,31.15,-19.65
RE260826,RE260826_R4,RE260826_R4_LETS TORQUEABOUTIT,Redcliffe,2026-08-26,Night,Night,4,7:25 PM,2026-08-26T09:25:00+00:00,2026-08-26T19:25:00+10:00,5,LETS TORQUEABOUTIT,Mazda Aspley Pace,2040,"$4,660",Fr5,Wayne Graham,Shane Graham,PACERS,Mobile,QLD,,,False,NR44,35775,"NDC. NMC. Restricted to horses that have not won a race with a total stake more than $6,500 at Albion Park, Menangle or Melton at their last 4 starts. A 1% deduction for Equine Welfare will be applied to all prizemoney prior to distribution.",3YO and older. NR 40 to 44. PBD/NR. Pacers,439798,/lets-torqueaboutit,/wayne-graham,/shane-graham,"PURPLE, GOLD TREBLE CLEF",,,RE120826,REC12082604,5,Redcliffe,2026-08-12,Redcliffe_2040,Redcliffe_2040_pacers_mobile,1256,1254,31.4,31.0,30.7,29.1,29.7,redcliffe,2040,pacers,mobile,1244.0,133.0,247.0,10.69,30.55,-21.52
RE260826,RE260826_R4,RE260826_R4_NEED NOT TO WARRY,Redcliffe,2026-08-26,Night,Night,4,7:25 PM,2026-08-26T09:25:00+00:00,2026-08-26T19:25:00+10:00,6,NEED NOT TO WARRY,Mazda Aspley Pace,2040,"$4,660",Fr6,Melissa Gillies,Shane Graham,PACERS,Mobile,QLD,,,False,NR44,35565,"NDC. NMC. Restricted to horses that have not won a race with a total stake more than $6,500 at Albion Park, Menangle or Melton at their last 4 starts. A 1% deduction for Equine Welfare will be applied to all prizemoney prior to distribution.",3YO and older. NR 40 to 44. PBD/NR. Pacers,57404,/need-not-to-warry,/melissa-gillies,/shane-graham,"ROYAL BLUE, PINK STARRED DIAMOND FORMATION, STRIPED SLEEVES",,,RE190826,REC19082604,5,Redcliffe,2026-08-19,Redcliffe_2040,Redcliffe_2040_pacers_mobile,1256,1254,31.4,31.0,30.7,29.1,29.7,redcliffe,2040,pacers,mobile,1045.0,78.0,188.0,7.46,25.45,-30.95
RE260826,RE260826_R4,RE260826_R4_ROCKY LEIGH,Redcliffe,2026-08-26,Night,Night,4,7:25 PM,2026-08-26T09:25:00+00:00,2026-08-26T19:25:00+10:00,7,ROCKY LEIGH,Mazda Aspley Pace,2040,"$4,660",Sr1,Gemma Hewitt,Brendan Barnes,PACERS,Mobile,QLD,,,False,NR42,68237,"NDC. NMC. Restricted to horses that have not won a race with a total stake more than $6,500 at Albion Park, Menangle or Melton at their last 4 starts. A 1% deduction for Equine Welfare will be applied to all prizemoney prior to distribution.",3YO and older. NR 40 to 44. PBD/NR. Pacers,9094,/rocky-leigh,/gemma-hewitt,/brendan-barnes,"PURPLE, RED YOKE & BRACES, PURPLE STARS",,,AP180826,APC18082607,7,Albion Park,2026-08-18,Redcliffe_2040,Redcliffe_2040_pacers_mobile,1256,1254,31.4,31.0,30.7,29.1,29.7,redcliffe,2040,pacers,mobile,1234.0,154.0,349.0,12.48,40.76,-9.42
RE260826,RE260826_R4,RE260826_R4_MAYWYNS KAREN,Redcliffe,2026-08-26,Night,Night,4,7:25 PM,2026-08-26T09:25:00+00:00,2026-08-26T19:25:00+10:00,8,MAYWYNS KAREN,Mazda Aspley Pace,2040,"$4,660",Sr2,Charlie Chiang,Angus Garrard,PACERS,Mobile,QLD,,,False,NR42,76881,"NDC. NMC. Restricted to horses that have not won a race with a total stake more than $6,500 at Albion Park, Menangle or Melton at their last 4 starts. A 1% deduction for Equine Welfare will be applied to all prizemoney prior to distribution.",3YO and older. NR 40 to 44. PBD/NR. Pacers,2476,/maywyns-karen,/charlie-chiang,/angus-garrard,"YELLOW, DARK BLUE M",,,RE190826,REC19082605,1,Redcliffe,2026-08-19,Redcliffe_2040,Redcliffe_2040_pacers_mobile,1256,1254,31.4,31.0,30.7,29.1,29.7,redcliffe,2040,pacers,mobile,1165.0,115.0,248.0,9.87,31.16,-22.22
RE260826,RE260826_R4,RE260826_R4_BOSTON ASSASSIN,Redcliffe,2026-08-26,Night,Night,4,7:25 PM,2026-08-26T09:25:00+00:00,2026-08-26T19:25:00+10:00,9,BOSTON ASSASSIN,Mazda Aspley Pace,2040,"$4,660",Sr3,Jonah Hutchinson,Jonah Hutchinson,PACERS,Mobile,QLD,,,False,NR43,83676,"NDC. NMC. Restricted to horses that have not won a race with a total stake more than $6,500 at Albion Park, Menangle or Melton at their last 4 starts. A 1% deduction for Equine Welfare will be applied to all prizemoney prior to distribution.",3YO and older. NR 40 to 44. PBD/NR. Pacers,439805,/boston-assassin,/jonah-hutchinson,/jonah-hutchinson,"BLACK, BLUE YOKE, BRACES & BAND, BLACK HORSESHOES, WHITE SLEEVES, BLACK H AND CUFFS",,,RE190826,REC19082606,6,Redcliffe,2026-08-19,Redcliffe_2040,Redcliffe_2040_pacers_mobile,1256,1254,31.4,31.0,30.7,29.1,29.7,redcliffe,2040,pacers,mobile,991.0,108.0,246.0,10.9,35.72,-14.13
RE260826,RE260826_R4,RE260826_R4_WANDARY DELIGHT,Redcliffe,2026-08-26,Night,Night,4,7:25 PM,2026-08-26T09:25:00+00:00,2026-08-26T19:25:00+10:00,10,WANDARY DELIGHT,Mazda Aspley Pace,2040,"$4,660",Sr4,Ben Battle,Tamara Battle,PACERS,Mobile,QLD,,,False,NR41,63639,"NDC. NMC. Restricted to horses that have not won a race with a total stake more than $6,500 at Albion Park, Menangle or Melton at their last 4 starts. A 1% deduction for Equine Welfare will be applied to all prizemoney prior to distribution.",3YO and older. NR 40 to 44. PBD/NR. Pacers,5411,/wandary-delight,/ben-battle,/tamara-battle,"DARK BLUE, GREY YOKE & BRACES, BLACK STARS",,ODM,RE190826,REC19082604,9,Redcliffe,2026-08-19,Redcliffe_2040,Redcliffe_2040_pacers_mobile,1256,1254,31.4,31.0,30.7,29.1,29.7,redcliffe,2040,pacers,mobile,262.0,31.0,63.0,11.83,35.88,-23.33
RE260826,RE260826_R5,RE260826_R5_DOC HARVEY,Redcliffe,2026-08-26,Night,Night,5,7:55 PM,2026-08-26T09:55:00+00:00,2026-08-26T19:55:00+10:00,1,DOC HARVEY,Stevie Redback Pest Control Pace,1780,"$4,600",Fr1,Errol O'Shea,Adam Richardson,PACERS,Mobile,QLD,,,False,NR40,38169,NDC. NMC. A 1% deduction for Equine Welfare will be applied to all prizemoney prior to distribution.,3YO and older. NR up to 40. RBD. Pacers,553,/doc-harvey,/errol-o-shea,/adam-richardson,"GOLD, GREEN MALTESE CROSS & ARMBANDS",,,RE190826,REC19082612,9,Redcliffe,2026-08-19,Redcliffe_1780,Redcliffe_1780_pacers_mobile,4953,4918,11.4,30.4,31.1,29.4,29.7,redcliffe,1780,pacers,mobile,4918.0,712.0,1415.0,14.48,43.25,-24.74
RE260826,RE260826_R5,RE260826_R5_EMMALEEN,Redcliffe,2026-08-26,Night,Night,5,7:55 PM,2026-08-26T09:55:00+00:00,2026-08-26T19:55:00+10:00,2,EMMALEEN,Stevie Redback Pest Control Pace,1780,"$4,600",Fr2,Debra Belford,Dean Belford,PACERS,Mobile,QLD,,,False,NR39,43666,NDC. NMC. A 1% deduction for Equine Welfare will be applied to all prizemoney prior to distribution.,3YO and older. NR up to 40. RBD. Pacers,5497,/emmaleen,/debra-belford,/dean-belford,"BLUE, YELLOW BRACES & ARMBANDS",,,RE190826,REC19082605,6,Redcliffe,2026-08-19,Redcliffe_1780,Redcliffe_1780_pacers_mobile,4953,4918,11.4,30.4,31.1,29.4,29.7,redcliffe,1780,pacers,mobile,4918.0,573.0,1098.0,11.65,33.98,-25.44
RE260826,RE260826_R5,RE260826_R5_LA BOMBA,Redcliffe,2026-08-26,Night,Night,5,7:55 PM,2026-08-26T09:55:00+00:00,2026-08-26T19:55:00+10:00,3,LA BOMBA,Stevie Redback Pest Control Pace,1780,"$4,600",Fr3,Daren Garrard,Angus Garrard,PACERS,Mobile,QLD,,,False,NR40,35146,NDC. NMC. A 1% deduction for Equine Welfare will be applied to all prizemoney prior to distribution.,3YO and older. NR up to 40. RBD. Pacers,1151,/la-bomba,/daren-garrard,/angus-garrard,"RED, BLUE BRACES & YOKE WITH WHITE STARS, BLUE SLEEVES, WHITE STARS",,,RE190826,REC19082604,6,Redcliffe,2026-08-19,Redcliffe_1780,Redcliffe_1780_pacers_mobile,4953,4918,11.4,30.4,31.1,29.4,29.7,redcliffe,1780,pacers,mobile,4916.0,624.0,1098.0,12.69,35.03,-15.72
RE260826,RE260826_R5,RE260826_R5_TACKAS LAST DANCE,Redcliffe,2026-08-26,Night,Night,5,7:55 PM,2026-08-26T09:55:00+00:00,2026-08-26T19:55:00+10:00,4,TACKAS LAST DANCE,Stevie Redback Pest Control Pace,1780,"$4,600",Fr4,David Stewart,Brendan Barnes,PACERS,Mobile,QLD,,,False,NR36,55465,NDC. NMC. A 1% deduction for Equine Welfare will be applied to all prizemoney prior to distribution.,3YO and older. NR up to 40. RBD. Pacers,1603,/tackas-last-dance,/david-stewart,/brendan-barnes,"PINK, PURPLE STARS & HEART",,,RE170826,REB17082613,5,Redcliffe,2026-08-17,Redcliffe_1780,Redcliffe_1780_pacers_mobile,4953,4918,11.4,30.4,31.1,29.4,29.7,redcliffe,1780,pacers,mobile,4907.0,622.0,1074.0,12.68,34.56,-9.16
RE260826,RE260826_R5,RE260826_R5_BOSTON FIRE,Redcliffe,2026-08-26,Night,Night,5,7:55 PM,2026-08-26T09:55:00+00:00,2026-08-26T19:55:00+10:00,5,BOSTON FIRE,Stevie Redback Pest Control Pace,1780,"$4,600",Fr5,Jonah Hutchinson,Jonah Hutchinson,PACERS,Mobile,QLD,,,False,NR33,67484,NDC. NMC. A 1% deduction for Equine Welfare will be applied to all prizemoney prior to distribution.,3YO and older. NR up to 40. RBD. Pacers,440357,/boston-fire,/jonah-hutchinson,/jonah-hutchinson,"BLACK, BLUE YOKE, BRACES & BAND, BLACK HORSESHOES, WHITE SLEEVES, BLACK H AND CUFFS",,,RE190826,REC19082605,4,Redcliffe,2026-08-19,Redcliffe_1780,Redcliffe_1780_pacers_mobile,4953,4918,11.4,30.4,31.1,29.4,29.7,redcliffe,1780,pacers,mobile,4816.0,562.0,1042.0,11.67,33.31,-23.18
RE260826,RE260826_R5,RE260826_R5_MILLIONDOLLAR KISS,Redcliffe,2026-08-26,Night,Night,5,7:55 PM,2026-08-26T09:55:00+00:00,2026-08-26T19:55:00+10:00,6,MILLIONDOLLAR KISS,Stevie Redback Pest Control Pace,1780,"$4,600",Fr6,Ryan Veivers,Nathan Dawson,PACERS,Mobile,QLD,,,False,NR40,98492,NDC. NMC. A 1% deduction for Equine Welfare will be applied to all prizemoney prior to distribution.,3YO and older. NR up to 40. RBD. Pacers,1806,/milliondollar-kiss,/ryan-veivers,/nathan-dawson,"RED, BLACK BRACES & YOKE, WHITE DIAMONDS, RED SLEEVES, BLACK STRIPE, WHITE DIAMOND",,,RE170826,REB17082613,2,Redcliffe,2026-08-17,Redcliffe_1780,Redcliffe_1780_pacers_mobile,4953,4918,11.4,30.4,31.1,29.4,29.7,redcliffe,1780,pacers,mobile,4040.0,363.0,782.0,8.99,28.34,-24.29
RE260826,RE260826_R5,RE260826_R5_CAPTAIN OH CAPTAIN,Redcliffe,2026-08-26,Night,Night,5,7:55 PM,2026-08-26T09:55:00+00:00,2026-08-26T19:55:00+10:00,7,CAPTAIN OH CAPTAIN,Stevie Redback Pest Control Pace,1780,"$4,600",Sr1,Peter McKay,Jack Chapple,PACERS,Mobile,QLD,,,False,NR39,32628,NDC. NMC. A 1% deduction for Equine Welfare will be applied to all prizemoney prior to distribution.,3YO and older. NR up to 40. RBD. Pacers,812,/captain-oh-captain,/peter-mckay,/jack-chapple,"PURPLE, GOLD CROSSED SASHES, PURPLE SLEEVES",,,RE190826,REC19082613,8,Redcliffe,2026-08-19,Redcliffe_1780,Redcliffe_1780_pacers_mobile,4953,4918,11.4,30.4,31.1,29.4,29.7,redcliffe,1780,pacers,mobile,4835.0,484.0,1261.0,10.01,36.09,-20.04
RE260826,RE260826_R5,RE260826_R5_COURAGEOUS LEO,Redcliffe,2026-08-26,Night,Night,5,7:55 PM,2026-08-26T09:55:00+00:00,2026-08-26T19:55:00+10:00,8,COURAGEOUS LEO,Stevie Redback Pest Control Pace,1780,"$4,600",Sr2,Dean Weller,Dean Weller,PACERS,Mobile,QLD,,,False,NR38 B5,17986,NDC. NMC. A 1% deduction for Equine Welfare will be applied to all prizemoney prior to distribution.,3YO and older. NR up to 40. RBD. Pacers,1613,/courageous-leo,/dean-weller,/dean-weller,"GOLD, BLACK CROSSED SASHES",,,RE190826,REC19082613,6,Redcliffe,2026-08-19,Redcliffe_1780,Redcliffe_1780_pacers_mobile,4953,4918,11.4,30.4,31.1,29.4,29.7,redcliffe,1780,pacers,mobile,4581.0,506.0,1128.0,11.05,35.67,-17.25
RE260826,RE260826_R5,RE260826_R5_VODKA EN ICE,Redcliffe,2026-08-26,Night,Night,5,7:55 PM,2026-08-26T09:55:00+00:00,2026-08-26T19:55:00+10:00,9,VODKA EN ICE,Stevie Redback Pest Control Pace,1780,"$4,600",Sr3,Vic Frost,Tom Callaghan,PACERS,Mobile,QLD,,,False,NR40,5s772,NDC. NMC. A 1% deduction for Equine Welfare will be applied to all prizemoney prior to distribution.,3YO and older. NR up to 40. RBD. Pacers,5380,/vodka-en-ice,/vic-frost,/tom-callaghan,"WHITE, BLACK STARS",,,RE190826,REC19082613,2,Redcliffe,2026-08-19,Redcliffe_1780,Redcliffe_1780_pacers_mobile,4953,4918,11.4,30.4,31.1,29.4,29.7,redcliffe,1780,pacers,mobile,3721.0,460.0,942.0,12.36,37.68,-11.05
RE260826,RE260826_R6,RE260826_R6_LOVIN MISS DIXIE,Redcliffe,2026-08-26,Night,Night,6,8:25 PM,2026-08-26T10:25:00+00:00,2026-08-26T20:25:00+10:00,1,LOVIN MISS DIXIE,Mr T Removals Pace,1780,"$4,600",Fr1,Darren McCall,Darren McCall,PACERS,Mobile,QLD,,,False,NR37,88528,NDC. NMC. A 1% deduction for Equine Welfare will be applied to all prizemoney prior to distribution.,3YO and older. NR up to 40. RBD. Pacers,5518,/lovin-miss-dixie,/darren-mccall,/darren-mccall,"YELLOW, BLACK YOKE, WHITE STARS, BLACK SLEEVES, WHITE STAR",,,RE190826,REC19082605,8,Redcliffe,2026-08-19,Redcliffe_1780,Redcliffe_1780_pacers_mobile,4953,4918,11.4,30.4,31.1,29.4,29.7,redcliffe,1780,pacers,mobile,4918.0,712.0,1415.0,14.48,43.25,-24.74
RE260826,RE260826_R6,RE260826_R6_AUNTY FRANCES,Redcliffe,2026-08-26,Night,Night,6,8:25 PM,2026-08-26T10:25:00+00:00,2026-08-26T20:25:00+10:00,2,AUNTY FRANCES,Mr T Removals Pace,1780,"$4,600",Fr2,Mat Wright,Clint Sneddon,PACERS,Mobile,QLD,,,False,NR40,98599,NDC. NMC. A 1% deduction for Equine Welfare will be applied to all prizemoney prior to distribution.,3YO and older. NR up to 40. RBD. Pacers,2799,/aunty-frances,/mat-wright,/clint-sneddon,"GREEN, YELLOW Y, BLACK SLEEVES",,,AP200826,APC20082605,9,Albion Park,2026-08-20,Redcliffe_1780,Redcliffe_1780_pacers_mobile,4953,4918,11.4,30.4,31.1,29.4,29.7,redcliffe,1780,pacers,mobile,4918.0,573.0,1098.0,11.65,33.98,-25.44
RE260826,RE260826_R6,RE260826_R6_ILLBEWATCHING,Redcliffe,2026-08-26,Night,Night,6,8:25 PM,2026-08-26T10:25:00+00:00,2026-08-26T20:25:00+10:00,3,ILLBEWATCHING,Mr T Removals Pace,1780,"$4,600",Fr3,Stewart Dickson,Nathan Dawson,PACERS,Mobile,QLD,,,False,NR38,83943,NDC. NMC. A 1% deduction for Equine Welfare will be applied to all prizemoney prior to distribution.,3YO and older. NR up to 40. RBD. Pacers,5513,/illbewatching,/stewart-dickson,/nathan-dawson,"BLACK, ORANGE SASH & ARMBANDS",,,RE170826,REB17082613,3,Redcliffe,2026-08-17,Redcliffe_1780,Redcliffe_1780_pacers_mobile,4953,4918,11.4,30.4,31.1,29.4,29.7,redcliffe,1780,pacers,mobile,4916.0,624.0,1098.0,12.69,35.03,-15.72
RE260826,RE260826_R6,RE260826_R6_TRACER BULLET,Redcliffe,2026-08-26,Night,Night,6,8:25 PM,2026-08-26T10:25:00+00:00,2026-08-26T20:25:00+10:00,4,TRACER BULLET,Mr T Removals Pace,1780,"$4,600",Fr4,Jonah Hutchinson,Jonah Hutchinson,PACERS,Mobile,QLD,,,False,NR34,82643,NDC. NMC. A 1% deduction for Equine Welfare will be applied to all prizemoney prior to distribution.,3YO and older. NR up to 40. RBD. Pacers,1657,/tracer-bullet,/jonah-hutchinson,/jonah-hutchinson,"BLACK, BLUE YOKE, BRACES & BAND, BLACK HORSESHOES, WHITE SLEEVES, BLACK H AND CUFFS",,,RE190826,REC19082613,3,Redcliffe,2026-08-19,Redcliffe_1780,Redcliffe_1780_pacers_mobile,4953,4918,11.4,30.4,31.1,29.4,29.7,redcliffe,1780,pacers,mobile,4907.0,622.0,1074.0,12.68,34.56,-9.16
RE260826,RE260826_R6,RE260826_R6_FEELIN FORASTAR,Redcliffe,2026-08-26,Night,Night,6,8:25 PM,2026-08-26T10:25:00+00:00,2026-08-26T20:25:00+10:00,5,FEELIN FORASTAR,Mr T Removals Pace,1780,"$4,600",Fr5,Jonah Hutchinson,Leonard Cain,PACERS,Mobile,QLD,,,False,NR35,87844,NDC. NMC. A 1% deduction for Equine Welfare will be applied to all prizemoney prior to distribution.,3YO and older. NR up to 40. RBD. Pacers,440368,/feelin-forastar,/jonah-hutchinson,/leonard-cain,"BLACK, BLUE YOKE, BRACES & BAND, BLACK HORSESHOES, WHITE SLEEVES, BLACK H AND CUFFS",,,RE190826,REC19082607,4,Redcliffe,2026-08-19,Redcliffe_1780,Redcliffe_1780_pacers_mobile,4953,4918,11.4,30.4,31.1,29.4,29.7,redcliffe,1780,pacers,mobile,4816.0,562.0,1042.0,11.67,33.31,-23.18
RE260826,RE260826_R6,RE260826_R6_SAMMYS SECRET,Redcliffe,2026-08-26,Night,Night,6,8:25 PM,2026-08-26T10:25:00+00:00,2026-08-26T20:25:00+10:00,6,SAMMYS SECRET,Mr T Removals Pace,1780,"$4,600",Fr6,Stephen Woodward,Adam Richardson,PACERS,Mobile,QLD,,,False,NR40,24971,NDC. NMC. A 1% deduction for Equine Welfare will be applied to all prizemoney prior to distribution.,3YO and older. NR up to 40. RBD. Pacers,1673,/sammys-secret,/stephen-woodward,/adam-richardson,"BLACK, RED DIAMONDS & ARMBANDS",,,RE170826,REB17082613,1,Redcliffe,2026-08-17,Redcliffe_1780,Redcliffe_1780_pacers_mobile,4953,4918,11.4,30.4,31.1,29.4,29.7,redcliffe,1780,pacers,mobile,4040.0,363.0,782.0,8.99,28.34,-24.29
RE260826,RE260826_R6,RE260826_R6_BETTING BARON,Redcliffe,2026-08-26,Night,Night,6,8:25 PM,2026-08-26T10:25:00+00:00,2026-08-26T20:25:00+10:00,7,BETTING BARON,Mr T Removals Pace,1780,"$4,600",Sr1,Charlie Chiang,Angus Garrard,PACERS,Mobile,QLD,,,False,NR34,38687,NDC. NMC. A 1% deduction for Equine Welfare will be applied to all prizemoney prior to distribution.,3YO and older. NR up to 40. RBD. Pacers,1696,/betting-baron,/charlie-chiang,/angus-garrard,"YELLOW, DARK BLUE M",,,RE190826,REC19082613,7,Redcliffe,2026-08-19,Redcliffe_1780,Redcliffe_1780_pacers_mobile,4953,4918,11.4,30.4,31.1,29.4,29.7,redcliffe,1780,pacers,mobile,4835.0,484.0,1261.0,10.01,36.09,-20.04
RE260826,RE260826_R6,RE260826_R6_JOE CAVALIER,Redcliffe,2026-08-26,Night,Night,6,8:25 PM,2026-08-26T10:25:00+00:00,2026-08-26T20:25:00+10:00,8,JOE CAVALIER,Mr T Removals Pace,1780,"$4,600",Sr2,Des Pollock,Paige Bevan,PACERS,Mobile,QLD,,,False,NR30,78876,NDC. NMC. A 1% deduction for Equine Welfare will be applied to all prizemoney prior to distribution.,3YO and older. NR up to 40. RBD. Pacers,15122,/joe-cavalier,/des-pollock,/paige-bevan,"YELLOW, BLACK CROSSED SASHES, RED SLEEVES",,,RE170826,REB17082606,6,Redcliffe,2026-08-17,Redcliffe_1780,Redcliffe_1780_pacers_mobile,4953,4918,11.4,30.4,31.1,29.4,29.7,redcliffe,1780,pacers,mobile,4581.0,506.0,1128.0,11.05,35.67,-17.25
RE260826,RE260826_R6,RE260826_R6_ROSARITO,Redcliffe,2026-08-26,Night,Night,6,8:25 PM,2026-08-26T10:25:00+00:00,2026-08-26T20:25:00+10:00,9,ROSARITO,Mr T Removals Pace,1780,"$4,600",Sr3,Graham White,Jack Chapple,PACERS,Mobile,QLD,,,False,NR39,60186,NDC. NMC. A 1% deduction for Equine Welfare will be applied to all prizemoney prior to distribution.,3YO and older. NR up to 40. RBD. Pacers,5371,/rosarito,/graham-white,/jack-chapple,"ROYAL BLUE, RED MALTESE CROSS",,,AP200826,APC20082606,6,Albion Park,2026-08-20,Redcliffe_1780,Redcliffe_1780_pacers_mobile,4953,4918,11.4,30.4,31.1,29.4,29.7,redcliffe,1780,pacers,mobile,3721.0,460.0,942.0,12.36,37.68,-11.05
RE260826,RE260826_R7,RE260826_R7_NO FAMILY LIKEMINE,Redcliffe,2026-08-26,Night,Night,7,8:55 PM,2026-08-26T10:55:00+00:00,2026-08-26T20:55:00+10:00,1,NO FAMILY LIKEMINE,Pelican Waters Resort 1 Win Pace,1780,"$6,200",Fr1,Ashleigh Chalmers,Holly Chalmers,PACERS,Mobile,QLD,,,False,NR30,37207,NDC. NMC. Horses with no more than 1 lifetime win. A 1% deduction for Equine Welfare will be applied to all prizemoney prior to distribution.,Up to 1 LTW. PBD/NR. Pacers,27711,/no-family-likemine,/ashleigh-chalmers,/holly-chalmers,"ROYAL BLUE, RED CHEVRONS & SLEEVES, ROYAL BLUE STARS",,,AP200826,APC20082606,7,Albion Park,2026-08-20,Redcliffe_1780,Redcliffe_1780_pacers_mobile,4953,4918,11.4,30.4,31.1,29.4,29.7,redcliffe,1780,pacers,mobile,4918.0,712.0,1415.0,14.48,43.25,-24.74
RE260826,RE260826_R7,RE260826_R7_SAFETOSAYIMFANCY,Redcliffe,2026-08-26,Night,Night,7,8:55 PM,2026-08-26T10:55:00+00:00,2026-08-26T20:55:00+10:00,2,SAFETOSAYIMFANCY,Pelican Waters Resort 1 Win Pace,1780,"$6,200",Fr2,Alanah Richardson,Adam Richardson,PACERS,Mobile,QLD,,,False,NR35,7s675,NDC. NMC. Horses with no more than 1 lifetime win. A 1% deduction for Equine Welfare will be applied to all prizemoney prior to distribution.,Up to 1 LTW. PBD/NR. Pacers,28,/safetosayimfancy,/alanah-richardson,/adam-richardson,"ROYAL BLUE, WHITE BRACES & ROYAL BLUE STARS, RED COLLAR & WAISTBAND, ROYAL BLUE SLEEVES, RED PIPING",,,RE310726,REC31072610,5,Redcliffe,2026-07-31,Redcliffe_1780,Redcliffe_1780_pacers_mobile,4953,4918,11.4,30.4,31.1,29.4,29.7,redcliffe,1780,pacers,mobile,4918.0,573.0,1098.0,11.65,33.98,-25.44
RE260826,RE260826_R7,RE260826_R7_PERFECT LOU,Redcliffe,2026-08-26,Night,Night,7,8:55 PM,2026-08-26T10:55:00+00:00,2026-08-26T20:55:00+10:00,3,PERFECT LOU,Pelican Waters Resort 1 Win Pace,1780,"$6,200",Fr3,Graham Dwyer,Graham Dwyer,PACERS,Mobile,QLD,,,False,NR41,22743,NDC. NMC. Horses with no more than 1 lifetime win. A 1% deduction for Equine Welfare will be applied to all prizemoney prior to distribution.,Up to 1 LTW. PBD/NR. Pacers,137523,/perfect-lou,/graham-dwyer,/graham-dwyer,"RED, BLACK HORSE & WHITE CROWN LOGO, WHITE KINGSLODGE SLEEVES",,,RE190826,REC19082606,3,Redcliffe,2026-08-19,Redcliffe_1780,Redcliffe_1780_pacers_mobile,4953,4918,11.4,30.4,31.1,29.4,29.7,redcliffe,1780,pacers,mobile,4916.0,624.0,1098.0,12.69,35.03,-15.72
RE260826,RE260826_R7,RE260826_R7_AUNTY MEL,Redcliffe,2026-08-26,Night,Night,7,8:55 PM,2026-08-26T10:55:00+00:00,2026-08-26T20:55:00+10:00,4,AUNTY MEL,Pelican Waters Resort 1 Win Pace,1780,"$6,200",Fr4,Chris Frisby,Nathan Dawson,PACERS,Mobile,QLD,,,False,NR43,71349,NDC. NMC. Horses with no more than 1 lifetime win. A 1% deduction for Equine Welfare will be applied to all prizemoney prior to distribution.,Up to 1 LTW. PBD/NR. Pacers,441906,/aunty-mel,/chris-frisby,/nathan-dawson,"ROYAL BLUE, YELLOW SHEAF & B, LIGHT BLUE SLEEVES, YELLOW DIAMONDS",,,AP110826,APC11082611,9,Albion Park,2026-08-11,Redcliffe_1780,Redcliffe_1780_pacers_mobile,4953,4918,11.4,30.4,31.1,29.4,29.7,redcliffe,1780,pacers,mobile,4907.0,622.0,1074.0,12.68,34.56,-9.16
RE260826,RE260826_R7,RE260826_R7_THATS CLASSIC,Redcliffe,2026-08-26,Night,Night,7,8:55 PM,2026-08-26T10:55:00+00:00,2026-08-26T20:55:00+10:00,5,THATS CLASSIC,Pelican Waters Resort 1 Win Pace,1780,"$6,200",Fr5,Grant Dixon,Grant Dixon,PACERS,Mobile,QLD,,,False,NR46,81385,NDC. NMC. Horses with no more than 1 lifetime win. A 1% deduction for Equine Welfare will be applied to all prizemoney prior to distribution.,Up to 1 LTW. PBD/NR. Pacers,191890,/thats-classic,/grant-dixon,/grant-dixon,"BLACK & WHITE CHECKS, WHITE SLEEVES",,,RE190826,REC19082606,5,Redcliffe,2026-08-19,Redcliffe_1780,Redcliffe_1780_pacers_mobile,4953,4918,11.4,30.4,31.1,29.4,29.7,redcliffe,1780,pacers,mobile,4816.0,562.0,1042.0,11.67,33.31,-23.18
RE260826,RE260826_R7,RE260826_R7_MAYWYN VALENTINO,Redcliffe,2026-08-26,Night,Night,7,8:55 PM,2026-08-26T10:55:00+00:00,2026-08-26T20:55:00+10:00,6,MAYWYN VALENTINO,Pelican Waters Resort 1 Win Pace,1780,"$6,200",Fr6,Kelli Dawson,,PACERS,Mobile,QLD,,,False,NR48,22551,NDC. NMC. Horses with no more than 1 lifetime win. A 1% deduction for Equine Welfare will be applied to all prizemoney prior to distribution.,Up to 1 LTW. PBD/NR. Pacers,440359,/maywyn-valentino,/kelli-dawson,,"ORANGE, LIGHT GREEN STAR, WHITE SLEEVES, ORANGE ARMBANDS",,,RE120826,REC12082607,1,Redcliffe,2026-08-12,Redcliffe_1780,Redcliffe_1780_pacers_mobile,4953,4918,11.4,30.4,31.1,29.4,29.7,redcliffe,1780,pacers,mobile,4040.0,363.0,782.0,8.99,28.34,-24.29
RE260826,RE260826_R7,RE260826_R7_LOUMIA,Redcliffe,2026-08-26,Night,Night,7,8:55 PM,2026-08-26T10:55:00+00:00,2026-08-26T20:55:00+10:00,7,LOUMIA,Pelican Waters Resort 1 Win Pace,1780,"$6,200",Sr1,Dan Russell,Greg Bennett,PACERS,Mobile,QLD,,,False,NR44,88s87,NDC. NMC. Horses with no more than 1 lifetime win. A 1% deduction for Equine Welfare will be applied to all prizemoney prior to distribution.,Up to 1 LTW. PBD/NR. Pacers,11597,/loumia,/dan-russell,/greg-bennett,"RED, BLUE STARS",,,AP060826,APC06082607,7,Albion Park,2026-08-06,Redcliffe_1780,Redcliffe_1780_pacers_mobile,4953,4918,11.4,30.4,31.1,29.4,29.7,redcliffe,1780,pacers,mobile,4835.0,484.0,1261.0,10.01,36.09,-20.04
RE260826,RE260826_R7,RE260826_R7_OUR ULTIMATE PENNY,Redcliffe,2026-08-26,Night,Night,7,8:55 PM,2026-08-26T10:55:00+00:00,2026-08-26T20:55:00+10:00,8,OUR ULTIMATE PENNY,Pelican Waters Resort 1 Win Pace,1780,"$6,200",Sr2,Darren McCall,Leonard Cain,PACERS,Mobile,QLD,,,False,NR44,57689,NDC. NMC. Horses with no more than 1 lifetime win. A 1% deduction for Equine Welfare will be applied to all prizemoney prior to distribution.,Up to 1 LTW. PBD/NR. Pacers,110340,/our-ultimate-penny,/darren-mccall,/leonard-cain,"BLACK, YELLOW YOKE, WHITE STARS, YELLOW SLEEVES, WHITE STAR",,,RE080726,REC08072607,9,Redcliffe,2026-07-08,Redcliffe_1780,Redcliffe_1780_pacers_mobile,4953,4918,11.4,30.4,31.1,29.4,29.7,redcliffe,1780,pacers,mobile,4581.0,506.0,1128.0,11.05,35.67,-17.25
RE260826,RE260826_R7,RE260826_R7_KISS ME LIKE THIS,Redcliffe,2026-08-26,Night,Night,7,8:55 PM,2026-08-26T10:55:00+00:00,2026-08-26T20:55:00+10:00,9,KISS ME LIKE THIS,Pelican Waters Resort 1 Win Pace,1780,"$6,200",Sr3,Darren McCall,Darren McCall,PACERS,Mobile,QLD,,,False,NR45,47318,NDC. NMC. Horses with no more than 1 lifetime win. A 1% deduction for Equine Welfare will be applied to all prizemoney prior to distribution.,Up to 1 LTW. PBD/NR. Pacers,53173,/kiss-me-like-this,/darren-mccall,/darren-mccall,"BLACK, YELLOW YOKE, WHITE STARS, YELLOW SLEEVES, WHITE STAR",,,AP110826,APC11082618,8,Albion Park,2026-08-11,Redcliffe_1780,Redcliffe_1780_pacers_mobile,4953,4918,11.4,30.4,31.1,29.4,29.7,redcliffe,1780,pacers,mobile,3721.0,460.0,942.0,12.36,37.68,-11.05
RE260826,RE260826_R8,RE260826_R8_STRAWBERRIESNCREAM,Redcliffe,2026-08-26,Night,Night,8,9:25 PM,2026-08-26T11:25:00+00:00,2026-08-26T21:25:00+10:00,1,STRAWBERRIESNCREAM,Burwood Stud 2yo Maiden Pace,1780,"$6,200",Fr1,Darren McCall,Darren McCall,PACERS,Mobile,QLD,,,False,NR41,5s977,NDC. NMC. 2YO's that have never won a race. A 1% deduction for Equine Welfare will be applied to all prizemoney prior to distribution.,2YO. MAIDEN. PBD/SEX. Pacers,6075,/strawberriesncream,/darren-mccall,/darren-mccall,"BLACK, YELLOW YOKE, WHITE STARS, YELLOW SLEEVES, WHITE STAR",,,RE190826,REC19082611,7,Redcliffe,2026-08-19,Redcliffe_1780,Redcliffe_1780_pacers_mobile,4953,4918,11.4,30.4,31.1,29.4,29.7,redcliffe,1780,pacers,mobile,4918.0,712.0,1415.0,14.48,43.25,-24.74
RE260826,RE260826_R8,RE260826_R8_BOSTON BOUND,Redcliffe,2026-08-26,Night,Night,8,9:25 PM,2026-08-26T11:25:00+00:00,2026-08-26T21:25:00+10:00,2,BOSTON BOUND,Burwood Stud 2yo Maiden Pace,1780,"$6,200",Fr2,Jonah Hutchinson,Jonah Hutchinson,PACERS,Mobile,QLD,,,False,NR44,9,NDC. NMC. 2YO's that have never won a race. A 1% deduction for Equine Welfare will be applied to all prizemoney prior to distribution.,2YO. MAIDEN. PBD/SEX. Pacers,55698,/boston-bound,/jonah-hutchinson,/jonah-hutchinson,"BLACK, BLUE YOKE, BRACES & BAND, BLACK HORSESHOES, WHITE SLEEVES, BLACK H AND CUFFS",,,AP180826,APC18082612,9,Albion Park,2026-08-18,Redcliffe_1780,Redcliffe_1780_pacers_mobile,4953,4918,11.4,30.4,31.1,29.4,29.7,redcliffe,1780,pacers,mobile,4918.0,573.0,1098.0,11.65,33.98,-25.44
RE260826,RE260826_R8,RE260826_R8_GIFT GIVER,Redcliffe,2026-08-26,Night,Night,8,9:25 PM,2026-08-26T11:25:00+00:00,2026-08-26T21:25:00+10:00,3,GIFT GIVER,Burwood Stud 2yo Maiden Pace,1780,"$6,200",Fr3,Grant Dixon,Grant Dixon,PACERS,Mobile,QLD,,,False,NR45,,NDC. NMC. 2YO's that have never won a race. A 1% deduction for Equine Welfare will be applied to all prizemoney prior to distribution.,2YO. MAIDEN. PBD/SEX. Pacers,191862,/gift-giver,/grant-dixon,/grant-dixon,"BLACK & WHITE CHECKS, WHITE SLEEVES",,,,,,,,Redcliffe_1780,Redcliffe_1780_pacers_mobile,4953,4918,11.4,30.4,31.1,29.4,29.7,redcliffe,1780,pacers,mobile,4916.0,624.0,1098.0,12.69,35.03,-15.72
RE260826,RE260826_R8,RE260826_R8_OLIVIA RHAYNE BOW,Redcliffe,2026-08-26,Night,Night,8,9:25 PM,2026-08-26T11:25:00+00:00,2026-08-26T21:25:00+10:00,4,OLIVIA RHAYNE BOW,Burwood Stud 2yo Maiden Pace,1780,"$6,200",Fr4,Chantal Turpin,Tom Callaghan,PACERS,Mobile,QLD,,,False,NR44,7634,NDC. NMC. 2YO's that have never won a race. A 1% deduction for Equine Welfare will be applied to all prizemoney prior to distribution.,2YO. MAIDEN. PBD/SEX. Pacers,60046,/olivia-rhayne-bow,/chantal-turpin,/tom-callaghan,"YELLOW, BLACK YOKE & BRACES, YELLOW STARS, BLACK SLEEVES, YELLOW CUFFS, ""TC"" INITIALS",,,RE190826,REC19082611,4,Redcliffe,2026-08-19,Redcliffe_1780,Redcliffe_1780_pacers_mobile,4953,4918,11.4,30.4,31.1,29.4,29.7,redcliffe,1780,pacers,mobile,4907.0,622.0,1074.0,12.68,34.56,-9.16
RE260826,RE260826_R8,RE260826_R8_ZEUSTORM,Redcliffe,2026-08-26,Night,Night,8,9:25 PM,2026-08-26T11:25:00+00:00,2026-08-26T21:25:00+10:00,5,ZEUSTORM,Burwood Stud 2yo Maiden Pace,1780,"$6,200",Fr5,Jack Butler,Layne Dwyer,PACERS,Mobile,QLD,,,False,NR43,3s873,NDC. NMC. 2YO's that have never won a race. A 1% deduction for Equine Welfare will be applied to all prizemoney prior to distribution.,2YO. MAIDEN. PBD/SEX. Pacers,56354,/zeustorm,/jack-butler,/layne-dwyer,"DARK BLUE, RED DIAMONDS, HOOPED SLEEVES",,,RE190826,REC19082611,3,Redcliffe,2026-08-19,Redcliffe_1780,Redcliffe_1780_pacers_mobile,4953,4918,11.4,30.4,31.1,29.4,29.7,redcliffe,1780,pacers,mobile,4816.0,562.0,1042.0,11.67,33.31,-23.18
RE260826,RE260826_R8,RE260826_R8_LIGHTYEAR,Redcliffe,2026-08-26,Night,Night,8,9:25 PM,2026-08-26T11:25:00+00:00,2026-08-26T21:25:00+10:00,6,LIGHTYEAR,Burwood Stud 2yo Maiden Pace,1780,"$6,200",Fr6,Trent Dawson,Trent Dawson,PACERS,Mobile,QLD,,,False,NR43,58449,NDC. NMC. 2YO's that have never won a race. A 1% deduction for Equine Welfare will be applied to all prizemoney prior to distribution.,2YO. MAIDEN. PBD/SEX. Pacers,441795,/lightyear,/trent-dawson,/trent-dawson,"ROYAL BLUE, RED DIAMONDS, BRACES & CUFFS",,ODM,AP110826,APC11082610,9,Albion Park,2026-08-11,Redcliffe_1780,Redcliffe_1780_pacers_mobile,4953,4918,11.4,30.4,31.1,29.4,29.7,redcliffe,1780,pacers,mobile,4040.0,363.0,782.0,8.99,28.34,-24.29
RE260826,RE260826_R8,RE260826_R8_PESCOCOSTANZO,Redcliffe,2026-08-26,Night,Night,8,9:25 PM,2026-08-26T11:25:00+00:00,2026-08-26T21:25:00+10:00,7,PESCOCOSTANZO,Burwood Stud 2yo Maiden Pace,1780,"$6,200",Sr1,Grant Dixon,Jack Chapple,PACERS,Mobile,QLD,,,False,NR43,07s55,NDC. NMC. 2YO's that have never won a race. A 1% deduction for Equine Welfare will be applied to all prizemoney prior to distribution.,2YO. MAIDEN. PBD/SEX. Pacers,7285,/pescocostanzo,/grant-dixon,/jack-chapple,"NAVY BLUE, WHITE V, RED SLEEVES, GOLD STARS",,,RE190826,REC19082611,5,Redcliffe,2026-08-19,Redcliffe_1780,Redcliffe_1780_pacers_mobile,4953,4918,11.4,30.4,31.1,29.4,29.7,redcliffe,1780,pacers,mobile,4835.0,484.0,1261.0,10.01,36.09,-20.04
RE260826,RE260826_R8,RE260826_R8_MULLUM SIZZLE,Redcliffe,2026-08-26,Night,Night,8,9:25 PM,2026-08-26T11:25:00+00:00,2026-08-26T21:25:00+10:00,8,MULLUM SIZZLE,Burwood Stud 2yo Maiden Pace,1780,"$6,200",Sr2,Rickie Alchin,,PACERS,Mobile,QLD,,,False,NR45,23257,NDC. NMC. 2YO's that have never won a race. A 1% deduction for Equine Welfare will be applied to all prizemoney prior to distribution.,2YO. MAIDEN. PBD/SEX. Pacers,42510,/mullum-sizzle,/rickie-alchin,,"PINK, DARK BLUE CROSSED SASHES",,,AP220826,APM22082602,7,Albion Park,2026-08-22,Redcliffe_1780,Redcliffe_1780_pacers_mobile,4953,4918,11.4,30.4,31.1,29.4,29.7,redcliffe,1780,pacers,mobile,4581.0,506.0,1128.0,11.05,35.67,-17.25
RE260826,RE260826_R9,RE260826_R9_TACTIQUE,Redcliffe,2026-08-26,Night,Night,9,9:54 PM,2026-08-26T11:54:00+00:00,2026-08-26T21:54:00+10:00,1,TACTIQUE,Pacers Bistro 2yo Maiden Pace,1780,"$6,200",Fr1,Chantal Turpin,Tom Callaghan,PACERS,Mobile,QLD,,,False,NR45,425s7,NDC. NMC. 2YO's that have never won a race. A 1% deduction for Equine Welfare will be applied to all prizemoney prior to distribution.,2YO. MAIDEN. PBD/SEX. Pacers,60072,/tactique,/chantal-turpin,/tom-callaghan,"YELLOW, BLACK YOKE & BRACES, YELLOW STARS, BLACK SLEEVES, YELLOW CUFFS, ""TC"" INITIALS",,,AP110826,APC11082618,7,Albion Park,2026-08-11,Redcliffe_1780,Redcliffe_1780_pacers_mobile,4953,4918,11.4,30.4,31.1,29.4,29.7,redcliffe,1780,pacers,mobile,4918.0,712.0,1415.0,14.48,43.25,-24.74
RE260826,RE260826_R9,RE260826_R9_WHERES DAD,Redcliffe,2026-08-26,Night,Night,9,9:54 PM,2026-08-26T11:54:00+00:00,2026-08-26T21:54:00+10:00,2,WHERES DAD,Pacers Bistro 2yo Maiden Pace,1780,"$6,200",Fr2,Alex Johnson,Layne Dwyer,PACERS,Mobile,QLD,,,False,NR43,5567,NDC. NMC. 2YO's that have never won a race. A 1% deduction for Equine Welfare will be applied to all prizemoney prior to distribution.,2YO. MAIDEN. PBD/SEX. Pacers,441909,/wheres-dad,/alex-johnson,/layne-dwyer,"WHITE, CERISE STAR, WHITE SLEEVES, CERISE STARS & CUFFS",,,AP110826,APC11082620,7,Albion Park,2026-08-11,Redcliffe_1780,Redcliffe_1780_pacers_mobile,4953,4918,11.4,30.4,31.1,29.4,29.7,redcliffe,1780,pacers,mobile,4918.0,573.0,1098.0,11.65,33.98,-25.44
RE260826,RE260826_R9,RE260826_R9_ADORE CINDY,Redcliffe,2026-08-26,Night,Night,9,9:54 PM,2026-08-26T11:54:00+00:00,2026-08-26T21:54:00+10:00,3,ADORE CINDY,Pacers Bistro 2yo Maiden Pace,1780,"$6,200",Fr3,Grant Dixon,Jack Chapple,PACERS,Mobile,QLD,,,False,NR44,8,NDC. NMC. 2YO's that have never won a race. A 1% deduction for Equine Welfare will be applied to all prizemoney prior to distribution.,2YO. MAIDEN. PBD/SEX. Pacers,60050,/adore-cindy,/grant-dixon,/jack-chapple,"BLACK, WHITE STARS, RED SLEEVES",,,AP180826,APC18082612,8,Albion Park,2026-08-18,Redcliffe_1780,Redcliffe_1780_pacers_mobile,4953,4918,11.4,30.4,31.1,29.4,29.7,redcliffe,1780,pacers,mobile,4916.0,624.0,1098.0,12.69,35.03,-15.72
RE260826,RE260826_R9,RE260826_R9_JEWEL REASON,Redcliffe,2026-08-26,Night,Night,9,9:54 PM,2026-08-26T11:54:00+00:00,2026-08-26T21:54:00+10:00,4,JEWEL REASON,Pacers Bistro 2yo Maiden Pace,1780,"$6,200",Fr4,Gemma Hewitt,Brendan Barnes,PACERS,Mobile,QLD,,,False,NR43,34526,NDC. NMC. 2YO's that have never won a race. A 1% deduction for Equine Welfare will be applied to all prizemoney prior to distribution.,2YO. MAIDEN. PBD/SEX. Pacers,6077,/jewel-reason,/gemma-hewitt,/brendan-barnes,THE TAB EUREKA 2024 : WESTERN JEWEL - WHITE & RED,,,AP110826,APC11082619,6,Albion Park,2026-08-11,Redcliffe_1780,Redcliffe_1780_pacers_mobile,4953,4918,11.4,30.4,31.1,29.4,29.7,redcliffe,1780,pacers,mobile,4907.0,622.0,1074.0,12.68,34.56,-9.16
RE260826,RE260826_R9,RE260826_R9_DIRTY MARTINI,Redcliffe,2026-08-26,Night,Night,9,9:54 PM,2026-08-26T11:54:00+00:00,2026-08-26T21:54:00+10:00,5,DIRTY MARTINI,Pacers Bistro 2yo Maiden Pace,1780,"$6,200",Fr5,Vic Frost,Adam Richardson,PACERS,Mobile,QLD,,,False,NR42,6s377,NDC. NMC. 2YO's that have never won a race. A 1% deduction for Equine Welfare will be applied to all prizemoney prior to distribution.,2YO. MAIDEN. PBD/SEX. Pacers,5881,/dirty-martini,/vic-frost,/adam-richardson,"WHITE, BLACK STARS",,,RE190826,REC19082607,7,Redcliffe,2026-08-19,Redcliffe_1780,Redcliffe_1780_pacers_mobile,4953,4918,11.4,30.4,31.1,29.4,29.7,redcliffe,1780,pacers,mobile,4816.0,562.0,1042.0,11.67,33.31,-23.18
RE260826,RE260826_R9,RE260826_R9_MAJOR IMPRESSION,Redcliffe,2026-08-26,Night,Night,9,9:54 PM,2026-08-26T11:54:00+00:00,2026-08-26T21:54:00+10:00,6,MAJOR IMPRESSION,Pacers Bistro 2yo Maiden Pace,1780,"$6,200",Fr6,Wayne Graham,Shane Graham,PACERS,Mobile,QLD,,,False,NR43,659,NDC. NMC. 2YO's that have never won a race. A 1% deduction for Equine Welfare will be applied to all prizemoney prior to distribution.,2YO. MAIDEN. PBD/SEX. Pacers,5874,/major-impression,/wayne-graham,/shane-graham,"CERISE & WHITE STRIPES, BLACK SLEEVES",,,AP110826,APC11082615,9,Albion Park,2026-08-11,Redcliffe_1780,Redcliffe_1780_pacers_mobile,4953,4918,11.4,30.4,31.1,29.4,29.7,redcliffe,1780,pacers,mobile,4040.0,363.0,782.0,8.99,28.34,-24.29
RE260826,RE260826_R9,RE260826_R9_WHAT IS HIS NAME,Redcliffe,2026-08-26,Night,Night,9,9:54 PM,2026-08-26T11:54:00+00:00,2026-08-26T21:54:00+10:00,7,WHAT IS HIS NAME,Pacers Bistro 2yo Maiden Pace,1780,"$6,200",Sr1,Grant Dixon,Grant Dixon,PACERS,Mobile,QLD,,,False,NR45,,NDC. NMC. 2YO's that have never won a race. A 1% deduction for Equine Welfare will be applied to all prizemoney prior to distribution.,2YO. MAIDEN. PBD/SEX. Pacers,191863,/what-is-his-name,/grant-dixon,/grant-dixon,"NAVY BLUE, WHITE V, RED SLEEVES, GOLD STARS",,,,,,,,Redcliffe_1780,Redcliffe_1780_pacers_mobile,4953,4918,11.4,30.4,31.1,29.4,29.7,redcliffe,1780,pacers,mobile,4835.0,484.0,1261.0,10.01,36.09,-20.04
SP250826,SP250826_R1,SP250826_R1_MUSSEL SHOALS,Shepparton,2026-08-25,Night,Night,1,6:04 PM,2026-08-25T08:04:00+00:00,2026-08-25T18:04:00+10:00,1,MUSSEL SHOALS,Shepp Showcase Podcast Preview Show Pace,2190,"$6,000",Fr1,Donna Castles,Donna Castles,PACERS,Mobile,VIC,6.5,6.5,False,NR52 (A50),84266,"* Concession Driver Claims and Mares Allowance apply for eligibility purposes only, not within the barrier draw.",NR 50 to 55. PBD/NR. Pacers,7174,/mussel-shoals,/donna-castles,/donna-castles,"DARK GREEN, DARK GREEN & WHITE STRIPED SLEEVES",,,SP040826,SPC04082605,6,Shepparton,2026-08-04,Shepparton_2190,Shepparton_2190_pacers_mobile,1078,759,42.7,31.1,30.9,29.0,29.2,shepparton,2190,pacers,mobile,759.0,65.0,191.0,8.56,33.73,-32.24
SP250826,SP250826_R1,SP250826_R1_DARK LUSTRE,Shepparton,2026-08-25,Night,Night,1,6:04 PM,2026-08-25T08:04:00+00:00,2026-08-25T18:04:00+10:00,2,DARK LUSTRE,Shepp Showcase Podcast Preview Show Pace,2190,"$6,000",Fr2,Peter Chamouras,Peter Chamouras,PACERS,Mobile,VIC,101.0,101.0,False,NR52,009s0,"* Concession Driver Claims and Mares Allowance apply for eligibility purposes only, not within the barrier draw.",NR 50 to 55. PBD/NR. Pacers,5083,/dark-lustre,/peter-chamouras,/peter-chamouras,"ROYAL BLUE & WHITE QUARTERS WITH BLACK DIAMONDS, BLACK SLEEVES",,,SP110826,SPC11082603,10,Shepparton,2026-08-11,Shepparton_2190,Shepparton_2190_pacers_mobile,1078,759,42.7,31.1,30.9,29.0,29.2,shepparton,2190,pacers,mobile,759.0,94.0,163.0,12.38,33.86,-5.4
SP250826,SP250826_R1,SP250826_R1_EAGLE MAJOR,Shepparton,2026-08-25,Night,Night,1,6:04 PM,2026-08-25T08:04:00+00:00,2026-08-25T18:04:00+10:00,3,EAGLE MAJOR,Shepp Showcase Podcast Preview Show Pace,2190,"$6,000",Fr3,Donna Castles,Doc Wilson,PACERS,Mobile,VIC,4.5,4.5,False,NR52,61936,"* Concession Driver Claims and Mares Allowance apply for eligibility purposes only, not within the barrier draw.",NR 50 to 55. PBD/NR. Pacers,3852,/eagle-major,/donna-castles,/doc-wilson,"DARK GREEN, DARK GREEN & WHITE STRIPED SLEEVES",,,KI060826,KIC06082601,6,Kilmore,2026-08-06,Shepparton_2190,Shepparton_2190_pacers_mobile,1078,759,42.7,31.1,30.9,29.0,29.2,shepparton,2190,pacers,mobile,759.0,69.0,163.0,9.09,30.57,-34.4
SP250826,SP250826_R1,SP250826_R1_MADAM REACTOR,Shepparton,2026-08-25,Night,Night,1,6:04 PM,2026-08-25T08:04:00+00:00,2026-08-25T18:04:00+10:00,4,MADAM REACTOR,Shepp Showcase Podcast Preview Show Pace,2190,"$6,000",Fr4,Frank Barac,Liam Older,PACERS,Mobile,VIC,6.5,6.5,False,NR53 (A50),56241,"* Concession Driver Claims and Mares Allowance apply for eligibility purposes only, not within the barrier draw.",NR 50 to 55. PBD/NR. Pacers,2949,/madam-reactor,/frank-barac,/liam-older,"DARK BLUE, ORANGE SASH, HOOPED SLEEVES",,,SP110826,SPC11082603,1,Shepparton,2026-08-11,Shepparton_2190,Shepparton_2190_pacers_mobile,1078,759,42.7,31.1,30.9,29.0,29.2,shepparton,2190,pacers,mobile,759.0,112.0,187.0,14.76,39.39,-5.75
SP250826,SP250826_R1,SP250826_R1_JULZ MARIE,Shepparton,2026-08-25,Night,Night,1,6:04 PM,2026-08-25T08:04:00+00:00,2026-08-25T18:04:00+10:00,5,JULZ MARIE,Shepp Showcase Podcast Preview Show Pace,2190,"$6,000",Fr5,Stephen Boyington,Stephen Boyington,PACERS,Mobile,VIC,51.0,51.0,False,NR53 (A50),s0775,"* Concession Driver Claims and Mares Allowance apply for eligibility purposes only, not within the barrier draw.",NR 50 to 55. PBD/NR. Pacers,435164,/julz-marie,/stephen-boyington,/stephen-boyington,"DARK BLUE, ORANGE SASH, STRIPED SLEEVES",,,MX100726,MXC10072603,5,Melton,2026-07-10,Shepparton_2190,Shepparton_2190_pacers_mobile,1078,759,42.7,31.1,30.9,29.0,29.2,shepparton,2190,pacers,mobile,753.0,95.0,178.0,12.62,36.25,-18.15
SP250826,SP250826_R1,SP250826_R1_CORNISHTOWN KID,Shepparton,2026-08-25,Night,Night,1,6:04 PM,2026-08-25T08:04:00+00:00,2026-08-25T18:04:00+10:00,6,CORNISHTOWN KID,Shepp Showcase Podcast Preview Show Pace,2190,"$6,000",Fr6,Paul Tonkin,Daniel Jack,PACERS,Mobile,VIC,26.0,26.0,False,NR53,s3556,"* Concession Driver Claims and Mares Allowance apply for eligibility purposes only, not within the barrier draw.",NR 50 to 55. PBD/NR. Pacers,12280,/cornishtown-kid,/paul-tonkin,/daniel-jack,"DARK BLUE, WHITE T, DARK BLUE SLEEVES WITH WHITE DIAMONDS",,,SP110826,SPC11082603,6,Shepparton,2026-08-11,Shepparton_2190,Shepparton_2190_pacers_mobile,1078,759,42.7,31.1,30.9,29.0,29.2,shepparton,2190,pacers,mobile,701.0,81.0,125.0,11.55,29.39,-10.3
SP250826,SP250826_R1,SP250826_R1_WIND SOCK,Shepparton,2026-08-25,Night,Night,1,6:04 PM,2026-08-25T08:04:00+00:00,2026-08-25T18:04:00+10:00,7,WIND SOCK,Shepp Showcase Podcast Preview Show Pace,2190,"$6,000",Fr7,Cameron Maggs,Cameron Maggs,PACERS,Mobile,VIC,51.0,51.0,False,NR53,920s8,"* Concession Driver Claims and Mares Allowance apply for eligibility purposes only, not within the barrier draw.",NR 50 to 55. PBD/NR. Pacers,2295,/wind-sock,/cameron-maggs,/cameron-maggs,"GREY, GREEN MALTESE CROSS & SLEEVES",,,KI060826,KIC06082601,8,Kilmore,2026-08-06,Shepparton_2190,Shepparton_2190_pacers_mobile,1078,759,42.7,31.1,30.9,29.0,29.2,shepparton,2190,pacers,mobile,454.0,45.0,84.0,9.91,28.41,-12.03
SP250826,SP250826_R1,SP250826_R1_SHE HAUNTS EM,Shepparton,2026-08-25,Night,Night,1,6:04 PM,2026-08-25T08:04:00+00:00,2026-08-25T18:04:00+10:00,8,SHE HAUNTS EM,Shepp Showcase Podcast Preview Show Pace,2190,"$6,000",Sr1,Mark Lee,Stacey Towers,PACERS,Mobile,VIC,12.0,12.0,False,NR54 (A50),9s542,"* Concession Driver Claims and Mares Allowance apply for eligibility purposes only, not within the barrier draw.",NR 50 to 55. PBD/NR. Pacers,9683,/she-haunts-em,/mark-lee,/stacey-towers,"DARK BLUE, DARK GREEN & WHITE STRIPED SLEEVES",,,SP110826,SPC11082601,2,Shepparton,2026-08-11,Shepparton_2190,Shepparton_2190_pacers_mobile,1078,759,42.7,31.1,30.9,29.0,29.2,shepparton,2190,pacers,mobile,668.0,63.0,160.0,9.43,33.38,-27.44
SP250826,SP250826_R1,SP250826_R1_ONTHADARKSIDE,Shepparton,2026-08-25,Night,Night,1,6:04 PM,2026-08-25T08:04:00+00:00,2026-08-25T18:04:00+10:00,9,ONTHADARKSIDE,Shepp Showcase Podcast Preview Show Pace,2190,"$6,000",Sr-,Jodie Ward,Tasmyn Potter,PACERS,Mobile,VIC,51.0,51.0,False,NR57 (A54),69487,"* Concession Driver Claims and Mares Allowance apply for eligibility purposes only, not within the barrier draw.",NR 50 to 55. PBD/NR. Pacers,11144,/onthadarkside,/jodie-ward,/tasmyn-potter,"RED WITH NAVY BLUE SHAMROCK, NAVY BLUE COLLAR & WAISTBAND, WHITE SLEEVES WITH NAVY BLUE TRIANGLE",1.0,,LE070726,LEC07072610,7,Leeton,2026-07-07,Shepparton_2190,Shepparton_2190_pacers_mobile,1078,759,42.7,31.1,30.9,29.0,29.2,shepparton,2190,pacers,mobile,0.0,0.0,0.0,0.0,0.0,0.0
SP250826,SP250826_R1,SP250826_R1_TYPHOON,Shepparton,2026-08-25,Night,Night,1,6:04 PM,2026-08-25T08:04:00+00:00,2026-08-25T18:04:00+10:00,10,TYPHOON,Shepp Showcase Podcast Preview Show Pace,2190,"$6,000",Sr2,Tyrone Abela,Tasmyn Potter,PACERS,Mobile,VIC,6.0,6.0,False,NR58 (A55),2151,"* Concession Driver Claims and Mares Allowance apply for eligibility purposes only, not within the barrier draw.",NR 50 to 55. PBD/NR. Pacers,435847,/typhoon,/tyrone-abela,/tasmyn-potter,"BLUE, YELLOW & RED V, EVOLUTION LODGE LOGO, YELLOW COLLAR & SLEEVES, RED ARMBAND.",,,CR160826,CRC16082606,1,Cranbourne,2026-08-16,Shepparton_2190,Shepparton_2190_pacers_mobile,1078,759,42.7,31.1,30.9,29.0,29.2,shepparton,2190,pacers,mobile,542.0,66.0,117.0,12.18,33.76,-11.58
SP250826,SP250826_R1,SP250826_R1_MICHEN ROY,Shepparton,2026-08-25,Night,Night,1,6:04 PM,2026-08-25T08:04:00+00:00,2026-08-25T18:04:00+10:00,11,MICHEN ROY,Shepp Showcase Podcast Preview Show Pace,2190,"$6,000",Sr3,Glenn Bull,Lauren White,PACERS,Mobile,VIC,4.5,4.5,False,NR60 (A55),8147s,"* Concession Driver Claims and Mares Allowance apply for eligibility purposes only, not within the barrier draw.",NR 50 to 55. PBD/NR. Pacers,3289,/michen-roy,/glenn-bull,/lauren-white,"RED, BLACK FOUR LEAF CLOVER, YELLOW COLLAR, YELLOW SLEEVES, RED ARMBANDS & CUFFS",,,MX200626,MXM20062604,7,Melton,2026-06-20,Shepparton_2190,Shepparton_2190_pacers_mobile,1078,759,42.7,31.1,30.9,29.0,29.2,shepparton,2190,pacers,mobile,392.0,38.0,87.0,9.69,31.89,-24.29
SP250826,SP250826_R2,SP250826_R2_NORTHERN TERROR,Shepparton,2026-08-25,Night,Night,2,6:38 PM,2026-08-25T08:38:00+00:00,2026-08-25T18:38:00+10:00,1,NORTHERN TERROR,Bob Steen Happy 80th Birthday Pace,2190,"$5,000",Fr1,Corey Bell,James Herbertson,PACERS,Mobile,VIC,8.5,8.5,False,NR38,64886,* No Claims or Allowances apply.,NR up to 49. PBD/NR. Pacers,2368,/northern-terror,/corey-bell,/james-herbertson,"PINK, BLUE BRACES, FOUR PINK HORSESHOES, BLUE CUFFS.",,,SP180826,SPC18082605,6,Shepparton,2026-08-18,Shepparton_2190,Shepparton_2190_pacers_mobile,1078,759,42.7,31.1,30.9,29.0,29.2,shepparton,2190,pacers,mobile,759.0,65.0,191.0,8.56,33.73,-32.24
SP250826,SP250826_R2,SP250826_R2_STANDANDELIVER,Shepparton,2026-08-25,Night,Night,2,6:38 PM,2026-08-25T08:38:00+00:00,2026-08-25T18:38:00+10:00,2,STANDANDELIVER,Bob Steen Happy 80th Birthday Pace,2190,"$5,000",Fr2,Jim O'Sullivan,Sean O'Sullivan,PACERS,Mobile,VIC,7.5,7.5,False,NR38,31279,* No Claims or Allowances apply.,NR up to 49. PBD/NR. Pacers,5696,/standandeliver,/jim-o-sullivan,/sean-o-sullivan,"BLACK, PURPLE YOKE, FOUR WHITE STARS, PURPLE COLLAR & WAISTBAND, BLACK SLEEVES, PURPLE CUFFS",,,KI200826,KIC20082604,9,Kilmore,2026-08-20,Shepparton_2190,Shepparton_2190_pacers_mobile,1078,759,42.7,31.1,30.9,29.0,29.2,shepparton,2190,pacers,mobile,759.0,94.0,163.0,12.38,33.86,-5.4
SP250826,SP250826_R2,SP250826_R2_SECURITY CHECK,Shepparton,2026-08-25,Night,Night,2,6:38 PM,2026-08-25T08:38:00+00:00,2026-08-25T18:38:00+10:00,3,SECURITY CHECK,Bob Steen Happy 80th Birthday Pace,2190,"$5,000",Fr3,Jodie Ward,Leigh Sutton,PACERS,Mobile,VIC,34.0,34.0,False,NR40,986r8,* No Claims or Allowances apply.,NR up to 49. PBD/NR. Pacers,2550,/security-check,/jodie-ward,/leigh-sutton,"RED WITH NAVY BLUE SHAMROCK, NAVY BLUE COLLAR & WAISTBAND, WHITE SLEEVES WITH NAVY BLUE TRIANGLE",,,LE070726,LEC07072614,8,Leeton,2026-07-07,Shepparton_2190,Shepparton_2190_pacers_mobile,1078,759,42.7,31.1,30.9,29.0,29.2,shepparton,2190,pacers,mobile,759.0,69.0,163.0,9.09,30.57,-34.4
SP250826,SP250826_R2,SP250826_R2_ELLEEGANT LANE,Shepparton,2026-08-25,Night,Night,2,6:38 PM,2026-08-25T08:38:00+00:00,2026-08-25T18:38:00+10:00,4,ELLEEGANT LANE,Bob Steen Happy 80th Birthday Pace,2190,"$5,000",Fr4,Luke Tabone,Rebecca Bartley,PACERS,Mobile,VIC,5.0,5.0,False,NR45,02244,* No Claims or Allowances apply.,NR up to 49. PBD/NR. Pacers,59531,/elleegant-lane,/luke-tabone,/rebecca-bartley,"DARK BLUE WITH WHITE, RED & DARK BLUE STAR, DARK BLUE SLEEVES, WHITE STRIPE",,,CR160826,CRC16082604,4,Cranbourne,2026-08-16,Shepparton_2190,Shepparton_2190_pacers_mobile,1078,759,42.7,31.1,30.9,29.0,29.2,shepparton,2190,pacers,mobile,759.0,112.0,187.0,14.76,39.39,-5.75
SP250826,SP250826_R2,SP250826_R2_MAMMALS REASON,Shepparton,2026-08-25,Night,Night,2,6:38 PM,2026-08-25T08:38:00+00:00,2026-08-25T18:38:00+10:00,5,MAMMALS REASON,Bob Steen Happy 80th Birthday Pace,2190,"$5,000",Fr5,Lisa Hardy,Mark Pitt,PACERS,Mobile,VIC,4.0,4.0,False,NR46,85113,* No Claims or Allowances apply.,NR up to 49. PBD/NR. Pacers,59702,/mammals-reason,/lisa-hardy,/mark-pitt,"RED, WHITE & BLACK PANELS, RED & WHITE CHECKED SLEEVES, RED COLLAR",,,SP110826,SPC11082604,3,Shepparton,2026-08-11,Shepparton_2190,Shepparton_2190_pacers_mobile,1078,759,42.7,31.1,30.9,29.0,29.2,shepparton,2190,pacers,mobile,753.0,95.0,178.0,12.62,36.25,-18.15
SP250826,SP250826_R2,SP250826_R2_BETATHANABOUGHTONE,Shepparton,2026-08-25,Night,Night,2,6:38 PM,2026-08-25T08:38:00+00:00,2026-08-25T18:38:00+10:00,6,BETATHANABOUGHTONE,Bob Steen Happy 80th Birthday Pace,2190,"$5,000",Fr6,Mick Carbone,Ewa Justice,PACERS,Mobile,VIC,21.0,21.0,False,NR47,s6546,* No Claims or Allowances apply.,NR up to 49. PBD/NR. Pacers,186730,/betathanaboughtone,/mick-carbone,/ewa-justice,"GREEN WITH PURPLE YOKE & BRACES, PURPLE SLEEVES, GREEN ARMBANDS & COLLAR",,,CH170826,CHC17082603,6,Charlton,2026-08-17,Shepparton_2190,Shepparton_2190_pacers_mobile,1078,759,42.7,31.1,30.9,29.0,29.2,shepparton,2190,pacers,mobile,701.0,81.0,125.0,11.55,29.39,-10.3
SP250826,SP250826_R2,SP250826_R2_OUR MYSTERY BET,Shepparton,2026-08-25,Night,Night,2,6:38 PM,2026-08-25T08:38:00+00:00,2026-08-25T18:38:00+10:00,7,OUR MYSTERY BET,Bob Steen Happy 80th Birthday Pace,2190,"$5,000",Fr7,Juanita Breen,Juanita Breen,PACERS,Mobile,VIC,7.5,7.5,False,NR47,31523,* No Claims or Allowances apply.,NR up to 49. PBD/NR. Pacers,3594,/our-mystery-bet,/juanita-breen,/juanita-breen,"BLUE, RED & WHITE SQUARES, BLUE YOKE & SLEEVES",,,SP180826,SPC18082603,3,Shepparton,2026-08-18,Shepparton_2190,Shepparton_2190_pacers_mobile,1078,759,42.7,31.1,30.9,29.0,29.2,shepparton,2190,pacers,mobile,454.0,45.0,84.0,9.91,28.41,-12.03
SP250826,SP250826_R2,SP250826_R2_LUVERBOY,Shepparton,2026-08-25,Night,Night,2,6:38 PM,2026-08-25T08:38:00+00:00,2026-08-25T18:38:00+10:00,8,LUVERBOY,Bob Steen Happy 80th Birthday Pace,2190,"$5,000",Sr1,Sharon Hahne,Michael Bellman,PACERS,Mobile,VIC,14.0,14.0,False,NR48,61968,* No Claims or Allowances apply.,NR up to 49. PBD/NR. Pacers,2413,/luverboy,/sharon-hahne,/michael-bellman,"ROYAL BLUE, GOLD HORSESHOE, RED SLEEVES",,,KI130826,KIC13082603,8,Kilmore,2026-08-13,Shepparton_2190,Shepparton_2190_pacers_mobile,1078,759,42.7,31.1,30.9,29.0,29.2,shepparton,2190,pacers,mobile,668.0,63.0,160.0,9.43,33.38,-27.44
SP250826,SP250826_R2,SP250826_R2_IM ALRIGHT JACK,Shepparton,2026-08-25,Night,Night,2,6:38 PM,2026-08-25T08:38:00+00:00,2026-08-25T18:38:00+10:00,9,IM ALRIGHT JACK,Bob Steen Happy 80th Birthday Pace,2190,"$5,000",Sr2,Jeremy Quinlan,Jeremy Quinlan,PACERS,Mobile,VIC,51.0,51.0,False,NR49,4208s,* No Claims or Allowances apply.,NR up to 49. PBD/NR. Pacers,279,/im-alright-jack,/jeremy-quinlan,/jeremy-quinlan,"GOLD, BLACK HORSESHOE, BLACK & BLUE CHECKED SLEEVES",,,SP160626,SPC16062602,8,Shepparton,2026-06-16,Shepparton_2190,Shepparton_2190_pacers_mobile,1078,759,42.7,31.1,30.9,29.0,29.2,shepparton,2190,pacers,mobile,542.0,66.0,117.0,12.18,33.76,-11.58
SP250826,SP250826_R2,SP250826_R2_ELIZAJANE,Shepparton,2026-08-25,Night,Night,2,6:38 PM,2026-08-25T08:38:00+00:00,2026-08-25T18:38:00+10:00,10,ELIZAJANE,Bob Steen Happy 80th Birthday Pace,2190,"$5,000",Sr3,Tasmyn Potter,Tasmyn Potter,PACERS,Mobile,VIC,7.5,7.5,False,NR48,06240,* No Claims or Allowances apply.,NR up to 49. PBD/NR. Pacers,7733,/elizajane,/tasmyn-potter,/tasmyn-potter,"TURQUOISE, BLACK DIAMONDS, STRIPED SLEEVES WITH WHITE DIAMONDS",,ODM,KI130826,KIC13082603,10,Kilmore,2026-08-13,Shepparton_2190,Shepparton_2190_pacers_mobile,1078,759,42.7,31.1,30.9,29.0,29.2,shepparton,2190,pacers,mobile,392.0,38.0,87.0,9.69,31.89,-24.29
SP250826,SP250826_R3,SP250826_R3_GO GEORGE GO,Shepparton,2026-08-25,Night,Night,3,7:11 PM,2026-08-25T09:11:00+00:00,2026-08-25T19:11:00+10:00,1,GO GEORGE GO,Adele Poyner Memorial Pace,1690,"$5,000",Fr1,Glenn Bull,Glenn Bull,PACERS,Mobile,VIC,51.0,51.0,False,NR30,5s764,"* Concession Driver Claims and Mares Allowance apply for eligibility purposes only, not within the barrier draw.",NR up to 40. PBD/NR. Pacers,3600,/go-george-go,/glenn-bull,/glenn-bull,"RED, GREEN FOUR LEAF CLOVER, YELLOW COLLAR, YELLOW SLEEVES, RED ARMBANDS & CUFFS",,,SP110826,SPC11082605,4,Shepparton,2026-08-11,Shepparton_1690,Shepparton_1690_pacers_mobile,934,837,5.5,28.9,31.0,28.9,29.0,shepparton,1690,pacers,mobile,837.0,100.0,202.0,11.95,36.08,-15.18
SP250826,SP250826_R3,SP250826_R3_ATOMIC GLORY,Shepparton,2026-08-25,Night,Night,3,7:11 PM,2026-08-25T09:11:00+00:00,2026-08-25T19:11:00+10:00,2,ATOMIC GLORY,Adele Poyner Memorial Pace,1690,"$5,000",Fr2,Jim O'Sullivan,Sean O'Sullivan,PACERS,Mobile,VIC,7.5,7.5,False,NR30,76274,"* Concession Driver Claims and Mares Allowance apply for eligibility purposes only, not within the barrier draw.",NR up to 40. PBD/NR. Pacers,3356,/atomic-glory,/jim-o-sullivan,/sean-o-sullivan,"BLACK, PURPLE YOKE, FOUR WHITE STARS, PURPLE COLLAR & WAISTBAND, BLACK SLEEVES, PURPLE CUFFS",,,BA190826,BAC19082606,4,Ballarat,2026-08-19,Shepparton_1690,Shepparton_1690_pacers_mobile,934,837,5.5,28.9,31.0,28.9,29.0,shepparton,1690,pacers,mobile,837.0,84.0,189.0,10.04,32.62,-27.98
SP250826,SP250826_R3,SP250826_R3_ARRAPS,Shepparton,2026-08-25,Night,Night,3,7:11 PM,2026-08-25T09:11:00+00:00,2026-08-25T19:11:00+10:00,3,ARRAPS,Adele Poyner Memorial Pace,1690,"$5,000",Fr3,Donna Castles,Donna Castles,PACERS,Mobile,VIC,5.5,5.5,False,NR39,35379,"* Concession Driver Claims and Mares Allowance apply for eligibility purposes only, not within the barrier draw.",NR up to 40. PBD/NR. Pacers,9665,/arraps,/donna-castles,/donna-castles,"DARK GREEN, DARK GREEN & WHITE STRIPED SLEEVES, WHITE COLLAR, WAISTBAND & CUFFS",,,SP040826,SPC04082606,9,Shepparton,2026-08-04,Shepparton_1690,Shepparton_1690_pacers_mobile,934,837,5.5,28.9,31.0,28.9,29.0,shepparton,1690,pacers,mobile,837.0,98.0,171.0,11.71,32.14,-18.12
SP250826,SP250826_R3,SP250826_R3_MYNAMEISRUBY,Shepparton,2026-08-25,Night,Night,3,7:11 PM,2026-08-25T09:11:00+00:00,2026-08-25T19:11:00+10:00,4,MYNAMEISRUBY,Adele Poyner Memorial Pace,1690,"$5,000",Fr4,Caitlin Guppy,James Herbertson,PACERS,Mobile,VIC,5.0,5.0,False,NR40 (A35),32103,"* Concession Driver Claims and Mares Allowance apply for eligibility purposes only, not within the barrier draw.",NR up to 40. PBD/NR. Pacers,4093,/mynameisruby,/caitlin-guppy,/james-herbertson,"ROYAL BLUE, SKY BLUE STARS",,,SP180826,SPC18082605,3,Shepparton,2026-08-18,Shepparton_1690,Shepparton_1690_pacers_mobile,934,837,5.5,28.9,31.0,28.9,29.0,shepparton,1690,pacers,mobile,837.0,105.0,193.0,12.54,35.6,-15.61
SP250826,SP250826_R3,SP250826_R3_TOMMYS LOOKOUT,Shepparton,2026-08-25,Night,Night,3,7:11 PM,2026-08-25T09:11:00+00:00,2026-08-25T19:11:00+10:00,5,TOMMYS LOOKOUT,Adele Poyner Memorial Pace,1690,"$5,000",Fr5,Ross Graham,Liam Older,PACERS,Mobile,VIC,7.5,7.5,False,NR41 (A38),13426,"* Concession Driver Claims and Mares Allowance apply for eligibility purposes only, not within the barrier draw.",NR up to 40. PBD/NR. Pacers,434112,/tommys-lookout,/ross-graham,/liam-older,"GREEN, YELLOW CROSSED SASHES, YELLOW STRIPED SLEEVES & CUFFS",,,SP280726,SPC28072604,6,Shepparton,2026-07-28,Shepparton_1690,Shepparton_1690_pacers_mobile,934,837,5.5,28.9,31.0,28.9,29.0,shepparton,1690,pacers,mobile,835.0,111.0,180.0,13.29,34.85,-9.06
SP250826,SP250826_R3,SP250826_R3_MISS HERMES,Shepparton,2026-08-25,Night,Night,3,7:11 PM,2026-08-25T09:11:00+00:00,2026-08-25T19:11:00+10:00,6,MISS HERMES,Adele Poyner Memorial Pace,1690,"$5,000",Fr6,Peter Newton,Cameron Maggs,PACERS,Mobile,VIC,4.5,4.5,False,NR42 (A37),16972,"* Concession Driver Claims and Mares Allowance apply for eligibility purposes only, not within the barrier draw.",NR up to 40. PBD/NR. Pacers,259,/miss-hermes,/peter-newton,/cameron-maggs,"WHITE, DARK BLUE STAR, RED SASHES & ARMBANDS",,,SP180826,SPC18082604,2,Shepparton,2026-08-18,Shepparton_1690,Shepparton_1690_pacers_mobile,934,837,5.5,28.9,31.0,28.9,29.0,shepparton,1690,pacers,mobile,769.0,80.0,160.0,10.4,31.21,-19.09
SP250826,SP250826_R3,SP250826_R3_MAMMALS BLAZE,Shepparton,2026-08-25,Night,Night,3,7:11 PM,2026-08-25T09:11:00+00:00,2026-08-25T19:11:00+10:00,7,MAMMALS BLAZE,Adele Poyner Memorial Pace,1690,"$5,000",Fr7,Corey Bell,Ewa Justice,PACERS,Mobile,VIC,21.0,21.0,False,NR42 (A39),75237,"* Concession Driver Claims and Mares Allowance apply for eligibility purposes only, not within the barrier draw.",NR up to 40. PBD/NR. Pacers,60589,/mammals-blaze,/corey-bell,/ewa-justice,"PINK, BLUE BRACES, FOUR PINK HORSESHOES, BLUE CUFFS.",,,CR160826,CRC16082604,7,Cranbourne,2026-08-16,Shepparton_1690,Shepparton_1690_pacers_mobile,934,837,5.5,28.9,31.0,28.9,29.0,shepparton,1690,pacers,mobile,415.0,43.0,105.0,10.36,35.66,-9.04
SP250826,SP250826_R3,SP250826_R3_KNOW THE SCORE,Shepparton,2026-08-25,Night,Night,3,7:11 PM,2026-08-25T09:11:00+00:00,2026-08-25T19:11:00+10:00,8,KNOW THE SCORE,Adele Poyner Memorial Pace,1690,"$5,000",Sr1,Glenn Bull,Lauren White,PACERS,Mobile,VIC,7.5,7.5,False,NR43 (A38),63219,"* Concession Driver Claims and Mares Allowance apply for eligibility purposes only, not within the barrier draw.",NR up to 40. PBD/NR. Pacers,9251,/know-the-score,/glenn-bull,/lauren-white,"RED, BLACK FOUR LEAF CLOVER, YELLOW COLLAR, YELLOW SLEEVES, RED ARMBANDS & CUFFS",,,KI130826,KIC13082603,9,Kilmore,2026-08-13,Shepparton_1690,Shepparton_1690_pacers_mobile,934,837,5.5,28.9,31.0,28.9,29.0,shepparton,1690,pacers,mobile,761.0,64.0,178.0,8.41,31.8,-32.42
SP250826,SP250826_R3,SP250826_R3_TOOBY GOLD,Shepparton,2026-08-25,Night,Night,3,7:11 PM,2026-08-25T09:11:00+00:00,2026-08-25T19:11:00+10:00,9,TOOBY GOLD,Adele Poyner Memorial Pace,1690,"$5,000",Sr2,Michael Mannix,Daniel Mannix,PACERS,Mobile,VIC,51.0,51.0,False,NR43 (A38),76728,"* Concession Driver Claims and Mares Allowance apply for eligibility purposes only, not within the barrier draw.",NR up to 40. PBD/NR. Pacers,3265,/tooby-gold,/michael-mannix,/daniel-mannix,"BLUE & YELLOW QUARTERS, BROWN COLLAR & SLEEVES",,,KI200826,KIC20082604,8,Kilmore,2026-08-20,Shepparton_1690,Shepparton_1690_pacers_mobile,934,837,5.5,28.9,31.0,28.9,29.0,shepparton,1690,pacers,mobile,649.0,83.0,150.0,12.79,35.9,-10.21
SP250826,SP250826_R3,SP250826_R3_BEATS TRUE,Shepparton,2026-08-25,Night,Night,3,7:11 PM,2026-08-25T09:11:00+00:00,2026-08-25T19:11:00+10:00,10,BEATS TRUE,Adele Poyner Memorial Pace,1690,"$5,000",Sr3,Sherree Baker,Ajay Baker,PACERS,Mobile,VIC,51.0,51.0,False,NR45 (A40),s97s8,"* Concession Driver Claims and Mares Allowance apply for eligibility purposes only, not within the barrier draw.",NR up to 40. PBD/NR. Pacers,9666,/beats-true,/sherree-baker,/ajay-baker,"PINK, WHITE HORSE & HORSEHOE, HOT PINK SLEEVES WITH WHITE HORSEHOES",,,SP180826,SPC18082606,8,Shepparton,2026-08-18,Shepparton_1690,Shepparton_1690_pacers_mobile,934,837,5.5,28.9,31.0,28.9,29.0,shepparton,1690,pacers,mobile,499.0,50.0,89.0,10.02,27.86,-18.31
SP250826,SP250826_R4,SP250826_R4_LILNOVA,Shepparton,2026-08-25,Night,Night,4,7:45 PM,2026-08-25T09:45:00+00:00,2026-08-25T19:45:00+10:00,1,LILNOVA,Munro & Associates Conveyancing Pace,1690,"$5,000",Fr1,Matthew Higgins,Chris Alford,PACERS,Mobile,VIC,101.0,101.0,False,NR30,66698,"* Concession Driver Claims and Mares Allowance apply for eligibility purposes only, not within the barrier draw.",NR up to 40. PBD/NR. Pacers,3475,/lilnova,/matthew-higgins,/chris-alford,"BLACK, GREEN & WHITE YOKE, BLACK SLEEVES, WHITE STRIPES",,,SP180826,SPC18082605,8,Shepparton,2026-08-18,Shepparton_1690,Shepparton_1690_pacers_mobile,934,837,5.5,28.9,31.0,28.9,29.0,shepparton,1690,pacers,mobile,837.0,100.0,202.0,11.95,36.08,-15.18
SP250826,SP250826_R4,SP250826_R4_THE FEENY FAVORITE,Shepparton,2026-08-25,Night,Night,4,7:45 PM,2026-08-25T09:45:00+00:00,2026-08-25T19:45:00+10:00,2,THE FEENY FAVORITE,Munro & Associates Conveyancing Pace,1690,"$5,000",Fr2,Jim Morrissey,Nigel Milne,PACERS,Mobile,VIC,34.0,34.0,False,NR32,s0733,"* Concession Driver Claims and Mares Allowance apply for eligibility purposes only, not within the barrier draw.",NR up to 40. PBD/NR. Pacers,9797,/the-feeny-favorite,/jim-morrissey,/nigel-milne,"YELLOW, DARK BLUE STARS",,,BA190826,BAC19082606,3,Ballarat,2026-08-19,Shepparton_1690,Shepparton_1690_pacers_mobile,934,837,5.5,28.9,31.0,28.9,29.0,shepparton,1690,pacers,mobile,837.0,84.0,189.0,10.04,32.62,-27.98
SP250826,SP250826_R4,SP250826_R4_OLLY ODD POTTS,Shepparton,2026-08-25,Night,Night,4,7:45 PM,2026-08-25T09:45:00+00:00,2026-08-25T19:45:00+10:00,3,OLLY ODD POTTS,Munro & Associates Conveyancing Pace,1690,"$5,000",Fr3,Sharon Hahne,Donna Castles,PACERS,Mobile,VIC,5.5,5.5,False,NR37,47552,"* Concession Driver Claims and Mares Allowance apply for eligibility purposes only, not within the barrier draw.",NR up to 40. PBD/NR. Pacers,5521,/olly-odd-potts,/sharon-hahne,/donna-castles,"ROYAL BLUE, GOLD HORSESHOE, RED SLEEVES",,,SP180826,SPC18082605,2,Shepparton,2026-08-18,Shepparton_1690,Shepparton_1690_pacers_mobile,934,837,5.5,28.9,31.0,28.9,29.0,shepparton,1690,pacers,mobile,837.0,98.0,171.0,11.71,32.14,-18.12
SP250826,SP250826_R4,SP250826_R4_DREAMTIME NALA,Shepparton,2026-08-25,Night,Night,4,7:45 PM,2026-08-25T09:45:00+00:00,2026-08-25T19:45:00+10:00,4,DREAMTIME NALA,Munro & Associates Conveyancing Pace,1690,"$5,000",Fr4,Mick Carbone,Liam Older,PACERS,Mobile,VIC,6.5,6.5,False,NR38 (A33),18477,"* Concession Driver Claims and Mares Allowance apply for eligibility purposes only, not within the barrier draw.",NR up to 40. PBD/NR. Pacers,2914,/dreamtime-nala,/mick-carbone,/liam-older,"GREEN & GOLD WITH ""BPM"" LOGO, GOLD SLEEVES WITH GREEN STRIPE, GREEN CUFFS WITH ""BPM"" LOGO",,,SP180826,SPC18082605,7,Shepparton,2026-08-18,Shepparton_1690,Shepparton_1690_pacers_mobile,934,837,5.5,28.9,31.0,28.9,29.0,shepparton,1690,pacers,mobile,837.0,105.0,193.0,12.54,35.6,-15.61
SP250826,SP250826_R4,SP250826_R4_CLIVES GIRL,Shepparton,2026-08-25,Night,Night,4,7:45 PM,2026-08-25T09:45:00+00:00,2026-08-25T19:45:00+10:00,5,CLIVES GIRL,Munro & Associates Conveyancing Pace,1690,"$5,000",Fr5,Charlene Gusman,Leigh Sutton,PACERS,Mobile,VIC,6.5,6.5,False,NR41 (A36),52555,"* Concession Driver Claims and Mares Allowance apply for eligibility purposes only, not within the barrier draw.",NR up to 40. PBD/NR. Pacers,3537,/clives-girl,/charlene-gusman,/leigh-sutton,"BLACK WITH RED & WHITE STAR, RED SLEEVES, WHITE STARS",,,SP180826,SPC18082604,5,Shepparton,2026-08-18,Shepparton_1690,Shepparton_1690_pacers_mobile,934,837,5.5,28.9,31.0,28.9,29.0,shepparton,1690,pacers,mobile,835.0,111.0,180.0,13.29,34.85,-9.06
SP250826,SP250826_R4,SP250826_R4_AMADA VILLMA,Shepparton,2026-08-25,Night,Night,4,7:45 PM,2026-08-25T09:45:00+00:00,2026-08-25T19:45:00+10:00,6,AMADA VILLMA,Munro & Associates Conveyancing Pace,1690,"$5,000",Fr6,"T K Gange, J G Allan-Gange",James Herbertson,PACERS,Mobile,VIC,7.5,7.5,False,NR41 (A36),6s233,"* Concession Driver Claims and Mares Allowance apply for eligibility purposes only, not within the barrier draw.",NR up to 40. PBD/NR. Pacers,440245,/amada-villma,/t-k-gange-j-g-allan-gange,/james-herbertson,"RED, GREEN BAND & ARMBANDS",,,KI130826,KIC13082605,3,Kilmore,2026-08-13,Shepparton_1690,Shepparton_1690_pacers_mobile,934,837,5.5,28.9,31.0,28.9,29.0,shepparton,1690,pacers,mobile,769.0,80.0,160.0,10.4,31.21,-19.09
SP250826,SP250826_R4,SP250826_R4_FINAL BOW,Shepparton,2026-08-25,Night,Night,4,7:45 PM,2026-08-25T09:45:00+00:00,2026-08-25T19:45:00+10:00,7,FINAL BOW,Munro & Associates Conveyancing Pace,1690,"$5,000",Fr7,Ross Graham,James Herbertson,PACERS,Mobile,VIC,5.0,5.0,False,NR42 (A37),68418,"* Concession Driver Claims and Mares Allowance apply for eligibility purposes only, not within the barrier draw.",NR up to 40. PBD/NR. Pacers,2999,/final-bow,/ross-graham,/james-herbertson,"GREEN, YELLOW CROSSED SASHES, YELLOW STRIPED SLEEVES & CUFFS",,,CR160826,CRC16082604,8,Cranbourne,2026-08-16,Shepparton_1690,Shepparton_1690_pacers_mobile,934,837,5.5,28.9,31.0,28.9,29.0,shepparton,1690,pacers,mobile,415.0,43.0,105.0,10.36,35.66,-9.04
SP250826,SP250826_R4,SP250826_R4_MIKI MARK,Shepparton,2026-08-25,Night,Night,4,7:45 PM,2026-08-25T09:45:00+00:00,2026-08-25T19:45:00+10:00,8,MIKI MARK,Munro & Associates Conveyancing Pace,1690,"$5,000",Sr1,Thomas Parnell,Tasmyn Potter,PACERS,Mobile,VIC,5.0,5.0,False,NR42 (A39),13563,"* Concession Driver Claims and Mares Allowance apply for eligibility purposes only, not within the barrier draw.",NR up to 40. PBD/NR. Pacers,3472,/miki-mark,/thomas-parnell,/tasmyn-potter,"GREEN, BLACK STAR, WHITE SLEEVES, BLACK CUFFS",,,KI200826,KIC20082604,3,Kilmore,2026-08-20,Shepparton_1690,Shepparton_1690_pacers_mobile,934,837,5.5,28.9,31.0,28.9,29.0,shepparton,1690,pacers,mobile,761.0,64.0,178.0,8.41,31.8,-32.42
SP250826,SP250826_R4,SP250826_R4_ALCATRAZ GIRL,Shepparton,2026-08-25,Night,Night,4,7:45 PM,2026-08-25T09:45:00+00:00,2026-08-25T19:45:00+10:00,9,ALCATRAZ GIRL,Munro & Associates Conveyancing Pace,1690,"$5,000",Sr2,Glenn Bull,Glenn Bull,PACERS,Mobile,VIC,14.0,14.0,False,NR42 (A37),15053,"* Concession Driver Claims and Mares Allowance apply for eligibility purposes only, not within the barrier draw.",NR up to 40. PBD/NR. Pacers,3070,/alcatraz-girl,/glenn-bull,/glenn-bull,"RED, GREEN FOUR LEAF CLOVER, YELLOW COLLAR, YELLOW SLEEVES, RED ARMBANDS & CUFFS",,,SP110826,SPC11082605,3,Shepparton,2026-08-11,Shepparton_1690,Shepparton_1690_pacers_mobile,934,837,5.5,28.9,31.0,28.9,29.0,shepparton,1690,pacers,mobile,649.0,83.0,150.0,12.79,35.9,-10.21
SP250826,SP250826_R4,SP250826_R4_MAJOR MAURIE,Shepparton,2026-08-25,Night,Night,4,7:45 PM,2026-08-25T09:45:00+00:00,2026-08-25T19:45:00+10:00,10,MAJOR MAURIE,Munro & Associates Conveyancing Pace,1690,"$5,000",Sr3,Corey Bell,Lauren White,PACERS,Mobile,VIC,101.0,101.0,False,NR44 (A39),46167,"* Concession Driver Claims and Mares Allowance apply for eligibility purposes only, not within the barrier draw.",NR up to 40. PBD/NR. Pacers,157159,/major-maurie,/corey-bell,/lauren-white,"PINK, BLUE BRACES, FOUR PINK HORSESHOES, BLUE CUFFS.",,,SP180826,SPC18082604,7,Shepparton,2026-08-18,Shepparton_1690,Shepparton_1690_pacers_mobile,934,837,5.5,28.9,31.0,28.9,29.0,shepparton,1690,pacers,mobile,499.0,50.0,89.0,10.02,27.86,-18.31
SP250826,SP250826_R5,SP250826_R5_TOUCH OF REALITY,Shepparton,2026-08-25,Night,Night,5,8:19 PM,2026-08-25T10:19:00+00:00,2026-08-25T20:19:00+10:00,1,TOUCH OF REALITY,Shrc Trivia 8th Sept Book Now Maiden Pace,2190,"$6,000",Fr1,Stephen Boyington,Stephen Boyington,PACERS,Mobile,VIC,3.8,3.8,False,NR47,43s62,* Restricted to horses with nil lifetime wins. * No Claims or Allowances apply.,MAIDEN. RBD. Pacers,437974,/touch-of-reality,/stephen-boyington,/stephen-boyington,"BLACK, RED DIAMOND, STRIPED SLEEVES",,,MX100726,MXC10072607,2,Melton,2026-07-10,Shepparton_2190,Shepparton_2190_pacers_mobile,1078,759,42.7,31.1,30.9,29.0,29.2,shepparton,2190,pacers,mobile,759.0,65.0,191.0,8.56,33.73,-32.24
SP250826,SP250826_R5,SP250826_R5_PICTURE BOY,Shepparton,2026-08-25,Night,Night,5,8:19 PM,2026-08-25T10:19:00+00:00,2026-08-25T20:19:00+10:00,2,PICTURE BOY,Shrc Trivia 8th Sept Book Now Maiden Pace,2190,"$6,000",Fr2,Russell Jack,Nathan Jack,PACERS,Mobile,VIC,3.5,3.5,False,NR50,4,* Restricted to horses with nil lifetime wins. * No Claims or Allowances apply.,MAIDEN. RBD. Pacers,440389,/picture-boy,/russell-jack,/nathan-jack,"DARK BLUE & WHITE STRIPES, WHITE YOKE, DARK BLUE STARS, WHITE SLEEVES, BLUE CUFFS",,,EY070826,EYC07082615,4,Riverina Paceway,2026-08-07,Shepparton_2190,Shepparton_2190_pacers_mobile,1078,759,42.7,31.1,30.9,29.0,29.2,shepparton,2190,pacers,mobile,759.0,94.0,163.0,12.38,33.86,-5.4
SP250826,SP250826_R5,SP250826_R5_SANDEE CHEEKS,Shepparton,2026-08-25,Night,Night,5,8:19 PM,2026-08-25T10:19:00+00:00,2026-08-25T20:19:00+10:00,3,SANDEE CHEEKS,Shrc Trivia 8th Sept Book Now Maiden Pace,2190,"$6,000",Fr3,Mark Lee,,PACERS,Mobile,VIC,51.0,51.0,False,NR49,56s,* Restricted to horses with nil lifetime wins. * No Claims or Allowances apply.,MAIDEN. RBD. Pacers,436005,/sandee-cheeks,/mark-lee,,"DARK BLUE, DARK GREEN & WHITE STRIPED SLEEVES",,,SP141025,SPC14102507,6,Shepparton,2025-10-14,Shepparton_2190,Shepparton_2190_pacers_mobile,1078,759,42.7,31.1,30.9,29.0,29.2,shepparton,2190,pacers,mobile,759.0,69.0,163.0,9.09,30.57,-34.4
SP250826,SP250826_R5,SP250826_R5_GLENANGE MISS,Shepparton,2026-08-25,Night,Night,5,8:19 PM,2026-08-25T10:19:00+00:00,2026-08-25T20:19:00+10:00,4,GLENANGE MISS,Shrc Trivia 8th Sept Book Now Maiden Pace,2190,"$6,000",Fr4,Sharon Hahne,Michael Bellman,PACERS,Mobile,VIC,101.0,101.0,False,NR39,63976,* Restricted to horses with nil lifetime wins. * No Claims or Allowances apply.,MAIDEN. RBD. Pacers,437971,/glenange-miss,/sharon-hahne,/michael-bellman,"ROYAL BLUE, GOLD HORSESHOE, RED SLEEVES",,,SP180826,SPC18082606,6,Shepparton,2026-08-18,Shepparton_2190,Shepparton_2190_pacers_mobile,1078,759,42.7,31.1,30.9,29.0,29.2,shepparton,2190,pacers,mobile,759.0,112.0,187.0,14.76,39.39,-5.75
SP250826,SP250826_R5,SP250826_R5_ASHANTE CADMAN,Shepparton,2026-08-25,Night,Night,5,8:19 PM,2026-08-25T10:19:00+00:00,2026-08-25T20:19:00+10:00,5,ASHANTE CADMAN,Shrc Trivia 8th Sept Book Now Maiden Pace,2190,"$6,000",Fr5,Jim O'Sullivan,Sean O'Sullivan,PACERS,Mobile,VIC,101.0,101.0,False,NR40,69624,* Restricted to horses with nil lifetime wins. * No Claims or Allowances apply.,MAIDEN. RBD. Pacers,438461,/ashante-cadman,/jim-o-sullivan,/sean-o-sullivan,"BLACK, PURPLE YOKE, FOUR WHITE STARS, PURPLE COLLAR & WAISTBAND, BLACK SLEEVES, PURPLE CUFFS",,,KI200826,KIC20082606,4,Kilmore,2026-08-20,Shepparton_2190,Shepparton_2190_pacers_mobile,1078,759,42.7,31.1,30.9,29.0,29.2,shepparton,2190,pacers,mobile,753.0,95.0,178.0,12.62,36.25,-18.15
SP250826,SP250826_R5,SP250826_R5_ALDARON,Shepparton,2026-08-25,Night,Night,5,8:19 PM,2026-08-25T10:19:00+00:00,2026-08-25T20:19:00+10:00,6,ALDARON,Shrc Trivia 8th Sept Book Now Maiden Pace,2190,"$6,000",Fr6,Paul Weidenbach,Abby Sanderson,PACERS,Mobile,VIC,101.0,101.0,False,NR43,s7788,* Restricted to horses with nil lifetime wins. * No Claims or Allowances apply.,MAIDEN. RBD. Pacers,435743,/aldaron,/paul-weidenbach,/abby-sanderson,"WHITE, GOLD & GREEN SASH",,,KI200826,KIC20082606,8,Kilmore,2026-08-20,Shepparton_2190,Shepparton_2190_pacers_mobile,1078,759,42.7,31.1,30.9,29.0,29.2,shepparton,2190,pacers,mobile,701.0,81.0,125.0,11.55,29.39,-10.3
SP250826,SP250826_R5,SP250826_R5_MAJOR FRIEND,Shepparton,2026-08-25,Night,Night,5,8:19 PM,2026-08-25T10:19:00+00:00,2026-08-25T20:19:00+10:00,7,MAJOR FRIEND,Shrc Trivia 8th Sept Book Now Maiden Pace,2190,"$6,000",Fr7,David Abrahams,Ellen Tormey,PACERS,Mobile,VIC,12.0,12.0,False,NR49,32323,* Restricted to horses with nil lifetime wins. * No Claims or Allowances apply.,MAIDEN. RBD. Pacers,440569,/major-friend,/david-abrahams,/ellen-tormey,PINK,,,SP110826,SPC11082607,3,Shepparton,2026-08-11,Shepparton_2190,Shepparton_2190_pacers_mobile,1078,759,42.7,31.1,30.9,29.0,29.2,shepparton,2190,pacers,mobile,454.0,45.0,84.0,9.91,28.41,-12.03
SP250826,SP250826_R5,SP250826_R5_ALTO CORAGGIO,Shepparton,2026-08-25,Night,Night,5,8:19 PM,2026-08-25T10:19:00+00:00,2026-08-25T20:19:00+10:00,8,ALTO CORAGGIO,Shrc Trivia 8th Sept Book Now Maiden Pace,2190,"$6,000",SCR,Lisa Pitt,Mark Pitt,PACERS,Mobile,VIC,3.0,3.0,True,NR45,2,* Restricted to horses with nil lifetime wins. * No Claims or Allowances apply.,MAIDEN. RBD. Pacers,12801,/alto-coraggio,/lisa-pitt,/mark-pitt,"BLUE, WHITE YOKE WITH BLUE STARS, YELLOW BRACES, WHITE SLEEVES WITH YELLOW STRIPE",,,SP180826,SPC18082607,2,Shepparton,2026-08-18,Shepparton_2190,Shepparton_2190_pacers_mobile,1078,759,42.7,31.1,30.9,29.0,29.2,shepparton,2190,pacers,mobile,0.0,0.0,0.0,0.0,0.0,0.0
SP250826,SP250826_R5,SP250826_R5_DONTTELLNANNA,Shepparton,2026-08-25,Night,Night,5,8:19 PM,2026-08-25T10:19:00+00:00,2026-08-25T20:19:00+10:00,9,DONTTELLNANNA,Shrc Trivia 8th Sept Book Now Maiden Pace,2190,"$6,000",Sr1,Paul Weidenbach,Neil McCallum,PACERS,Mobile,VIC,101.0,101.0,False,NR48,7755,* Restricted to horses with nil lifetime wins. * No Claims or Allowances apply.,MAIDEN. RBD. Pacers,439883,/donttellnanna,/paul-weidenbach,/neil-mccallum,"MAROON, BLACK LINKED HORSHOES WITH LETTERS BB, BLACK BANDS, COLLAR & CUFFS, MAROON SLEEVES.",,,KI200826,KIC20082606,5,Kilmore,2026-08-20,Shepparton_2190,Shepparton_2190_pacers_mobile,1078,759,42.7,31.1,30.9,29.0,29.2,shepparton,2190,pacers,mobile,668.0,63.0,160.0,9.43,33.38,-27.44
SP250826,SP250826_R5,SP250826_R5_JUST MY LUCK,Shepparton,2026-08-25,Night,Night,5,8:19 PM,2026-08-25T10:19:00+00:00,2026-08-25T20:19:00+10:00,10,JUST MY LUCK,Shrc Trivia 8th Sept Book Now Maiden Pace,2190,"$6,000",Sr2,Steven Duffy,Tasmyn Potter,PACERS,Mobile,VIC,12.0,12.0,False,NR47,497s9,* Restricted to horses with nil lifetime wins. * No Claims or Allowances apply.,MAIDEN. RBD. Pacers,440381,/just-my-luck,/steven-duffy,/tasmyn-potter,"DARK BLUE, YELLOW STARS, RED SLEEVES",,,KI200826,KIC20082606,9,Kilmore,2026-08-20,Shepparton_2190,Shepparton_2190_pacers_mobile,1078,759,42.7,31.1,30.9,29.0,29.2,shepparton,2190,pacers,mobile,542.0,66.0,117.0,12.18,33.76,-11.58
SP250826,SP250826_R6,SP250826_R6_BET BET HOTSHOT,Shepparton,2026-08-25,Night,Night,6,8:53 PM,2026-08-25T10:53:00+00:00,2026-08-25T20:53:00+10:00,1,BET BET HOTSHOT,Neatline Trot,2190,"$5,000",Fr-,Donald Cross,Abby Sanderson,TROTTERS,Mobile,VIC,101.0,101.0,False,NR33,83528,* No Claims or Allowances apply.,NR up to 49. PBD/NR. Trotters,3085,/bet-bet-hotshot,/donald-cross,/abby-sanderson,"RED, GREEN MALTESE CROSS, BLACK COLLAR & WAISTBAND, BLACK & WHITE CHEQUERED SLEEVES.",1.0,,KI200826,KIC20082609,8,Kilmore,2026-08-20,Shepparton_2190,Shepparton_2190_trotters_mobile,1078,249,43.9,31.8,31.5,29.9,30.2,shepparton,2190,trotters,mobile,0.0,0.0,0.0,0.0,0.0,0.0
SP250826,SP250826_R6,SP250826_R6_MACHO MAORI,Shepparton,2026-08-25,Night,Night,6,8:53 PM,2026-08-25T10:53:00+00:00,2026-08-25T20:53:00+10:00,2,MACHO MAORI,Neatline Trot,2190,"$5,000",Fr1,Nigel Milne,Nigel Milne,TROTTERS,Mobile,VIC,34.0,34.0,False,NR36,6s425,* No Claims or Allowances apply.,NR up to 49. PBD/NR. Trotters,787,/macho-maori,/nigel-milne,/nigel-milne,"LIGHT BLUE, DARK BLUE STARS & SLEEVES",,,BA190826,BAC19082609,5,Ballarat,2026-08-19,Shepparton_2190,Shepparton_2190_trotters_mobile,1078,249,43.9,31.8,31.5,29.9,30.2,shepparton,2190,trotters,mobile,249.0,15.0,44.0,6.02,23.69,-29.32
SP250826,SP250826_R6,SP250826_R6_KALARNEY PRINCE,Shepparton,2026-08-25,Night,Night,6,8:53 PM,2026-08-25T10:53:00+00:00,2026-08-25T20:53:00+10:00,3,KALARNEY PRINCE,Neatline Trot,2190,"$5,000",Fr2,Paul Weidenbach,Abby Sanderson,TROTTERS,Mobile,VIC,7.5,7.5,False,NR42,65453,* No Claims or Allowances apply.,NR up to 49. PBD/NR. Trotters,5543,/kalarney-prince,/paul-weidenbach,/abby-sanderson,"WHITE, GOLD & GREEN SASH",,,KI200826,KIC20082609,3,Kilmore,2026-08-20,Shepparton_2190,Shepparton_2190_trotters_mobile,1078,249,43.9,31.8,31.5,29.9,30.2,shepparton,2190,trotters,mobile,249.0,26.0,50.0,10.44,30.52,-15.3
SP250826,SP250826_R6,SP250826_R6_LITTLE TEDEY,Shepparton,2026-08-25,Night,Night,6,8:53 PM,2026-08-25T10:53:00+00:00,2026-08-25T20:53:00+10:00,4,LITTLE TEDEY,Neatline Trot,2190,"$5,000",Fr6,Julie Mifsud,Austin Mifsud,TROTTERS,Mobile,VIC,7.5,7.5,False,NR41,14647,* No Claims or Allowances apply.,NR up to 49. PBD/NR. Trotters,4755,/little-tedey,/julie-mifsud,/austin-mifsud,"WHITE, RED MALTESE CROSS, EMERALD GREEN SLEEVES",,EOD,KI200826,KIC20082609,7,Kilmore,2026-08-20,Shepparton_2190,Shepparton_2190_trotters_mobile,1078,249,43.9,31.8,31.5,29.9,30.2,shepparton,2190,trotters,mobile,236.0,26.0,63.0,11.02,37.71,-27.6
SP250826,SP250826_R6,SP250826_R6_WHATS THE TEA,Shepparton,2026-08-25,Night,Night,6,8:53 PM,2026-08-25T10:53:00+00:00,2026-08-25T20:53:00+10:00,5,WHATS THE TEA,Neatline Trot,2190,"$5,000",Fr3,Ross Graham,Chris Alford,TROTTERS,Mobile,VIC,4.5,4.5,False,NR44,62226,* No Claims or Allowances apply.,NR up to 49. PBD/NR. Trotters,3531,/whats-the-tea,/ross-graham,/chris-alford,"GREEN, YELLOW CROSSED SASHES, YELLOW STRIPED SLEEVES & CUFFS",,,BA190826,BAC19082609,6,Ballarat,2026-08-19,Shepparton_2190,Shepparton_2190_trotters_mobile,1078,249,43.9,31.8,31.5,29.9,30.2,shepparton,2190,trotters,mobile,249.0,21.0,46.0,8.43,26.91,-33.18
SP250826,SP250826_R6,SP250826_R6_MAORI TATTOO,Shepparton,2026-08-25,Night,Night,6,8:53 PM,2026-08-25T10:53:00+00:00,2026-08-25T20:53:00+10:00,6,MAORI TATTOO,Neatline Trot,2190,"$5,000",Fr4,Brent Lilley,Tristan Larsen,TROTTERS,Mobile,VIC,8.5,8.5,False,NR45,136s4,* No Claims or Allowances apply.,NR up to 49. PBD/NR. Trotters,178415,/maori-tattoo,/brent-lilley,/tristan-larsen,"GREEN, GOLD & PURPLE CHECKED SASH",,,CR160826,CRC16082609,4,Cranbourne,2026-08-16,Shepparton_2190,Shepparton_2190_trotters_mobile,1078,249,43.9,31.8,31.5,29.9,30.2,shepparton,2190,trotters,mobile,249.0,40.0,62.0,16.06,40.96,-8.2
SP250826,SP250826_R6,SP250826_R6_JOE LOU,Shepparton,2026-08-25,Night,Night,6,8:53 PM,2026-08-25T10:53:00+00:00,2026-08-25T20:53:00+10:00,7,JOE LOU,Neatline Trot,2190,"$5,000",Fr5,Ross Graham,James Herbertson,TROTTERS,Mobile,VIC,3.5,3.5,False,NR46,18112,* No Claims or Allowances apply.,NR up to 49. PBD/NR. Trotters,435648,/joe-lou,/ross-graham,/james-herbertson,"GREEN, YELLOW CROSSED SASHES, YELLOW STRIPED SLEEVES & CUFFS",,,BA190826,BAC19082609,2,Ballarat,2026-08-19,Shepparton_2190,Shepparton_2190_trotters_mobile,1078,249,43.9,31.8,31.5,29.9,30.2,shepparton,2190,trotters,mobile,247.0,38.0,59.0,15.38,39.27,3.63
SP250826,SP250826_R6,SP250826_R6_I AM HARRO,Shepparton,2026-08-25,Night,Night,6,8:53 PM,2026-08-25T10:53:00+00:00,2026-08-25T20:53:00+10:00,8,I AM HARRO,Neatline Trot,2190,"$5,000",Sr1,Stephen Boyington,Stephen Boyington,TROTTERS,Mobile,VIC,21.0,21.0,False,NR48,71586,* No Claims or Allowances apply.,NR up to 49. PBD/NR. Trotters,11096,/i-am-harro,/stephen-boyington,/stephen-boyington,"BLACK, RED DIAMOND, STRIPED SLEEVES",,,KI080726,KIC08072607,6,Kilmore,2026-07-08,Shepparton_2190,Shepparton_2190_trotters_mobile,1078,249,43.9,31.8,31.5,29.9,30.2,shepparton,2190,trotters,mobile,212.0,30.0,56.0,14.15,40.57,-5.27
SP250826,SP250826_R6,SP250826_R6_ATTRACTED,Shepparton,2026-08-25,Night,Night,6,8:53 PM,2026-08-25T10:53:00+00:00,2026-08-25T20:53:00+10:00,9,ATTRACTED,Neatline Trot,2190,"$5,000",Sr2,Faye McEwan,Michael Bellman,TROTTERS,Mobile,VIC,21.0,21.0,False,NR48,71032,* No Claims or Allowances apply.,NR up to 49. PBD/NR. Trotters,436188,/attracted,/faye-mcewan,/michael-bellman,"WHITE, BLACK & RED CHECKED SASH, BLACK SLEEVES",,,KI130826,KIC13082608,2,Kilmore,2026-08-13,Shepparton_2190,Shepparton_2190_trotters_mobile,1078,249,43.9,31.8,31.5,29.9,30.2,shepparton,2190,trotters,mobile,162.0,20.0,36.0,12.35,34.57,-19.04
SP250826,SP250826_R6,SP250826_R6_ALDEBARAN MISTIQUE,Shepparton,2026-08-25,Night,Night,6,8:53 PM,2026-08-25T10:53:00+00:00,2026-08-25T20:53:00+10:00,10,ALDEBARAN MISTIQUE,Neatline Trot,2190,"$5,000",Sr3,Donna Castles,Donna Castles,TROTTERS,Mobile,VIC,21.0,21.0,False,NR48,5s210,* No Claims or Allowances apply.,NR up to 49. PBD/NR. Trotters,436402,/aldebaran-mistique,/donna-castles,/donna-castles,"DARK GREEN, DARK GREEN & WHITE STRIPED SLEEVES",,,KI060826,KIC06082608,10,Kilmore,2026-08-06,Shepparton_2190,Shepparton_2190_trotters_mobile,1078,249,43.9,31.8,31.5,29.9,30.2,shepparton,2190,trotters,mobile,118.0,11.0,19.0,9.32,25.42,-20.51
SP250826,SP250826_R6,SP250826_R6_ALDEBARAN MARCUS,Shepparton,2026-08-25,Night,Night,6,8:53 PM,2026-08-25T10:53:00+00:00,2026-08-25T20:53:00+10:00,11,ALDEBARAN MARCUS,Neatline Trot,2190,"$5,000",Sr4,Carmel Belot,Damian Wilson,TROTTERS,Mobile,VIC,14.0,14.0,False,NR49,37732,* No Claims or Allowances apply.,NR up to 49. PBD/NR. Trotters,11766,/aldebaran-marcus,/carmel-belot,/damian-wilson,"LIGHT BLUE, GREEN SLEEVES",,,SP180826,SPC18082608,2,Shepparton,2026-08-18,Shepparton_2190,Shepparton_2190_trotters_mobile,1078,249,43.9,31.8,31.5,29.9,30.2,shepparton,2190,trotters,mobile,77.0,10.0,7.0,12.99,22.08,9.06
SP250826,SP250826_R7,SP250826_R7_MINNIE MIA,Shepparton,2026-08-25,Night,Night,7,9:27 PM,2026-08-25T11:27:00+00:00,2026-08-25T21:27:00+10:00,1,MINNIE MIA,Gus Underwood Shepparton Trotters Oaks,2190,"$10,000",Fr1,Alison Alford,Chris Alford,TROTTERS,Mobile,VIC,8.5,8.5,False,NR50,s3172,* No Claims or Allowances apply.,3YO Trotting Fillies. No NR. PBD/LTW. Trotters,17516,/minnie-mia,/alison-alford,/chris-alford,"WHITE, RED YOKE, WAISTBAND & BRACES, WHITE DIAMONDS, SILVER OUTLINE, WHITE SLEEVES, RED A & CUFFS",,,CR160826,CRC16082610,2,Cranbourne,2026-08-16,Shepparton_2190,Shepparton_2190_trotters_mobile,1078,249,43.9,31.8,31.5,29.9,30.2,shepparton,2190,trotters,mobile,249.0,15.0,44.0,6.02,23.69,-29.32
SP250826,SP250826_R7,SP250826_R7_AMIRA,Shepparton,2026-08-25,Night,Night,7,9:27 PM,2026-08-25T11:27:00+00:00,2026-08-25T21:27:00+10:00,2,AMIRA,Gus Underwood Shepparton Trotters Oaks,2190,"$10,000",Fr2,Donna Castles,Doc Wilson,TROTTERS,Mobile,VIC,101.0,101.0,False,NR51,148,* No Claims or Allowances apply.,3YO Trotting Fillies. No NR. PBD/LTW. Trotters,438945,/amira,/donna-castles,/doc-wilson,"DARK GREEN, DARK GREEN & WHITE STRIPED SLEEVES",,,KI060826,KIC06082608,8,Kilmore,2026-08-06,Shepparton_2190,Shepparton_2190_trotters_mobile,1078,249,43.9,31.8,31.5,29.9,30.2,shepparton,2190,trotters,mobile,249.0,26.0,50.0,10.44,30.52,-15.3
SP250826,SP250826_R7,SP250826_R7_CHANTILLY LASS,Shepparton,2026-08-25,Night,Night,7,9:27 PM,2026-08-25T11:27:00+00:00,2026-08-25T21:27:00+10:00,3,CHANTILLY LASS,Gus Underwood Shepparton Trotters Oaks,2190,"$10,000",Fr7,Jack Sullivan,Jack Sullivan,TROTTERS,Mobile,VIC,101.0,101.0,False,NR52,15s50,* No Claims or Allowances apply.,3YO Trotting Fillies. No NR. PBD/LTW. Trotters,439041,/chantilly-lass,/jack-sullivan,/jack-sullivan,"RED, BLACK DIAMOND & SLEEVES",,EOD,KI200826,KIC20082608,10,Kilmore,2026-08-20,Shepparton_2190,Shepparton_2190_trotters_mobile,1078,249,43.9,31.8,31.5,29.9,30.2,shepparton,2190,trotters,mobile,152.0,9.0,46.0,5.92,36.18,-55.73
SP250826,SP250826_R7,SP250826_R7_IJUSTCANTSEEIT,Shepparton,2026-08-25,Night,Night,7,9:27 PM,2026-08-25T11:27:00+00:00,2026-08-25T21:27:00+10:00,4,IJUSTCANTSEEIT,Gus Underwood Shepparton Trotters Oaks,2190,"$10,000",Fr3,Rebecca Morrissey,Michael Bellman,TROTTERS,Mobile,VIC,2.2,2.2,False,NR60,2021s,* No Claims or Allowances apply.,3YO Trotting Fillies. No NR. PBD/LTW. Trotters,182032,/ijustcantseeit,/rebecca-morrissey,/michael-bellman,"WHITE, RED K, ROYAL BLUE COLLAR, CUFFS & WAIST BAND",,,KI040626,KIC04062610,1,Kilmore,2026-06-04,Shepparton_2190,Shepparton_2190_trotters_mobile,1078,249,43.9,31.8,31.5,29.9,30.2,shepparton,2190,trotters,mobile,249.0,21.0,46.0,8.43,26.91,-33.18
SP250826,SP250826_R7,SP250826_R7_SO SKEPTICAL,Shepparton,2026-08-25,Night,Night,7,9:27 PM,2026-08-25T11:27:00+00:00,2026-08-25T21:27:00+10:00,5,SO SKEPTICAL,Gus Underwood Shepparton Trotters Oaks,2190,"$10,000",Fr4,Lisa Pitt,Mark Pitt,TROTTERS,Mobile,VIC,2.6,2.6,False,NR50,3,* No Claims or Allowances apply.,3YO Trotting Fillies. No NR. PBD/LTW. Trotters,439100,/so-skeptical,/lisa-pitt,/mark-pitt,"BLUE, WHITE YOKE WITH BLUE STARS, YELLOW BRACES, WHITE SLEEVES WITH YELLOW STRIPE",,ODM,SP180826,SPC18082610,3,Shepparton,2026-08-18,Shepparton_2190,Shepparton_2190_trotters_mobile,1078,249,43.9,31.8,31.5,29.9,30.2,shepparton,2190,trotters,mobile,249.0,40.0,62.0,16.06,40.96,-8.2
SP250826,SP250826_R7,SP250826_R7_JILLIBY RADIANCE,Shepparton,2026-08-25,Night,Night,7,9:27 PM,2026-08-25T11:27:00+00:00,2026-08-25T21:27:00+10:00,6,JILLIBY RADIANCE,Gus Underwood Shepparton Trotters Oaks,2190,"$10,000",Fr5,Col Latter,Nathan Jack,TROTTERS,Mobile,VIC,34.0,34.0,False,NR50,79684,* No Claims or Allowances apply.,3YO Trotting Fillies. No NR. PBD/LTW. Trotters,441295,/jilliby-radiance,/col-latter,/nathan-jack,"NAVY BLUE & YELLOW DIAGONAL STRIPES, WHITE SLEEVES",,ODM,MX310726,MXC31072608,4,Melton,2026-07-31,Shepparton_2190,Shepparton_2190_trotters_mobile,1078,249,43.9,31.8,31.5,29.9,30.2,shepparton,2190,trotters,mobile,247.0,38.0,59.0,15.38,39.27,3.63
SP250826,SP250826_R7,SP250826_R7_MAJESTIC YANKEE,Shepparton,2026-08-25,Night,Night,7,9:27 PM,2026-08-25T11:27:00+00:00,2026-08-25T21:27:00+10:00,7,MAJESTIC YANKEE,Gus Underwood Shepparton Trotters Oaks,2190,"$10,000",Fr6,Shane Hoban,John Caldow,TROTTERS,Mobile,VIC,10.0,10.0,False,NR50,7s16,* No Claims or Allowances apply.,3YO Trotting Fillies. No NR. PBD/LTW. Trotters,438054,/majestic-yankee,/shane-hoban,/john-caldow,"WHITE, BLACK BRACES, YOKE & CUFFS, WHITE DIAMONDS",,ODM,CR160826,CRC16082610,6,Cranbourne,2026-08-16,Shepparton_2190,Shepparton_2190_trotters_mobile,1078,249,43.9,31.8,31.5,29.9,30.2,shepparton,2190,trotters,mobile,236.0,26.0,63.0,11.02,37.71,-27.6
SP250826,SP250826_R8,SP250826_R8_JESSICAS STORY,Shepparton,2026-08-25,Night,Night,8,10:00 PM,2026-08-25T12:00:00+00:00,2026-08-25T22:00:00+10:00,1,JESSICAS STORY,Shrc Wager Wednesday Trot,1690,"$6,000",Fr1,Donald Cross,Abby Sanderson,TROTTERS,Mobile,VIC,51.0,51.0,False,NR49 (A50),23866,* Horses rated 50-52 to be drawn randomly as a group followed by horses rated 53-55. * No Claims or Allowances apply.,NR 50 to 55. PBD/NR(50-52)/NR(53-55). Trotters,746,/jessicas-story,/donald-cross,/abby-sanderson,"RED, GREEN MALTESE CROSS, BLACK COLLAR & WAISTBAND, BLACK & WHITE CHEQUERED SLEEVES.",,,KI200826,KIC20082608,6,Kilmore,2026-08-20,Shepparton_1690,Shepparton_1690_trotters_mobile,934,97,5.7,29.9,31.8,29.8,29.7,shepparton,1690,trotters,mobile,97.0,8.0,21.0,8.25,29.9,-37.62
SP250826,SP250826_R8,SP250826_R8_KENNYS SON,Shepparton,2026-08-25,Night,Night,8,10:00 PM,2026-08-25T12:00:00+00:00,2026-08-25T22:00:00+10:00,2,KENNYS SON,Shrc Wager Wednesday Trot,1690,"$6,000",Fr2,Brent Lilley,James Herbertson,TROTTERS,Mobile,VIC,5.0,5.0,False,NR55,22348,* Horses rated 50-52 to be drawn randomly as a group followed by horses rated 53-55. * No Claims or Allowances apply.,NR 50 to 55. PBD/NR(50-52)/NR(53-55). Trotters,437004,/kennys-son,/brent-lilley,/james-herbertson,"GREEN, GOLD & PURPLE CHECKED SASH",,,GD250726,GDC25072608,8,Globe Derby Park,2026-07-25,Shepparton_1690,Shepparton_1690_trotters_mobile,934,97,5.7,29.9,31.8,29.8,29.7,shepparton,1690,trotters,mobile,97.0,8.0,30.0,8.25,39.18,-36.92
SP250826,SP250826_R8,SP250826_R8_TRIPOD NZ,Shepparton,2026-08-25,Night,Night,8,10:00 PM,2026-08-25T12:00:00+00:00,2026-08-25T22:00:00+10:00,3,TRIPOD NZ,Shrc Wager Wednesday Trot,1690,"$6,000",Fr3,Julie Mifsud,Austin Mifsud,TROTTERS,Mobile,VIC,10.0,10.0,False,NR55,07767,* Horses rated 50-52 to be drawn randomly as a group followed by horses rated 53-55. * No Claims or Allowances apply.,NR 50 to 55. PBD/NR(50-52)/NR(53-55). Trotters,839,/tripod-nz,/julie-mifsud,/austin-mifsud,"WHITE, RED MALTESE CROSS, EMERALD GREEN SLEEVES",,,MX150826,MXM15082609,7,Melton,2026-08-15,Shepparton_1690,Shepparton_1690_trotters_mobile,934,97,5.7,29.9,31.8,29.8,29.7,shepparton,1690,trotters,mobile,97.0,14.0,21.0,14.43,36.08,-8.33
SP250826,SP250826_R8,SP250826_R8_JILLIBY TOPGUN,Shepparton,2026-08-25,Night,Night,8,10:00 PM,2026-08-25T12:00:00+00:00,2026-08-25T22:00:00+10:00,4,JILLIBY TOPGUN,Shrc Wager Wednesday Trot,1690,"$6,000",Fr4,Lisa Pitt,Mark Pitt,TROTTERS,Mobile,VIC,4.0,4.0,False,NR53,11416,* Horses rated 50-52 to be drawn randomly as a group followed by horses rated 53-55. * No Claims or Allowances apply.,NR 50 to 55. PBD/NR(50-52)/NR(53-55). Trotters,15007,/jilliby-topgun,/lisa-pitt,/mark-pitt,"BLUE, WHITE YOKE WITH BLUE STARS, YELLOW BRACES, WHITE SLEEVES WITH YELLOW STRIPE",,,MX150826,MXM15082609,6,Melton,2026-08-15,Shepparton_1690,Shepparton_1690_trotters_mobile,934,97,5.7,29.9,31.8,29.8,29.7,shepparton,1690,trotters,mobile,97.0,8.0,30.0,8.25,39.18,-45.35
SP250826,SP250826_R8,SP250826_R8_STRAIGHT TO THETOP,Shepparton,2026-08-25,Night,Night,8,10:00 PM,2026-08-25T12:00:00+00:00,2026-08-25T22:00:00+10:00,5,STRAIGHT TO THETOP,Shrc Wager Wednesday Trot,1690,"$6,000",Fr5,Cameron Maggs,Cameron Maggs,TROTTERS,Mobile,VIC,3.2,3.2,False,NR54,6s127,* Horses rated 50-52 to be drawn randomly as a group followed by horses rated 53-55. * No Claims or Allowances apply.,NR 50 to 55. PBD/NR(50-52)/NR(53-55). Trotters,5522,/straight-to-thetop,/cameron-maggs,/cameron-maggs,"DARK BLUE, RED & WHITE CHECKED SASH, WHITE SLEEVES",,,KI200826,KIC20082607,7,Kilmore,2026-08-20,Shepparton_1690,Shepparton_1690_trotters_mobile,934,97,5.7,29.9,31.8,29.8,29.7,shepparton,1690,trotters,mobile,96.0,17.0,21.0,17.71,39.58,17.4
SP250826,SP250826_R8,SP250826_R8_MAJESTIC CHARMA,Shepparton,2026-08-25,Night,Night,8,10:00 PM,2026-08-25T12:00:00+00:00,2026-08-25T22:00:00+10:00,6,MAJESTIC CHARMA,Shrc Wager Wednesday Trot,1690,"$6,000",Fr6,George Batsakis,Josh Duggan,TROTTERS,Mobile,VIC,10.0,10.0,False,NR52,71991,* Horses rated 50-52 to be drawn randomly as a group followed by horses rated 53-55. * No Claims or Allowances apply.,NR 50 to 55. PBD/NR(50-52)/NR(53-55). Trotters,60341,/majestic-charma,/george-batsakis,/josh-duggan,"BLACK, PINK STARS, STRIPED SLEEVES",,ODM,CR160826,CRC16082609,1,Cranbourne,2026-08-16,Shepparton_1690,Shepparton_1690_trotters_mobile,934,97,5.7,29.9,31.8,29.8,29.7,shepparton,1690,trotters,mobile,89.0,12.0,20.0,13.48,35.96,-1.72
SP250826,SP250826_R8,SP250826_R8_CLASSIC FAIR,Shepparton,2026-08-25,Night,Night,8,10:00 PM,2026-08-25T12:00:00+00:00,2026-08-25T22:00:00+10:00,7,CLASSIC FAIR,Shrc Wager Wednesday Trot,1690,"$6,000",Fr7,Steven Duffy,Nathan Jack,TROTTERS,Mobile,VIC,26.0,26.0,False,NR51,1s75,* Horses rated 50-52 to be drawn randomly as a group followed by horses rated 53-55. * No Claims or Allowances apply.,NR 50 to 55. PBD/NR(50-52)/NR(53-55). Trotters,439198,/classic-fair,/steven-duffy,/nathan-jack,"DARK BLUE, YELLOW STARS, RED SLEEVES",,ODM,KI200826,KIC20082608,5,Kilmore,2026-08-20,Shepparton_1690,Shepparton_1690_trotters_mobile,934,97,5.7,29.9,31.8,29.8,29.7,shepparton,1690,trotters,mobile,51.0,8.0,10.0,15.69,35.29,-4.01
